{
    "Stages": [
        "0. Fan Inlet",
        "1. LPC Inlet",
        "2. HPC Inlet",
        "3. Burner Inlet",
        "4. HPT Inlet",
        "5. LPT Inlet",
        "6. Core Nozz Inlet",
        "7. Core Nozz Outlet",
        "8. Byp Nozz Outlet"
    ],
    "Total Temperatures": [
        15.000057655676706,
        59.942033320834994,
        139.95697080771498,
        473.91509928107104,
        1328.125,
        1051.1753315888764,
        760.9859597002859,
        760.9859597002859,
        59.94203332083493
    ],
    "Static Temperatures": [
        1.2698087753191583,
        44.11029440122737,
        120.50659961430016,
        441.6331239009111,
        1273.0870663163093,
        1003.4171442018351,
        721.4366467863397,
        616.975670221022,
        4.4391862677623966
    ],
    "Total Pressures": [
        99.29823547694355,
        158.87717676310967,
        317.75435352621935,
        2277.6532762523925,
        2095.4410141522035,
        809.5227343600793,
        250.4619011518372,
        250.46190115183714,
        158.87717676310967
    ],
    "Static Pressures": [
        84.124656235234,
        133.97926458691484,
        267.52254953831897,
        1930.6305699673503,
        1789.1995346644383,
        690.6750604143202,
        213.04012392535063,
        135.44106680541384,
        84.07825298491304
    ],
    "Entropies": [
        6834.413225585567,
        6845.607178771453,
        6865.411001852655,
        6918.247202817331,
        7957.630382820271,
        7987.62909263756,
        8022.13472302142,
        8022.13472302142,
        6845.607178771453
    ],
    "Specifice Volumes": [
        0.9354134467594015,
        0.678042290973703,
        0.42158869626980144,
        0.10625260782579227,
        0.24802907138157532,
        0.5304145074917307,
        1.3398740286404476,
        1.8862656164306855,
        0.9458112098493398
    ],
    "Performance": {
        "Thrust": 99999.99999999999,
        "OPR": 22.478749999999998,
        "T4": 1328.125,
        "Thermal Efficiency": 0.43726129541512754,
        "SFC": 0.05318516456255234,
        "TSFC": 7.590877824084771,
        "Air Mass Flow Rate": 189.9440672137991,
        "Fuel Mass Flow Rate": 0.7590877824084771,
        "Core EGT": 760.9859597002859,
        "Bypass EGT": 59.94203332083493,
        "FAR": 0.02437788945247623,
        "Specific Thrust": 0.5264707735643094
    },
    "Pressure Ratios": {
        "Fan": 1.6,
        "LPC": 2.0,
        "HPC": 7.16796875,
        "HPT": 2.5884893965437934,
        "LPT": 3.232119259005877
    },
    "Mechanical Parameters": {
        "LP Shaft Speed": 5490.0,
        "Fan Power": 8.582891462322287,
        "Fan Efficiency": 0.92,
        "LPC Power": 2.517918487311897,
        "LPC Efficiency": 0.9,
        "LPT Power": 11.327357091463453,
        "LPT Efficiency": 0.9100000000000001,
        "HP Shaft Speed": 15183.0,
        "HPC Power": 10.896881541310796,
        "HPC Efficiency": 0.89,
        "HPT Power": 11.272972480460421,
        "HPT Efficiency": 0.9,
        "Burner Power": 5.733034251119058,
        "Burner Efficiency": 0.17564026325120896
    }
}