{
    "Stages": [
        "0. Fan Inlet",
        "1. LPC Inlet",
        "2. HPC Inlet",
        "3. Burner Inlet",
        "4. HPT Inlet",
        "5. LPT Inlet",
        "6. Core Nozz Inlet",
        "7. Core Nozz Outlet",
        "8. Byp Nozz Outlet"
    ],
    "Total Temperatures": [
        15.000057655676706,
        59.942033320834994,
        139.95697080771498,
        531.9597218177287,
        1373.8281249999998,
        1048.2220401773898,
        757.8551354599707,
        757.8551354599707,
        59.94203332083493
    ],
    "Static Temperatures": [
        1.2698087753191583,
        44.11029440122737,
        120.50659961430016,
        497.7233602113603,
        1317.619521449611,
        1000.5444912047698,
        718.3864187036984,
        614.1577445216955,
        4.4391862677623966
    ],
    "Total Pressures": [
        99.29823547694355,
        158.87717676310967,
        317.75435352621935,
        2978.9470643083064,
        2740.6312991636423,
        907.2781454587032,
        279.590406343004,
        279.59040634300413,
        158.87717676310967
    ],
    "Static Pressures": [
        84.124656235234,
        133.97926458691475,
        267.52254953831897,
        2524.9856317544168,
        2339.2689990498798,
        773.8446991333312,
        237.9853728991092,
        151.20634485435363,
        84.0782529849129
    ],
    "Entropies": [
        6834.413225585567,
        6845.607178771453,
        6865.411001852655,
        6923.388821917921,
        7916.925148871285,
        7952.469980415458,
        7987.099608381782,
        7987.099608381782,
        6845.607178771453
    ],
    "Specifice Volumes": [
        0.9354134467594015,
        0.6780422909737055,
        0.42158869626980144,
        0.08759234947602401,
        0.19515740823477887,
        0.47235843647856013,
        1.1957582497556352,
        1.684082694159516,
        0.9458112098493411
    ],
    "Performance": {
        "Thrust": 99999.99999999999,
        "OPR": 29.4,
        "T4": 1373.8281249999998,
        "Thermal Efficiency": 0.43782164684205693,
        "SFC": 0.05311709487465759,
        "TSFC": 7.54804731950057,
        "Air Mass Flow Rate": 189.32964125239346,
        "Fuel Mass Flow Rate": 0.754804731950057,
        "Core EGT": 757.8551354599707,
        "Bypass EGT": 59.94203332083493,
        "FAR": 0.02431900696815555,
        "Specific Thrust": 0.5281793138069225
    },
    "Pressure Ratios": {
        "Fan": 1.6,
        "LPC": 2.0,
        "HPC": 9.375,
        "HPT": 3.0207178613103585,
        "LPT": 3.245026026914694
    },
    "Mechanical Parameters": {
        "LP Shaft Speed": 5490.0,
        "Fan Power": 8.555127755796821,
        "Fan Efficiency": 0.92,
        "LPC Power": 2.5097735922909523,
        "LPC Efficiency": 0.9,
        "LPT Power": 11.290715661314056,
        "LPT Efficiency": 0.9100000000000001,
        "HP Shaft Speed": 15183.0,
        "HPC Power": 12.83161522180226,
        "HPC Efficiency": 0.89,
        "HPT Power": 13.247190521778252,
        "HPT Efficiency": 0.9000000000000001,
        "Burner Power": 6.021475190823793,
        "Burner Efficiency": 0.18552388563007793
    }
}