{
    "Stages": [
        "0. Fan Inlet",
        "1. LPC Inlet",
        "2. HPC Inlet",
        "3. Burner Inlet",
        "4. HPT Inlet",
        "5. LPT Inlet",
        "6. Core Nozz Inlet",
        "7. Core Nozz Outlet",
        "8. Byp Nozz Outlet"
    ],
    "Total Temperatures": [
        15.000057655676706,
        59.942033320834994,
        139.95697080771498,
        514.4934360627394,
        1321.0937499999998,
        1007.4377297788117,
        714.1217973905734,
        714.1217973905734,
        59.94203332083493
    ],
    "Static Temperatures": [
        1.2698087753191583,
        44.11029440122737,
        120.50659961430016,
        480.83666200426666,
        1266.0882572790952,
        960.7764457202019,
        675.8252282859098,
        574.9070103891311,
        4.4391862677623966
    ],
    "Total Pressures": [
        99.29823547694355,
        158.87717676310967,
        317.75435352621935,
        2755.526034485183,
        2535.0839517263685,
        852.6923695222341,
        250.472343721768,
        250.4723437217679,
        158.87717676310967
    ],
    "Static Pressures": [
        84.124656235234,
        133.97926458691475,
        267.52254953831897,
        2331.754644579916,
        2165.3632911495665,
        726.6432962364647,
        212.85620522640656,
        135.1746806144456,
        84.07825298491292
    ],
    "Entropies": [
        6834.413225585567,
        6845.607178771453,
        6865.411001852655,
        6922.014224348511,
        7892.055816419634,
        7927.076308728874,
        7963.1696469072795,
        7963.1696469072795,
        6845.607178771453
    ],
    "Specifice Volumes": [
        0.9354134467594015,
        0.6780422909737055,
        0.42158869626980144,
        0.09281173657139058,
        0.2040160566440693,
        0.4873827042705281,
        1.2792653070739417,
        1.800171944048968,
        0.9458112098493406
    ],
    "Performance": {
        "Thrust": 99999.99999999999,
        "OPR": 27.194999999999997,
        "T4": 1321.0937499999998,
        "Thermal Efficiency": 0.4540997370850407,
        "SFC": 0.051213009068827496,
        "TSFC": 7.235136847438165,
        "Air Mass Flow Rate": 191.28112693888303,
        "Fuel Mass Flow Rate": 0.7235136847438164,
        "Core EGT": 714.1217973905734,
        "Bypass EGT": 59.94203332083493,
        "FAR": 0.023073021095005534,
        "Specific Thrust": 0.522790730064819
    },
    "Pressure Ratios": {
        "Fan": 1.6,
        "LPC": 2.0,
        "HPC": 8.671875,
        "HPT": 2.973034639851161,
        "LPT": 3.4043374084822298
    },
    "Mechanical Parameters": {
        "LP Shaft Speed": 5490.0,
        "Fan Power": 8.643308398041164,
        "Fan Efficiency": 0.92,
        "LPC Power": 2.5356426913358088,
        "LPC Efficiency": 0.9,
        "LPT Power": 11.407092948343848,
        "LPT Efficiency": 0.9100000000000003,
        "HP Shaft Speed": 15183.0,
        "HPC Power": 12.361517403424461,
        "HPC Efficiency": 0.89,
        "HPT Power": 12.767498870372323,
        "HPT Efficiency": 0.9000000000000001,
        "Burner Power": 5.7023988045732175,
        "Burner Efficiency": 0.1832915236906756
    }
}