{
    "Stages": [
        "0. Fan Inlet",
        "1. LPC Inlet",
        "2. HPC Inlet",
        "3. Burner Inlet",
        "4. HPT Inlet",
        "5. LPT Inlet",
        "6. Core Nozz Inlet",
        "7. Core Nozz Outlet",
        "8. Byp Nozz Outlet"
    ],
    "Total Temperatures": [
        15.000057655676706,
        59.942033320834994,
        139.95697080771538,
        517.7825707221822,
        1336.3281249999998,
        1020.7713869617588,
        728.4155958557209,
        728.4155958557209,
        59.942033320834994
    ],
    "Static Temperatures": [
        1.2698087753191583,
        44.1102944012275,
        120.50659961430048,
        484.0165074388662,
        1280.957644672643,
        973.755137215738,
        689.7445580332051,
        587.7336821846444,
        4.43918626776246
    ],
    "Total Pressures": [
        99.29823547694352,
        158.87717676310965,
        317.7543535262193,
        2798.9690125063457,
        2575.0514915058407,
        867.9629649265186,
        259.1774375243775,
        259.1774375243775,
        158.87717676310965
    ],
    "Static Pressures": [
        84.124656235234,
        133.97926458691427,
        267.5225495383182,
        2369.322379536261,
        2199.304145965461,
        739.5674632205549,
        220.3149058304456,
        139.76752758038424,
        84.07825298491298
    ],
    "Entropies": [
        6834.413225585567,
        6845.607178771453,
        6865.411001852656,
        6922.135008648827,
        7901.389982953389,
        7936.3640668779135,
        7972.03547768849,
        7972.03547768849,
        6845.607178771453
    ],
    "Specifice Volumes": [
        0.9354134467594013,
        0.6780422909737036,
        0.4215886962698031,
        0.09171142809998188,
        0.20279436393366687,
        0.48382036346009993,
        1.2542482790166118,
        1.767493684974919,
        0.9458112098493403
    ],
    "Performance": {
        "Thrust": 99999.99999999999,
        "OPR": 27.62375,
        "T4": 1336.3281249999998,
        "Thermal Efficiency": 0.44866108384413134,
        "SFC": 0.051833811290768514,
        "TSFC": 7.337449551565337,
        "Air Mass Flow Rate": 190.65203984830396,
        "Fuel Mass Flow Rate": 0.7337449551565336,
        "Core EGT": 728.4155958557209,
        "Bypass EGT": 59.942033320834994,
        "FAR": 0.02347650846020922,
        "Specific Thrust": 0.5245157622208866
    },
    "Pressure Ratios": {
        "Fan": 1.6,
        "LPC": 2.0,
        "HPC": 8.80859375,
        "HPT": 2.96677576649241,
        "LPT": 3.3489140614426653
    },
    "Mechanical Parameters": {
        "LP Shaft Speed": 5490.0,
        "Fan Power": 8.614882207647385,
        "Fan Efficiency": 0.92,
        "LPC Power": 2.527303446848045,
        "LPC Efficiency": 0.9,
        "LPT Power": 11.369577198464722,
        "LPT Efficiency": 0.91,
        "HP Shaft Speed": 15183.0,
        "HPC Power": 12.433921618098505,
        "HPC Efficiency": 0.89,
        "HPT Power": 12.841380722080542,
        "HPT Efficiency": 0.9,
        "Burner Power": 5.792787935584979,
        "Burner Efficiency": 0.1836005788594984
    }
}