{
    "Stages": [
        "0. Fan Inlet",
        "1. LPC Inlet",
        "2. HPC Inlet",
        "3. Burner Inlet",
        "4. HPT Inlet",
        "5. LPT Inlet",
        "6. Core Nozz Inlet",
        "7. Core Nozz Outlet",
        "8. Byp Nozz Outlet"
    ],
    "Total Temperatures": [
        15.000057655676706,
        59.942033320834994,
        139.95697080771498,
        503.250631975832,
        1387.8906249999998,
        1088.9053697669392,
        801.3564778433362,
        801.3564778433362,
        59.94203332083493
    ],
    "Static Temperatures": [
        1.2698087753191583,
        44.11029440122737,
        120.50659961430016,
        469.9734516190097,
        1331.5043805260402,
        1040.2290668008577,
        760.7285717528266,
        653.2788159085612,
        4.4391862677623966
    ],
    "Total Pressures": [
        99.29823547694355,
        158.87717676310967,
        317.75435352621935,
        2612.7848209870767,
        2403.7620353081084,
        884.2066049943952,
        284.011731691664,
        284.01173169166395,
        158.87717676310967
    ],
    "Static Pressures": [
        84.124656235234,
        133.97926458691475,
        267.52254953831897,
        2214.6830600395415,
        2053.058279492243,
        754.0525877801784,
        241.91151893027606,
        153.9105125959373,
        84.07825298491292
    ],
    "Entropies": [
        6834.413225585567,
        6845.607178771453,
        6865.411001852655,
        6920.969738934783,
        7970.571997157143,
        8002.368243408986,
        8035.4852183239655,
        8035.4852183239655,
        6845.607178771453
    ],
    "Specifice Volumes": [
        0.9354134467594015,
        0.6780422909737055,
        0.42158869626980144,
        0.09627607183186956,
        0.22431318852617618,
        0.4998341564353549,
        1.2264316587026687,
        1.7274791540882044,
        0.9458112098493406
    ],
    "Performance": {
        "Thrust": 99999.99999999999,
        "OPR": 25.786249999999995,
        "T4": 1387.8906249999998,
        "Thermal Efficiency": 0.42331291758723444,
        "SFC": 0.05493764302313293,
        "TSFC": 7.876103842086569,
        "Air Mass Flow Rate": 188.02388583523128,
        "Fuel Mass Flow Rate": 0.7876103842086568,
        "Core EGT": 801.3564778433362,
        "Bypass EGT": 59.94203332083493,
        "FAR": 0.025552196851643685,
        "Specific Thrust": 0.5318473211836063
    },
    "Pressure Ratios": {
        "Fan": 1.6,
        "LPC": 2.0,
        "HPC": 8.22265625,
        "HPT": 2.7185524533865535,
        "LPT": 3.1132749331437117
    },
    "Mechanical Parameters": {
        "LP Shaft Speed": 5490.0,
        "Fan Power": 8.49612534952936,
        "Fan Efficiency": 0.92,
        "LPC Power": 2.4924643614578583,
        "LPC Efficiency": 0.9,
        "LPT Power": 11.212846643864511,
        "LPT Efficiency": 0.9100000000000001,
        "HP Shaft Speed": 15183.0,
        "HPC Power": 11.772497718453858,
        "HPC Efficiency": 0.89,
        "HPT Power": 12.166458375504366,
        "HPT Efficiency": 0.9000000000000002,
        "Burner Power": 6.096945844167156,
        "Burner Efficiency": 0.18002484614128964
    }
}