{
    "Stages": [
        "0. Fan Inlet",
        "1. LPC Inlet",
        "2. HPC Inlet",
        "3. Burner Inlet",
        "4. HPT Inlet",
        "5. LPT Inlet",
        "6. Core Nozz Inlet",
        "7. Core Nozz Outlet",
        "8. Byp Nozz Outlet"
    ],
    "Total Temperatures": [
        15.000057655676706,
        59.942033320834994,
        139.95697080771498,
        525.0741376388085,
        1316.4062499999998,
        992.8189080656497,
        698.4049287670014,
        698.4049287670014,
        59.94203332083493
    ],
    "Static Temperatures": [
        1.2698087753191583,
        44.11029440122737,
        120.50659961430016,
        491.0660348672205,
        1261.4608400029256,
        946.4877705247015,
        660.5522081404706,
        560.8287925443354,
        4.4391862677623966
    ],
    "Total Pressures": [
        99.29823547694355,
        158.87717676310967,
        317.75435352621935,
        2892.0611082659807,
        2660.6962196047025,
        861.0066721899609,
        248.06348007186588,
        248.0634800718658,
        158.87717676310967
    ],
    "Static Pressures": [
        84.124656235234,
        133.97926458691475,
        267.52254953831897,
        2449.8347155051747,
        2271.1805906485133,
        733.2161240131228,
        211.0786771742382,
        133.9603509093109,
        84.07825298491287
    ],
    "Entropies": [
        6834.413225585567,
        6845.607178771453,
        6865.411001852655,
        6922.726836611075,
        7872.13582220899,
        7908.663071744506,
        7945.465627703598,
        7945.465627703598,
        6845.607178771453
    ],
    "Specifice Volumes": [
        0.9354134467594015,
        0.6780422909737055,
        0.42158869626980144,
        0.08950400132442914,
        0.1939171849251871,
        0.4773362215942411,
        1.2692820257685202,
        1.7861507280400872,
        0.9458112098493415
    ],
    "Performance": {
        "Thrust": 99999.99999999999,
        "OPR": 28.542499999999997,
        "T4": 1316.4062499999998,
        "Thermal Efficiency": 0.4601090407204609,
        "SFC": 0.05054413605321317,
        "TSFC": 7.118157628143584,
        "Air Mass Flow Rate": 191.79499351705022,
        "Fuel Mass Flow Rate": 0.7118157628143583,
        "Core EGT": 698.4049287670014,
        "Bypass EGT": 59.94203332083493,
        "FAR": 0.022639152740874767,
        "Specific Thrust": 0.5213900434325476
    },
    "Pressure Ratios": {
        "Fan": 1.6,
        "LPC": 2.0,
        "HPC": 9.1015625,
        "HPT": 3.090215564575418,
        "LPT": 3.4709126548596374
    },
    "Mechanical Parameters": {
        "LP Shaft Speed": 5490.0,
        "Fan Power": 8.666528186535842,
        "Fan Efficiency": 0.92,
        "LPC Power": 2.542454560620057,
        "LPC Efficiency": 0.9,
        "LPT Power": 11.437737497097853,
        "LPT Efficiency": 0.9100000000000001,
        "HP Shaft Speed": 15183.0,
        "HPC Power": 12.760601517017868,
        "HPC Efficiency": 0.89,
        "HPT Power": 13.17472755771254,
        "HPT Efficiency": 0.8999999999999999,
        "Burner Power": 5.6726666767518985,
        "Burner Efficiency": 0.18533233983622913
    }
}