{
    "Stages": [
        "0. Fan Inlet",
        "1. LPC Inlet",
        "2. HPC Inlet",
        "3. Burner Inlet",
        "4. HPT Inlet",
        "5. LPT Inlet",
        "6. Core Nozz Inlet",
        "7. Core Nozz Outlet",
        "8. Byp Nozz Outlet"
    ],
    "Total Temperatures": [
        15.000057655676706,
        59.942033320834994,
        139.95697080771498,
        497.7627473389082,
        1435.9374999999998,
        1144.969705394555,
        861.2503058784054,
        861.2503058784054,
        59.94203332083493
    ],
    "Static Temperatures": [
        1.2698087753191583,
        44.11029440122737,
        120.50659961430016,
        464.66860191064177,
        1378.5829676562469,
        1094.9814865306319,
        819.0482580433116,
        707.2153691651723,
        4.4391862677623966
    ],
    "Total Pressures": [
        99.29823547694355,
        158.87717676310967,
        317.75435352621935,
        2550.723423813987,
        2346.665549908869,
        908.0762127775167,
        308.9354390003419,
        308.93543900034155,
        158.87717676310967
    ],
    "Static Pressures": [
        84.124656235234,
        133.97926458691475,
        267.52254953831897,
        2160.912194711284,
        2004.3754662796316,
        775.193834042145,
        263.04245890576874,
        167.37703797582304,
        84.07825298491309
    ],
    "Entropies": [
        6834.413225585567,
        6845.607178771453,
        6865.411001852655,
        6920.437082723944,
        8021.525945844356,
        8051.5255109529935,
        8082.855129018675,
        8082.855129018675,
        6845.607178771453
    ],
    "Specifice Volumes": [
        0.9354134467594015,
        0.6780422909737055,
        0.42158869626980144,
        0.09795754005651973,
        0.23650361856658156,
        0.5065209895049635,
        1.1916051059493271,
        1.6806106510718994,
        0.9458112098493389
    ],
    "Performance": {
        "Thrust": 99999.99999999999,
        "OPR": 25.17375,
        "T4": 1435.9374999999998,
        "Thermal Efficiency": 0.40481479848763413,
        "SFC": 0.05744803312618714,
        "TSFC": 8.320469098239471,
        "Air Mass Flow Rate": 185.94492883230188,
        "Fuel Mass Flow Rate": 0.8320469098239469,
        "Core EGT": 861.2503058784054,
        "Bypass EGT": 59.94203332083493,
        "FAR": 0.027295641681648133,
        "Specific Thrust": 0.5377936393747365
    },
    "Pressure Ratios": {
        "Fan": 1.6,
        "LPC": 2.0,
        "HPC": 8.02734375,
        "HPT": 2.5842165193724917,
        "LPT": 2.9393721086706135
    },
    "Mechanical Parameters": {
        "LP Shaft Speed": 5490.0,
        "Fan Power": 8.4021847354701,
        "Fan Efficiency": 0.92,
        "LPC Power": 2.464905489265708,
        "LPC Efficiency": 0.9,
        "LPT Power": 11.088867576261029,
        "LPT Efficiency": 0.9099999999999998,
        "HP Shaft Speed": 15183.0,
        "HPC Power": 11.459701656079604,
        "HPC Efficiency": 0.89,
        "HPT Power": 11.847278720020432,
        "HPT Efficiency": 0.9000000000000004,
        "Burner Power": 6.379845847814707,
        "Burner Efficiency": 0.17831747986433538
    }
}