{
    "Stages": [
        "0. Fan Inlet",
        "1. LPC Inlet",
        "2. HPC Inlet",
        "3. Burner Inlet",
        "4. HPT Inlet",
        "5. LPT Inlet",
        "6. Core Nozz Inlet",
        "7. Core Nozz Outlet",
        "8. Byp Nozz Outlet"
    ],
    "Total Temperatures": [
        15.000057655676706,
        59.942033320834994,
        139.95697080771498,
        508.3455912287868,
        1332.8124999999998,
        1025.5076500441332,
        733.475753175391,
        733.475753175391,
        59.94203332083493
    ],
    "Static Temperatures": [
        1.2698087753191583,
        44.11029440122737,
        120.50659961430016,
        474.8986579826449,
        1277.5563245679828,
        978.3651168031172,
        694.6626191487175,
        592.2683496106528,
        4.4391862677623966
    ],
    "Total Pressures": [
        99.29823547694355,
        158.87717676310967,
        317.75435352621935,
        2674.8462181601667,
        2460.858520707354,
        853.0153919211643,
        256.0104373509084,
        256.0104373509083,
        158.87717676310967
    ],
    "Static Pressures": [
        84.124656235234,
        133.97926458691475,
        267.52254953831897,
        2264.605941250411,
        2101.0638328002838,
        726.5871318544592,
        217.5734811814773,
        138.02437442708097,
        84.07825298491309
    ],
    "Entropies": [
        6834.413225585567,
        6845.607178771453,
        6865.411001852655,
        6921.464258140945,
        7912.42100830313,
        7946.348958348325,
        7981.805975703927,
        7981.805975703927,
        6845.607178771453
    ],
    "Specifice Volumes": [
        0.9354134467594015,
        0.6780422909737055,
        0.42158869626980144,
        0.09479537177610697,
        0.21181607470521324,
        0.49428034033629437,
        1.2764006269999983,
        1.799037321970947,
        0.9458112098493389
    ],
    "Performance": {
        "Thrust": 99999.99999999999,
        "OPR": 26.39875,
        "T4": 1332.8124999999998,
        "Thermal Efficiency": 0.4468759906853759,
        "SFC": 0.052040866903188994,
        "TSFC": 7.378221163600448,
        "Air Mass Flow Rate": 190.59326692264293,
        "Fuel Mass Flow Rate": 0.7378221163600447,
        "Core EGT": 733.475753175391,
        "Bypass EGT": 59.94203332083493,
        "FAR": 0.0236142387528464,
        "Specific Thrust": 0.5246775062656726
    },
    "Pressure Ratios": {
        "Fan": 1.6,
        "LPC": 2.0,
        "HPC": 8.41796875,
        "HPT": 2.8848934544604163,
        "LPT": 3.3319555278597996
    },
    "Mechanical Parameters": {
        "LP Shaft Speed": 5490.0,
        "Fan Power": 8.612226469833242,
        "Fan Efficiency": 0.92,
        "LPC Power": 2.5265243467779652,
        "LPC Efficiency": 0.9,
        "LPT Power": 11.36607226184817,
        "LPT Efficiency": 0.9099999999999999,
        "HP Shaft Speed": 15183.0,
        "HPC Power": 12.107162769804017,
        "HPC Efficiency": 0.89,
        "HPT Power": 12.507953325861665,
        "HPT Efficiency": 0.8999999999999999,
        "Burner Power": 5.772476012875799,
        "Burner Efficiency": 0.181945790495802
    }
}