{
    "Stages": [
        "0. Fan Inlet",
        "1. LPC Inlet",
        "2. HPC Inlet",
        "3. Burner Inlet",
        "4. HPT Inlet",
        "5. LPT Inlet",
        "6. Core Nozz Inlet",
        "7. Core Nozz Outlet",
        "8. Byp Nozz Outlet"
    ],
    "Total Temperatures": [
        15.000057655676706,
        59.942033320834994,
        139.95697080771498,
        468.41496327457554,
        1303.515625,
        1029.8946256874058,
        738.1558253432567,
        738.1558253432567,
        59.94203332083493
    ],
    "Static Temperatures": [
        1.2698087753191583,
        44.11029440122737,
        120.50659961430016,
        436.3180646406533,
        1248.9975690198971,
        982.6387605144747,
        699.2102308613973,
        596.4590956039239,
        4.4391862677623966
    ],
    "Total Pressures": [
        99.29823547694355,
        158.87717676310967,
        317.75435352621935,
        2221.798018796612,
        2044.0541772928837,
        791.5552910450976,
        239.05773283271128,
        239.05773283271114,
        158.87717676310967
    ],
    "Static Pressures": [
        84.124656235234,
        133.97926458691475,
        267.52254953831897,
        1882.1469208169028,
        1743.8544448070036,
        674.8244726208198,
        203.38940585082995,
        129.15432147695805,
        84.07825298491305
    ],
    "Entropies": [
        6834.413225585567,
        6845.607178771453,
        6865.411001852655,
        6917.709152066669,
        7942.079264033066,
        7972.120877426044,
        8007.380110797963,
        8007.380110797963,
        6845.607178771453
    ],
    "Specifice Volumes": [
        0.9354134467594015,
        0.6780422909737055,
        0.42158869626980144,
        0.10815320170461466,
        0.2504956109354186,
        0.5340205918591869,
        1.3717557666341178,
        1.931789700068589,
        0.9458112098493391
    ],
    "Performance": {
        "Thrust": 99999.99999999999,
        "OPR": 21.9275,
        "T4": 1303.515625,
        "Thermal Efficiency": 0.445541845436271,
        "SFC": 0.05219669979756101,
        "TSFC": 7.42560041998555,
        "Air Mass Flow Rate": 190.91681254579672,
        "Fuel Mass Flow Rate": 0.742560041998555,
        "Core EGT": 738.1558253432567,
        "Bypass EGT": 59.94203332083493,
        "FAR": 0.02372560172040705,
        "Specific Thrust": 0.5237883383162611
    },
    "Pressure Ratios": {
        "Fan": 1.6,
        "LPC": 2.0,
        "HPC": 6.9921875,
        "HPT": 2.5823264659049907,
        "LPT": 3.3111469838920256
    },
    "Mechanical Parameters": {
        "LP Shaft Speed": 5490.0,
        "Fan Power": 8.626846336657051,
        "Fan Efficiency": 0.92,
        "LPC Power": 2.53081330151068,
        "LPC Efficiency": 0.9,
        "LPT Power": 11.385366977722175,
        "LPT Efficiency": 0.9100000000000001,
        "HP Shaft Speed": 15183.0,
        "HPC Power": 10.766172030813381,
        "HPC Efficiency": 0.89,
        "HPT Power": 11.13959542893245,
        "HPT Efficiency": 0.9000000000000004,
        "Burner Power": 5.592084284071099,
        "Burner Efficiency": 0.17513529461209115
    }
}