{
    "Stages": [
        "0. Fan Inlet",
        "1. LPC Inlet",
        "2. HPC Inlet",
        "3. Burner Inlet",
        "4. HPT Inlet",
        "5. LPT Inlet",
        "6. Core Nozz Inlet",
        "7. Core Nozz Outlet",
        "8. Byp Nozz Outlet"
    ],
    "Total Temperatures": [
        15.000057655676706,
        59.942033320834994,
        139.95697080771498,
        481.30222285334486,
        1317.5781249999998,
        1033.4323402267376,
        741.9629949778546,
        741.9629949778546,
        59.94203332083493
    ],
    "Static Temperatures": [
        1.2698087753191583,
        44.11029440122737,
        120.50659961430016,
        448.7582536166866,
        1262.7432302567415,
        986.1007381329134,
        702.9115871294636,
        599.8745451988082,
        4.4391862677623966
    ],
    "Total Pressures": [
        99.29823547694355,
        158.87717676310967,
        317.75435352621935,
        2364.539232294718,
        2175.376093711143,
        814.6016669904138,
        246.89812151760253,
        246.8981215176026,
        158.87717676310967
    ],
    "Static Pressures": [
        84.124656235234,
        133.97926458691475,
        267.52254953831897,
        1999.612486297015,
        1857.924917123541,
        694.2537229628094,
        210.14610606895667,
        133.50119098195532,
        84.07825298491285
    ],
    "Entropies": [
        6834.413225585567,
        6845.607178771453,
        6865.411001852655,
        6918.843575223881,
        7936.176137177895,
        7967.3304328440645,
        8002.427840600493,
        8002.427840600493,
        6845.607178771453
    ],
    "Specifice Volumes": [
        0.9354134467594015,
        0.6780422909737055,
        0.42158869626980144,
        0.10361006578208136,
        0.23724970913011684,
        0.5205224528151519,
        1.3326875501560174,
        1.8762050189046626,
        0.9458112098493415
    ],
    "Performance": {
        "Thrust": 99999.99999999999,
        "OPR": 23.336249999999996,
        "T4": 1317.5781249999998,
        "Thermal Efficiency": 0.4440180113932684,
        "SFC": 0.052375834666064054,
        "TSFC": 7.4483557834772185,
        "Air Mass Flow Rate": 190.58001715909387,
        "Fuel Mass Flow Rate": 0.7448355783477217,
        "Core EGT": 741.9629949778546,
        "Bypass EGT": 59.94203332083493,
        "FAR": 0.023840364250404315,
        "Specific Thrust": 0.5247139836099459
    },
    "Pressure Ratios": {
        "Fan": 1.6,
        "LPC": 2.0,
        "HPC": 7.44140625,
        "HPT": 2.670478323163979,
        "LPT": 3.2993433161141708
    },
    "Mechanical Parameters": {
        "LP Shaft Speed": 5490.0,
        "Fan Power": 8.611627760517859,
        "Fan Efficiency": 0.92,
        "LPC Power": 2.526348706521957,
        "LPC Efficiency": 0.9,
        "LPT Power": 11.3652821092243,
        "LPT Efficiency": 0.9099999999999999,
        "HP Shaft Speed": 15183.0,
        "HPC Power": 11.183923012080104,
        "HPC Efficiency": 0.89,
        "HPT Power": 11.565871940429107,
        "HPT Efficiency": 0.8999999999999999,
        "Burner Power": 5.676712784200465,
        "Burner Efficiency": 0.17724257569651686
    }
}