{
    "Stages": [
        "0. Fan Inlet",
        "1. LPC Inlet",
        "2. HPC Inlet",
        "3. Burner Inlet",
        "4. HPT Inlet",
        "5. LPT Inlet",
        "6. Core Nozz Inlet",
        "7. Core Nozz Outlet",
        "8. Byp Nozz Outlet"
    ],
    "Total Temperatures": [
        15.000057655676706,
        59.94203332083493,
        139.95697080771524,
        504.89699686582065,
        1343.3593749999998,
        1039.8574261671663,
        748.877762980054,
        748.877762980054,
        59.94203332083493
    ],
    "Static Temperatures": [
        1.2698087753191583,
        44.11029440122737,
        120.50659961430041,
        471.56494428027077,
        1287.884001222215,
        992.388553704103,
        709.6345450034149,
        606.0791602282792,
        4.4391862677624285
    ],
    "Total Pressures": [
        99.29823547694353,
        158.87717676310967,
        317.75435352621935,
        2631.403240139004,
        2420.890980927884,
        856.0593046547864,
        261.50852213875646,
        261.5085221387563,
        158.87717676310967
    ],
    "Static Pressures": [
        84.12465623523386,
        133.97926458691458,
        267.5225495383185,
        2230.814734226644,
        2066.633308556058,
        729.6791472185839,
        222.28754494496513,
        141.10083364886395,
        84.07825298491291
    ],
    "Entropies": [
        6834.413225585567,
        6845.607178771453,
        6865.411001852656,
        6921.129535797608,
        7927.27479523493,
        7960.48094870824,
        7995.284294259628,
        7995.284294259629,
        6845.607178771453
    ],
    "Specifice Volumes": [
        0.9354134467594029,
        0.6780422909737053,
        0.4215886962698025,
        0.09578939660549571,
        0.2167720639539469,
        0.49777144237616017,
        1.268637925607004,
        1.7878665486325236,
        0.9458112098493411
    ],
    "Performance": {
        "Thrust": 99999.99999999999,
        "OPR": 25.970000000000002,
        "T4": 1343.3593749999998,
        "Thermal Efficiency": 0.4412827507085732,
        "SFC": 0.052700482663657754,
        "TSFC": 7.4913619678116605,
        "Air Mass Flow Rate": 190.0171673112039,
        "Fuel Mass Flow Rate": 0.749136196781166,
        "Core EGT": 748.877762980054,
        "Bypass EGT": 59.94203332083493,
        "FAR": 0.024049041805159408,
        "Specific Thrust": 0.5262682388914011
    },
    "Pressure Ratios": {
        "Fan": 1.6,
        "LPC": 2.0,
        "HPC": 8.28125,
        "HPT": 2.827947745867395,
        "LPT": 3.2735426656587503
    },
    "Mechanical Parameters": {
        "LP Shaft Speed": 5490.0,
        "Fan Power": 8.5861945936657,
        "Fan Efficiency": 0.92,
        "LPC Power": 2.5188875098740726,
        "LPC Efficiency": 0.9,
        "LPT Power": 11.331716432183441,
        "LPT Efficiency": 0.9099999999999998,
        "HP Shaft Speed": 15183.0,
        "HPC Power": 11.953289073779338,
        "HPC Efficiency": 0.89,
        "HPT Power": 12.350939350326284,
        "HPT Efficiency": 0.9,
        "Burner Power": 5.833988276443144,
        "Burner Efficiency": 0.1811074495488922
    }
}