{
    "Stages": [
        "0. Fan Inlet",
        "1. LPC Inlet",
        "2. HPC Inlet",
        "3. Burner Inlet",
        "4. HPT Inlet",
        "5. LPT Inlet",
        "6. Core Nozz Inlet",
        "7. Core Nozz Outlet",
        "8. Byp Nozz Outlet"
    ],
    "Total Temperatures": [
        15.000057655676706,
        59.942033320834994,
        139.95697080771498,
        509.76564721047475,
        1355.078125,
        1048.0538868013448,
        757.6665631574828,
        757.6665631574828,
        59.94203332083493
    ],
    "Static Temperatures": [
        1.2698087753191583,
        44.11029440122737,
        120.50659961430016,
        476.2714312664642,
        1299.3602320584196,
        1000.3796788149716,
        718.2010113984295,
        613.9845191925964,
        4.4391862677623966
    ],
    "Total Pressures": [
        99.29823547694355,
        158.87717676310967,
        317.75435352621935,
        2693.4646373120936,
        2477.987466327126,
        870.3223033681305,
        268.2158359555432,
        268.2158359555432,
        158.87717676310967
    ],
    "Static Pressures": [
        84.124656235234,
        133.97926458691475,
        267.52254953831897,
        2278.5206719779353,
        2116.6282122493085,
        741.9713840038886,
        228.16854449872588,
        144.9058238016811,
        84.07825298491304
    ],
    "Entropies": [
        6834.413225585567,
        6845.607178771453,
        6865.411001852655,
        6921.602089567005,
        7930.9606715223845,
        7964.409627328579,
        7999.047187718242,
        7999.047187718242,
        6845.607178771453
    ],
    "Specifice Volumes": [
        0.9354134467594015,
        0.6780422909737055,
        0.42158869626980144,
        0.09439577907222559,
        0.2132222108586848,
        0.49258726032406464,
        1.2469643897543914,
        1.7569522935404018,
        0.9458112098493395
    ],
    "Performance": {
        "Thrust": 99999.99999999999,
        "OPR": 26.582499999999996,
        "T4": 1355.078125,
        "Thermal Efficiency": 0.4380988140021576,
        "SFC": 0.05308348986622419,
        "TSFC": 7.553388255161733,
        "Air Mass Flow Rate": 189.59729287087043,
        "Fuel Mass Flow Rate": 0.7553388255161733,
        "Core EGT": 757.6665631574828,
        "Bypass EGT": 59.94203332083493,
        "FAR": 0.024301859830808587,
        "Specific Thrust": 0.5274336910923474
    },
    "Pressure Ratios": {
        "Fan": 1.6,
        "LPC": 2.0,
        "HPC": 8.4765625,
        "HPT": 2.847206668997637,
        "LPT": 3.244858008728412
    },
    "Mechanical Parameters": {
        "LP Shaft Speed": 5490.0,
        "Fan Power": 8.567221972925049,
        "Fan Efficiency": 0.92,
        "LPC Power": 2.5133216102322735,
        "LPC Efficiency": 0.9,
        "LPT Power": 11.306677125670737,
        "LPT Efficiency": 0.9100000000000001,
        "HP Shaft Speed": 15183.0,
        "HPC Power": 12.092080698246917,
        "HPC Efficiency": 0.89,
        "HPT Power": 12.492563456925845,
        "HPT Efficiency": 0.8999999999999998,
        "Burner Power": 5.904067675414808,
        "Burner Efficiency": 0.18177789197374103
    }
}