{
    "Stages": [
        "0. Fan Inlet",
        "1. LPC Inlet",
        "2. HPC Inlet",
        "3. Burner Inlet",
        "4. HPT Inlet",
        "5. LPT Inlet",
        "6. Core Nozz Inlet",
        "7. Core Nozz Outlet",
        "8. Byp Nozz Outlet"
    ],
    "Total Temperatures": [
        15.000057655676706,
        59.942033320834994,
        139.95697080771498,
        502.1530552540222,
        1412.5,
        1116.1296406376953,
        830.4591026814703,
        830.4591026814703,
        59.94203332083493
    ],
    "Static Temperatures": [
        1.2698087753191583,
        44.11029440122737,
        120.50659961430016,
        468.9124661910167,
        1355.5969011379505,
        1066.8195534390484,
        789.0734956537345,
        679.4701098245355,
        4.4391862677623966
    ],
    "Total Pressures": [
        99.29823547694355,
        158.87717676310967,
        317.75435352621935,
        2600.372541552459,
        2392.342738228265,
        898.4012749636371,
        296.96636489508074,
        296.96636489508074,
        158.87717676310967
    ],
    "Static Pressures": [
        84.124656235234,
        133.97926458691475,
        267.52254953831897,
        2203.928716890058,
        2043.1878558137855,
        766.6657596254844,
        252.72161199988113,
        160.6498845278189,
        84.07825298491301
    ],
    "Entropies": [
        6834.413225585567,
        6845.607178771453,
        6865.411001852655,
        6920.86320769279,
        7994.556379156348,
        8025.600452477322,
        8057.829368346913,
        8057.829368346913,
        6845.607178771453
    ],
    "Specifice Volumes": [
        0.9354134467594015,
        0.6780422909737034,
        0.42158869626980144,
        0.09660499132182088,
        0.22877154714281175,
        0.5016069895315527,
        1.2063336008432408,
        1.7016024116538526,
        0.9458112098493399
    ],
    "Performance": {
        "Thrust": 99999.99999999999,
        "OPR": 25.663749999999997,
        "T4": 1412.5,
        "Thermal Efficiency": 0.4140896728716057,
        "SFC": 0.05616129905441802,
        "TSFC": 8.091108552651177,
        "Air Mass Flow Rate": 186.99077213621143,
        "Fuel Mass Flow Rate": 0.8091108552651175,
        "Core EGT": 830.4591026814703,
        "Bypass EGT": 59.94203332083493,
        "FAR": 0.02639475820508376,
        "Specific Thrust": 0.5347857482889907
    },
    "Pressure Ratios": {
        "Fan": 1.6,
        "LPC": 2.0,
        "HPC": 8.18359375,
        "HPT": 2.6628888503359422,
        "LPT": 3.025262727248742
    },
    "Mechanical Parameters": {
        "LP Shaft Speed": 5490.0,
        "Fan Power": 8.44944264510488,
        "Fan Efficiency": 0.92,
        "LPC Power": 2.478769297850902,
        "LPC Efficiency": 0.9,
        "LPT Power": 11.15123667648549,
        "LPT Efficiency": 0.9100000000000003,
        "HP Shaft Speed": 15183.0,
        "HPC Power": 11.671081460356504,
        "HPC Efficiency": 0.89,
        "HPT Power": 12.062972397854,
        "HPT Efficiency": 0.9000000000000001,
        "Burner Power": 6.2436462919793705,
        "Burner Efficiency": 0.17945758064274447
    }
}