{
    "Stages": [
        "0. Fan Inlet",
        "1. LPC Inlet",
        "2. HPC Inlet",
        "3. Burner Inlet",
        "4. HPT Inlet",
        "5. LPT Inlet",
        "6. Core Nozz Inlet",
        "7. Core Nozz Outlet",
        "8. Byp Nozz Outlet"
    ],
    "Total Temperatures": [
        15.000057655676706,
        59.942033320834994,
        139.95697080771498,
        498.86032447186795,
        1427.7343749999998,
        1135.2872902838262,
        850.9004061224904,
        850.9004061224904,
        59.94203332083493
    ],
    "Static Temperatures": [
        1.2698087753191583,
        44.11029440122737,
        120.50659961430016,
        465.7295563664126,
        1370.5582991481858,
        1085.5008388409033,
        808.9566622673215,
        697.8843859745747,
        4.4391862677623966
    ],
    "Total Pressures": [
        99.29823547694355,
        158.87717676310967,
        317.75435352621935,
        2563.1357032486053,
        2358.0848469887173,
        904.6070539601142,
        304.94271422795975,
        304.94271422795964,
        158.87717676310967
    ],
    "Static Pressures": [
        84.124656235234,
        133.97926458691475,
        267.52254953831897,
        2171.666197697677,
        2014.5189967813762,
        771.8311155397711,
        259.51543970966605,
        165.12913041194864,
        84.07825298491309
    ],
    "Entropies": [
        6834.413225585567,
        6845.607178771453,
        6865.411001852655,
        6920.543613966286,
        8012.657539322522,
        8042.975494052899,
        8074.474279570893,
        8074.474279570893,
        6845.607178771453
    ],
    "Specifice Volumes": [
        0.9354134467594015,
        0.6780422909737055,
        0.42158869626980144,
        0.09761376640273318,
        0.23417945303854876,
        0.5051516297357961,
        1.1964683955764868,
        1.687279646829359,
        0.9458112098493389
    ],
    "Performance": {
        "Thrust": 99999.99999999999,
        "OPR": 25.296249999999997,
        "T4": 1427.7343749999998,
        "Thermal Efficiency": 0.4078771545422776,
        "SFC": 0.05701671126833813,
        "TSFC": 8.243287155838315,
        "Air Mass Flow Rate": 186.29317611744756,
        "Fuel Mass Flow Rate": 0.8243287155838314,
        "Core EGT": 850.9004061224904,
        "Bypass EGT": 59.94203332083493,
        "FAR": 0.026991891328811957,
        "Specific Thrust": 0.5367883144412949
    },
    "Pressure Ratios": {
        "Fan": 1.6,
        "LPC": 2.0,
        "HPC": 8.06640625,
        "HPT": 2.6067504522164495,
        "LPT": 2.9664819382563623
    },
    "Mechanical Parameters": {
        "LP Shaft Speed": 5490.0,
        "Fan Power": 8.417920781845737,
        "Fan Efficiency": 0.92,
        "LPC Power": 2.469521891821927,
        "LPC Efficiency": 0.9,
        "LPT Power": 11.109635381293538,
        "LPT Efficiency": 0.9099999999999999,
        "HP Shaft Speed": 15183.0,
        "HPC Power": 11.517758186104901,
        "HPC Efficiency": 0.89,
        "HPT Power": 11.906520077189095,
        "HPT Efficiency": 0.9,
        "Burner Power": 6.331858375174576,
        "Burner Efficiency": 0.1786332534207612
    }
}