{
    "Stages": [
        "0. Fan Inlet",
        "1. LPC Inlet",
        "2. HPC Inlet",
        "3. Burner Inlet",
        "4. HPT Inlet",
        "5. LPT Inlet",
        "6. Core Nozz Inlet",
        "7. Core Nozz Outlet",
        "8. Byp Nozz Outlet"
    ],
    "Total Temperatures": [
        15.000057655676706,
        59.942033320834994,
        139.95697080771498,
        476.04563730107816,
        1380.8593749999998,
        1105.3377816056234,
        818.9211725543013,
        818.9211725543013,
        59.94203332083493
    ],
    "Static Temperatures": [
        1.2698087753191583,
        44.11029440122737,
        120.50659961430016,
        443.6920257873239,
        1324.6919404190674,
        1056.271208924688,
        777.8095566084411,
        669.0549570224822,
        4.4391862677623966
    ],
    "Total Pressures": [
        99.29823547694355,
        158.87717676310967,
        317.75435352621935,
        2302.4778351216287,
        2118.2796083119,
        844.5969223741656,
        276.42437411986515,
        276.4243741198651,
        158.87717676310967
    ],
    "Static Pressures": [
        84.124656235234,
        133.97926458691475,
        267.52254953831897,
        1949.4117873994917,
        1809.3285724145444,
        720.0381677969841,
        235.31264363413365,
        149.6745760520456,
        84.07825298491296
    ],
    "Entropies": [
        6834.413225585567,
        6845.607178771453,
        6865.411001852655,
        6918.455622842224,
        8003.272297758758,
        8032.25089023082,
        8064.756690693863,
        8064.756690693863,
        6845.607178771453
    ],
    "Specifice Volumes": [
        0.9354134467594015,
        0.6780422909737034,
        0.42158869626980144,
        0.1055451407312367,
        0.25343887072249144,
        0.5298602388953139,
        1.2815705813504252,
        1.8061574888685845,
        0.9458112098493401
    ],
    "Performance": {
        "Thrust": 99999.99999999999,
        "OPR": 22.72375,
        "T4": 1380.8593749999998,
        "Thermal Efficiency": 0.4179150914417736,
        "SFC": 0.055647222198312286,
        "TSFC": 8.015399317281766,
        "Air Mass Flow Rate": 187.72554418157836,
        "Fuel Mass Flow Rate": 0.8015399317281764,
        "Core EGT": 818.9211725543013,
        "Bypass EGT": 59.94203332083493,
        "FAR": 0.02604543566437921,
        "Specific Thrust": 0.5326925562313168
    },
    "Pressure Ratios": {
        "Fan": 1.6,
        "LPC": 2.0,
        "HPC": 7.24609375,
        "HPT": 2.5080361438654153,
        "LPT": 3.055435777193531
    },
    "Mechanical Parameters": {
        "LP Shaft Speed": 5490.0,
        "Fan Power": 8.482644359732976,
        "Fan Efficiency": 0.92,
        "LPC Power": 2.4885095131896975,
        "LPC Efficiency": 0.9,
        "LPT Power": 11.195054972370073,
        "LPT Efficiency": 0.9100000000000001,
        "HP Shaft Speed": 15183.0,
        "HPC Power": 10.840648264027722,
        "HPC Efficiency": 0.89,
        "HPT Power": 11.21559158527361,
        "HPT Efficiency": 0.9,
        "Burner Power": 6.03402149350968,
        "Burner Efficiency": 0.17507060558025883
    }
}