{
    "Stages": [
        "0. Fan Inlet",
        "1. LPC Inlet",
        "2. HPC Inlet",
        "3. Burner Inlet",
        "4. HPT Inlet",
        "5. LPT Inlet",
        "6. Core Nozz Inlet",
        "7. Core Nozz Outlet",
        "8. Byp Nozz Outlet"
    ],
    "Total Temperatures": [
        15.000057655676706,
        59.942033320834994,
        139.95697080771498,
        464.74820481355493,
        1372.65625,
        1106.4526276142408,
        820.1123201710228,
        820.1123201710228,
        59.94203332083493
    ],
    "Static Temperatures": [
        1.2698087753191583,
        44.11029440122737,
        120.50659961430016,
        432.7748036871428,
        1316.6793543953438,
        1057.3620396144577,
        778.9675996897596,
        670.1238495835946,
        4.4391862677623966
    ],
    "Total Pressures": [
        99.29823547694355,
        158.87717676310967,
        317.75435352621935,
        2184.561180492758,
        2009.7962860533376,
        825.8313832705807,
        270.95781842982615,
        270.9578184298261,
        158.87717676310967
    ],
    "Static Pressures": [
        84.124656235234,
        133.97926458691475,
        267.52254953831897,
        1849.8255896576127,
        1715.3623167120968,
        703.8978340526269,
        230.59381510775378,
        146.64640078125953,
        84.07825298491282
    ],
    "Entropies": [
        6834.413225585567,
        6845.607178771453,
        6865.411001852655,
        6917.350451565413,
        8011.587859025918,
        8039.540289543848,
        8072.045186014759,
        8072.045186014759,
        6845.607178771453
    ],
    "Specifice Volumes": [
        0.9354134467594015,
        0.6780422909737055,
        0.42158869626980144,
        0.10948278622844337,
        0.26598160222764355,
        0.5424619255823941,
        1.3092570024106183,
        1.8455507197771974,
        0.9458112098493421
    ],
    "Performance": {
        "Thrust": 99999.99999999999,
        "OPR": 21.56,
        "T4": 1372.65625,
        "Thermal Efficiency": 0.41763442992324207,
        "SFC": 0.05568461862151213,
        "TSFC": 8.02828121113053,
        "Air Mass Flow Rate": 187.82147827079007,
        "Fuel Mass Flow Rate": 0.802828121113053,
        "Core EGT": 820.1123201710228,
        "Bypass EGT": 59.94203332083493,
        "FAR": 0.02607396972847297,
        "Specific Thrust": 0.5324204714001123
    },
    "Pressure Ratios": {
        "Fan": 1.6,
        "LPC": 2.0,
        "HPC": 6.875,
        "HPT": 2.433664216167037,
        "LPT": 3.0478226760762683
    },
    "Mechanical Parameters": {
        "LP Shaft Speed": 5490.0,
        "Fan Power": 8.486979277308022,
        "Fan Efficiency": 0.92,
        "LPC Power": 2.489781225543407,
        "LPC Efficiency": 0.9,
        "LPT Power": 11.200776023317786,
        "LPT Efficiency": 0.9099999999999999,
        "HP Shaft Speed": 15183.0,
        "HPC Power": 10.469292836146272,
        "HPC Efficiency": 0.89,
        "HPT Power": 10.836657475190501,
        "HPT Efficiency": 0.9000000000000001,
        "Burner Power": 5.975123429023753,
        "Burner Efficiency": 0.17308357188815793
    }
}