{
    "Stages": [
        "0. Fan Inlet",
        "1. LPC Inlet",
        "2. HPC Inlet",
        "3. Burner Inlet",
        "4. HPT Inlet",
        "5. LPT Inlet",
        "6. Core Nozz Inlet",
        "7. Core Nozz Outlet",
        "8. Byp Nozz Outlet"
    ],
    "Total Temperatures": [
        15.000057655676706,
        59.942033320834994,
        139.95697080771498,
        519.6640327088859,
        1357.421875,
        1041.6948699557483,
        750.8585594595144,
        750.8585594595144,
        59.94203332083493
    ],
    "Static Temperatures": [
        1.2698087753191583,
        44.11029440122737,
        120.50659961430016,
        485.83548377216005,
        1301.627648986956,
        994.1871910966578,
        711.5608095319135,
        607.8578946281502,
        4.4391862677623966
    ],
    "Total Pressures": [
        99.29823547694355,
        158.87717676310967,
        317.75435352621935,
        2823.793571375582,
        2597.8900856655355,
        885.7865455077268,
        271.15667576402006,
        271.15667576401995,
        158.87717676310967
    ],
    "Static Pressures": [
        84.124656235234,
        133.97926458691475,
        267.52254953831897,
        2390.790081699337,
        2220.162364890854,
        755.4091936985894,
        230.60612004392996,
        146.4460021013524,
        84.07825298491291
    ],
    "Entropies": [
        6834.413225585567,
        6845.607178771453,
        6865.411001852655,
        6922.206705339395,
        7918.10730060716,
        7952.658743867261,
        7987.440775716184,
        7987.440775716184,
        6845.607178771453
    ],
    "Specifice Volumes": [
        0.9354134467594015,
        0.6780422909737055,
        0.42158869626980144,
        0.09109976033032785,
        0.20357745330712576,
        0.4815176456155737,
        1.2253108511601998,
        1.726154768608543,
        0.9458112098493411
    ],
    "Performance": {
        "Thrust": 99999.99999999999,
        "OPR": 27.86875,
        "T4": 1357.421875,
        "Thermal Efficiency": 0.44043012534070314,
        "SFC": 0.052802505131769525,
        "TSFC": 7.499783888608074,
        "Air Mass Flow Rate": 189.72540570271667,
        "Fuel Mass Flow Rate": 0.7499783888608073,
        "Core EGT": 750.8585594595144,
        "Bypass EGT": 59.94203332083493,
        "FAR": 0.024113102592171278,
        "Specific Thrust": 0.5270775394028745
    },
    "Pressure Ratios": {
        "Fan": 1.6,
        "LPC": 2.0,
        "HPC": 8.88671875,
        "HPT": 2.932862436035809,
        "LPT": 3.266696433019415
    },
    "Mechanical Parameters": {
        "LP Shaft Speed": 5490.0,
        "Fan Power": 8.5730109325214,
        "Fan Efficiency": 0.92,
        "LPC Power": 2.5150198873751153,
        "LPC Efficiency": 0.9,
        "LPT Power": 11.314317163159712,
        "LPT Efficiency": 0.9100000000000001,
        "HP Shaft Speed": 15183.0,
        "HPC Power": 12.437846518100626,
        "HPC Efficiency": 0.89,
        "HPT Power": 12.8453857220827,
        "HPT Efficiency": 0.8999999999999999,
        "Burner Power": 5.919513676825325,
        "Burner Efficiency": 0.1835561008264324
    }
}