{
    "Stages": [
        "0. Fan Inlet",
        "1. LPC Inlet",
        "2. HPC Inlet",
        "3. Burner Inlet",
        "4. HPT Inlet",
        "5. LPT Inlet",
        "6. Core Nozz Inlet",
        "7. Core Nozz Outlet",
        "8. Byp Nozz Outlet"
    ],
    "Total Temperatures": [
        15.000057655676706,
        59.942033320834994,
        139.95697080771498,
        513.0791107822114,
        1319.9218749999998,
        1007.4596988241979,
        714.1448548371619,
        714.1448548371619,
        59.94203332083493
    ],
    "Static Temperatures": [
        1.2698087753191583,
        44.11029440122737,
        120.50659961430016,
        479.473891331439,
        1264.9438789589328,
        960.7977583390309,
        675.847581083455,
        574.9274914651439,
        4.4391862677623966
    ],
    "Total Pressures": [
        99.29823547694355,
        158.87717676310967,
        317.75435352621935,
        2736.9076153332567,
        2517.9550061066006,
        849.9902953198538,
        249.65169219262157,
        249.65169219262143,
        158.87717676310967
    ],
    "Static Pressures": [
        84.124656235234,
        133.97926458691475,
        267.52254953831897,
        2315.986155285283,
        2150.512135406118,
        724.3121959630421,
        212.24562788630107,
        134.7829623895379,
        84.07825298491306
    ],
    "Entropies": [
        6834.413225585567,
        6845.607178771453,
        6865.411001852655,
        6921.923696226899,
        7893.103589708488,
        7927.986063412299,
        7964.078388781941,
        7964.078388781941,
        6845.607178771453
    ],
    "Specifice Volumes": [
        0.9354134467594015,
        0.6780422909737055,
        0.42158869626980144,
        0.09328179608621973,
        0.20526952807481566,
        0.4889595065627689,
        1.2829761429423059,
        1.8054483858286172,
        0.9458112098493391
    ],
    "Performance": {
        "Thrust": 99999.99999999999,
        "OPR": 27.011249999999997,
        "T4": 1319.9218749999998,
        "Thermal Efficiency": 0.4541054847763006,
        "SFC": 0.05121236085695936,
        "TSFC": 7.235816731581191,
        "Air Mass Flow Rate": 191.2999298450101,
        "Fuel Mass Flow Rate": 0.7235816731581189,
        "Core EGT": 714.1448548371619,
        "Bypass EGT": 59.94203332083493,
        "FAR": 0.023072921196785563,
        "Specific Thrust": 0.5227393448655172
    },
    "Pressure Ratios": {
        "Fan": 1.6,
        "LPC": 2.0,
        "HPC": 8.61328125,
        "HPT": 2.9623338289516434,
        "LPT": 3.404704722225692
    },
    "Mechanical Parameters": {
        "LP Shaft Speed": 5490.0,
        "Fan Power": 8.644158033962055,
        "Fan Efficiency": 0.92,
        "LPC Power": 2.535891944632566,
        "LPC Efficiency": 0.9,
        "LPT Power": 11.40821426387206,
        "LPT Efficiency": 0.91,
        "HP Shaft Speed": 15183.0,
        "HPC Power": 12.314114071424047,
        "HPC Efficiency": 0.89,
        "HPT Power": 12.719128123433139,
        "HPT Efficiency": 0.9000000000000002,
        "Burner Power": 5.695614272066496,
        "Burner Efficiency": 0.18305624751923047
    }
}