{
    "Stages": [
        "0. Fan Inlet",
        "1. LPC Inlet",
        "2. HPC Inlet",
        "3. Burner Inlet",
        "4. HPT Inlet",
        "5. LPT Inlet",
        "6. Core Nozz Inlet",
        "7. Core Nozz Outlet",
        "8. Byp Nozz Outlet"
    ],
    "Total Temperatures": [
        15.000057655676706,
        59.942033320834994,
        139.95697080771498,
        519.6640327088859,
        1380.8593749999998,
        1066.8165889633565,
        777.7295947817271,
        777.7295947817271,
        59.94203332083493
    ],
    "Static Temperatures": [
        1.2698087753191583,
        44.11029440122737,
        120.50659961430016,
        485.83548377216005,
        1324.5550519055118,
        1018.66716475675,
        737.7177722690827,
        632.00691478047,
        4.4391862677623966
    ],
    "Total Pressures": [
        99.29823547694355,
        158.87717676310967,
        317.75435352621935,
        2823.793571375582,
        2597.8900856655355,
        902.236674951642,
        283.39654107076393,
        283.39654107076393,
        158.87717676310967
    ],
    "Static Pressures": [
        84.124656235234,
        133.97926458691475,
        267.52254953831886,
        2390.7900816993306,
        2220.008060230463,
        769.3698978958084,
        241.26330717240631,
        153.37423888656915,
        84.07825298491285
    ],
    "Entropies": [
        6834.413225585567,
        6845.607178771453,
        6865.411001852655,
        6922.206705339395,
        7939.742798863541,
        7973.600610194385,
        8007.436077346461,
        8007.436077346461,
        6845.607178771453
    ],
    "Specifice Volumes": [
        0.9354134467594015,
        0.6780422909737034,
        0.42158869626980155,
        0.09109976033032811,
        0.20653807049168907,
        0.48184238374426824,
        1.2022160820394285,
        1.6932560105299714,
        0.9458112098493415
    ],
    "Performance": {
        "Thrust": 99999.99999999999,
        "OPR": 27.86875,
        "T4": 1380.8593749999998,
        "Thermal Efficiency": 0.4310335207439878,
        "SFC": 0.0539536087897469,
        "TSFC": 7.696778333455124,
        "Air Mass Flow Rate": 188.69788284143877,
        "Fuel Mass Flow Rate": 0.7696778333455123,
        "Core EGT": 777.7295947817271,
        "Bypass EGT": 59.94203332083493,
        "FAR": 0.024881226607893762,
        "Specific Thrust": 0.529947652269258
    },
    "Pressure Ratios": {
        "Fan": 1.6,
        "LPC": 2.0,
        "HPC": 8.88671875,
        "HPT": 2.8793886989849717,
        "LPT": 3.183654505953741
    },
    "Mechanical Parameters": {
        "LP Shaft Speed": 5490.0,
        "Fan Power": 8.526580858011748,
        "Fan Efficiency": 0.92,
        "LPC Power": 2.501398936499955,
        "LPC Efficiency": 0.9,
        "LPT Power": 11.253040606644596,
        "LPT Efficiency": 0.9100000000000003,
        "HP Shaft Speed": 15183.0,
        "HPC Power": 12.370485103876323,
        "HPC Efficiency": 0.89,
        "HPT Power": 12.776649585119124,
        "HPT Efficiency": 0.9,
        "Burner Power": 6.061518636306477,
        "Burner Efficiency": 0.18314877156955336
    }
}