{
    "Stages": [
        "0. Fan Inlet",
        "1. LPC Inlet",
        "2. HPC Inlet",
        "3. Burner Inlet",
        "4. HPT Inlet",
        "5. LPT Inlet",
        "6. Core Nozz Inlet",
        "7. Core Nozz Outlet",
        "8. Byp Nozz Outlet"
    ],
    "Total Temperatures": [
        15.000057655676706,
        59.942033320834994,
        139.95697080771498,
        504.8969968658203,
        1413.6718749999998,
        1114.9748945679503,
        829.2290715095025,
        829.2290715095025,
        59.94203332083493
    ],
    "Static Temperatures": [
        1.2698087753191583,
        44.11029440122737,
        120.50659961430016,
        471.56494428027065,
        1356.7382767207612,
        1065.694692583551,
        787.8737335604449,
        678.3581599600399,
        4.4391862677623966
    ],
    "Total Pressures": [
        99.29823547694355,
        158.87717676310967,
        317.75435352621935,
        2631.403240139004,
        2420.890980927884,
        901.7765790567742,
        297.82344728828605,
        297.8234472882859,
        158.87717676310967
    ],
    "Static Pressures": [
        84.124656235234,
        133.97926458691475,
        267.52254953831886,
        2230.814734226643,
        2067.8677268324236,
        769.6004795804184,
        253.4460722821207,
        161.1012194544542,
        84.07825298491306
    ],
    "Entropies": [
        6834.413225585567,
        6845.607178771453,
        6865.411001852655,
        6921.129535797608,
        7992.005598373941,
        8023.32195854005,
        8055.594723920252,
        8055.594723920253,
        6845.607178771453
    ],
    "Specifice Volumes": [
        0.9354134467594015,
        0.6780422909737055,
        0.42158869626980155,
        0.09578939660549574,
        0.22619981261088526,
        0.4992834652243499,
        1.2015260591577217,
        1.6948096107048747,
        0.9458112098493391
    ],
    "Performance": {
        "Thrust": 99999.99999999999,
        "OPR": 25.97,
        "T4": 1413.6718749999998,
        "Thermal Efficiency": 0.4144503753002358,
        "SFC": 0.0561124210266221,
        "TSFC": 8.08127134745133,
        "Air Mass Flow Rate": 187.00821939909443,
        "Fuel Mass Flow Rate": 0.8081271347451329,
        "Core EGT": 829.2290715095025,
        "Bypass EGT": 59.94203332083493,
        "FAR": 0.026360207790787522,
        "Specific Thrust": 0.5347358545058915
    },
    "Pressure Ratios": {
        "Fan": 1.6,
        "LPC": 2.0,
        "HPC": 8.28125,
        "HPT": 2.684579570097117,
        "LPT": 3.0278898027255576
    },
    "Mechanical Parameters": {
        "LP Shaft Speed": 5490.0,
        "Fan Power": 8.450231024367447,
        "Fan Efficiency": 0.92,
        "LPC Power": 2.479000580598556,
        "LPC Efficiency": 0.9,
        "LPT Power": 11.152277147924492,
        "LPT Efficiency": 0.91,
        "HP Shaft Speed": 15183.0,
        "HPC Power": 11.76400710146952,
        "HPC Efficiency": 0.89,
        "HPT Power": 12.157794480622389,
        "HPT Efficiency": 0.9000000000000006,
        "Burner Power": 6.253124645981099,
        "Burner Efficiency": 0.17994879412231635
    }
}