{
    "Stages": [
        "0. Fan Inlet",
        "1. LPC Inlet",
        "2. HPC Inlet",
        "3. Burner Inlet",
        "4. HPT Inlet",
        "5. LPT Inlet",
        "6. Core Nozz Inlet",
        "7. Core Nozz Outlet",
        "8. Byp Nozz Outlet"
    ],
    "Total Temperatures": [
        15.000057655676706,
        59.942033320834994,
        139.95697080771498,
        487.8845485168301,
        1382.0312499999998,
        1096.210733971006,
        809.1455438819996,
        809.1455438819996,
        59.94203332083493
    ],
    "Static Temperatures": [
        1.2698087753191583,
        44.11029440122737,
        120.50659961430016,
        455.120360197748,
        1325.8043658337795,
        1047.3438879076432,
        768.3026609801283,
        660.2731105764232,
        4.4391862677623966
    ],
    "Total Pressures": [
        99.29823547694355,
        158.87717676310967,
        317.75435352621935,
        2439.012908902426,
        2243.891876190232,
        864.683358031277,
        279.99289528855024,
        279.99289528855024,
        158.87717676310967
    ],
    "Static Pressures": [
        84.124656235234,
        133.97926458691475,
        267.52254953831897,
        2064.1299941370967,
        1917.6958423989277,
        737.0696568058372,
        238.42065259220288,
        151.6692427499384,
        84.07825298491304
    ],
    "Entropies": [
        6834.413225585567,
        6845.607178771453,
        6865.411001852655,
        6919.478301538912,
        7986.116309259144,
        8016.335762970501,
        8049.158974365532,
        8049.158974365532,
        6845.607178771453
    ],
    "Specifice Volumes": [
        0.9354134467594015,
        0.6780422909737034,
        0.42158869626980144,
        0.10123167738155826,
        0.23928486768754154,
        0.5141110390455634,
        1.2533855744394282,
        1.765919334371356,
        0.9458112098493398
    ],
    "Performance": {
        "Thrust": 99999.99999999999,
        "OPR": 24.071249999999996,
        "T4": 1382.0312499999998,
        "Thermal Efficiency": 0.42092374929180193,
        "SFC": 0.05524946974984409,
        "TSFC": 7.937959646919957,
        "Air Mass Flow Rate": 187.9055212058423,
        "Fuel Mass Flow Rate": 0.7937959646919955,
        "Core EGT": 809.1455438819996,
        "Bypass EGT": 59.94203332083493,
        "FAR": 0.025769095838949842,
        "Specific Thrust": 0.5321823401370647
    },
    "Pressure Ratios": {
        "Fan": 1.6,
        "LPC": 2.0,
        "HPC": 7.67578125,
        "HPT": 2.5950445967864533,
        "LPT": 3.0882332108468895
    },
    "Mechanical Parameters": {
        "LP Shaft Speed": 5490.0,
        "Fan Power": 8.490776876255486,
        "Fan Efficiency": 0.92,
        "LPC Power": 2.490895307509746,
        "LPC Efficiency": 0.9,
        "LPT Power": 11.205787942617585,
        "LPT Efficiency": 0.91,
        "HP Shaft Speed": 15183.0,
        "HPC Power": 11.248333739002279,
        "HPC Efficiency": 0.89,
        "HPT Power": 11.63159717198234,
        "HPT Efficiency": 0.9000000000000004,
        "Burner Power": 6.0506451778401775,
        "Burner Efficiency": 0.17726555035968383
    }
}