{
    "Stages": [
        "0. Fan Inlet",
        "1. LPC Inlet",
        "2. HPC Inlet",
        "3. Burner Inlet",
        "4. HPT Inlet",
        "5. LPT Inlet",
        "6. Core Nozz Inlet",
        "7. Core Nozz Outlet",
        "8. Byp Nozz Outlet"
    ],
    "Total Temperatures": [
        15.000057655676706,
        59.94203332083506,
        139.95697080771538,
        478.1541215501833,
        1303.5156249999998,
        1021.2473719859471,
        728.9083751297843,
        728.9083751297843,
        59.94203332083506
    ],
    "Static Temperatures": [
        1.2698087753191583,
        44.11029440122756,
        120.50659961430054,
        445.72446440476426,
        1248.9684222941137,
        974.21650196879,
        690.2219553024212,
        588.1702813935433,
        4.439186267762523
    ],
    "Total Pressures": [
        99.29823547694355,
        158.8771767631097,
        317.7543535262194,
        2327.3023939908644,
        2141.1182024715954,
        801.5889401337632,
        239.88321326818425,
        239.88321326818425,
        158.8771767631097
    ],
    "Static Pressures": [
        84.12465623523384,
        133.9792645869146,
        267.5225495383192,
        1967.9541432504873,
        1827.5437463154549,
        683.5575747446188,
        204.11658873921806,
        129.59531490909728,
        84.07825298491298
    ],
    "Entropies": [
        6834.413225585567,
        6845.607178771454,
        6865.411001852656,
        6918.661885500959,
        7927.927239550094,
        7959.053050633133,
        7994.704313268865,
        7994.704313268865,
        6845.607178771454
    ],
    "Specifice Volumes": [
        0.9354134467594031,
        0.6780422909737056,
        0.42158869626980155,
        0.10485202419233731,
        0.23902022366036993,
        0.523656757768784,
        1.354437239883796,
        1.9071694430512252,
        0.9458112098493403
    ],
    "Performance": {
        "Thrust": 99999.99999999999,
        "OPR": 22.96875,
        "T4": 1303.5156249999998,
        "Thermal Efficiency": 0.4488718114959029,
        "SFC": 0.051809477356099566,
        "TSFC": 7.354431022196824,
        "Air Mass Flow Rate": 191.1493991393149,
        "Fuel Mass Flow Rate": 0.7354431022196822,
        "Core EGT": 728.9083751297843,
        "Bypass EGT": 59.94203332083506,
        "FAR": 0.0234696156186732,
        "Specific Thrust": 0.5231510036142842
    },
    "Pressure Ratios": {
        "Fan": 1.6,
        "LPC": 2.0,
        "HPC": 7.32421875,
        "HPT": 2.6710924955056154,
        "LPT": 3.3415799680722285
    },
    "Mechanical Parameters": {
        "LP Shaft Speed": 5490.0,
        "Fan Power": 8.637356091012864,
        "Fan Efficiency": 0.92,
        "LPC Power": 2.533896493801507,
        "LPC Efficiency": 0.9,
        "LPT Power": 11.399237331443233,
        "LPT Efficiency": 0.9100000000000001,
        "HP Shaft Speed": 15183.0,
        "HPC Power": 11.109954600492822,
        "HPC Efficiency": 0.89,
        "HPT Power": 11.490393969421676,
        "HPT Efficiency": 0.9,
        "Burner Power": 5.595865575757919,
        "Burner Efficiency": 0.17694966251744593
    }
}