{
    "Stages": [
        "0. Fan Inlet",
        "1. LPC Inlet",
        "2. HPC Inlet",
        "3. Burner Inlet",
        "4. HPT Inlet",
        "5. LPT Inlet",
        "6. Core Nozz Inlet",
        "7. Core Nozz Outlet",
        "8. Byp Nozz Outlet"
    ],
    "Total Temperatures": [
        15.000057655676706,
        59.942033320834994,
        139.95697080771498,
        514.0235595972823,
        1316.40625,
        1002.8451994151725,
        709.179637984286,
        709.179637984286,
        59.94203332083493
    ],
    "Static Temperatures": [
        1.2698087753191583,
        44.11029440122737,
        120.50659961430016,
        480.3824037974446,
        1261.4948324028067,
        956.2866506135922,
        671.022229060044,
        570.4787356742124,
        4.4391862677623966
    ],
    "Total Pressures": [
        99.29823547694355,
        158.87717676310967,
        317.75435352621935,
        2749.3198947678743,
        2529.3743031864446,
        848.7145102004869,
        247.72818519209764,
        247.72818519209767,
        158.87717676310967
    ],
    "Static Pressures": [
        84.124656235234,
        133.97926458691475,
        267.52254953831897,
        2326.38789206087,
        2160.1104179711156,
        723.0158519237556,
        210.78379144711275,
        133.82121546142295,
        84.07825298491304
    ],
    "Entropies": [
        6834.413225585567,
        6845.607178771453,
        6865.411001852655,
        6921.996969449502,
        7888.360271791654,
        7923.461216006339,
        7959.777742210528,
        7959.777742210529,
        6845.607178771453
    ],
    "Specifice Volumes": [
        0.9354134467594015,
        0.6780422909737055,
        0.42158869626980144,
        0.0929720722436254,
        0.2038925401994833,
        0.48801307776403335,
        1.2852336192865594,
        1.8087150683681976,
        0.9458112098493393
    ],
    "Performance": {
        "Thrust": 99999.99999999999,
        "OPR": 27.13375,
        "T4": 1316.40625,
        "Thermal Efficiency": 0.456006039487354,
        "SFC": 0.05099891654863336,
        "TSFC": 7.199636250370097,
        "Air Mass Flow Rate": 191.49200681840284,
        "Fuel Mass Flow Rate": 0.7199636250370095,
        "Core EGT": 709.179637984286,
        "Bypass EGT": 59.94203332083493,
        "FAR": 0.02293452445192975,
        "Specific Thrust": 0.5222150086652585
    },
    "Pressure Ratios": {
        "Fan": 1.6,
        "LPC": 2.0,
        "HPC": 8.65234375,
        "HPT": 2.980241615745376,
        "LPT": 3.425990908310902
    },
    "Mechanical Parameters": {
        "LP Shaft Speed": 5490.0,
        "Fan Power": 8.652837303808296,
        "Fan Efficiency": 0.92,
        "LPC Power": 2.5384381371480087,
        "LPC Efficiency": 0.9,
        "LPT Power": 11.419668817302352,
        "LPT Efficiency": 0.9099999999999999,
        "HP Shaft Speed": 15183.0,
        "HPC Power": 12.358923059848347,
        "HPC Efficiency": 0.89,
        "HPT Power": 12.764851581008948,
        "HPT Efficiency": 0.9,
        "Burner Power": 5.674647045029442,
        "Burner Efficiency": 0.18329889364081894
    }
}