{
    "Stages": [
        "0. Fan Inlet",
        "1. LPC Inlet",
        "2. HPC Inlet",
        "3. Burner Inlet",
        "4. HPT Inlet",
        "5. LPT Inlet",
        "6. Core Nozz Inlet",
        "7. Core Nozz Outlet",
        "8. Byp Nozz Outlet"
    ],
    "Total Temperatures": [
        15.000057655676706,
        59.942033320834994,
        139.95697080771498,
        501.60426685457116,
        1315.234375,
        1012.7513215568999,
        719.8342134402202,
        719.8342134402202,
        59.94203332083493
    ],
    "Static Temperatures": [
        1.2698087753191583,
        44.11029440122737,
        120.50659961430016,
        468.3819763807956,
        1260.3839991965756,
        965.9477111689365,
        681.3769114040302,
        580.0250980993355,
        4.4391862677623966
    ],
    "Total Pressures": [
        99.29823547694355,
        158.87717676310967,
        317.75435352621935,
        2594.1664018351503,
        2386.6330896883405,
        834.0918483126776,
        246.62572182473866,
        246.62572182473866,
        158.87717676310967
    ],
    "Static Pressures": [
        84.124656235234,
        133.97926458691475,
        267.52254953831897,
        2198.5515772070476,
        2036.9583107500662,
        710.5002398945988,
        209.8251517850603,
        133.2571526850386,
        84.07825298491304
    ],
    "Entropies": [
        6834.413225585567,
        6845.607178771453,
        6865.411001852655,
        6920.809942071759,
        7905.242488651734,
        7938.869242124007,
        7974.904630917565,
        7974.904630917564,
        6845.607178771453
    ],
    "Specifice Volumes": [
        0.9354134467594015,
        0.6780422909737055,
        0.42158869626980144,
        0.09677081085109793,
        0.21606111430689637,
        0.5004986853526019,
        1.3055052463325325,
        1.8374223520613975,
        0.9458112098493393
    ],
    "Performance": {
        "Thrust": 99999.99999999999,
        "OPR": 25.602499999999996,
        "T4": 1315.234375,
        "Thermal Efficiency": 0.4520589158770229,
        "SFC": 0.051444210337872935,
        "TSFC": 7.2805008138163725,
        "Air Mass Flow Rate": 191.21151850527457,
        "Fuel Mass Flow Rate": 0.7280500813816372,
        "Core EGT": 719.8342134402202,
        "Bypass EGT": 59.94203332083493,
        "FAR": 0.023226139989602552,
        "Specific Thrust": 0.5229810462346257
    },
    "Pressure Ratios": {
        "Fan": 1.6,
        "LPC": 2.0,
        "HPC": 8.1640625,
        "HPT": 2.8613552506434026,
        "LPT": 3.382014828546396
    },
    "Mechanical Parameters": {
        "LP Shaft Speed": 5490.0,
        "Fan Power": 8.640163042467352,
        "Fan Efficiency": 0.92,
        "LPC Power": 2.5347199546353343,
        "LPC Efficiency": 0.9,
        "LPT Power": 11.402941833778248,
        "LPT Efficiency": 0.91,
        "HP Shaft Speed": 15183.0,
        "HPC Power": 11.915740360849163,
        "HPC Efficiency": 0.89,
        "HPT Power": 12.312624337132227,
        "HPT Efficiency": 0.8999999999999997,
        "Burner Power": 5.668408484781708,
        "Burner Efficiency": 0.18106371595247123
    }
}