{
    "Stages": [
        "0. Fan Inlet",
        "1. LPC Inlet",
        "2. HPC Inlet",
        "3. Burner Inlet",
        "4. HPT Inlet",
        "5. LPT Inlet",
        "6. Core Nozz Inlet",
        "7. Core Nozz Outlet",
        "8. Byp Nozz Outlet"
    ],
    "Total Temperatures": [
        15.000057655676706,
        59.942033320834994,
        139.95697080771538,
        521.631343905592,
        1377.34375,
        1061.2859553521296,
        771.8039302249554,
        771.8039302249554,
        59.942033320834994
    ],
    "Static Temperatures": [
        1.2698087753191583,
        44.1102944012275,
        120.50659961430048,
        487.7374815288393,
        1321.1002748617566,
        1013.2642361815913,
        731.9562376347702,
        626.6886436068444,
        4.43918626776246
    ],
    "Total Pressures": [
        99.29823547694352,
        158.87717676310965,
        317.7543535262193,
        2848.618130244817,
        2620.7286798252344,
        902.1735413730718,
        281.72376145392354,
        281.7237614539235,
        158.87717676310965
    ],
    "Static Pressures": [
        84.124656235234,
        133.97926458691427,
        267.5225495383182,
        2412.260601610858,
        2239.486732499832,
        769.1920488132802,
        239.83530902247415,
        152.44900486146315,
        84.0782529849128
    ],
    "Entropies": [
        6834.413225585567,
        6845.607178771453,
        6865.411001852656,
        6922.395843979485,
        7933.648657483427,
        7967.8708586133835,
        8001.943280389802,
        8001.943280389802,
        6845.607178771453
    ],
    "Specifice Volumes": [
        0.9354134467594013,
        0.6780422909737056,
        0.4215886962698031,
        0.09050950584395723,
        0.204297857958149,
        0.479925026075742,
        1.202510923816863,
        1.6936249660133902,
        0.9458112098493423
    ],
    "Performance": {
        "Thrust": 99999.99999999999,
        "OPR": 28.11375,
        "T4": 1377.34375,
        "Thermal Efficiency": 0.4330434097614744,
        "SFC": 0.05370319332719544,
        "TSFC": 7.652657069418536,
        "Air Mass Flow Rate": 188.89638859603548,
        "Fuel Mass Flow Rate": 0.7652657069418535,
        "Core EGT": 771.8039302249554,
        "Bypass EGT": 59.942033320834994,
        "FAR": 0.02471259957398292,
        "Specific Thrust": 0.5293907455999863
    },
    "Pressure Ratios": {
        "Fan": 1.6,
        "LPC": 2.0,
        "HPC": 8.96484375,
        "HPT": 2.904905275581728,
        "LPT": 3.20233386014218
    },
    "Mechanical Parameters": {
        "LP Shaft Speed": 5490.0,
        "Fan Power": 8.535550621433906,
        "Fan Efficiency": 0.92,
        "LPC Power": 2.5040303496136715,
        "LPC Efficiency": 0.9,
        "LPT Power": 11.264878541885281,
        "LPT Efficiency": 0.9100000000000001,
        "HP Shaft Speed": 15183.0,
        "HPC Power": 12.450499111283806,
        "HPC Efficiency": 0.89,
        "HPT Power": 12.858296531453284,
        "HPT Efficiency": 0.8999999999999997,
        "Burner Power": 6.040578838754328,
        "Burner Efficiency": 0.1835683689614532
    }
}