{
    "Stages": [
        "0. Fan Inlet",
        "1. LPC Inlet",
        "2. HPC Inlet",
        "3. Burner Inlet",
        "4. HPT Inlet",
        "5. LPT Inlet",
        "6. Core Nozz Inlet",
        "7. Core Nozz Outlet",
        "8. Byp Nozz Outlet"
    ],
    "Total Temperatures": [
        15.000057655676706,
        59.942033320834994,
        139.95697080771498,
        530.9760672033939,
        1446.4843749999998,
        1127.1123483537508,
        842.1792380984524,
        842.1792380984524,
        59.94203332083493
    ],
    "Static Temperatures": [
        1.2698087753191583,
        44.11029440122737,
        120.50659961430016,
        496.77229588184605,
        1388.805075730841,
        1077.5209781885217,
        800.4745083771643,
        690.0466186159902,
        4.4391862677623966
    ],
    "Total Pressures": [
        99.29823547694355,
        158.87717676310967,
        317.75435352621935,
        2966.5347848736883,
        2729.2120020837906,
        959.3451793587996,
        320.8656058505511,
        320.86560585055065,
        158.87717676310967
    ],
    "Static Pressures": [
        84.124656235234,
        133.97926458691475,
        267.52254953831897,
        2514.249567092838,
        2331.0195015204017,
        817.6637537071551,
        273.28622762885044,
        173.98054791603556,
        84.07825298491287
    ],
    "Entropies": [
        6834.413225585567,
        6845.607178771453,
        6865.411001852655,
        6923.294252584806,
        7984.347278274058,
        8017.70578286012,
        8049.515702132372,
        8049.515702132372,
        6845.607178771453
    ],
    "Specifice Volumes": [
        0.9354134467594015,
        0.6780422909737055,
        0.42158869626980144,
        0.08785765125409499,
        0.20461276437656228,
        0.47403141403944465,
        1.1272892268869164,
        1.5887395118024983,
        0.9458112098493416
    ],
    "Performance": {
        "Thrust": 99999.99999999999,
        "OPR": 29.277499999999996,
        "T4": 1446.4843749999998,
        "Thermal Efficiency": 0.4102489101438346,
        "SFC": 0.05668708283791617,
        "TSFC": 8.167921758814984,
        "Air Mass Flow Rate": 186.23591286717647,
        "Fuel Mass Flow Rate": 0.8167921758814983,
        "Core EGT": 842.1792380984524,
        "Bypass EGT": 59.94203332083493,
        "FAR": 0.026753337721874368,
        "Specific Thrust": 0.536953364474445
    },
    "Pressure Ratios": {
        "Fan": 1.6,
        "LPC": 2.0,
        "HPC": 9.3359375,
        "HPT": 2.8448696681917167,
        "LPT": 2.989866043185779
    },
    "Mechanical Parameters": {
        "LP Shaft Speed": 5490.0,
        "Fan Power": 8.415333260850396,
        "Fan Efficiency": 0.92,
        "LPC Power": 2.46876280416725,
        "LPC Efficiency": 0.9,
        "LPT Power": 11.106220474507802,
        "LPT Efficiency": 0.9099999999999999,
        "HP Shaft Speed": 15183.0,
        "HPC Power": 12.588912623056888,
        "HPC Efficiency": 0.89,
        "HPT Power": 12.999534808772758,
        "HPT Efficiency": 0.9,
        "Burner Power": 6.473926583369,
        "Burner Efficiency": 0.1843264867331627
    }
}