{
    "Stages": [
        "0. Fan Inlet",
        "1. LPC Inlet",
        "2. HPC Inlet",
        "3. Burner Inlet",
        "4. HPT Inlet",
        "5. LPT Inlet",
        "6. Core Nozz Inlet",
        "7. Core Nozz Outlet",
        "8. Byp Nozz Outlet"
    ],
    "Total Temperatures": [
        15.000057655676706,
        59.94203332083493,
        139.95697080771544,
        506.4521830989886,
        1435.9374999999998,
        1137.3970526361693,
        853.1636973055951,
        853.1636973055951,
        59.94203332083487
    ],
    "Static Temperatures": [
        1.2698087753191583,
        44.11029440122737,
        120.50659961430054,
        473.0683137731451,
        1378.5552277606835,
        1087.566929413457,
        811.1587260804706,
        699.921075987926,
        4.4391862677623966
    ],
    "Total Pressures": [
        99.29823547694355,
        158.87717676310967,
        317.75435352621935,
        2650.021659290931,
        2438.0199265476567,
        917.3540185621958,
        310.094513593149,
        310.094513593149,
        158.87717676310967
    ],
    "Static Pressures": [
        84.124656235234,
        133.97926458691455,
        267.52254953831886,
        2246.0531884598604,
        2083.140296455783,
        782.9066444546709,
        263.9498307107855,
        167.9713277966208,
        84.07825298491284
    ],
    "Entropies": [
        6834.413225585567,
        6845.607178771453,
        6865.411001852656,
        6921.280482905834,
        8009.978493547389,
        8040.907157259179,
        8072.378736408185,
        8072.378736408185,
        6845.607178771453
    ],
    "Specifice Volumes": [
        0.9354134467594015,
        0.678042290973704,
        0.42158869626980217,
        0.09533692935066469,
        0.22755761694220084,
        0.49876947509691727,
        1.1787807635585335,
        1.662181821768944,
        0.9458112098493419
    ],
    "Performance": {
        "Thrust": 99999.99999999999,
        "OPR": 26.15375,
        "T4": 1435.9374999999998,
        "Thermal Efficiency": 0.40714172743369104,
        "SFC": 0.05711970153507767,
        "TSFC": 8.257934386549776,
        "Air Mass Flow Rate": 186.13875888984109,
        "Fuel Mass Flow Rate": 0.8257934386549775,
        "Core EGT": 853.1636973055951,
        "Bypass EGT": 59.94203332083487,
        "FAR": 0.02706228410374496,
        "Specific Thrust": 0.5372336239717869
    },
    "Pressure Ratios": {
        "Fan": 1.6,
        "LPC": 2.0,
        "HPC": 8.33984375,
        "HPT": 2.65766528212179,
        "LPT": 2.958304576022854
    },
    "Mechanical Parameters": {
        "LP Shaft Speed": 5490.0,
        "Fan Power": 8.410943220904233,
        "Fan Efficiency": 0.92,
        "LPC Power": 2.4674749208485753,
        "LPC Efficiency": 0.9,
        "LPT Power": 11.10042667525797,
        "LPT Efficiency": 0.91,
        "HP Shaft Speed": 15183.0,
        "HPC Power": 11.76112087415792,
        "HPC Efficiency": 0.89,
        "HPT Power": 12.154849350712592,
        "HPT Efficiency": 0.9000000000000004,
        "Burner Power": 6.389055811431618,
        "Burner Efficiency": 0.17992719042562694
    }
}