{
    "Stages": [
        "0. Fan Inlet",
        "1. LPC Inlet",
        "2. HPC Inlet",
        "3. Burner Inlet",
        "4. HPT Inlet",
        "5. LPT Inlet",
        "6. Core Nozz Inlet",
        "7. Core Nozz Outlet",
        "8. Byp Nozz Outlet"
    ],
    "Total Temperatures": [
        15.000057655676706,
        59.942033320834994,
        139.95697080771498,
        516.372941710726,
        1369.140625,
        1057.1976390453765,
        767.435173310548,
        767.435173310548,
        59.94203332083493
    ],
    "Static Temperatures": [
        1.2698087753191583,
        44.11029440122737,
        120.50659961430016,
        482.65370839812533,
        1313.08552476301,
        1009.2830738881054,
        727.7084169284836,
        622.7675195569307,
        4.4391862677623966
    ],
    "Total Pressures": [
        99.29823547694355,
        158.87717676310967,
        317.75435352621935,
        2780.3505933544193,
        2557.9225458860683,
        889.2450939118178,
        276.60347490507235,
        276.60347490507235,
        158.87717676310967
    ],
    "Static Pressures": [
        84.124656235234,
        133.97926458691475,
        267.52254953831897,
        2353.2218215551925,
        2185.227521710853,
        758.1183448440133,
        235.4299089858754,
        149.61571881470883,
        84.07825298491302
    ],
    "Entropies": [
        6834.413225585567,
        6845.607178771453,
        6865.411001852655,
        6922.08324394714,
        7933.980405798848,
        7967.81215908779,
        8002.059324966652,
        8002.059324966652,
        6845.607178771453
    ],
    "Specifice Volumes": [
        0.9354134467594015,
        0.6780422909737055,
        0.42158869626980144,
        0.09217831849715356,
        0.20832288484122263,
        0.4854295484720711,
        1.21990836640548,
        1.7183290478264754,
        0.9458112098493398
    ],
    "Performance": {
        "Thrust": 99999.99999999999,
        "OPR": 27.439999999999998,
        "T4": 1369.140625,
        "Thermal Efficiency": 0.4346041871427576,
        "SFC": 0.053510331104677934,
        "TSFC": 7.62244731266416,
        "Air Mass Flow Rate": 189.12899194670268,
        "Fuel Mass Flow Rate": 0.7622447312664159,
        "Core EGT": 767.435173310548,
        "Bypass EGT": 59.94203332083493,
        "FAR": 0.02458477049375613,
        "Specific Thrust": 0.5287396658264873
    },
    "Pressure Ratios": {
        "Fan": 1.6,
        "LPC": 2.0,
        "HPC": 8.75,
        "HPT": 2.876510158334059,
        "LPT": 3.21487318341535
    },
    "Mechanical Parameters": {
        "LP Shaft Speed": 5490.0,
        "Fan Power": 8.546061132985193,
        "Fan Efficiency": 0.92,
        "LPC Power": 2.5071137640390044,
        "LPC Efficiency": 0.9,
        "LPT Power": 11.27874989492265,
        "LPT Efficiency": 0.9099999999999999,
        "HP Shaft Speed": 15183.0,
        "HPC Power": 12.286524936496084,
        "HPC Efficiency": 0.89,
        "HPT Power": 12.690975944935206,
        "HPT Efficiency": 0.8999999999999996,
        "Burner Power": 5.989384159050996,
        "Burner Efficiency": 0.18273396717015433
    }
}