{
    "Stages": [
        "0. Fan Inlet",
        "1. LPC Inlet",
        "2. HPC Inlet",
        "3. Burner Inlet",
        "4. HPT Inlet",
        "5. LPT Inlet",
        "6. Core Nozz Inlet",
        "7. Core Nozz Outlet",
        "8. Byp Nozz Outlet"
    ],
    "Total Temperatures": [
        15.000057655676706,
        59.942033320834994,
        139.95697080771498,
        505.44578511108926,
        1317.578125,
        1011.8096392171657,
        718.8227670473599,
        718.8227670473599,
        59.94203332083493
    ],
    "Static Temperatures": [
        1.2698087753191583,
        44.11029440122737,
        120.50659961430016,
        472.09544570593386,
        1262.669774958093,
        965.031314026044,
        680.3936748017537,
        579.1187354726395,
        4.4391862677623966
    ],
    "Total Pressures": [
        99.29823547694355,
        158.87717676310967,
        317.75435352621935,
        2637.609379856313,
        2426.6006294678104,
        838.5511851582364,
        247.5625329207538,
        247.5625329207539,
        158.87717676310967
    ],
    "Static Pressures": [
        84.124656235234,
        133.97926458691475,
        267.52254953831897,
        2236.192001480247,
        2071.5814367751523,
        714.3642156579599,
        210.63248336408094,
        133.77033370584311,
        84.07825298491292
    ],
    "Entropies": [
        6834.413225585567,
        6845.607178771453,
        6865.411001852655,
        6921.182801418505,
        7902.375149469614,
        7936.399430177109,
        7972.438018001604,
        7972.438018001604,
        6845.607178771453
    ],
    "Specifice Volumes": [
        0.9354134467594015,
        0.6780422909737055,
        0.42158869626980144,
        0.09562893438577126,
        0.2127706268988866,
        0.4974303271355539,
        1.2991255452806862,
        1.8283615998081906,
        0.9458112098493409
    ],
    "Performance": {
        "Thrust": 99999.99999999999,
        "OPR": 26.031249999999996,
        "T4": 1317.578125,
        "Thermal Efficiency": 0.4524028589739078,
        "SFC": 0.05140509944219792,
        "TSFC": 7.272377918612633,
        "Air Mass Flow Rate": 191.21482838921364,
        "Fuel Mass Flow Rate": 0.7272377918612632,
        "Core EGT": 718.8227670473599,
        "Bypass EGT": 59.94203332083493,
        "FAR": 0.023199824865695134,
        "Specific Thrust": 0.5229719935550822
    },
    "Pressure Ratios": {
        "Fan": 1.6,
        "LPC": 2.0,
        "HPC": 8.30078125,
        "HPT": 2.8938014427943424,
        "LPT": 3.38722978499601
    },
    "Mechanical Parameters": {
        "LP Shaft Speed": 5490.0,
        "Fan Power": 8.640312604256874,
        "Fan Efficiency": 0.92,
        "LPC Power": 2.5347638308041622,
        "LPC Efficiency": 0.9,
        "LPT Power": 11.403139219450036,
        "LPT Efficiency": 0.91,
        "HP Shaft Speed": 15183.0,
        "HPC Power": 12.047410069756033,
        "HPC Efficiency": 0.89,
        "HPT Power": 12.446981182955561,
        "HPT Efficiency": 0.8999999999999998,
        "Burner Power": 5.682581364863097,
        "Burner Efficiency": 0.18171917971780452
    }
}