{
    "Stages": [
        "0. Fan Inlet",
        "1. LPC Inlet",
        "2. HPC Inlet",
        "3. Burner Inlet",
        "4. HPT Inlet",
        "5. LPT Inlet",
        "6. Core Nozz Inlet",
        "7. Core Nozz Outlet",
        "8. Byp Nozz Outlet"
    ],
    "Total Temperatures": [
        15.000057655676706,
        59.942033320834994,
        139.95697080771498,
        505.9788310390005,
        1421.875,
        1122.7986393181754,
        837.5705956138544,
        837.5705956138544,
        59.94203332083493
    ],
    "Static Temperatures": [
        1.2698087753191583,
        44.11029440122737,
        120.50659961430016,
        472.6107313222528,
        1364.7851710890588,
        1073.3170433895184,
        795.9906146596829,
        685.8997553166031,
        4.4391862677623966
    ],
    "Total Pressures": [
        99.29823547694355,
        158.87717676310967,
        317.75435352621935,
        2643.8155195736217,
        2432.310278007732,
        908.0856809289635,
        302.3855562694704,
        302.3855562694703,
        158.87717676310967
    ],
    "Static Pressures": [
        84.124656235234,
        133.97926458691475,
        267.52254953831886,
        2241.4150398168767,
        2078.178704915044,
        774.884800668298,
        257.3656069275837,
        163.77174653582819,
        84.07825298491309
    ],
    "Entropies": [
        6834.413225585567,
        6845.607178771453,
        6865.411001852655,
        6921.23453909699,
        7997.974312929963,
        8029.198716286807,
        8061.173685500096,
        8061.173685500097,
        6845.607178771453
    ],
    "Specifice Volumes": [
        0.9354134467594015,
        0.6780422909737055,
        0.42158869626980155,
        0.0954739092589057,
        0.22619643808003168,
        0.49865607840843434,
        1.1920929237296014,
        1.6807235734752612,
        0.9458112098493389
    ],
    "Performance": {
        "Thrust": 99999.99999999999,
        "OPR": 26.092499999999994,
        "T4": 1421.875,
        "Thermal Efficiency": 0.41186079368821044,
        "SFC": 0.0564652288100373,
        "TSFC": 8.142307880394053,
        "Air Mass Flow Rate": 186.68692922719381,
        "Fuel Mass Flow Rate": 0.8142307880394054,
        "Core EGT": 837.5705956138544,
        "Bypass EGT": 59.94203332083493,
        "FAR": 0.026605011007470578,
        "Specific Thrust": 0.535656140544806
    },
    "Pressure Ratios": {
        "Fan": 1.6,
        "LPC": 2.0,
        "HPC": 8.3203125,
        "HPT": 2.67850306319058,
        "LPT": 3.003072276771462
    },
    "Mechanical Parameters": {
        "LP Shaft Speed": 5490.0,
        "Fan Power": 8.435713073300148,
        "Fan Efficiency": 0.92,
        "LPC Power": 2.474741524364336,
        "LPC Efficiency": 0.9,
        "LPT Power": 11.13311693639233,
        "LPT Efficiency": 0.91,
        "HP Shaft Speed": 15183.0,
        "HPC Power": 11.77994148929171,
        "HPC Efficiency": 0.89,
        "HPT Power": 12.174054060032788,
        "HPT Efficiency": 0.9000000000000004,
        "Burner Power": 6.303305108289994,
        "Burner Efficiency": 0.18003309754896016
    }
}