{
    "Stages": [
        "0. Fan Inlet",
        "1. LPC Inlet",
        "2. HPC Inlet",
        "3. Burner Inlet",
        "4. HPT Inlet",
        "5. LPT Inlet",
        "6. Core Nozz Inlet",
        "7. Core Nozz Outlet",
        "8. Byp Nozz Outlet"
    ],
    "Total Temperatures": [
        15.000057655676706,
        59.942033320834994,
        139.95697080771498,
        526.05779278988,
        1365.625,
        1044.731798398392,
        754.1251137547364,
        754.1251137547364,
        59.94203332083493
    ],
    "Static Temperatures": [
        1.2698087753191583,
        44.11029440122737,
        120.50659961430016,
        492.01706349390224,
        1309.6236976868283,
        997.1459843178478,
        714.7368019724304,
        610.7891601612914,
        4.4391862677623966
    ],
    "Total Pressures": [
        99.29823547694355,
        158.87717676310967,
        317.75435352621935,
        2904.4733877005983,
        2672.1155166845506,
        897.7360012480855,
        275.67807967410914,
        275.6780796741091,
        158.87717676310967
    ],
    "Static Pressures": [
        84.124656235234,
        133.97926458691475,
        267.52254953831897,
        2460.570341209433,
        2280.575597352459,
        765.6811560180425,
        234.50046551958118,
        148.9565904822516,
        84.07825298491304
    ],
    "Entropies": [
        6834.413225585567,
        6845.607178771453,
        6865.411001852655,
        6922.821405937059,
        7916.852644485824,
        7951.9301370427875,
        7986.7088103980095,
        7986.7088103980095,
        6845.607178771453
    ],
    "Specifice Volumes": [
        0.9354134467594015,
        0.6780422909737055,
        0.42158869626980144,
        0.08922295205582158,
        0.19918283931900085,
        0.47614628382442786,
        1.208932960547862,
        1.7028346772262823,
        0.9458112098493393
    ],
    "Performance": {
        "Thrust": 99999.99999999999,
        "OPR": 28.664999999999996,
        "T4": 1365.625,
        "Thermal Efficiency": 0.43920471304404224,
        "SFC": 0.05294982786570494,
        "TSFC": 7.521845788049665,
        "Air Mass Flow Rate": 189.52774914844917,
        "Fuel Mass Flow Rate": 0.7521845788049665,
        "Core EGT": 754.1251137547364,
        "Bypass EGT": 59.94203332083493,
        "FAR": 0.02420925669895679,
        "Specific Thrust": 0.5276272231865855
    },
    "Pressure Ratios": {
        "Fan": 1.6,
        "LPC": 2.0,
        "HPC": 9.140625,
        "HPT": 2.9765047998182292,
        "LPT": 3.256464940227883
    },
    "Mechanical Parameters": {
        "LP Shaft Speed": 5490.0,
        "Fan Power": 8.5640795414178,
        "Fan Efficiency": 0.92,
        "LPC Power": 2.5123997313500874,
        "LPC Efficiency": 0.9,
        "LPT Power": 11.302529870171314,
        "LPT Efficiency": 0.9099999999999999,
        "HP Shaft Speed": 15183.0,
        "HPC Power": 12.6433683115567,
        "HPC Efficiency": 0.89,
        "HPT Power": 13.055101837854195,
        "HPT Efficiency": 0.8999999999999996,
        "Burner Power": 5.970228439914678,
        "Burner Efficiency": 0.18458570644863123
    }
}