{
    "Stages": [
        "0. Fan Inlet",
        "1. LPC Inlet",
        "2. HPC Inlet",
        "3. Burner Inlet",
        "4. HPT Inlet",
        "5. LPT Inlet",
        "6. Core Nozz Inlet",
        "7. Core Nozz Outlet",
        "8. Byp Nozz Outlet"
    ],
    "Total Temperatures": [
        15.000057655676706,
        56.14857610642269,
        127.6116509783859,
        409.8850009576963,
        1449.9999999999998,
        1233.4804968158414,
        986.0746201227565,
        986.0746201227565,
        56.14857610642263
    ],
    "Static Temperatures": [
        1.2698087753191583,
        40.495743165641265,
        108.71604594472635,
        379.8061783121618,
        1392.6248670839389,
        1181.4358215161906,
        940.6283200547198,
        819.8291967637355,
        1.2700901026231135
    ],
    "Total Pressures": [
        101.3247300785138,
        162.1195681256221,
        324.2391362512442,
        2229.144061727304,
        2229.144061727304,
        1206.1651252234135,
        544.3230565096907,
        544.3230565096903,
        162.1195681256221
    ],
    "Static Pressures": [
        85.87259119120813,
        136.67291661981534,
        273.71139103407654,
        1886.4581411103904,
        1906.1308590898225,
        1029.775718585419,
        463.781907267493,
        295.96181643251015,
        85.87287053975615
    ],
    "Entropies": [
        6828.286288775279,
        6828.286288775277,
        6828.286288775276,
        6828.286288775275,
        8057.381052422825,
        8057.381052422824,
        8057.381052422822,
        8057.381052422822,
        6828.286288775278
    ],
    "Specifice Volumes": [
        0.9163731238903925,
        0.6574602378858432,
        0.3999698948491761,
        0.09933218082306809,
        0.25079545147520166,
        0.40535116931286663,
        0.7509902894214128,
        1.0598276103400317,
        0.9163709927065531
    ],
    "Performance": {
        "Thrust": 99999.99999999999,
        "OPR": 22.000000000000004,
        "T4": 1449.9999999999998,
        "Thermal Efficiency": 0.38060729658329046,
        "SFC": 0.061101860532511286,
        "TSFC": 8.551252905107562,
        "Air Mass Flow Rate": 173.2649720456196,
        "Fuel Mass Flow Rate": 0.8551252905107561,
        "Core EGT": 986.0746201227565,
        "Bypass EGT": 56.14857610642263,
        "FAR": 0.030105705789986226,
        "Specific Thrust": 0.5771507005678598
    },
    "Pressure Ratios": {
        "Fan": 1.6,
        "LPC": 2.0,
        "HPC": 6.875,
        "HPT": 1.8481251157998833,
        "LPT": 2.2158993832772333
    },
    "Mechanical Parameters": {
        "LP Shaft Speed": 5490.0,
        "Fan Power": 7.167892895766631,
        "Fan Efficiency": 1.0,
        "LPC Power": 2.049677033403712,
        "LPC Efficiency": 1.0,
        "LPT Power": 9.217569929170343,
        "LPT Efficiency": 1.0000000000000002,
        "HP Shaft Speed": 15183.0,
        "HPC Power": 8.333505712181463,
        "HPC Efficiency": 1.0,
        "HPT Power": 8.333505712181463,
        "HPT Efficiency": 1.0,
        "Burner Power": 5.921417604646571,
        "Burner Efficiency": 0.16103767211974335
    }
}