{
    "Stages": [
        "0. Fan Inlet",
        "1. LPC Inlet",
        "2. HPC Inlet",
        "3. Burner Inlet",
        "4. HPT Inlet",
        "5. LPT Inlet",
        "6. Core Nozz Inlet",
        "7. Core Nozz Outlet",
        "8. Byp Nozz Outlet"
    ],
    "Total Temperatures": [
        15.000057655676706,
        59.942033320834994,
        139.95697080771498,
        508.8189432336985,
        1362.109375,
        1056.4206756131423,
        766.6022871063933,
        766.6022871063933,
        59.94203332083493
    ],
    "Static Temperatures": [
        1.2698087753191583,
        44.11029440122737,
        120.50659961430016,
        475.3562476365862,
        1306.245941853158,
        1008.5261716472669,
        726.8983377958757,
        622.0191684459883,
        4.4391862677623966
    ],
    "Total Pressures": [
        99.29823547694355,
        158.87717676310967,
        317.75435352621935,
        2681.0523578774755,
        2466.568169247275,
        873.8386571721389,
        271.66170138362634,
        271.6617013836262,
        158.87717676310967
    ],
    "Static Pressures": [
        84.124656235234,
        133.97926458691475,
        267.52254953831897,
        2269.2441690035967,
        2106.898887051289,
        744.8442591044607,
        231.16949460378586,
        146.8805276978629,
        84.07825298491294
    ],
    "Entropies": [
        6834.413225585567,
        6845.607178771453,
        6865.411001852655,
        6921.510201949659,
        7938.90908871608,
        7972.049040805309,
        8006.3296335363475,
        8006.3296335363475,
        6845.607178771453
    ],
    "Specifice Volumes": [
        0.9354134467594015,
        0.6780422909737055,
        0.42158869626980144,
        0.09466155412617831,
        0.21514895483052893,
        0.49379026458191977,
        1.2414046926913413,
        1.7489024472567012,
        0.9458112098493409
    ],
    "Performance": {
        "Thrust": 99999.99999999999,
        "OPR": 26.459999999999997,
        "T4": 1362.109375,
        "Thermal Efficiency": 0.43496441439622446,
        "SFC": 0.05346601511245431,
        "TSFC": 7.619308645671669,
        "Air Mass Flow Rate": 189.26536661861397,
        "Fuel Mass Flow Rate": 0.7619308645671669,
        "Core EGT": 766.6022871063933,
        "Bypass EGT": 59.94203332083493,
        "FAR": 0.02455694011480395,
        "Specific Thrust": 0.5283586838235894
    },
    "Pressure Ratios": {
        "Fan": 1.6,
        "LPC": 2.0,
        "HPC": 8.4375,
        "HPT": 2.822681451550136,
        "LPT": 3.2166428050825973
    },
    "Mechanical Parameters": {
        "LP Shaft Speed": 5490.0,
        "Fan Power": 8.55222341551601,
        "Fan Efficiency": 0.92,
        "LPC Power": 2.508921561000728,
        "LPC Efficiency": 0.9,
        "LPT Power": 11.28688262909871,
        "LPT Efficiency": 0.9100000000000001,
        "HP Shaft Speed": 15183.0,
        "HPC Power": 12.038843611303871,
        "HPC Efficiency": 0.89,
        "HPT Power": 12.438239898820706,
        "HPT Efficiency": 0.9,
        "Burner Power": 5.94571217147692,
        "Burner Efficiency": 0.1814762762752859
    }
}