{
    "Stages": [
        "0. Fan Inlet",
        "1. LPC Inlet",
        "2. HPC Inlet",
        "3. Burner Inlet",
        "4. HPT Inlet",
        "5. LPT Inlet",
        "6. Core Nozz Inlet",
        "7. Core Nozz Outlet",
        "8. Byp Nozz Outlet"
    ],
    "Total Temperatures": [
        15.000057655676706,
        59.94203332083493,
        139.95697080771544,
        525.0741376388089,
        1408.984375,
        1092.1180953374726,
        804.793141584283,
        804.793141584283,
        59.94203332083487
    ],
    "Static Temperatures": [
        1.2698087753191583,
        44.11029440122737,
        120.50659961430054,
        491.0660348672207,
        1352.0735076834103,
        1043.35929208579,
        764.0715296982376,
        656.3685373097403,
        4.4391862677623966
    ],
    "Total Pressures": [
        99.29823547694355,
        158.87717676310967,
        317.75435352621935,
        2892.0611082659807,
        2660.6962196047025,
        927.0740507844704,
        299.6812067998877,
        299.6812067998875,
        158.87717676310967
    ],
    "Static Pressures": [
        84.124656235234,
        133.97926458691455,
        267.52254953831886,
        2449.834715505163,
        2272.211702325332,
        790.9651500310982,
        254.92710060566773,
        162.05096214997556,
        84.07825298491301
    ],
    "Entropies": [
        6834.413225585567,
        6845.607178771453,
        6865.411001852656,
        6922.726836611075,
        7957.917325875975,
        7991.637198844919,
        8024.624075155956,
        8024.624075155956,
        6845.607178771453
    ],
    "Specifice Volumes": [
        0.9354134467594015,
        0.678042290973704,
        0.42158869626980217,
        0.08950400132442958,
        0.20526892917164724,
        0.47763611714090615,
        1.1675136417571468,
        1.646017856699412,
        0.9458112098493399
    ],
    "Performance": {
        "Thrust": 99999.99999999999,
        "OPR": 28.542499999999997,
        "T4": 1408.984375,
        "Thermal Efficiency": 0.4220072354583999,
        "SFC": 0.055107619015648014,
        "TSFC": 7.893793592960741,
        "Air Mass Flow Rate": 187.63255833476146,
        "Fuel Mass Flow Rate": 0.7893793592960741,
        "Core EGT": 804.793141584283,
        "Bypass EGT": 59.94203332083487,
        "FAR": 0.02566299865247836,
        "Specific Thrust": 0.5329565448955116
    },
    "Pressure Ratios": {
        "Fan": 1.6,
        "LPC": 2.0,
        "HPC": 9.1015625,
        "HPT": 2.869993197796096,
        "LPT": 3.0935341614648664
    },
    "Mechanical Parameters": {
        "LP Shaft Speed": 5490.0,
        "Fan Power": 8.478442662662513,
        "Fan Efficiency": 0.92,
        "LPC Power": 2.4872768830465715,
        "LPC Efficiency": 0.9,
        "LPT Power": 11.189509740519473,
        "LPT Efficiency": 0.9099999999999999,
        "HP Shaft Speed": 15183.0,
        "HPC Power": 12.483664274144104,
        "HPC Efficiency": 0.89,
        "HPT Power": 12.892138534371965,
        "HPT Efficiency": 0.9000000000000001,
        "Burner Power": 6.235966831860036,
        "Burner Efficiency": 0.18371709717769227
    }
}