{
    "Stages": [
        "0. Fan Inlet",
        "1. LPC Inlet",
        "2. HPC Inlet",
        "3. Burner Inlet",
        "4. HPT Inlet",
        "5. LPT Inlet",
        "6. Core Nozz Inlet",
        "7. Core Nozz Outlet",
        "8. Byp Nozz Outlet"
    ],
    "Total Temperatures": [
        15.000057655676706,
        59.942033320834994,
        139.95697080771498,
        510.2389991823411,
        1434.765625,
        1132.8459152386288,
        848.2890767466262,
        848.2890767466262,
        59.94203332083493
    ],
    "Static Temperatures": [
        1.2698087753191583,
        44.11029440122737,
        120.50659961430016,
        476.72902512694634,
        1377.3983201016606,
        1083.1109305318723,
        806.4169069069333,
        695.5375771375657,
        4.4391862677623966
    ],
    "Total Pressures": [
        99.29823547694355,
        158.87717676310967,
        317.75435352621935,
        2699.6707770294024,
        2483.6971148670527,
        922.8181667758676,
        310.6265395759733,
        310.6265395759731,
        158.87717676310967
    ],
    "Static Pressures": [
        84.124656235234,
        133.97926458691475,
        267.52254953831897,
        2283.776710305255,
        2122.5976374897723,
        787.4461314757167,
        264.42889982810885,
        168.28641734685147,
        84.07825298491292
    ],
    "Entropies": [
        6834.413225585567,
        6845.607178771453,
        6865.411001852655,
        6921.648033375641,
        8003.200014189647,
        8034.562514686971,
        8066.1544547571175,
        8066.1544547571175,
        6845.607178771453
    ],
    "Specifice Volumes": [
        0.9354134467594015,
        0.6780422909737055,
        0.42158869626980144,
        0.09423831593275926,
        0.22317327609886609,
        0.494258610765418,
        1.171470253570217,
        1.6516711653301732,
        0.9458112098493409
    ],
    "Performance": {
        "Thrust": 99999.99999999999,
        "OPR": 26.643749999999997,
        "T4": 1434.765625,
        "Thermal Efficiency": 0.40856952697362203,
        "SFC": 0.05692008928260039,
        "TSFC": 8.220112876429402,
        "Air Mass Flow Rate": 186.25617721595177,
        "Fuel Mass Flow Rate": 0.8220112876429401,
        "Core EGT": 848.2890767466262,
        "Bypass EGT": 59.94203332083493,
        "FAR": 0.026921356003179533,
        "Specific Thrust": 0.5368949448804405
    },
    "Pressure Ratios": {
        "Fan": 1.6,
        "LPC": 2.0,
        "HPC": 8.49609375,
        "HPT": 2.69142633325541,
        "LPT": 2.970828468280844
    },
    "Mechanical Parameters": {
        "LP Shaft Speed": 5490.0,
        "Fan Power": 8.416248934125397,
        "Fan Efficiency": 0.92,
        "LPC Power": 2.4690314305011127,
        "LPC Efficiency": 0.9,
        "LPT Power": 11.107428943496437,
        "LPT Efficiency": 0.91,
        "HP Shaft Speed": 15183.0,
        "HPC Power": 11.894770870506605,
        "HPC Efficiency": 0.89,
        "HPT Power": 12.291226898007169,
        "HPT Efficiency": 0.9000000000000005,
        "Burner Power": 6.384907071332474,
        "Burner Efficiency": 0.18063767881703202
    }
}