{
    "Stages": [
        "0. Fan Inlet",
        "1. LPC Inlet",
        "2. HPC Inlet",
        "3. Burner Inlet",
        "4. HPT Inlet",
        "5. LPT Inlet",
        "6. Core Nozz Inlet",
        "7. Core Nozz Outlet",
        "8. Byp Nozz Outlet"
    ],
    "Total Temperatures": [
        15.000057655676706,
        59.942033320834994,
        139.95697080771498,
        523.1068270682971,
        1406.6406249999998,
        1091.3493362474667,
        803.9720708594479,
        803.9720708594479,
        59.94203332083493
    ],
    "Static Temperatures": [
        1.2698087753191583,
        44.11029440122737,
        120.50659961430016,
        489.1639954636002,
        1349.779864270013,
        1042.610417285959,
        763.2729743447112,
        655.6307701268139,
        4.4391862677623966
    ],
    "Total Pressures": [
        99.29823547694355,
        158.87717676310967,
        317.75435352621935,
        2867.236549396745,
        2637.8576254450054,
        923.7463404118183,
        298.2589342443214,
        298.2589342443214,
        158.87717676310967
    ],
    "Static Pressures": [
        84.124656235234,
        133.97926458691475,
        267.52254953831897,
        2428.363683554799,
        2254.5443044281615,
        788.1098584128332,
        253.7032897802399,
        161.26573514364713,
        84.07825298491296
    ],
    "Entropies": [
        6834.413225585567,
        6845.607178771453,
        6865.411001852655,
        6922.537697962669,
        7958.373350257302,
        7991.931279573388,
        8024.949184583745,
        8024.949184583745,
        6845.607178771453
    ],
    "Specifice Volumes": [
        0.9354134467594015,
        0.6780422909737055,
        0.42158869626980144,
        0.09007436323029001,
        0.20658701361984724,
        0.4790952118449156,
        1.1722555021379677,
        1.6527536956454056,
        0.9458112098493401
    ],
    "Performance": {
        "Thrust": 99999.99999999999,
        "OPR": 28.297499999999996,
        "T4": 1406.6406249999998,
        "Thermal Efficiency": 0.42229013056456094,
        "SFC": 0.055070702037003816,
        "TSFC": 7.888257216799206,
        "Air Mass Flow Rate": 187.6820200142386,
        "Fuel Mass Flow Rate": 0.7888257216799206,
        "Core EGT": 803.9720708594479,
        "Bypass EGT": 59.94203332083493,
        "FAR": 0.025638241222480783,
        "Specific Thrust": 0.5328160896414768
    },
    "Pressure Ratios": {
        "Fan": 1.6,
        "LPC": 2.0,
        "HPC": 9.0234375,
        "HPT": 2.8556082011312847,
        "LPT": 3.0971288177913334
    },
    "Mechanical Parameters": {
        "LP Shaft Speed": 5490.0,
        "Fan Power": 8.480677658641731,
        "Fan Efficiency": 0.92,
        "LPC Power": 2.4879325522601086,
        "LPC Efficiency": 0.9,
        "LPT Power": 11.192459398879429,
        "LPT Efficiency": 0.9099999999999999,
        "HP Shaft Speed": 15183.0,
        "HPC Power": 12.42038526679137,
        "HPC Efficiency": 0.89,
        "HPT Power": 12.827568118705905,
        "HPT Efficiency": 0.9000000000000001,
        "Burner Power": 6.22033653197435,
        "Burner Efficiency": 0.18338523344245158
    }
}