{
    "Stages": [
        "0. Fan Inlet",
        "1. LPC Inlet",
        "2. HPC Inlet",
        "3. Burner Inlet",
        "4. HPT Inlet",
        "5. LPT Inlet",
        "6. Core Nozz Inlet",
        "7. Core Nozz Outlet",
        "8. Byp Nozz Outlet"
    ],
    "Total Temperatures": [
        15.000057655676706,
        59.94203332083493,
        139.95697080771544,
        499.4091129998023,
        1377.34375,
        1081.0231890596945,
        792.9446090350184,
        792.9446090350184,
        59.94203332083487
    ],
    "Static Temperatures": [
        1.2698087753191583,
        44.11029440122737,
        120.50659961430054,
        466.2600364978134,
        1321.1699855395077,
        1032.5519323835406,
        752.538816286134,
        645.6900529482136,
        4.4391862677623966
    ],
    "Total Pressures": [
        99.29823547694355,
        158.87717676310967,
        317.75435352621935,
        2569.341842965914,
        2363.794495528641,
        873.8445010072763,
        278.7169300199314,
        278.7169300199314,
        158.87717676310967
    ],
    "Static Pressures": [
        84.124656235234,
        133.97926458691455,
        267.52254953831886,
        2177.043231079729,
        2017.9568735087998,
        745.2698760318572,
        237.32209826848677,
        150.8700494336504,
        84.07825298491287
    ],
    "Entropies": [
        6834.413225585567,
        6845.607178771453,
        6865.411001852656,
        6920.596879587425,
        7965.961656961363,
        7997.604381361588,
        8031.0387469994985,
        8031.0387469994985,
        6845.607178771453
    ],
    "Specifice Volumes": [
        0.9354134467594015,
        0.678042290973704,
        0.42158869626980217,
        0.0974433055216286,
        0.22673507733973883,
        0.5028117594472788,
        1.2403926772350817,
        1.7476656776124289,
        0.9458112098493413
    ],
    "Performance": {
        "Thrust": 99999.99999999999,
        "OPR": 25.357499999999995,
        "T4": 1377.34375,
        "Thermal Efficiency": 0.4261120673850394,
        "SFC": 0.054576755115630586,
        "TSFC": 7.81525749357981,
        "Air Mass Flow Rate": 188.37624093222104,
        "Fuel Mass Flow Rate": 0.7815257493579809,
        "Core EGT": 792.9446090350184,
        "Bypass EGT": 59.94203332083487,
        "FAR": 0.02530736916445312,
        "Specific Thrust": 0.5308525082841027
    },
    "Pressure Ratios": {
        "Fan": 1.6,
        "LPC": 2.0,
        "HPC": 8.0859375,
        "HPT": 2.70505163424832,
        "LPT": 3.1352401195893855
    },
    "Mechanical Parameters": {
        "LP Shaft Speed": 5490.0,
        "Fan Power": 8.512047013196025,
        "Fan Efficiency": 0.92,
        "LPC Power": 2.497135217598963,
        "LPC Efficiency": 0.9,
        "LPT Power": 11.233859419178556,
        "LPT Efficiency": 0.9100000000000003,
        "HP Shaft Speed": 15183.0,
        "HPC Power": 11.665047405392981,
        "HPC Efficiency": 0.89,
        "HPT Power": 12.056815198911636,
        "HPT Efficiency": 0.9000000000000002,
        "Burner Power": 6.031632928219803,
        "Burner Efficiency": 0.1794829323661383
    }
}