{
    "Stages": [
        "0. Fan Inlet",
        "1. LPC Inlet",
        "2. HPC Inlet",
        "3. Burner Inlet",
        "4. HPT Inlet",
        "5. LPT Inlet",
        "6. Core Nozz Inlet",
        "7. Core Nozz Outlet",
        "8. Byp Nozz Outlet"
    ],
    "Total Temperatures": [
        15.000057655676706,
        59.942033320834994,
        139.95697080771498,
        504.8969968658203,
        1379.6874999999998,
        1078.6770068641424,
        790.4434349569605,
        790.4434349569605,
        59.94203332083493
    ],
    "Static Temperatures": [
        1.2698087753191583,
        44.11029440122737,
        120.50659961430016,
        471.56494428027054,
        1323.4520354454107,
        1030.267190324306,
        750.0918574541596,
        643.4307911057883,
        4.4391862677623966
    ],
    "Total Pressures": [
        99.29823547694355,
        158.87717676310967,
        317.75435352621935,
        2631.403240139004,
        2420.890980927884,
        880.2468173811969,
        280.0490147501892,
        280.0490147501892,
        158.87717676310967
    ],
    "Static Pressures": [
        84.124656235234,
        133.97926458691475,
        267.52254953831897,
        2230.814734226649,
        2067.3260452640143,
        750.8386445989377,
        238.40323926150216,
        151.55951360850935,
        84.07825298491308
    ],
    "Entropies": [
        6834.413225585567,
        6845.607178771453,
        6865.411001852655,
        6921.129535797607,
        7960.875179018873,
        7993.079086422634,
        8026.607664670024,
        8026.607664670024,
        6845.607178771453
    ],
    "Specifice Volumes": [
        0.9354134467594015,
        0.6780422909737055,
        0.42158869626980144,
        0.09578939660549543,
        0.2216379448463423,
        0.4982285267435479,
        1.2317373612575802,
        1.7353368327836116,
        0.9458112098493389
    ],
    "Performance": {
        "Thrust": 99999.99999999999,
        "OPR": 25.97,
        "T4": 1379.6874999999998,
        "Thermal Efficiency": 0.4268952093031171,
        "SFC": 0.05447663371873441,
        "TSFC": 7.795603947061576,
        "Air Mass Flow Rate": 188.41830289914992,
        "Fuel Mass Flow Rate": 0.7795603947061575,
        "Core EGT": 790.4434349569605,
        "Bypass EGT": 59.94203332083493,
        "FAR": 0.02523809170626499,
        "Specific Thrust": 0.5307340022774993
    },
    "Pressure Ratios": {
        "Fan": 1.6,
        "LPC": 2.0,
        "HPC": 8.28125,
        "HPT": 2.7502411063867562,
        "LPT": 3.1431884099517338
    },
    "Mechanical Parameters": {
        "LP Shaft Speed": 5490.0,
        "Fan Power": 8.513947642692594,
        "Fan Efficiency": 0.92,
        "LPC Power": 2.4976927954464503,
        "LPC Efficiency": 0.9,
        "LPT Power": 11.236367794019435,
        "LPT Efficiency": 0.91,
        "HP Shaft Speed": 15183.0,
        "HPC Power": 11.85271032725082,
        "HPC Efficiency": 0.89,
        "HPT Power": 12.248307976317596,
        "HPT Efficiency": 0.9000000000000004,
        "Burner Power": 6.049116132245807,
        "Burner Efficiency": 0.1804569861551004
    }
}