{
    "Stages": [
        "0. Fan Inlet",
        "1. LPC Inlet",
        "2. HPC Inlet",
        "3. Burner Inlet",
        "4. HPT Inlet",
        "5. LPT Inlet",
        "6. Core Nozz Inlet",
        "7. Core Nozz Outlet",
        "8. Byp Nozz Outlet"
    ],
    "Total Temperatures": [
        15.000057655676706,
        59.942033320834994,
        139.95697080771498,
        502.15305525402243,
        1414.8437499999998,
        1118.6356680706413,
        833.1308366889724,
        833.1308366889724,
        59.94203332083493
    ],
    "Static Temperatures": [
        1.2698087753191583,
        44.11029440122737,
        120.50659961430016,
        468.9124661910169,
        1357.8969620912276,
        1069.2610306829856,
        791.6720912786529,
        681.8863694091475,
        4.4391862677623966
    ],
    "Total Pressures": [
        99.29823547694355,
        158.87717676310967,
        317.75435352621935,
        2600.372541552459,
        2392.342738228265,
        899.8897579820269,
        298.23836423670286,
        298.23836423670286,
        158.87717676310967
    ],
    "Static Pressures": [
        84.124656235234,
        133.97926458691475,
        267.52254953831897,
        2203.9287168900687,
        2043.3205637524227,
        767.8991115750491,
        253.80732655952417,
        161.4042743431483,
        84.07825298491292
    ],
    "Entropies": [
        6834.413225585567,
        6845.607178771453,
        6865.411001852655,
        6920.86320769279,
        7996.673194413146,
        8027.656971193391,
        8059.790524683117,
        8059.790524683117,
        6845.607178771453
    ],
    "Specifice Volumes": [
        0.9354134467594015,
        0.6780422909737055,
        0.42158869626980144,
        0.09660499132182039,
        0.22908035977196073,
        0.5016971405723551,
        1.204029219344326,
        1.698059419954795,
        0.9458112098493406
    ],
    "Performance": {
        "Thrust": 99999.99999999999,
        "OPR": 25.663749999999997,
        "T4": 1414.8437499999998,
        "Thermal Efficiency": 0.4132603221630387,
        "SFC": 0.05627400625292436,
        "TSFC": 8.110746369148279,
        "Air Mass Flow Rate": 186.8908100014484,
        "Fuel Mass Flow Rate": 0.8110746369148276,
        "Core EGT": 833.1308366889724,
        "Bypass EGT": 59.94203332083493,
        "FAR": 0.026472972561583444,
        "Specific Thrust": 0.5350717887049931
    },
    "Pressure Ratios": {
        "Fan": 1.6,
        "LPC": 2.0,
        "HPC": 8.18359375,
        "HPT": 2.6584842387727736,
        "LPT": 3.0173507700297444
    },
    "Mechanical Parameters": {
        "LP Shaft Speed": 5490.0,
        "Fan Power": 8.444925714591607,
        "Fan Efficiency": 0.92,
        "LPC Power": 2.477444189302669,
        "LPC Efficiency": 0.9,
        "LPT Power": 11.14527541213701,
        "LPT Efficiency": 0.9099999999999998,
        "HP Shaft Speed": 15183.0,
        "HPC Power": 11.66484229569377,
        "HPC Efficiency": 0.89,
        "HPT Power": 12.056605903300197,
        "HPT Efficiency": 0.9000000000000004,
        "Burner Power": 6.257639837500914,
        "Burner Efficiency": 0.1794243109393895
    }
}