{
    "Stages": [
        "0. Fan Inlet",
        "1. LPC Inlet",
        "2. HPC Inlet",
        "3. Burner Inlet",
        "4. HPT Inlet",
        "5. LPT Inlet",
        "6. Core Nozz Inlet",
        "7. Core Nozz Outlet",
        "8. Byp Nozz Outlet"
    ],
    "Total Temperatures": [
        15.000057655676706,
        59.942033320834994,
        139.95697080771538,
        515.4331889295019,
        1311.71875,
        996.5496189225876,
        702.4058547950065,
        702.4058547950065,
        59.942033320834994
    ],
    "Static Temperatures": [
        1.2698087753191583,
        44.1102944012275,
        120.50659961430048,
        481.7451824878507,
        1256.8957613214711,
        950.1281260142063,
        664.4396492825192,
        564.4109084500564,
        4.43918626776246
    ],
    "Total Pressures": [
        99.29823547694352,
        158.87717676310965,
        317.7543535262193,
        2767.9383139198007,
        2546.5032488062193,
        847.2208043724688,
        245.4752307971296,
        245.47523079712948,
        158.87717676310965
    ],
    "Static Pressures": [
        84.124656235234,
        133.97926458691427,
        267.5225495383182,
        2342.4881996873296,
        2174.5501738393764,
        721.399973572821,
        208.84682353083758,
        132.54650613043435,
        84.07825298491277
    ],
    "Entropies": [
        6834.413225585567,
        6845.607178771453,
        6865.411001852656,
        6922.048734147309,
        7881.799166351382,
        7917.210557449602,
        7953.832797945816,
        7953.832797945816,
        6845.607178771453
    ],
    "Specifice Volumes": [
        0.9354134467594013,
        0.6780422909737036,
        0.4215886962698031,
        0.09249345328178743,
        0.20192610570653508,
        0.48661526808667127,
        1.288121521532478,
        1.812907705169934,
        0.9458112098493426
    ],
    "Performance": {
        "Thrust": 99999.99999999999,
        "OPR": 27.317500000000003,
        "T4": 1311.71875,
        "Thermal Efficiency": 0.4586323977029808,
        "SFC": 0.05070687127634905,
        "TSFC": 7.150115765449777,
        "Air Mass Flow Rate": 191.75212635834745,
        "Fuel Mass Flow Rate": 0.7150115765449776,
        "Core EGT": 702.4058547950065,
        "Bypass EGT": 59.942033320834994,
        "FAR": 0.022745878753769027,
        "Specific Thrust": 0.5215066028165937
    },
    "Pressure Ratios": {
        "Fan": 1.6,
        "LPC": 2.0,
        "HPC": 8.7109375,
        "HPT": 3.0057137828282086,
        "LPT": 3.451349456406325
    },
    "Mechanical Parameters": {
        "LP Shaft Speed": 5490.0,
        "Fan Power": 8.664591173309578,
        "Fan Efficiency": 0.92,
        "LPC Power": 2.5418863090659163,
        "LPC Efficiency": 0.9,
        "LPT Power": 11.435181104464792,
        "LPT Efficiency": 0.9100000000000001,
        "HP Shaft Speed": 15183.0,
        "HPC Power": 12.424444606390795,
        "HPC Efficiency": 0.89,
        "HPT Power": 12.831710301970624,
        "HPT Efficiency": 0.8999999999999996,
        "Burner Power": 5.646574115787207,
        "Burner Efficiency": 0.18365531610811622
    }
}