{
    "Stages": [
        "0. Fan Inlet",
        "1. LPC Inlet",
        "2. HPC Inlet",
        "3. Burner Inlet",
        "4. HPT Inlet",
        "5. LPT Inlet",
        "6. Core Nozz Inlet",
        "7. Core Nozz Outlet",
        "8. Byp Nozz Outlet"
    ],
    "Total Temperatures": [
        15.000057655676706,
        59.942033320834994,
        139.95697080771498,
        497.7627473389082,
        1344.5312499999998,
        1047.4674170748192,
        757.0353668537049,
        757.0353668537049,
        59.94203332083493
    ],
    "Static Temperatures": [
        1.2698087753191583,
        44.11029440122737,
        120.50659961430016,
        464.6686019106419,
        1289.0549252130506,
        999.8080787052861,
        717.5829656003132,
        613.4130036583811,
        4.4391862677623966
    ],
    "Total Pressures": [
        99.29823547694355,
        158.87717676310967,
        317.75435352621935,
        2550.723423813987,
        2346.665549908869,
        851.1084560335851,
        262.1607254979875,
        262.16072549798736,
        158.87717676310967
    ],
    "Static Pressures": [
        84.124656235234,
        133.97926458691475,
        267.52254953831897,
        2160.912194711283,
        2002.7150238504535,
        725.4095873801392,
        222.92697332156627,
        141.53982737709762,
        84.07825298491292
    ],
    "Entropies": [
        6834.413225585567,
        6845.607178771453,
        6865.411001852655,
        6920.437082723944,
        7937.756664853931,
        7970.091972696799,
        8004.7549549349915,
        8004.7549549349915,
        6845.607178771453
    ],
    "Specifice Volumes": [
        0.9354134467594015,
        0.6780422909737055,
        0.42158869626980144,
        0.09795754005651974,
        0.22385859719889858,
        0.5036114898231928,
        1.2754628056034414,
        1.7975381660959409,
        0.9458112098493406
    ],
    "Performance": {
        "Thrust": 99999.99999999999,
        "OPR": 25.17375,
        "T4": 1344.5312499999998,
        "Thermal Efficiency": 0.4384362725116236,
        "SFC": 0.053042632217141256,
        "TSFC": 7.552502720085742,
        "Air Mass Flow Rate": 189.76534055988117,
        "Fuel Mass Flow Rate": 0.7552502720085741,
        "Core EGT": 757.0353668537049,
        "Bypass EGT": 59.94203332083493,
        "FAR": 0.02427749264254363,
        "Specific Thrust": 0.5269666194309314
    },
    "Pressure Ratios": {
        "Fan": 1.6,
        "LPC": 2.0,
        "HPC": 8.02734375,
        "HPT": 2.7571874457046497,
        "LPT": 3.2465139635880296
    },
    "Mechanical Parameters": {
        "LP Shaft Speed": 5490.0,
        "Fan Power": 8.57481544555323,
        "Fan Efficiency": 0.92,
        "LPC Power": 2.5155492680323666,
        "LPC Efficiency": 0.9,
        "LPT Power": 11.316698687332245,
        "LPT Efficiency": 0.9100000000000001,
        "HP Shaft Speed": 15183.0,
        "HPC Power": 11.695151898666914,
        "HPC Efficiency": 0.89,
        "HPT Power": 12.087534069599316,
        "HPT Efficiency": 0.9000000000000002,
        "Burner Power": 5.838114544534758,
        "Burner Efficiency": 0.17976836383756176
    }
}