{
    "Stages": [
        "0. Fan Inlet",
        "1. LPC Inlet",
        "2. HPC Inlet",
        "3. Burner Inlet",
        "4. HPT Inlet",
        "5. LPT Inlet",
        "6. Core Nozz Inlet",
        "7. Core Nozz Outlet",
        "8. Byp Nozz Outlet"
    ],
    "Total Temperatures": [
        15.000057655676706,
        59.942033320834994,
        139.95697080771498,
        502.7018436277757,
        1396.0937499999998,
        1098.1595926329462,
        811.2340803598848,
        811.2340803598848,
        59.94203332083493
    ],
    "Static Temperatures": [
        1.2698087753191583,
        44.11029440122737,
        120.50659961430016,
        469.44295793707937,
        1339.5462128371464,
        1049.2457746987666,
        770.3344465146178,
        662.1514792547088,
        4.4391862677623966
    ],
    "Total Pressures": [
        99.29823547694355,
        158.87717676310967,
        317.75435352621935,
        2606.578681269768,
        2398.052386768187,
        889.0644262951079,
        288.0761681865268,
        288.0761681865268,
        158.87717676310967
    ],
    "Static Pressures": [
        84.124656235234,
        133.97926458691475,
        267.52254953831886,
        2209.3058778341338,
        2048.4376742537006,
        758.0982501694632,
        245.32428156370065,
        156.09940972044097,
        84.07825298491305
    ],
    "Entropies": [
        6834.413225585567,
        6845.607178771453,
        6865.411001852655,
        6920.916473313798,
        7978.828398170128,
        8010.353319076911,
        8043.097389654967,
        8043.097389654967,
        6845.607178771453
    ],
    "Specifice Volumes": [
        0.9354134467594015,
        0.6780422909737055,
        0.42158869626980155,
        0.0964400804453239,
        0.2259573538191382,
        0.5005725200234087,
        1.2204813018003604,
        1.7192026165716976,
        0.9458112098493391
    ],
    "Performance": {
        "Thrust": 99999.99999999999,
        "OPR": 25.724999999999998,
        "T4": 1396.0937499999998,
        "Thermal Efficiency": 0.4201285297612398,
        "SFC": 0.05535404597898817,
        "TSFC": 7.949281167993737,
        "Air Mass Flow Rate": 187.67717423361202,
        "Fuel Mass Flow Rate": 0.7949281167993736,
        "Core EGT": 811.2340803598848,
        "Bypass EGT": 59.94203332083493,
        "FAR": 0.02583724702952042,
        "Specific Thrust": 0.5328298468279608
    },
    "Pressure Ratios": {
        "Fan": 1.6,
        "LPC": 2.0,
        "HPC": 8.203125,
        "HPT": 2.697276278122278,
        "LPT": 3.086213038349796
    },
    "Mechanical Parameters": {
        "LP Shaft Speed": 5490.0,
        "Fan Power": 8.480458695186972,
        "Fan Efficiency": 0.92,
        "LPC Power": 2.487868316083617,
        "LPC Efficiency": 0.9,
        "LPT Power": 11.192170419663865,
        "LPT Efficiency": 0.9099999999999999,
        "HP Shaft Speed": 15183.0,
        "HPC Power": 11.732356475289304,
        "HPC Efficiency": 0.89,
        "HPT Power": 12.125497923295631,
        "HPT Efficiency": 0.9000000000000002,
        "Burner Power": 6.145807299417683,
        "Burner Efficiency": 0.17979707614911358
    }
}