{
    "Stages": [
        "0. Fan Inlet",
        "1. LPC Inlet",
        "2. HPC Inlet",
        "3. Burner Inlet",
        "4. HPT Inlet",
        "5. LPT Inlet",
        "6. Core Nozz Inlet",
        "7. Core Nozz Outlet",
        "8. Byp Nozz Outlet"
    ],
    "Total Temperatures": [
        15.000057655676706,
        59.942033320834994,
        139.95697080771498,
        499.9579015020404,
        1356.2499999999998,
        1058.042903945556,
        768.331381819869,
        768.331381819869,
        59.94203332083493
    ],
    "Static Temperatures": [
        1.2698087753191583,
        44.11029440122737,
        120.50659961430016,
        466.7905185649268,
        1300.5397242615709,
        1010.105322733777,
        728.5790844799315,
        623.5695146518196,
        4.4391862677623966
    ],
    "Total Pressures": [
        99.29823547694355,
        158.87717676310967,
        317.75435352621935,
        2575.5479826832234,
        2369.5041440685654,
        860.9278039983468,
        268.16376633538823,
        268.1637663353882,
        158.87717676310967
    ],
    "Static Pressures": [
        84.124656235234,
        133.97926458691475,
        267.52254953831897,
        2182.4202857214177,
        2023.1737105082252,
        733.67696153095,
        228.14788162901175,
        144.94384764155964,
        84.07825298491305
    ],
    "Entropies": [
        6834.413225585567,
        6845.607178771453,
        6865.411001852655,
        6920.650145208541,
        7945.722623545268,
        7977.986660810418,
        8012.198306310563,
        8012.198306310563,
        6845.607178771453
    ],
    "Specifice Volumes": [
        0.9354134467594015,
        0.6780422909737055,
        0.42158869626980144,
        0.09727378620672947,
        0.2232414307215467,
        0.5019215282113697,
        1.2599214862834531,
        1.7752651340130723,
        0.9458112098493391
    ],
    "Performance": {
        "Thrust": 99999.99999999999,
        "OPR": 25.41875,
        "T4": 1356.2499999999998,
        "Thermal Efficiency": 0.43444466679772253,
        "SFC": 0.05352997914534483,
        "TSFC": 7.6346757239693,
        "Air Mass Flow Rate": 189.30163994632127,
        "Fuel Mass Flow Rate": 0.7634675723969299,
        "Core EGT": 768.331381819869,
        "Bypass EGT": 59.94203332083493,
        "FAR": 0.024601753016729615,
        "Specific Thrust": 0.5282574415538934
    },
    "Pressure Ratios": {
        "Fan": 1.6,
        "LPC": 2.0,
        "HPC": 8.10546875,
        "HPT": 2.752268114775761,
        "LPT": 3.210455371221173
    },
    "Mechanical Parameters": {
        "LP Shaft Speed": 5490.0,
        "Fan Power": 8.553862477157976,
        "Fan Efficiency": 0.92,
        "LPC Power": 2.5094024040392617,
        "LPC Efficiency": 0.9,
        "LPT Power": 11.289045797140037,
        "LPT Efficiency": 0.9099999999999998,
        "HP Shaft Speed": 15183.0,
        "HPC Power": 11.740944581311117,
        "HPC Efficiency": 0.89,
        "HPT Power": 12.134261296787285,
        "HPT Efficiency": 0.9,
        "Burner Power": 5.907776019882306,
        "Burner Efficiency": 0.17995543617644735
    }
}