{
    "Stages": [
        "0. Fan Inlet",
        "1. LPC Inlet",
        "2. HPC Inlet",
        "3. Burner Inlet",
        "4. HPT Inlet",
        "5. LPT Inlet",
        "6. Core Nozz Inlet",
        "7. Core Nozz Outlet",
        "8. Byp Nozz Outlet"
    ],
    "Total Temperatures": [
        15.000057655676706,
        59.94203332083493,
        139.95697080771544,
        494.47001532330427,
        1413.6718749999998,
        1124.1196085304628,
        838.9744963632744,
        838.9744963632744,
        59.94203332083487
    ],
    "Static Temperatures": [
        1.2698087753191583,
        44.11029440122737,
        120.50659961430054,
        461.4857849977027,
        1356.7711403745197,
        1074.6035158653326,
        797.3556679150423,
        687.1602059889857,
        4.4391862677623966
    ],
    "Total Pressures": [
        99.29823547694355,
        158.87717676310967,
        317.75435352621935,
        2513.4865855101334,
        2312.4076586693227,
        891.7728723098445,
        296.9806949949893,
        296.9806949949891,
        158.87717676310967
    ],
    "Static Pressures": [
        84.124656235234,
        133.97926458691455,
        267.5225495383194,
        2128.650695953298,
        1974.3362503271746,
        760.7875292754132,
        252.6976406809694,
        160.7736778871551,
        84.07825298491305
    ],
    "Entropies": [
        6834.413225585567,
        6845.607178771453,
        6865.411001852656,
        6920.1174889963895,
        8005.720063342748,
        8035.887399359638,
        8067.812428115576,
        8067.812428115576,
        6845.607178771453
    ],
    "Specifice Volumes": [
        0.9354134467594015,
        0.678042290973704,
        0.4215886962698011,
        0.09901217809663687,
        0.2369203428136265,
        0.5083767209091455,
        1.2156382951430316,
        1.714242142836857,
        0.9458112098493389
    ],
    "Performance": {
        "Thrust": 99999.99999999999,
        "OPR": 24.806249999999995,
        "T4": 1413.6718749999998,
        "Thermal Efficiency": 0.4115234351601845,
        "SFC": 0.056511517854228886,
        "TSFC": 8.156046258839432,
        "Air Mass Flow Rate": 186.756024569707,
        "Fuel Mass Flow Rate": 0.8156046258839431,
        "Core EGT": 838.9744963632744,
        "Bypass EGT": 59.94203332083487,
        "FAR": 0.026640041355319468,
        "Specific Thrust": 0.5354579603544454
    },
    "Pressure Ratios": {
        "Fan": 1.6,
        "LPC": 2.0,
        "HPC": 7.91015625,
        "HPT": 2.5930455281508964,
        "LPT": 3.002797445554131
    },
    "Mechanical Parameters": {
        "LP Shaft Speed": 5490.0,
        "Fan Power": 8.438835244126743,
        "Fan Efficiency": 0.92,
        "LPC Power": 2.475657459475423,
        "LPC Efficiency": 0.9,
        "LPT Power": 11.137237452655272,
        "LPT Efficiency": 0.9099999999999998,
        "HP Shaft Speed": 15183.0,
        "HPC Power": 11.3996337386569,
        "HPC Efficiency": 0.89,
        "HPT Power": 11.78598492673196,
        "HPT Efficiency": 0.9,
        "Burner Power": 6.243017992997039,
        "Burner Efficiency": 0.17801084048054294
    }
}