{
    "Stages": [
        "0. Fan Inlet",
        "1. LPC Inlet",
        "2. HPC Inlet",
        "3. Burner Inlet",
        "4. HPT Inlet",
        "5. LPT Inlet",
        "6. Core Nozz Inlet",
        "7. Core Nozz Outlet",
        "8. Byp Nozz Outlet"
    ],
    "Total Temperatures": [
        15.000057655676706,
        59.942033320834994,
        139.95697080771498,
        506.92553514796055,
        1426.5624999999998,
        1126.9817379518433,
        842.0307432565313,
        842.0307432565313,
        59.94203332083493
    ],
    "Static Temperatures": [
        1.2698087753191583,
        44.11029440122737,
        120.50659961430016,
        473.52589766461364,
        1369.3824568425198,
        1077.3926505239222,
        800.3290193327916,
        689.909673649005,
        4.4391862677623966
    ],
    "Total Pressures": [
        99.29823547694355,
        158.87717676310967,
        317.75435352621935,
        2656.22779900824,
        2443.729575087583,
        912.533034219066,
        305.2070814506385,
        305.2070814506385,
        158.87717676310967
    ],
    "Static Pressures": [
        84.124656235234,
        133.97926458691475,
        267.52254953831897,
        2250.6913529245267,
        2088.291800823314,
        778.6369748294696,
        259.78048800234257,
        165.31373024878005,
        84.078252984913
    ],
    "Entropies": [
        6834.413225585567,
        6845.607178771453,
        6865.411001852655,
        6921.3264267146515,
        8000.782734116952,
        8031.990684016088,
        8063.806327011946,
        8063.806327011946,
        6845.607178771453
    ],
    "Specifice Volumes": [
        0.9354134467594015,
        0.6780422909737055,
        0.42158869626980144,
        0.0952005894337301,
        0.2257421713255404,
        0.4977437827428402,
        1.1857368957877217,
        1.671800047857676,
        0.9458112098493399
    ],
    "Performance": {
        "Thrust": 99999.99999999999,
        "OPR": 26.214999999999996,
        "T4": 1426.5624999999998,
        "Thermal Efficiency": 0.4104891432520405,
        "SFC": 0.05665390750470907,
        "TSFC": 8.17506134613314,
        "Air Mass Flow Rate": 186.5183785055731,
        "Fuel Mass Flow Rate": 0.8175061346133139,
        "Core EGT": 842.0307432565313,
        "Bypass EGT": 59.94203332083493,
        "FAR": 0.026736171851248488,
        "Specific Thrust": 0.5361401959486368
    },
    "Pressure Ratios": {
        "Fan": 1.6,
        "LPC": 2.0,
        "HPC": 8.359375,
        "HPT": 2.6779628610145547,
        "LPT": 2.9898815908262306
    },
    "Mechanical Parameters": {
        "LP Shaft Speed": 5490.0,
        "Fan Power": 8.428096870431657,
        "Fan Efficiency": 0.92,
        "LPC Power": 2.472507198311178,
        "LPC Efficiency": 0.9,
        "LPT Power": 11.123065376268201,
        "LPT Efficiency": 0.91,
        "HP Shaft Speed": 15183.0,
        "HPC Power": 11.800908106132795,
        "HPC Efficiency": 0.89,
        "HPT Power": 12.19544856701348,
        "HPT Efficiency": 0.8999999999999998,
        "Burner Power": 6.332495061481222,
        "Burner Efficiency": 0.18014216747235748
    }
}