{
    "Stages": [
        "0. Fan Inlet",
        "1. LPC Inlet",
        "2. HPC Inlet",
        "3. Burner Inlet",
        "4. HPT Inlet",
        "5. LPT Inlet",
        "6. Core Nozz Inlet",
        "7. Core Nozz Outlet",
        "8. Byp Nozz Outlet"
    ],
    "Total Temperatures": [
        15.000057655676706,
        59.942033320834994,
        139.95697080771498,
        513.5524626769696,
        1385.5468749999998,
        1077.2864095024197,
        788.9631146417472,
        788.9631146417472,
        59.94203332083493
    ],
    "Static Temperatures": [
        1.2698087753191583,
        44.11029440122737,
        120.50659961430016,
        479.9281469153627,
        1329.172690511645,
        1028.9132771534962,
        748.6438810081243,
        642.0944848284631,
        4.4391862677623966
    ],
    "Total Pressures": [
        99.29823547694355,
        158.87717676310967,
        317.75435352621935,
        2743.1137550505655,
        2523.6646546465254,
        896.2852181911525,
        284.5908122209086,
        284.5908122209088,
        158.87717676310967
    ],
    "Static Pressures": [
        84.124656235234,
        133.97926458691475,
        267.52254953831897,
        2321.1073689444306,
        2156.294860037405,
        764.7001698855063,
        242.2806579186706,
        154.04524698052938,
        84.07825298491306
    ],
    "Entropies": [
        6834.413225585567,
        6845.607178771453,
        6865.411001852655,
        6921.9696400353505,
        7953.348335787174,
        7986.37946213946,
        8019.963696974483,
        8019.963696974483,
        6845.607178771453
    ],
    "Specifice Volumes": [
        0.9354134467594015,
        0.6780422909737055,
        0.42158869626980144,
        0.09312975190140674,
        0.21325988606099583,
        0.48870169270489106,
        1.2102672792431417,
        1.704796942090171,
        0.9458112098493391
    ],
    "Performance": {
        "Thrust": 99999.99999999999,
        "OPR": 27.072499999999994,
        "T4": 1385.5468749999998,
        "Thermal Efficiency": 0.4273124332963532,
        "SFC": 0.05442344322651573,
        "TSFC": 7.781493994270936,
        "Air Mass Flow Rate": 188.3618794006008,
        "Fuel Mass Flow Rate": 0.7781493994270936,
        "Core EGT": 788.9631146417472,
        "Bypass EGT": 59.94203332083493,
        "FAR": 0.02519995739907727,
        "Specific Thrust": 0.5308929827957589
    },
    "Pressure Ratios": {
        "Fan": 1.6,
        "LPC": 2.0,
        "HPC": 8.6328125,
        "HPT": 2.8156937138154365,
        "LPT": 3.1493821293690485
    },
    "Mechanical Parameters": {
        "LP Shaft Speed": 5490.0,
        "Fan Power": 8.511398067067121,
        "Fan Efficiency": 0.92,
        "LPC Power": 2.496944839628722,
        "LPC Efficiency": 0.9,
        "LPT Power": 11.233002966016166,
        "LPT Efficiency": 0.91,
        "HP Shaft Speed": 15183.0,
        "HPC Power": 12.140946907225786,
        "HPC Efficiency": 0.89,
        "HPT Power": 12.542426935475724,
        "HPT Efficiency": 0.9000000000000004,
        "Burner Power": 6.087886570749845,
        "Burner Efficiency": 0.18194289883605252
    }
}