{
    "Stages": [
        "0. Fan Inlet",
        "1. LPC Inlet",
        "2. HPC Inlet",
        "3. Burner Inlet",
        "4. HPT Inlet",
        "5. LPT Inlet",
        "6. Core Nozz Inlet",
        "7. Core Nozz Outlet",
        "8. Byp Nozz Outlet"
    ],
    "Total Temperatures": [
        15.000057655676706,
        59.942033320834994,
        139.95697080771498,
        512.1324069596488,
        1385.546875,
        1078.54334442774,
        790.3036753682958,
        790.3036753682958,
        59.94203332083493
    ],
    "Static Temperatures": [
        1.2698087753191583,
        44.11029440122737,
        120.50659961430016,
        478.55941487717644,
        1329.1771735989769,
        1030.1373538945886,
        749.955419649203,
        643.3055028452405,
        4.4391862677623966
    ],
    "Total Pressures": [
        99.29823547694355,
        158.87717676310967,
        317.75435352621935,
        2724.4953358986386,
        2506.53570902675,
        894.1944062525267,
        284.2876977132791,
        284.28769771327876,
        158.87717676310967
    ],
    "Static Pressures": [
        84.124656235234,
        133.97926458691475,
        267.52254953831897,
        2305.2867128691187,
        2141.5261172758715,
        762.8718460702122,
        242.0555542758411,
        153.90308788702453,
        84.07825298491292
    ],
    "Entropies": [
        6834.413225585567,
        6845.607178771453,
        6865.411001852655,
        6921.831808609917,
        7955.496305469917,
        7988.3658524997945,
        8021.899574316049,
        8021.899574316049,
        6845.607178771453
    ],
    "Specifice Volumes": [
        0.9354134467594015,
        0.6780422909737055,
        0.42158869626980144,
        0.09359667100224191,
        0.21473118935415555,
        0.4903219878304739,
        1.2129859802827458,
        1.7086733092107802,
        0.9458112098493406
    ],
    "Performance": {
        "Thrust": 99999.99999999999,
        "OPR": 26.888749999999998,
        "T4": 1385.546875,
        "Thermal Efficiency": 0.4268776838098671,
        "SFC": 0.05447887026075272,
        "TSFC": 7.791883700252103,
        "Air Mass Flow Rate": 188.32998299060694,
        "Fuel Mass Flow Rate": 0.7791883700252101,
        "Core EGT": 790.3036753682958,
        "Bypass EGT": 59.94203332083493,
        "FAR": 0.02523787758952244,
        "Specific Thrust": 0.5309828972107301
    },
    "Pressure Ratios": {
        "Fan": 1.6,
        "LPC": 2.0,
        "HPC": 8.57421875,
        "HPT": 2.8031216606815663,
        "LPT": 3.145385514199684
    },
    "Mechanical Parameters": {
        "LP Shaft Speed": 5490.0,
        "Fan Power": 8.509956782645709,
        "Fan Efficiency": 0.92,
        "LPC Power": 2.496522017470702,
        "LPC Efficiency": 0.9,
        "LPT Power": 11.231100816445316,
        "LPT Efficiency": 0.9100000000000001,
        "HP Shaft Speed": 15183.0,
        "HPC Power": 12.091027348597175,
        "HPC Efficiency": 0.89,
        "HPT Power": 12.491488610344485,
        "HPT Efficiency": 0.9,
        "Burner Power": 6.087377532468942,
        "Burner Efficiency": 0.1816851031223201
    }
}