{
    "Stages": [
        "0. Fan Inlet",
        "1. LPC Inlet",
        "2. HPC Inlet",
        "3. Burner Inlet",
        "4. HPT Inlet",
        "5. LPT Inlet",
        "6. Core Nozz Inlet",
        "7. Core Nozz Outlet",
        "8. Byp Nozz Outlet"
    ],
    "Total Temperatures": [
        15.000057655676706,
        59.942033320834994,
        139.95697080771498,
        512.1324069596488,
        1410.1562499999998,
        1104.8587103767356,
        818.4214821051658,
        818.4214821051658,
        59.94203332083493
    ],
    "Static Temperatures": [
        1.2698087753191583,
        44.11029440122737,
        120.50659961430016,
        478.55941487717644,
        1353.2650534041359,
        1055.8038932320856,
        777.3250983656577,
        668.6109526571113,
        4.4391862677623966
    ],
    "Total Pressures": [
        99.29823547694355,
        158.87717676310967,
        317.75435352621935,
        2724.4953358986386,
        2506.53570902675,
        910.1558088611397,
        297.8035102974643,
        297.8035102974641,
        158.87717676310967
    ],
    "Static Pressures": [
        84.124656235234,
        133.97926458691475,
        267.52254953831897,
        2305.2867128691173,
        2141.5130584337817,
        776.5666146178041,
        253.25877887421072,
        160.9795901147046,
        84.07825298491295
    ],
    "Entropies": [
        6834.413225585567,
        6845.607178771453,
        6865.411001852655,
        6921.831808609917,
        7978.058544616111,
        8010.263159871864,
        8042.768815549363,
        8042.768815549363,
        6845.607178771453
    ],
    "Specifice Volumes": [
        0.9354134467594015,
        0.6780422909737055,
        0.42158869626980144,
        0.09359667100224195,
        0.21795568734004425,
        0.4911148074692769,
        1.1902017885488605,
        1.6785252033484572,
        0.9458112098493406
    ],
    "Performance": {
        "Thrust": 99999.99999999999,
        "OPR": 26.888749999999998,
        "T4": 1410.1562499999998,
        "Thermal Efficiency": 0.41776960440524497,
        "SFC": 0.05566660117984496,
        "TSFC": 7.998868838246903,
        "Air Mass Flow Rate": 187.30552204286002,
        "Fuel Mass Flow Rate": 0.7998868838246901,
        "Core EGT": 818.4214821051658,
        "Bypass EGT": 59.94203332083493,
        "FAR": 0.026050006097599752,
        "Specific Thrust": 0.5338870894426571
    },
    "Pressure Ratios": {
        "Fan": 1.6,
        "LPC": 2.0,
        "HPC": 8.57421875,
        "HPT": 2.7539633155372916,
        "LPT": 3.0562292833688245
    },
    "Mechanical Parameters": {
        "LP Shaft Speed": 5490.0,
        "Fan Power": 8.463665065031796,
        "Fan Efficiency": 0.92,
        "LPC Power": 2.4829416556426196,
        "LPC Efficiency": 0.9,
        "LPT Power": 11.170006857831035,
        "LPT Efficiency": 0.9100000000000001,
        "HP Shaft Speed": 15183.0,
        "HPC Power": 12.025255636944681,
        "HPC Efficiency": 0.89,
        "HPT Power": 12.424374618862347,
        "HPT Efficiency": 0.9000000000000005,
        "Burner Power": 6.236400971997028,
        "Burner Efficiency": 0.1813163631970536
    }
}