{
    "Stages": [
        "0. Fan Inlet",
        "1. LPC Inlet",
        "2. HPC Inlet",
        "3. Burner Inlet",
        "4. HPT Inlet",
        "5. LPT Inlet",
        "6. Core Nozz Inlet",
        "7. Core Nozz Outlet",
        "8. Byp Nozz Outlet"
    ],
    "Total Temperatures": [
        15.000057655676706,
        59.94203332083493,
        139.95697080771544,
        487.33575944926093,
        1435.9375,
        1154.0451661540942,
        870.9146974211475,
        870.9146974211475,
        59.94203332083487
    ],
    "Static Temperatures": [
        1.2698087753191583,
        44.11029440122737,
        120.50659961430054,
        454.58992071027745,
        1378.6163520935922,
        1103.8377841151885,
        828.4715759115895,
        715.9601467788473,
        4.4391862677623966
    ],
    "Total Pressures": [
        99.29823547694355,
        158.87717676310967,
        317.75435352621935,
        2432.806769185117,
        2238.1822276503076,
        895.0078116833336,
        306.8560108655692,
        306.85601086556926,
        158.87717676310967
    ],
    "Static Pressures": [
        84.124656235234,
        133.97926458691455,
        267.5225495383194,
        2058.7534071410996,
        1913.5482304466846,
        763.8902393350842,
        261.3232104306281,
        166.3780028064308,
        84.07825298491302
    ],
    "Entropies": [
        6834.413225585567,
        6845.607178771453,
        6865.411001852656,
        6919.425035917314,
        8036.014623147618,
        8064.899837095066,
        8095.9027022474975,
        8095.9027022474975,
        6845.607178771453
    ],
    "Specifice Volumes": [
        0.9354134467594015,
        0.678042290973704,
        0.4215886962698011,
        0.10142358902100695,
        0.24773412543949688,
        0.5173187508791595,
        1.2097527154694014,
        1.706062142190591,
        0.9458112098493398
    ],
    "Performance": {
        "Thrust": 99999.99999999999,
        "OPR": 24.009999999999998,
        "T4": 1435.9375,
        "Thermal Efficiency": 0.4020740178384053,
        "SFC": 0.05783963380303511,
        "TSFC": 8.395658490882033,
        "Air Mass Flow Rate": 185.72084068540946,
        "Fuel Mass Flow Rate": 0.8395658490882033,
        "Core EGT": 870.9146974211475,
        "Bypass EGT": 59.94203332083487,
        "FAR": 0.02757553573706379,
        "Specific Thrust": 0.5384425335947565
    },
    "Pressure Ratios": {
        "Fan": 1.6,
        "LPC": 2.0,
        "HPC": 7.65625,
        "HPT": 2.500740438723911,
        "LPT": 2.9167028834101223
    },
    "Mechanical Parameters": {
        "LP Shaft Speed": 5490.0,
        "Fan Power": 8.392058995451022,
        "Fan Efficiency": 0.92,
        "LPC Power": 2.461934953275184,
        "LPC Efficiency": 0.9,
        "LPT Power": 11.075504029312453,
        "LPT Efficiency": 0.9100000000000001,
        "HP Shaft Speed": 15183.0,
        "HPC Power": 11.099314276697429,
        "HPC Efficiency": 0.89,
        "HPT Power": 11.479536496161069,
        "HPT Efficiency": 0.9000000000000001,
        "Burner Power": 6.367162507321616,
        "Burner Efficiency": 0.17636918753033
    }
}