{
    "Stages": [
        "0. Fan Inlet",
        "1. LPC Inlet",
        "2. HPC Inlet",
        "3. Burner Inlet",
        "4. HPT Inlet",
        "5. LPT Inlet",
        "6. Core Nozz Inlet",
        "7. Core Nozz Outlet",
        "8. Byp Nozz Outlet"
    ],
    "Total Temperatures": [
        15.000057655676706,
        59.94203332083493,
        139.95697080771544,
        521.6313439055916,
        1430.078125,
        1117.782246880955,
        832.2284741085565,
        832.2284741085565,
        59.94203332083487
    ],
    "Static Temperatures": [
        1.2698087753191583,
        44.11029440122737,
        120.50659961430054,
        487.7374815288389,
        1372.7828356128643,
        1068.4304440841315,
        790.7952637665355,
        681.0730365600729,
        4.4391862677623966
    ],
    "Total Pressures": [
        99.29823547694355,
        158.87717676310967,
        317.75435352621935,
        2848.618130244818,
        2620.7286798252353,
        937.2223519399478,
        311.2500070805987,
        311.25000708059855,
        158.87717676310967
    ],
    "Static Pressures": [
        84.124656235234,
        133.97926458691455,
        267.5225495383194,
        2412.2606016108552,
        2241.0432485572883,
        800.1176812504959,
        265.0344495046886,
        168.58963814543344,
        84.07825298491282
    ],
    "Entropies": [
        6834.413225585567,
        6845.607178771453,
        6865.411001852656,
        6922.395843979485,
        7981.798536241531,
        8014.543683882457,
        8046.70911450228,
        8046.70911450228,
        6845.607178771453
    ],
    "Specifice Volumes": [
        0.9354134467594015,
        0.678042290973704,
        0.4215886962698011,
        0.09050950584395731,
        0.21079711057865505,
        0.4812022653175881,
        1.152100958797247,
        1.6242636115617595,
        0.9458112098493419
    ],
    "Performance": {
        "Thrust": 99999.99999999999,
        "OPR": 28.11375,
        "T4": 1430.078125,
        "Thermal Efficiency": 0.413379092146763,
        "SFC": 0.056257837890920245,
        "TSFC": 8.096323991281405,
        "Air Mass Flow Rate": 186.67164304591307,
        "Fuel Mass Flow Rate": 0.8096323991281403,
        "Core EGT": 832.2284741085565,
        "Bypass EGT": 59.94203332083487,
        "FAR": 0.02645692486601694,
        "Specific Thrust": 0.5357000043943705
    },
    "Pressure Ratios": {
        "Fan": 1.6,
        "LPC": 2.0,
        "HPC": 8.96484375,
        "HPT": 2.7962720632949183,
        "LPT": 3.0111560823105523
    },
    "Mechanical Parameters": {
        "LP Shaft Speed": 5490.0,
        "Fan Power": 8.435022345567857,
        "Fan Efficiency": 0.92,
        "LPC Power": 2.474538889141194,
        "LPC Efficiency": 0.9,
        "LPT Power": 11.132205341539846,
        "LPT Efficiency": 0.9099999999999999,
        "HP Shaft Speed": 15183.0,
        "HPC Power": 12.303862149611291,
        "HPC Efficiency": 0.89,
        "HPT Power": 12.70866697872624,
        "HPT Efficiency": 0.8999999999999999,
        "Burner Power": 6.364327334672499,
        "Burner Efficiency": 0.18280841106856324
    }
}