{
    "Stages": [
        "0. Fan Inlet",
        "1. LPC Inlet",
        "2. HPC Inlet",
        "3. Burner Inlet",
        "4. HPT Inlet",
        "5. LPT Inlet",
        "6. Core Nozz Inlet",
        "7. Core Nozz Outlet",
        "8. Byp Nozz Outlet"
    ],
    "Total Temperatures": [
        15.000057655676706,
        59.942033320834994,
        139.95697080771498,
        487.8845485168301,
        1338.671875,
        1049.9988247642914,
        759.7350098270333,
        759.7350098270333,
        59.94203332083493
    ],
    "Static Temperatures": [
        1.2698087753191583,
        44.11029440122737,
        120.50659961430016,
        455.120360197748,
        1283.339563066541,
        1002.2722988515221,
        720.2210655599968,
        615.8493873009729,
        4.4391862677623966
    ],
    "Total Pressures": [
        99.29823547694355,
        158.87717676310967,
        317.75435352621935,
        2439.012908902426,
        2243.891876190232,
        837.1093058579875,
        258.5860967880794,
        258.5860967880793,
        158.87717676310967
    ],
    "Static Pressures": [
        84.124656235234,
        133.97926458691475,
        267.52254953831897,
        2064.1299941370967,
        1916.7107797378465,
        713.2858886247828,
        219.90887109242385,
        139.62213164374324,
        84.07825298491291
    ],
    "Entropies": [
        6834.413225585567,
        6845.607178771453,
        6865.411001852655,
        6919.478301538912,
        7946.000321463068,
        7977.340051062947,
        8011.89539577539,
        8011.89539577539,
        6845.607178771453
    ],
    "Specifice Volumes": [
        0.9354134467594015,
        0.6780422909737055,
        0.42158869626980144,
        0.10123167738155826,
        0.23304774732695854,
        0.5131463486984704,
        1.2964872500199258,
        1.827410285513854,
        0.9458112098493411
    ],
    "Performance": {
        "Thrust": 99999.99999999999,
        "OPR": 24.071249999999996,
        "T4": 1338.671875,
        "Thermal Efficiency": 0.4375720556564875,
        "SFC": 0.05314739287589508,
        "TSFC": 7.575355811175308,
        "Air Mass Flow Rate": 189.77681775078798,
        "Fuel Mass Flow Rate": 0.7575355811175307,
        "Core EGT": 759.7350098270333,
        "Bypass EGT": 59.94203332083493,
        "FAR": 0.024349481140974343,
        "Specific Thrust": 0.5269347499088032
    },
    "Pressure Ratios": {
        "Fan": 1.6,
        "LPC": 2.0,
        "HPC": 7.67578125,
        "HPT": 2.680524347881159,
        "LPT": 3.237255661676307
    },
    "Mechanical Parameters": {
        "LP Shaft Speed": 5490.0,
        "Fan Power": 8.575334058665451,
        "Fan Efficiency": 0.92,
        "LPC Power": 2.515701410879419,
        "LPC Efficiency": 0.9,
        "LPT Power": 11.317383132188644,
        "LPT Efficiency": 0.9100000000000003,
        "HP Shaft Speed": 15183.0,
        "HPC Power": 11.36035262981035,
        "HPC Efficiency": 0.89,
        "HPT Power": 11.745902162602828,
        "HPT Efficiency": 0.9000000000000002,
        "Burner Power": 5.7994857495988015,
        "Burner Efficiency": 0.17804016732733718
    }
}