{
    "Stages": [
        "0. Fan Inlet",
        "1. LPC Inlet",
        "2. HPC Inlet",
        "3. Burner Inlet",
        "4. HPT Inlet",
        "5. LPT Inlet",
        "6. Core Nozz Inlet",
        "7. Core Nozz Outlet",
        "8. Byp Nozz Outlet"
    ],
    "Total Temperatures": [
        15.000057655676706,
        59.942033320834994,
        139.95697080771498,
        478.68124256317094,
        1427.7343749999998,
        1152.8502917778485,
        869.6385871053511,
        869.6385871053511,
        59.94203332083493
    ],
    "Static Temperatures": [
        1.2698087753191583,
        44.11029440122737,
        120.50659961430016,
        446.23009159399163,
        1370.6231017057755,
        1102.6729688697221,
        827.2296828705153,
        714.8038293141148,
        4.4391862677623966
    ],
    "Total Pressures": [
        99.29823547694355,
        158.87717676310967,
        317.75435352621935,
        2333.508533708173,
        2146.827851011522,
        875.8429731386049,
        299.7091026965572,
        299.70910269655735,
        158.87717676310967
    ],
    "Static Pressures": [
        84.124656235234,
        133.97926458691475,
        267.52254953831897,
        1973.0733837783969,
        1835.0417285120975,
        747.3840692342615,
        255.16469813912204,
        162.4017860459667,
        84.07825298491295
    ],
    "Entropies": [
        6834.413225585567,
        6845.607178771453,
        6865.411001852655,
        6918.713451166559,
        8041.829035467303,
        8069.990903491704,
        8101.03709654693,
        8101.03709654693,
        6845.607178771453
    ],
    "Specifice Volumes": [
        0.9354134467594015,
        0.6780422909737055,
        0.42158869626980144,
        0.10465035989196902,
        0.2570935027674541,
        0.5283040490740688,
        1.2375842859566903,
        1.7457359545248967,
        0.9458112098493403
    ],
    "Performance": {
        "Thrust": 99999.99999999999,
        "OPR": 23.029999999999998,
        "T4": 1427.7343749999998,
        "Thermal Efficiency": 0.40251029601920046,
        "SFC": 0.05777694181611451,
        "TSFC": 8.3905073244057,
        "Air Mass Flow Rate": 185.89208727198346,
        "Fuel Mass Flow Rate": 0.8390507324405698,
        "Core EGT": 869.6385871053511,
        "Bypass EGT": 59.94203332083493,
        "FAR": 0.027533229321369083,
        "Specific Thrust": 0.5379465122347431
    },
    "Pressure Ratios": {
        "Fan": 1.6,
        "LPC": 2.0,
        "HPC": 7.34375,
        "HPT": 2.4511561054355564,
        "LPT": 2.9223102176691595
    },
    "Mechanical Parameters": {
        "LP Shaft Speed": 5490.0,
        "Fan Power": 8.399797014792293,
        "Fan Efficiency": 0.92,
        "LPC Power": 2.4642050159970457,
        "LPC Efficiency": 0.9,
        "LPT Power": 11.085716357948305,
        "LPT Efficiency": 0.9099999999999998,
        "HP Shaft Speed": 15183.0,
        "HPC Power": 10.821794700888859,
        "HPC Efficiency": 0.89,
        "HPT Power": 11.196353255540076,
        "HPT Efficiency": 0.9,
        "Burner Power": 6.308564518785264,
        "Burner Efficiency": 0.174853315884376
    }
}