{
    "Stages": [
        "0. Fan Inlet",
        "1. LPC Inlet",
        "2. HPC Inlet",
        "3. Burner Inlet",
        "4. HPT Inlet",
        "5. LPT Inlet",
        "6. Core Nozz Inlet",
        "7. Core Nozz Outlet",
        "8. Byp Nozz Outlet"
    ],
    "Total Temperatures": [
        15.000057655676706,
        59.942033320834994,
        139.95697080771498,
        488.98212657487846,
        1342.1874999999998,
        1052.778392173347,
        762.7041496266154,
        762.7041496266154,
        59.94203332083493
    ],
    "Static Temperatures": [
        1.2698087753191583,
        44.11029440122737,
        120.50659961430016,
        456.1812449782108,
        1286.7835359145463,
        1004.9787319523749,
        723.1076771303611,
        618.5190872804209,
        4.4391862677623966
    ],
    "Total Pressures": [
        99.29823547694355,
        158.87717676310967,
        317.75435352621935,
        2451.425188337044,
        2255.3111732700827,
        841.051810457437,
        260.5810604445039,
        260.58106044450386,
        158.87717676310967
    ],
    "Static Pressures": [
        84.124656235234,
        133.97926458691475,
        267.52254953831897,
        2074.8832318902278,
        1926.7545510327952,
        716.6332627663849,
        221.62187719373506,
        140.7482299360562,
        84.07825298491302
    ],
    "Entropies": [
        6834.413225585567,
        6845.607178771453,
        6865.411001852655,
        6919.584832782045,
        7947.597555037198,
        7978.967627481041,
        8013.404345398893,
        8013.404345398893,
        6845.607178771453
    ],
    "Specifice Volumes": [
        0.9354134467594015,
        0.6780422909737055,
        0.42158869626980144,
        0.10085114421657981,
        0.2323449306454145,
        0.5118195058986167,
        1.2900923222914296,
        1.8181770623655664,
        0.9458112098493398
    ],
    "Performance": {
        "Thrust": 99999.99999999999,
        "OPR": 24.193749999999998,
        "T4": 1342.1874999999998,
        "Thermal Efficiency": 0.43651403722447124,
        "SFC": 0.053276211004250916,
        "TSFC": 7.596575038579596,
        "Air Mass Flow Rate": 189.6425098851683,
        "Fuel Mass Flow Rate": 0.7596575038579595,
        "Core EGT": 762.7041496266154,
        "Bypass EGT": 59.94203332083493,
        "FAR": 0.02443497914227914,
        "Specific Thrust": 0.5273079335458682
    },
    "Pressure Ratios": {
        "Fan": 1.6,
        "LPC": 2.0,
        "HPC": 7.71484375,
        "HPT": 2.6815365536677795,
        "LPT": 3.227601457384337
    },
    "Mechanical Parameters": {
        "LP Shaft Speed": 5490.0,
        "Fan Power": 8.569265167701605,
        "Fan Efficiency": 0.92,
        "LPC Power": 2.5139210117187836,
        "LPC Efficiency": 0.9,
        "LPT Power": 11.309373652469787,
        "LPT Efficiency": 0.9100000000000003,
        "HP Shaft Speed": 15183.0,
        "HPC Power": 11.389564868839448,
        "HPC Efficiency": 0.89,
        "HPT Power": 11.775710569775377,
        "HPT Efficiency": 0.9000000000000001,
        "Burner Power": 5.82023503403699,
        "Burner Efficiency": 0.17817806370599323
    }
}