{
    "Stages": [
        "0. Fan Inlet",
        "1. LPC Inlet",
        "2. HPC Inlet",
        "3. Burner Inlet",
        "4. HPT Inlet",
        "5. LPT Inlet",
        "6. Core Nozz Inlet",
        "7. Core Nozz Outlet",
        "8. Byp Nozz Outlet"
    ],
    "Total Temperatures": [
        15.000057655676706,
        59.942033320834994,
        139.95697080771498,
        505.9788310390005,
        1438.2812499999998,
        1140.304329475007,
        856.2783857389999,
        856.2783857389999,
        59.94203332083493
    ],
    "Static Temperatures": [
        1.2698087753191583,
        44.11029440122737,
        120.50659961430016,
        472.6107313222528,
        1380.8461843841148,
        1090.4135894086112,
        814.188752944545,
        702.7226177607756,
        4.4391862677623966
    ],
    "Total Pressures": [
        99.29823547694355,
        158.87717676310967,
        317.75435352621935,
        2643.8155195736217,
        2432.310278007732,
        917.9044556605415,
        311.11065275764867,
        311.11065275764867,
        158.87717676310967
    ],
    "Static Pressures": [
        84.124656235234,
        133.97926458691475,
        267.52254953831897,
        2241.4150398168767,
        2078.071507996634,
        783.492565471141,
        264.8135200370071,
        168.52087441299977,
        84.07825298491287
    ],
    "Entropies": [
        6834.413225585567,
        6845.607178771453,
        6865.411001852655,
        6921.23453909699,
        8012.814872276527,
        8043.635387992315,
        8075.104175356124,
        8075.104175356124,
        6845.607178771453
    ],
    "Specifice Volumes": [
        0.9354134467594015,
        0.6780422909737034,
        0.42158869626980144,
        0.0954739092589057,
        0.22842536639377098,
        0.4994523011025942,
        1.1782621013359595,
        1.6615180837962378,
        0.9458112098493416
    ],
    "Performance": {
        "Thrust": 99999.99999999999,
        "OPR": 26.092499999999994,
        "T4": 1438.2812499999998,
        "Thermal Efficiency": 0.40622125201502773,
        "SFC": 0.057249131693947033,
        "TSFC": 8.281291732127407,
        "Air Mass Flow Rate": 186.03888790424912,
        "Fuel Mass Flow Rate": 0.8281291732127406,
        "Core EGT": 856.2783857389999,
        "Bypass EGT": 59.94203332083493,
        "FAR": 0.027153397945475145,
        "Specific Thrust": 0.5375220263167139
    },
    "Pressure Ratios": {
        "Fan": 1.6,
        "LPC": 2.0,
        "HPC": 8.3203125,
        "HPT": 2.6498512595816908,
        "LPT": 2.9504115256881858
    },
    "Mechanical Parameters": {
        "LP Shaft Speed": 5490.0,
        "Fan Power": 8.406430409095252,
        "Fan Efficiency": 0.92,
        "LPC Power": 2.466151020583304,
        "LPC Efficiency": 0.9,
        "LPT Power": 11.094470846610772,
        "LPT Efficiency": 0.91,
        "HP Shaft Speed": 15183.0,
        "HPC Power": 11.73905009481362,
        "HPC Efficiency": 0.89,
        "HPT Power": 12.132328147300049,
        "HPT Efficiency": 0.9000000000000004,
        "Burner Power": 6.402904047223238,
        "Burner Efficiency": 0.17980859762080711
    }
}