{
    "Stages": [
        "0. Fan Inlet",
        "1. LPC Inlet",
        "2. HPC Inlet",
        "3. Burner Inlet",
        "4. HPT Inlet",
        "5. LPT Inlet",
        "6. Core Nozz Inlet",
        "7. Core Nozz Outlet",
        "8. Byp Nozz Outlet"
    ],
    "Total Temperatures": [
        15.000057655676706,
        59.942033320834994,
        139.95697080771498,
        501.60426685457116,
        1300.0,
        996.4751816401849,
        702.3200625476223,
        702.3200625476223,
        59.94203332083493
    ],
    "Static Temperatures": [
        1.2698087753191583,
        44.11029440122737,
        120.50659961430016,
        468.3819763807956,
        1245.4683201819894,
        950.0546205361937,
        664.3557464309414,
        564.3323359878442,
        4.4391862677623966
    ],
    "Total Pressures": [
        99.29823547694355,
        158.87717676310967,
        317.75435352621935,
        2594.1664018351503,
        2386.6330896883405,
        823.414430992547,
        239.1594173003452,
        239.15941730034513,
        158.87717676310967
    ],
    "Static Pressures": [
        84.124656235234,
        133.97926458691475,
        267.52254953831897,
        2198.5515772070476,
        2036.3684038696074,
        700.8617109465984,
        203.39915104869425,
        129.05014277739923,
        84.07825298491298
    ],
    "Entropies": [
        6834.413225585567,
        6845.607178771453,
        6865.411001852655,
        6920.809942071759,
        7890.862663936486,
        7924.936269029804,
        7961.562654034356,
        7961.5626540343565,
        6845.607178771453
    ],
    "Specifice Volumes": [
        0.9354134467594015,
        0.6780422909737055,
        0.42158869626980144,
        0.09677081085109793,
        0.2140196718051994,
        0.5008447868616195,
        1.3225041700123408,
        1.8618506969349387,
        0.9458112098493401
    ],
    "Performance": {
        "Thrust": 99999.99999999999,
        "OPR": 25.602499999999996,
        "T4": 1300.0,
        "Thermal Efficiency": 0.4588115446501067,
        "SFC": 0.050687072338651454,
        "TSFC": 7.154064263938651,
        "Air Mass Flow Rate": 191.93947110400308,
        "Fuel Mass Flow Rate": 0.7154064263938651,
        "Core EGT": 702.3200625476223,
        "Bypass EGT": 59.94203332083493,
        "FAR": 0.022736226039916194,
        "Specific Thrust": 0.5209975802518213
    },
    "Pressure Ratios": {
        "Fan": 1.6,
        "LPC": 2.0,
        "HPC": 8.1640625,
        "HPT": 2.898459147493303,
        "LPT": 3.442952154204627
    },
    "Mechanical Parameters": {
        "LP Shaft Speed": 5490.0,
        "Fan Power": 8.673056610749056,
        "Fan Efficiency": 0.92,
        "LPC Power": 2.5443697706738746,
        "LPC Efficiency": 0.9,
        "LPT Power": 11.44635345043156,
        "LPT Efficiency": 0.9099999999999999,
        "HP Shaft Speed": 15183.0,
        "HPC Power": 11.961104229246114,
        "HPC Efficiency": 0.89,
        "HPT Power": 12.358913998761768,
        "HPT Efficiency": 0.8999999999999998,
        "Burner Power": 5.579785123379676,
        "Burner Efficiency": 0.18138283350885018
    }
}