{
    "Stages": [
        "0. Fan Inlet",
        "1. LPC Inlet",
        "2. HPC Inlet",
        "3. Burner Inlet",
        "4. HPT Inlet",
        "5. LPT Inlet",
        "6. Core Nozz Inlet",
        "7. Core Nozz Outlet",
        "8. Byp Nozz Outlet"
    ],
    "Total Temperatures": [
        15.000057655676706,
        59.942033320834994,
        139.95697080771498,
        488.4333375587027,
        1341.015625,
        1052.0145877084879,
        761.8881493157476,
        761.8881493157476,
        59.94203332083493
    ],
    "Static Temperatures": [
        1.2698087753191583,
        44.11029440122737,
        120.50659961430016,
        455.6508016203843,
        1285.6361009067948,
        1004.2350065902689,
        722.3143396328227,
        617.786952701823,
        4.4391862677623966
    ],
    "Total Pressures": [
        99.29823547694355,
        158.87717676310967,
        317.75435352621935,
        2445.219048619735,
        2249.601524730156,
        839.481916718015,
        259.8837291037133,
        259.8837291037133,
        158.87717676310967
    ],
    "Static Pressures": [
        84.124656235234,
        133.97926458691475,
        267.52254953831897,
        2069.5066023867053,
        1921.765591844518,
        715.2937639495916,
        221.02251636186077,
        140.36252947739135,
        84.07825298491305
    ],
    "Entropies": [
        6834.413225585567,
        6845.607178771453,
        6865.411001852655,
        6919.531567160489,
        7947.341408247885,
        7978.6798976639375,
        8013.149224965986,
        8013.149224965986,
        6845.607178771453
    ],
    "Specifice Volumes": [
        0.9354134467594015,
        0.6780422909737055,
        0.42158869626980144,
        0.10104086521992109,
        0.23277681838417158,
        0.5124829217044877,
        1.292589417052302,
        1.8217275741971617,
        0.9458112098493391
    ],
    "Performance": {
        "Thrust": 99999.99999999999,
        "OPR": 24.1325,
        "T4": 1341.015625,
        "Thermal Efficiency": 0.43680658829863667,
        "SFC": 0.053240529278804745,
        "TSFC": 7.5908264214777,
        "Air Mass Flow Rate": 189.6824306222644,
        "Fuel Mass Flow Rate": 0.7590826421477699,
        "Core EGT": 761.8881493157476,
        "Bypass EGT": 59.94203332083493,
        "FAR": 0.024411349548353434,
        "Specific Thrust": 0.5271969558379449
    },
    "Pressure Ratios": {
        "Fan": 1.6,
        "LPC": 2.0,
        "HPC": 7.6953125,
        "HPT": 2.67974983133056,
        "LPT": 3.2302211439447146
    },
    "Mechanical Parameters": {
        "LP Shaft Speed": 5490.0,
        "Fan Power": 8.571069042698165,
        "Fan Efficiency": 0.92,
        "LPC Power": 2.514450205198927,
        "LPC Efficiency": 0.9,
        "LPT Power": 11.311754334588871,
        "LPT Efficiency": 0.9099999999999999,
        "HP Shaft Speed": 15183.0,
        "HPC Power": 11.373332446295498,
        "HPC Efficiency": 0.89,
        "HPT Power": 11.759146873301955,
        "HPT Efficiency": 0.8999999999999997,
        "Burner Power": 5.813213135299346,
        "Burner Efficiency": 0.17809787187859175
    }
}