{
    "Stages": [
        "0. Fan Inlet",
        "1. LPC Inlet",
        "2. HPC Inlet",
        "3. Burner Inlet",
        "4. HPT Inlet",
        "5. LPT Inlet",
        "6. Core Nozz Inlet",
        "7. Core Nozz Outlet",
        "8. Byp Nozz Outlet"
    ],
    "Total Temperatures": [
        15.000057655676706,
        59.942033320834994,
        139.95697080771498,
        472.69284700992756,
        1396.0937499999998,
        1124.4325711621232,
        839.2998803304098,
        839.2998803304098,
        59.94203332083493
    ],
    "Static Temperatures": [
        1.2698087753191583,
        44.11029440122737,
        120.50659961430016,
        440.45198221511146,
        1339.6405297856566,
        1074.907495463989,
        797.6712250445308,
        687.4496424518109,
        4.4391862677623966
    ],
    "Total Pressures": [
        99.29823547694355,
        158.87717676310967,
        317.75435352621935,
        2265.2409968177744,
        2084.0217170723527,
        848.4242720958275,
        282.4796923572822,
        282.4796923572822,
        158.87717676310967
    ],
    "Static Pressures": [
        84.124656235234,
        133.97926458691475,
        267.52254953831897,
        1919.8562543391797,
        1780.415717619059,
        723.3907729713449,
        240.66422470940964,
        153.2414002574937,
        84.07825298491308
    ],
    "Entropies": [
        6834.413225585567,
        6845.607178771453,
        6865.411001852655,
        6918.127635983978,
        8022.20258619208,
        8050.426743771064,
        8082.34052629216,
        8082.34052629216,
        6845.607178771453
    ],
    "Specifice Volumes": [
        0.9354134467594015,
        0.6780422909737055,
        0.42158869626980144,
        0.10666557877622042,
        0.25998711061736524,
        0.5347776696981267,
        1.2767919167165234,
        1.7990276834506418,
        0.9458112098493389
    ],
    "Performance": {
        "Thrust": 99999.99999999999,
        "OPR": 22.356249999999996,
        "T4": 1396.0937499999998,
        "Thermal Efficiency": 0.41160053103604016,
        "SFC": 0.05650093282180939,
        "TSFC": 8.16745240026723,
        "Air Mass Flow Rate": 187.03129052822084,
        "Fuel Mass Flow Rate": 0.8167452400267229,
        "Core EGT": 839.2998803304098,
        "Bypass EGT": 59.94203332083493,
        "FAR": 0.026638034470554336,
        "Specific Thrust": 0.5346698924954012
    },
    "Pressure Ratios": {
        "Fan": 1.6,
        "LPC": 2.0,
        "HPC": 7.12890625,
        "HPT": 2.4563438194952623,
        "LPT": 3.0034876667266213
    },
    "Mechanical Parameters": {
        "LP Shaft Speed": 5490.0,
        "Fan Power": 8.451273525984423,
        "Fan Efficiency": 0.92,
        "LPC Power": 2.4793064139072913,
        "LPC Efficiency": 0.9,
        "LPT Power": 11.153652999889506,
        "LPT Efficiency": 0.9100000000000001,
        "HP Shaft Speed": 15183.0,
        "HPC Power": 10.689174556228988,
        "HPC Efficiency": 0.89,
        "HPT Power": 11.061026577315719,
        "HPT Efficiency": 0.9,
        "Burner Power": 6.117856384711079,
        "Burner Efficiency": 0.1741984194145371
    }
}