{
    "Stages": [
        "0. Fan Inlet",
        "1. LPC Inlet",
        "2. HPC Inlet",
        "3. Burner Inlet",
        "4. HPT Inlet",
        "5. LPT Inlet",
        "6. Core Nozz Inlet",
        "7. Core Nozz Outlet",
        "8. Byp Nozz Outlet"
    ],
    "Total Temperatures": [
        15.000057655676706,
        59.942033320834994,
        139.95697080771498,
        523.5986547444713,
        1337.4999999999998,
        1016.7617619310578,
        724.1309894696866,
        724.1309894696866,
        59.94203332083493
    ],
    "Static Temperatures": [
        1.2698087753191583,
        44.11029440122737,
        120.50659961430016,
        489.63950308333307,
        1282.0830768694962,
        969.852450619731,
        685.580370263744,
        583.8944036565669,
        4.4391862677623966
    ],
    "Total Pressures": [
        99.29823547694355,
        158.87717676310967,
        317.75435352621935,
        2873.442689114054,
        2643.567273984927,
        875.6714507793765,
        260.3433068823337,
        260.3433068823338,
        158.87717676310967
    ],
    "Static Pressures": [
        84.124656235234,
        133.97926458691475,
        267.52254953831897,
        2433.7314141106717,
        2258.181926359898,
        746.2906054472772,
        221.3289203846822,
        140.40491860854482,
        84.07825298491288
    ],
    "Entropies": [
        6834.413225585567,
        6845.607178771453,
        6865.411001852655,
        6922.584982624326,
        7893.884391242791,
        7929.535715970986,
        7965.388632056531,
        7965.388632056531,
        6845.607178771453
    ],
    "Specifice Volumes": [
        0.9354134467594015,
        0.6780422909737055,
        0.42158869626980144,
        0.08993072876239282,
        0.19764909241351736,
        0.47797458638969326,
        1.2432658914134556,
        1.7518672775770687,
        0.9458112098493415
    ],
    "Performance": {
        "Thrust": 99999.99999999999,
        "OPR": 28.358749999999997,
        "T4": 1337.4999999999998,
        "Thermal Efficiency": 0.45020966175324373,
        "SFC": 0.05165551948157589,
        "TSFC": 7.30408471762878,
        "Air Mass Flow Rate": 190.74148083916344,
        "Fuel Mass Flow Rate": 0.7304084717628779,
        "Core EGT": 724.1309894696866,
        "Bypass EGT": 59.94203332083493,
        "FAR": 0.02335879777252282,
        "Specific Thrust": 0.5242698104264051
    },
    "Pressure Ratios": {
        "Fan": 1.6,
        "LPC": 2.0,
        "HPC": 9.04296875,
        "HPT": 3.018903119008921,
        "LPT": 3.3635258815205495
    },
    "Mechanical Parameters": {
        "LP Shaft Speed": 5490.0,
        "Fan Power": 8.618923725385159,
        "Fan Efficiency": 0.92,
        "LPC Power": 2.5284890860086136,
        "LPC Efficiency": 0.9,
        "LPT Power": 11.374911032034463,
        "LPT Efficiency": 0.9100000000000001,
        "HP Shaft Speed": 15183.0,
        "HPC Power": 12.639767435148933,
        "HPC Efficiency": 0.89,
        "HPT Power": 13.051427474172808,
        "HPT Efficiency": 0.9000000000000002,
        "Burner Power": 5.799289983430413,
        "Burner Efficiency": 0.18464628236235744
    }
}