{
    "Stages": [
        "0. Fan Inlet",
        "1. LPC Inlet",
        "2. HPC Inlet",
        "3. Burner Inlet",
        "4. HPT Inlet",
        "5. LPT Inlet",
        "6. Core Nozz Inlet",
        "7. Core Nozz Outlet",
        "8. Byp Nozz Outlet"
    ],
    "Total Temperatures": [
        15.000057655676706,
        59.942033320834994,
        139.95697080771498,
        530.4842398626809,
        1337.5,
        1010.5249820466298,
        717.4506340135779,
        717.4506340135779,
        59.94203332083493
    ],
    "Static Temperatures": [
        1.2698087753191583,
        44.11029440122737,
        120.50659961430016,
        496.29676594866163,
        1282.0618410971417,
        963.7821487490972,
        679.0610859601508,
        577.8921934327617,
        4.4391862677623966
    ],
    "Total Pressures": [
        99.29823547694355,
        158.87717676310967,
        317.75435352621935,
        2960.3286451563795,
        2723.5023535438663,
        879.5366067508196,
        259.6679147281523,
        259.6679147281523,
        158.87717676310967
    ],
    "Static Pressures": [
        84.124656235234,
        133.97926458691475,
        267.52254953831897,
        2508.8815621986732,
        2323.735441376702,
        749.7404440286298,
        220.61321890881868,
        139.94537207802526,
        84.07825298491287
    ],
    "Entropies": [
        6834.413225585567,
        6845.607178771453,
        6865.411001852655,
        6923.246967918694,
        7885.092238390566,
        7921.586413997381,
        7957.625890256758,
        7957.625890256758,
        6845.607178771453
    ],
    "Specifice Volumes": [
        0.9354134467594015,
        0.6780422909737055,
        0.42158869626980144,
        0.08799125384023013,
        0.19207083386886706,
        0.4734909085820317,
        1.2385759897830535,
        1.7450899821059584,
        0.9458112098493415
    ],
    "Performance": {
        "Thrust": 99999.99999999999,
        "OPR": 29.216249999999995,
        "T4": 1337.5,
        "Thermal Efficiency": 0.4526673445280742,
        "SFC": 0.051375064348265706,
        "TSFC": 7.25463518281154,
        "Air Mass Flow Rate": 190.95591597266022,
        "Fuel Mass Flow Rate": 0.7254635182811539,
        "Core EGT": 717.4506340135779,
        "Bypass EGT": 59.94203332083493,
        "FAR": 0.023174602572400144,
        "Specific Thrust": 0.523681078382077
    },
    "Pressure Ratios": {
        "Fan": 1.6,
        "LPC": 2.0,
        "HPC": 9.31640625,
        "HPT": 3.096519613441693,
        "LPT": 3.3871593557163613
    },
    "Mechanical Parameters": {
        "LP Shaft Speed": 5490.0,
        "Fan Power": 8.628613280334195,
        "Fan Efficiency": 0.92,
        "LPC Power": 2.5313316606406135,
        "LPC Efficiency": 0.9,
        "LPT Power": 11.387698919362048,
        "LPT Efficiency": 0.9099999999999999,
        "HP Shaft Speed": 15183.0,
        "HPC Power": 12.89103597452345,
        "HPC Efficiency": 0.89,
        "HPT Power": 13.30782394292232,
        "HPT Efficiency": 0.8999999999999998,
        "Burner Power": 5.799270701893949,
        "Burner Efficiency": 0.18590426273770794
    }
}