{
    "Stages": [
        "0. Fan Inlet",
        "1. LPC Inlet",
        "2. HPC Inlet",
        "3. Burner Inlet",
        "4. HPT Inlet",
        "5. LPT Inlet",
        "6. Core Nozz Inlet",
        "7. Core Nozz Outlet",
        "8. Byp Nozz Outlet"
    ],
    "Total Temperatures": [
        15.000057655676706,
        59.942033320834994,
        139.95697080771498,
        515.9030653308052,
        1398.4374999999998,
        1088.9878606232267,
        801.44946976876,
        801.44946976876,
        59.94203332083493
    ],
    "Static Temperatures": [
        1.2698087753191583,
        44.11029440122737,
        120.50659961430016,
        482.1994447646428,
        1341.7929472136814,
        1040.310003278989,
        760.8195358143955,
        653.3640753406313,
        4.4391862677623966
    ],
    "Total Pressures": [
        99.29823547694355,
        158.87717676310967,
        317.75435352621935,
        2774.14445363711,
        2552.212897346144,
        908.2977335072234,
        292.03341252154985,
        292.03341252154956,
        158.87717676310967
    ],
    "Static Pressures": [
        84.124656235234,
        133.97926458691475,
        267.52254953831897,
        2347.855002276114,
        2181.211615892881,
        774.8308924343756,
        248.34263251109107,
        158.0095209548124,
        84.07825298491302
    ],
    "Entropies": [
        6834.413225585567,
        6845.607178771453,
        6865.411001852655,
        6922.065989047093,
        7961.598774548945,
        7994.552161068481,
        8027.665403010027,
        8027.665403010027,
        6845.607178771453
    ],
    "Specifice Volumes": [
        0.9354134467594015,
        0.6780422909737034,
        0.42158869626980144,
        0.09233549496946344,
        0.21249355658103586,
        0.4864599865875561,
        1.1947747708687286,
        1.6828156380963741,
        0.9458112098493398
    ],
    "Performance": {
        "Thrust": 99999.99999999999,
        "OPR": 27.378749999999997,
        "T4": 1398.4374999999998,
        "Thermal Efficiency": 0.42317279264136043,
        "SFC": 0.054955834490989376,
        "TSFC": 7.872392339303675,
        "Air Mass Flow Rate": 187.86642729144083,
        "Fuel Mass Flow Rate": 0.7872392339303673,
        "Core EGT": 801.44946976876,
        "Bypass EGT": 59.94203332083493,
        "FAR": 0.025561561989602098,
        "Specific Thrust": 0.532293084196827
    },
    "Pressure Ratios": {
        "Fan": 1.6,
        "LPC": 2.0,
        "HPC": 8.73046875,
        "HPT": 2.8098857931652503,
        "LPT": 3.110252781229948
    },
    "Mechanical Parameters": {
        "LP Shaft Speed": 5490.0,
        "Fan Power": 8.489010362412404,
        "Fan Efficiency": 0.92,
        "LPC Power": 2.4903770744780083,
        "LPC Efficiency": 0.9,
        "LPT Power": 11.20345656825552,
        "LPT Efficiency": 0.91,
        "HP Shaft Speed": 15183.0,
        "HPC Power": 12.188588742637236,
        "HPC Efficiency": 0.89,
        "HPT Power": 12.591041053242506,
        "HPT Efficiency": 0.9000000000000005,
        "Burner Power": 6.166991157242098,
        "Burner Efficiency": 0.18217892709640507
    }
}