{
    "Stages": [
        "0. Fan Inlet",
        "1. LPC Inlet",
        "2. HPC Inlet",
        "3. Burner Inlet",
        "4. HPT Inlet",
        "5. LPT Inlet",
        "6. Core Nozz Inlet",
        "7. Core Nozz Outlet",
        "8. Byp Nozz Outlet"
    ],
    "Total Temperatures": [
        15.000057655676706,
        59.942033320834994,
        139.95697080771498,
        480.77907232499336,
        1314.0625,
        1030.1620467852536,
        738.4482145386958,
        738.4482145386958,
        59.94203332083493
    ],
    "Static Temperatures": [
        1.2698087753191583,
        44.11029440122737,
        120.50659961430016,
        448.25261771755004,
        1259.2985619793412,
        982.9010082312805,
        699.4949401884793,
        596.7228486155493,
        4.4391862677623966
    ],
    "Total Pressures": [
        99.29823547694355,
        158.87717676310967,
        317.75435352621935,
        2358.3330925774094,
        2169.6664451712168,
        811.5546953764535,
        245.17871988240006,
        245.17871988239992,
        158.87717676310967
    ],
    "Static Pressures": [
        84.124656235234,
        133.97926458691475,
        267.52254953831897,
        1994.2372412435634,
        1852.7876555631076,
        691.8513870121618,
        208.6686334943193,
        132.54300614259444,
        84.07825298491309
    ],
    "Entropies": [
        6834.413225585567,
        6845.607178771453,
        6865.411001852655,
        6918.826679817173,
        7933.709397581074,
        7964.899993301238,
        8000.14658361474,
        8000.14658361474,
        6845.607178771453
    ],
    "Specifice Volumes": [
        0.9354134467594015,
        0.6780422909737055,
        0.42158869626980144,
        0.10381923040477696,
        0.2373677621476595,
        0.5209876612742593,
        1.3374397116424273,
        1.8829671483226205,
        0.9458112098493389
    ],
    "Performance": {
        "Thrust": 99999.99999999999,
        "OPR": 23.275,
        "T4": 1314.0625,
        "Thermal Efficiency": 0.4453131691951119,
        "SFC": 0.05222350373226656,
        "TSFC": 7.422866496796648,
        "Air Mass Flow Rate": 190.72773227374756,
        "Fuel Mass Flow Rate": 0.7422866496796647,
        "Core EGT": 738.4482145386958,
        "Bypass EGT": 59.94203332083493,
        "FAR": 0.023740378544149437,
        "Specific Thrust": 0.5243076022970381
    },
    "Pressure Ratios": {
        "Fan": 1.6,
        "LPC": 2.0,
        "HPC": 7.421875,
        "HPT": 2.673469154367692,
        "LPT": 3.3100535632363015
    },
    "Mechanical Parameters": {
        "LP Shaft Speed": 5490.0,
        "Fan Power": 8.61830247700158,
        "Fan Efficiency": 0.92,
        "LPC Power": 2.528306833582716,
        "LPC Efficiency": 0.9,
        "LPT Power": 11.374091133249278,
        "LPT Efficiency": 0.9100000000000001,
        "HP Shaft Speed": 15183.0,
        "HPC Power": 11.174733981083827,
        "HPC Efficiency": 0.89,
        "HPT Power": 11.556495378188004,
        "HPT Efficiency": 0.9,
        "Burner Power": 5.656550026647093,
        "Burner Efficiency": 0.17721950825206698
    }
}