{
    "Stages": [
        "0. Fan Inlet",
        "1. LPC Inlet",
        "2. HPC Inlet",
        "3. Burner Inlet",
        "4. HPT Inlet",
        "5. LPT Inlet",
        "6. Core Nozz Inlet",
        "7. Core Nozz Outlet",
        "8. Byp Nozz Outlet"
    ],
    "Total Temperatures": [
        15.000057655676706,
        59.942033320834994,
        139.95697080771498,
        491.17728238261174,
        1344.5312499999998,
        1053.3294796930172,
        763.2936220817288,
        763.2936220817288,
        59.94203332083493
    ],
    "Static Temperatures": [
        1.2698087753191583,
        44.11029440122737,
        120.50659961430016,
        458.30303776194665,
        1289.0750399972055,
        1005.5154220972541,
        723.6808555867273,
        619.0482285710904,
        4.4391862677623966
    ],
    "Total Pressures": [
        99.29823547694355,
        158.87717676310967,
        317.75435352621935,
        2476.2497472062796,
        2278.1497674297775,
        845.7250940097288,
        262.16931911928157,
        262.1693191192816,
        158.87717676310967
    ],
    "Static Pressures": [
        84.124656235234,
        133.97926458691475,
        267.52254953831897,
        2096.389962449138,
        1946.5784865964354,
        720.6536842661126,
        222.99030543875568,
        141.62717262188238,
        84.07825298491287
    ],
    "Entropies": [
        6834.413225585567,
        6845.607178771453,
        6865.411001852655,
        6919.797895268045,
        7946.4517534421975,
        7978.013839315776,
        8012.426966221166,
        8012.426966221166,
        6845.607178771453
    ],
    "Specifice Volumes": [
        0.9354134467594015,
        0.6780422909737055,
        0.42158869626980144,
        0.10010300840288604,
        0.230317209381557,
        0.5091756713295015,
        1.2828934086179187,
        1.8079302903162913,
        0.9458112098493416
    ],
    "Performance": {
        "Thrust": 99999.99999999999,
        "OPR": 24.43875,
        "T4": 1344.5312499999998,
        "Thermal Efficiency": 0.4362861792784054,
        "SFC": 0.05330403541994448,
        "TSFC": 7.599920690755727,
        "Air Mass Flow Rate": 189.58620291001705,
        "Fuel Mass Flow Rate": 0.7599920690755727,
        "Core EGT": 763.2936220817288,
        "Bypass EGT": 59.94203332083493,
        "FAR": 0.024453001063380893,
        "Specific Thrust": 0.527464543648584
    },
    "Pressure Ratios": {
        "Fan": 1.6,
        "LPC": 2.0,
        "HPC": 7.79296875,
        "HPT": 2.6937237449449154,
        "LPT": 3.2258736333100115
    },
    "Mechanical Parameters": {
        "LP Shaft Speed": 5490.0,
        "Fan Power": 8.566720857350754,
        "Fan Efficiency": 0.92,
        "LPC Power": 2.5131746005474445,
        "LPC Efficiency": 0.9,
        "LPT Power": 11.30601577336551,
        "LPT Efficiency": 0.91,
        "HP Shaft Speed": 15183.0,
        "HPC Power": 11.46066531670827,
        "HPC Efficiency": 0.89,
        "HPT Power": 11.848262047192542,
        "HPT Efficiency": 0.9,
        "Burner Power": 5.834726211210494,
        "Burner Efficiency": 0.17854305690650618
    }
}