{
    "Stages": [
        "0. Fan Inlet",
        "1. LPC Inlet",
        "2. HPC Inlet",
        "3. Burner Inlet",
        "4. HPT Inlet",
        "5. LPT Inlet",
        "6. Core Nozz Inlet",
        "7. Core Nozz Outlet",
        "8. Byp Nozz Outlet"
    ],
    "Total Temperatures": [
        15.000057655676706,
        59.942033320834994,
        139.95697080771498,
        517.3126944064134,
        1311.7187499999998,
        994.8458504267978,
        700.5733377818941,
        700.5733377818941,
        59.94203332083493
    ],
    "Static Temperatures": [
        1.2698087753191583,
        44.11029440122737,
        120.50659961430016,
        483.56223973521986,
        1256.8899905899757,
        948.4615818627786,
        662.658993811662,
        562.7698320263496,
        4.4391862677623966
    ],
    "Total Pressures": [
        99.29823547694355,
        158.87717676310967,
        317.75435352621935,
        2792.7628727890374,
        2569.341842965917,
        849.5797383932187,
        245.59620419249424,
        245.59620419249418,
        158.87717676310967
    ],
    "Static Pressures": [
        84.124656235234,
        133.97926458691475,
        267.52254953831897,
        2363.9555101850647,
        2194.2418047209244,
        723.3462371441959,
        208.9529423184292,
        132.6061427251741,
        84.07825298491298
    ],
    "Entropies": [
        6834.413225585567,
        6845.607178771453,
        6865.411001852655,
        6922.117753748006,
        7878.931605214787,
        7914.613504845587,
        7951.318391320296,
        7951.318391320296,
        6845.607178771453
    ],
    "Specifice Volumes": [
        0.9354134467594015,
        0.6780422909737055,
        0.42158869626980144,
        0.09186629021698663,
        0.2001132469413735,
        0.48463805392025455,
        1.2850468591363313,
        1.80855618271386,
        0.9458112098493401
    ],
    "Performance": {
        "Thrust": 99999.99999999999,
        "OPR": 27.562499999999996,
        "T4": 1311.7187499999998,
        "Thermal Efficiency": 0.4593340131709467,
        "SFC": 0.050629418433320854,
        "TSFC": 7.136170619939822,
        "Air Mass Flow Rate": 191.80165490295383,
        "Fuel Mass Flow Rate": 0.7136170619939821,
        "Core EGT": 700.5733377818941,
        "Bypass EGT": 59.94203332083493,
        "FAR": 0.02269565442678697,
        "Specific Thrust": 0.5213719352452779
    },
    "Pressure Ratios": {
        "Fan": 1.6,
        "LPC": 2.0,
        "HPC": 8.7890625,
        "HPT": 3.024250375633046,
        "LPT": 3.4592543528373594
    },
    "Mechanical Parameters": {
        "LP Shaft Speed": 5490.0,
        "Fan Power": 8.666829190684266,
        "Fan Efficiency": 0.92,
        "LPC Power": 2.5425428646506267,
        "LPC Efficiency": 0.9,
        "LPT Power": 11.438134750341725,
        "LPT Efficiency": 0.9100000000000001,
        "HP Shaft Speed": 15183.0,
        "HPC Power": 12.492648413403485,
        "HPC Efficiency": 0.89,
        "HPT Power": 12.901306023412149,
        "HPT Efficiency": 0.8999999999999998,
        "Burner Power": 5.646211028914035,
        "Burner Efficiency": 0.18400237357506768
    }
}