{
    "Stages": [
        "0. Fan Inlet",
        "1. LPC Inlet",
        "2. HPC Inlet",
        "3. Burner Inlet",
        "4. HPT Inlet",
        "5. LPT Inlet",
        "6. Core Nozz Inlet",
        "7. Core Nozz Outlet",
        "8. Byp Nozz Outlet"
    ],
    "Total Temperatures": [
        15.000057655676706,
        59.94203332083493,
        139.95697080771524,
        486.78697035599504,
        1307.0312499999998,
        1017.2738808681821,
        724.6635088107911,
        724.6635088107911,
        59.94203332083493
    ],
    "Static Temperatures": [
        1.2698087753191583,
        44.11029440122737,
        120.50659961430036,
        454.05948315794546,
        1252.387917704057,
        970.3491099097713,
        686.0964897317114,
        584.3669300447341,
        4.4391862677623966
    ],
    "Total Pressures": [
        99.29823547694355,
        158.8771767631097,
        317.7543535262194,
        2426.600629467808,
        2232.4725791103856,
        814.8338934145062,
        242.69799230355235,
        242.6979923035523,
        158.8771767631097
    ],
    "Static Pressures": [
        84.12465623523384,
        133.97926458691464,
        267.52254953831846,
        2053.3768413984367,
        1906.512707052544,
        694.4218493180229,
        206.55164378412047,
        131.14654621815293,
        84.07825298491277
    ],
    "Entropies": [
        6834.413225585567,
        6845.607178771453,
        6865.411001852656,
        6919.371770295694,
        7917.959646146062,
        7950.028749992185,
        7985.859783777753,
        7985.859783777753,
        6845.607178771453
    ],
    "Specifice Volumes": [
        0.9354134467594031,
        0.6780422909737047,
        0.42158869626980255,
        0.10161660854549004,
        0.22963371246282877,
        0.5138791064874746,
        1.3329055703008457,
        1.8765395912538065,
        0.9458112098493426
    ],
    "Performance": {
        "Thrust": 99999.99999999999,
        "OPR": 23.94875,
        "T4": 1307.0312499999998,
        "Thermal Efficiency": 0.4503790463802187,
        "SFC": 0.0516360921770223,
        "TSFC": 7.319659515324085,
        "Air Mass Flow Rate": 191.18353351490566,
        "Fuel Mass Flow Rate": 0.7319659515324084,
        "Core EGT": 724.6635088107911,
        "Bypass EGT": 59.94203332083493,
        "FAR": 0.02335448154063738,
        "Specific Thrust": 0.5230575989547942
    },
    "Pressure Ratios": {
        "Fan": 1.6,
        "LPC": 2.0,
        "HPC": 7.63671875,
        "HPT": 2.7397885595496776,
        "LPT": 3.357398574584663
    },
    "Mechanical Parameters": {
        "LP Shaft Speed": 5490.0,
        "Fan Power": 8.638898501076634,
        "Fan Efficiency": 0.92,
        "LPC Power": 2.5343489826663266,
        "LPC Efficiency": 0.9,
        "LPT Power": 11.401272942594858,
        "LPT Efficiency": 0.9099999999999999,
        "HP Shaft Speed": 15183.0,
        "HPC Power": 11.407006113047657,
        "HPC Efficiency": 0.89,
        "HPT Power": 11.793507757742937,
        "HPT Efficiency": 0.8999999999999998,
        "Burner Power": 5.6179008042973635,
        "Burner Efficiency": 0.17849034595171
    }
}