{
    "Stages": [
        "0. Fan Inlet",
        "1. LPC Inlet",
        "2. HPC Inlet",
        "3. Burner Inlet",
        "4. HPT Inlet",
        "5. LPT Inlet",
        "6. Core Nozz Inlet",
        "7. Core Nozz Outlet",
        "8. Byp Nozz Outlet"
    ],
    "Total Temperatures": [
        15.000057655676706,
        59.942033320834994,
        139.95697080771498,
        491.72607127030216,
        1332.8124999999998,
        1040.3442262909086,
        749.39560143167,
        749.39560143167,
        59.94203332083493
    ],
    "Static Temperatures": [
        1.2698087753191583,
        44.11029440122737,
        120.50659961430016,
        458.8334907961177,
        1277.60686219126,
        992.8642250359491,
        710.1374371597258,
        606.5419303257694,
        4.4391862677623966
    ],
    "Total Pressures": [
        99.29823547694355,
        158.87717676310967,
        317.75435352621935,
        2482.4558869235884,
        2283.859415969699,
        838.4875953790443,
        256.27771511544256,
        256.27771511544245,
        158.87717676310967
    ],
    "Static Pressures": [
        84.124656235234,
        133.97926458691475,
        267.52254953831897,
        2101.766698226492,
        1950.8656122935001,
        714.545899027949,
        217.77472262705948,
        138.20654365346698,
        84.07825298491282
    ],
    "Entropies": [
        6834.413225585567,
        6845.607178771453,
        6865.411001852655,
        6919.85116088949,
        7934.794556049188,
        7966.748767907375,
        8001.532711533491,
        8001.532711533491,
        6845.607178771453
    ],
    "Specifice Volumes": [
        0.9354134467594015,
        0.6780422909737055,
        0.42158869626980144,
        0.0999186213899665,
        0.22813094970763842,
        0.5085094443806236,
        1.2955997300931938,
        1.8262832505468736,
        0.9458112098493421
    ],
    "Performance": {
        "Thrust": 99999.99999999999,
        "OPR": 24.499999999999996,
        "T4": 1332.8124999999998,
        "Thermal Efficiency": 0.4412227615081842,
        "SFC": 0.052707647887419794,
        "TSFC": 7.498553334509394,
        "Air Mass Flow Rate": 190.1380926135453,
        "Fuel Mass Flow Rate": 0.7498553334509392,
        "Core EGT": 749.39560143167,
        "Bypass EGT": 59.94203332083493,
        "FAR": 0.02405681823761428,
        "Specific Thrust": 0.5259335392789991
    },
    "Pressure Ratios": {
        "Fan": 1.6,
        "LPC": 2.0,
        "HPC": 7.8125,
        "HPT": 2.723784381016709,
        "LPT": 3.2717928478538996
    },
    "Mechanical Parameters": {
        "LP Shaft Speed": 5490.0,
        "Fan Power": 8.591658774570481,
        "Fan Efficiency": 0.92,
        "LPC Power": 2.5204905083715445,
        "LPC Efficiency": 0.9,
        "LPT Power": 11.33892783973676,
        "LPT Efficiency": 0.9100000000000003,
        "HP Shaft Speed": 15183.0,
        "HPC Power": 11.512702310331967,
        "HPC Efficiency": 0.89,
        "HPT Power": 11.901361020277943,
        "HPT Efficiency": 0.8999999999999999,
        "Burner Power": 5.76766450798176,
        "Burner Efficiency": 0.17887681364679883
    }
}