{
    "Stages": [
        "0. Fan Inlet",
        "1. LPC Inlet",
        "2. HPC Inlet",
        "3. Burner Inlet",
        "4. HPT Inlet",
        "5. LPT Inlet",
        "6. Core Nozz Inlet",
        "7. Core Nozz Outlet",
        "8. Byp Nozz Outlet"
    ],
    "Total Temperatures": [
        15.000057655676706,
        59.942033320834994,
        139.95697080771498,
        480.77907232499336,
        1339.8437499999998,
        1057.5706840513508,
        767.8193127920566,
        767.8193127920566,
        59.94203332083493
    ],
    "Static Temperatures": [
        1.2698087753191583,
        44.11029440122737,
        120.50659961430016,
        448.25261771755004,
        1284.5104645232118,
        1009.6445790573389,
        728.0804384432029,
        623.1074681955254,
        4.4391862677623966
    ],
    "Total Pressures": [
        99.29823547694355,
        158.87717676310967,
        317.75435352621935,
        2358.3330925774094,
        2169.6664451712168,
        827.8594056269415,
        257.8946609999991,
        257.8946609999991,
        158.87717676310967
    ],
    "Static Pressures": [
        84.124656235234,
        133.97926458691475,
        267.52254953831897,
        1994.237241243563,
        1852.7778312934684,
        705.1625679157779,
        219.2914987216008,
        139.259690824961,
        84.07825298491304
    ],
    "Entropies": [
        6834.413225585567,
        6845.607178771453,
        6865.411001852655,
        6918.826679817173,
        7957.8600937448855,
        7988.332944287027,
        8022.565408949725,
        8022.565408949725,
        6845.607178771453
    ],
    "Specifice Volumes": [
        0.9354134467594015,
        0.6780422909737055,
        0.42158869626980144,
        0.10381923040477696,
        0.24127003406120104,
        0.5220306749718533,
        1.3101638331226304,
        1.846796176297709,
        0.9458112098493395
    ],
    "Performance": {
        "Thrust": 99999.99999999999,
        "OPR": 23.275,
        "T4": 1339.8437499999998,
        "Thermal Efficiency": 0.43480030045558027,
        "SFC": 0.053486195683676206,
        "TSFC": 7.637949049472586,
        "Air Mass Flow Rate": 189.57367500099522,
        "Fuel Mass Flow Rate": 0.7637949049472584,
        "Core EGT": 767.8193127920566,
        "Bypass EGT": 59.94203332083493,
        "FAR": 0.024576982643575468,
        "Specific Thrust": 0.5274994009557235
    },
    "Pressure Ratios": {
        "Fan": 1.6,
        "LPC": 2.0,
        "HPC": 7.421875,
        "HPT": 2.62081511718541,
        "LPT": 3.2100680270652995
    },
    "Mechanical Parameters": {
        "LP Shaft Speed": 5490.0,
        "Fan Power": 8.566154766053662,
        "Fan Efficiency": 0.92,
        "LPC Power": 2.5130085292707993,
        "LPC Efficiency": 0.9,
        "LPT Power": 11.30526866869843,
        "LPT Efficiency": 0.91,
        "HP Shaft Speed": 15183.0,
        "HPC Power": 11.107117788786043,
        "HPC Efficiency": 0.89,
        "HPT Power": 11.487499263598426,
        "HPT Efficiency": 0.8999999999999999,
        "Burner Power": 5.802835400665586,
        "Burner Efficiency": 0.17668311166583858
    }
}