{
    "Stages": [
        "0. Fan Inlet",
        "1. LPC Inlet",
        "2. HPC Inlet",
        "3. Burner Inlet",
        "4. HPT Inlet",
        "5. LPT Inlet",
        "6. Core Nozz Inlet",
        "7. Core Nozz Outlet",
        "8. Byp Nozz Outlet"
    ],
    "Total Temperatures": [
        15.000057655676706,
        59.942033320834994,
        139.95697080771498,
        493.37243777919446,
        1337.4999999999998,
        1043.8635033034147,
        753.1786262936266,
        753.1786262936266,
        59.94203332083493
    ],
    "Static Temperatures": [
        1.2698087753191583,
        44.11029440122737,
        120.50659961430016,
        460.42486151081926,
        1282.1759042272683,
        996.2989952895176,
        713.8152815908267,
        609.9357057227384,
        4.4391862677623966
    ],
    "Total Pressures": [
        99.29823547694355,
        158.87717676310967,
        317.75435352621935,
        2501.074306075516,
        2300.9883615894746,
        842.7681436167233,
        258.5848822562784,
        258.58488225627826,
        158.87717676310967
    ],
    "Static Pressures": [
        84.124656235234,
        133.97926458691475,
        267.52254953831897,
        2117.8970330934235,
        1963.3519832320928,
        718.284955230029,
        219.758138345173,
        139.49254659304825,
        84.07825298491306
    ],
    "Entropies": [
        6834.413225585567,
        6845.607178771453,
        6865.411001852655,
        6920.010957753696,
        7937.023657798011,
        7969.040503071809,
        8003.8207687269305,
        8003.820768726931,
        6845.607178771453
    ],
    "Specifice Volumes": [
        0.9354134467594015,
        0.6780422909737055,
        0.42158869626980144,
        0.09937168761139145,
        0.2273423263181299,
        0.5072344421730873,
        1.288801237993402,
        1.8165664340352863,
        0.9458112098493391
    ],
    "Performance": {
        "Thrust": 99999.99999999999,
        "OPR": 24.68375,
        "T4": 1337.4999999999998,
        "Thermal Efficiency": 0.43985304968109323,
        "SFC": 0.05287178063298536,
        "TSFC": 7.5256538859540845,
        "Air Mass Flow Rate": 189.97015119834634,
        "Fuel Mass Flow Rate": 0.7525653885954083,
        "Core EGT": 753.1786262936266,
        "Bypass EGT": 59.94203332083493,
        "FAR": 0.024165106157329575,
        "Specific Thrust": 0.5263984861263324
    },
    "Pressure Ratios": {
        "Fan": 1.6,
        "LPC": 2.0,
        "HPC": 7.87109375,
        "HPT": 2.730274487731379,
        "LPT": 3.259154735818903
    },
    "Mechanical Parameters": {
        "LP Shaft Speed": 5490.0,
        "Fan Power": 8.584070104074874,
        "Fan Efficiency": 0.92,
        "LPC Power": 2.5182642593482534,
        "LPC Efficiency": 0.9,
        "LPT Power": 11.328912615737885,
        "LPT Efficiency": 0.9099999999999997,
        "HP Shaft Speed": 15183.0,
        "HPC Power": 11.558508331139363,
        "HPC Efficiency": 0.89,
        "HPT Power": 11.948101857836523,
        "HPT Efficiency": 0.9000000000000002,
        "Burner Power": 5.795332214896714,
        "Burner Efficiency": 0.17908765116057318
    }
}