{
    "Stages": [
        "0. Fan Inlet",
        "1. LPC Inlet",
        "2. HPC Inlet",
        "3. Burner Inlet",
        "4. HPT Inlet",
        "5. LPT Inlet",
        "6. Core Nozz Inlet",
        "7. Core Nozz Outlet",
        "8. Byp Nozz Outlet"
    ],
    "Total Temperatures": [
        15.000057655676706,
        59.942033320834994,
        139.95697080771498,
        507.8722392128601,
        1385.546875,
        1082.3126638916328,
        794.3238161252006,
        794.3238161252006,
        59.94203332083493
    ],
    "Static Temperatures": [
        1.2698087753191583,
        44.11029440122737,
        120.50659961430016,
        474.441069769347,
        1329.1906194217768,
        1033.8082069358522,
        753.8886356547806,
        646.9375224229836,
        4.4391862677623966
    ],
    "Total Pressures": [
        99.29823547694355,
        158.87717676310967,
        317.75435352621935,
        2668.640078442858,
        2455.1488721674314,
        887.9201812345659,
        283.3776504847701,
        283.37765048477013,
        158.87717676310967
    ],
    "Static Pressures": [
        84.124656235234,
        133.97926458691475,
        267.52254953831897,
        2259.9677293196337,
        2097.2198890929594,
        757.3855077527974,
        241.37970568680947,
        153.47641701410464,
        84.07825298491304
    ],
    "Entropies": [
        6834.413225585567,
        6845.607178771453,
        6865.411001852655,
        6921.418314332206,
        7961.940149774231,
        7994.325031525245,
        8027.707237550726,
        8027.707237550726,
        6845.607178771453
    ],
    "Specifice Volumes": [
        0.9354134467594015,
        0.6780422909737034,
        0.42158869626980144,
        0.09492981440050113,
        0.21926943191146148,
        0.4952351816697676,
        1.2211988245089642,
        1.7203831922868746,
        0.9458112098493398
    ],
    "Performance": {
        "Thrust": 99999.99999999999,
        "OPR": 26.337499999999995,
        "T4": 1385.546875,
        "Thermal Efficiency": 0.42558117460774053,
        "SFC": 0.054644837086422635,
        "TSFC": 7.8230196280736495,
        "Air Mass Flow Rate": 188.2341928147436,
        "Fuel Mass Flow Rate": 0.7823019628073649,
        "Core EGT": 794.3238161252006,
        "Bypass EGT": 59.94203332083493,
        "FAR": 0.025351621306238845,
        "Specific Thrust": 0.531253108187512
    },
    "Pressure Ratios": {
        "Fan": 1.6,
        "LPC": 2.0,
        "HPC": 8.3984375,
        "HPT": 2.765055828277028,
        "LPT": 3.1333458362563653
    },
    "Mechanical Parameters": {
        "LP Shaft Speed": 5490.0,
        "Fan Power": 8.505628367998957,
        "Fan Efficiency": 0.92,
        "LPC Power": 2.495252212847441,
        "LPC Efficiency": 0.9,
        "LPT Power": 11.225388347802449,
        "LPT Efficiency": 0.9100000000000003,
        "HP Shaft Speed": 15183.0,
        "HPC Power": 11.94135954601208,
        "HPC Efficiency": 0.89,
        "HPT Power": 12.33876636280867,
        "HPT Efficiency": 0.8999999999999999,
        "Burner Power": 6.085597122998337,
        "Burner Efficiency": 0.18090906225066297
    }
}