{
    "Stages": [
        "0. Fan Inlet",
        "1. LPC Inlet",
        "2. HPC Inlet",
        "3. Burner Inlet",
        "4. HPT Inlet",
        "5. LPT Inlet",
        "6. Core Nozz Inlet",
        "7. Core Nozz Outlet",
        "8. Byp Nozz Outlet"
    ],
    "Total Temperatures": [
        15.000057655676706,
        59.942033320834994,
        139.95697080771498,
        500.50668997858105,
        1399.609375,
        1103.8286085104583,
        817.3123196090786,
        817.3123196090786,
        59.94203332083493
    ],
    "Static Temperatures": [
        1.2698087753191583,
        44.11029440122737,
        120.50659961430016,
        467.3210025677772,
        1342.9860000417116,
        1054.7949809758843,
        776.2458333389645,
        667.6125958894092,
        4.4391862677623966
    ],
    "Total Pressures": [
        99.29823547694355,
        158.87717676310967,
        317.75435352621935,
        2581.754122400532,
        2375.2137926084897,
        889.0078506982849,
        289.9759416473375,
        289.97594164733766,
        158.87717676310967
    ],
    "Static Pressures": [
        84.124656235234,
        133.97926458691475,
        267.52254953831886,
        2187.797361623,
        2028.5271983576874,
        758.2828230293352,
        246.71906938109828,
        156.99440513212292,
        84.07825298491309
    ],
    "Entropies": [
        6834.413225585567,
        6845.607178771453,
        6865.411001852655,
        6920.703410829637,
        7984.954683573046,
        8016.147751717106,
        8048.662226987457,
        8048.662226987457,
        6845.607178771453
    ],
    "Specifice Volumes": [
        0.9354134467594015,
        0.6780422909737055,
        0.42158869626980155,
        0.0971052017440814,
        0.2286535783542505,
        0.5025695009916041,
        1.2204818612899822,
        1.719309654127282,
        0.9458112098493389
    ],
    "Performance": {
        "Thrust": 99999.99999999999,
        "OPR": 25.479999999999997,
        "T4": 1399.609375,
        "Thermal Efficiency": 0.41821680619544016,
        "SFC": 0.05560707654254458,
        "TSFC": 7.994610793400242,
        "Air Mass Flow Rate": 187.4807573298029,
        "Fuel Mass Flow Rate": 0.7994610793400241,
        "Core EGT": 817.3123196090786,
        "Bypass EGT": 59.94203332083493,
        "FAR": 0.02601180330947447,
        "Specific Thrust": 0.5333880736575384
    },
    "Pressure Ratios": {
        "Fan": 1.6,
        "LPC": 2.0,
        "HPC": 8.125,
        "HPT": 2.6717579498795665,
        "LPT": 3.065798650908345
    },
    "Mechanical Parameters": {
        "LP Shaft Speed": 5490.0,
        "Fan Power": 8.471583319443535,
        "Fan Efficiency": 0.92,
        "LPC Power": 2.4852645929951516,
        "LPC Efficiency": 0.9,
        "LPT Power": 11.180457053508865,
        "LPT Efficiency": 0.9099999999999999,
        "HP Shaft Speed": 15183.0,
        "HPC Power": 11.646422790999612,
        "HPC Efficiency": 0.89,
        "HPT Power": 12.037810490346965,
        "HPT Efficiency": 0.9000000000000001,
        "Burner Power": 6.165097271849632,
        "Burner Efficiency": 0.1793387556498098
    }
}