{
    "Stages": [
        "0. Fan Inlet",
        "1. LPC Inlet",
        "2. HPC Inlet",
        "3. Burner Inlet",
        "4. HPT Inlet",
        "5. LPT Inlet",
        "6. Core Nozz Inlet",
        "7. Core Nozz Outlet",
        "8. Byp Nozz Outlet"
    ],
    "Total Temperatures": [
        15.000057655676706,
        59.942033320834994,
        139.95697080771498,
        481.847867360237,
        1343.3593749999998,
        1060.3750693759823,
        770.8150511120266,
        770.8150511120266,
        59.94203332083493
    ],
    "Static Temperatures": [
        1.2698087753191583,
        44.11029440122737,
        120.50659961430016,
        449.28563226390196,
        1287.9546038555989,
        1012.3753338838897,
        730.9931306400462,
        625.7958685011752,
        4.4391862677623966
    ],
    "Total Pressures": [
        99.29823547694355,
        158.87717676310967,
        317.75435352621935,
        2370.7453720120275,
        2181.0857422510653,
        831.8850281890549,
        259.92268575435384,
        259.92268575435384,
        158.87717676310967
    ],
    "Static Pressures": [
        84.124656235234,
        133.97926458691475,
        267.52254953831897,
        2004.9887060675856,
        1862.82214606561,
        708.5815055643869,
        221.03313806005204,
        140.38158774631367,
        84.07825298491309
    ],
    "Entropies": [
        6834.413225585567,
        6845.607178771453,
        6865.411001852655,
        6918.892379700123,
        7959.461594197652,
        7989.961408101991,
        8024.074101035601,
        8024.074101035601,
        6845.607178771453
    ],
    "Specifice Volumes": [
        0.9354134467594015,
        0.6780422909737055,
        0.42158869626980144,
        0.10340507120949602,
        0.24049951459546,
        0.5206163684753768,
        1.3035659937051538,
        1.8374178818212659,
        0.9458112098493389
    ],
    "Performance": {
        "Thrust": 99999.99999999999,
        "OPR": 23.3975,
        "T4": 1343.3593749999998,
        "Thermal Efficiency": 0.4337508622748049,
        "SFC": 0.05361560281753294,
        "TSFC": 7.659353632439807,
        "Air Mass Flow Rate": 189.43970559590332,
        "Fuel Mass Flow Rate": 0.7659353632439805,
        "Core EGT": 770.8150511120266,
        "Bypass EGT": 59.94203332083493,
        "FAR": 0.024663286406043265,
        "Specific Thrust": 0.5278724419753453
    },
    "Pressure Ratios": {
        "Fan": 1.6,
        "LPC": 2.0,
        "HPC": 7.4609375,
        "HPT": 2.6218595939863336,
        "LPT": 3.2005095121833556
    },
    "Mechanical Parameters": {
        "LP Shaft Speed": 5490.0,
        "Fan Power": 8.56010116890771,
        "Fan Efficiency": 0.92,
        "LPC Power": 2.5112326167784373,
        "LPC Efficiency": 0.9,
        "LPT Power": 11.297279373149133,
        "LPT Efficiency": 0.9100000000000003,
        "HP Shaft Speed": 15183.0,
        "HPC Power": 11.135504938897835,
        "HPC Efficiency": 0.89,
        "HPT Power": 11.516465743304336,
        "HPT Efficiency": 0.8999999999999999,
        "Burner Power": 5.823527306931723,
        "Burner Efficiency": 0.1768176194783205
    }
}