{
    "Stages": [
        "0. Fan Inlet",
        "1. LPC Inlet",
        "2. HPC Inlet",
        "3. Burner Inlet",
        "4. HPT Inlet",
        "5. LPT Inlet",
        "6. Core Nozz Inlet",
        "7. Core Nozz Outlet",
        "8. Byp Nozz Outlet"
    ],
    "Total Temperatures": [
        15.000057655676706,
        59.942033320834994,
        139.95697080771498,
        513.0791107822114,
        1370.3125,
        1061.404104255227,
        771.9266764485009,
        771.9266764485009,
        59.94203332083493
    ],
    "Static Temperatures": [
        1.2698087753191583,
        44.11029440122737,
        120.50659961430016,
        479.473891331439,
        1314.2397401717894,
        1013.3788680690986,
        732.0752278504824,
        626.7976479354409,
        4.4391862677623966
    ],
    "Total Pressures": [
        99.29823547694355,
        158.87717676310967,
        317.75435352621935,
        2736.9076153332567,
        2517.9550061066006,
        885.431092366578,
        276.62598910183783,
        276.62598910183783,
        158.87717676310967
    ],
    "Static Pressures": [
        84.124656235234,
        133.97926458691475,
        267.52254953831897,
        2315.986155285283,
        2150.693292047131,
        754.7485150448601,
        235.43788537348428,
        149.62721704992168,
        84.0782529849129
    ],
    "Entropies": [
        6834.413225585567,
        6845.607178771453,
        6865.411001852655,
        6921.923696226899,
        7940.077593379232,
        7973.487027748078,
        8007.554700578694,
        8007.554700578694,
        6845.607178771453
    ],
    "Specifice Volumes": [
        0.9354134467594015,
        0.6780422909737055,
        0.42158869626980144,
        0.09328179608621973,
        0.2118205587902733,
        0.4891530098714933,
        1.2251146112237543,
        1.7257704417444633,
        0.9458112098493411
    ],
    "Performance": {
        "Thrust": 99999.99999999999,
        "OPR": 27.011249999999997,
        "T4": 1370.3125,
        "Thermal Efficiency": 0.4330801842386531,
        "SFC": 0.053698633185842164,
        "TSFC": 7.6567821361755675,
        "Air Mass Flow Rate": 189.00608503677367,
        "Fuel Mass Flow Rate": 0.7656782136175566,
        "Core EGT": 771.9266764485009,
        "Bypass EGT": 59.94203332083493,
        "FAR": 0.024711570011930358,
        "Specific Thrust": 0.5290834947485614
    },
    "Pressure Ratios": {
        "Fan": 1.6,
        "LPC": 2.0,
        "HPC": 8.61328125,
        "HPT": 2.8437616747528214,
        "LPT": 3.200823954543957
    },
    "Mechanical Parameters": {
        "LP Shaft Speed": 5490.0,
        "Fan Power": 8.540507410337446,
        "Fan Efficiency": 0.92,
        "LPC Power": 2.5054844971433967,
        "LPC Efficiency": 0.9,
        "LPT Power": 11.27142031375596,
        "LPT Efficiency": 0.9099999999999998,
        "HP Shaft Speed": 15183.0,
        "HPC Power": 12.166457631332024,
        "HPC Efficiency": 0.89,
        "HPT Power": 12.568458286604535,
        "HPT Efficiency": 0.9000000000000002,
        "Burner Power": 5.9956252812570945,
        "Burner Efficiency": 0.18210410534860916
    }
}