{
    "Stages": [
        "0. Fan Inlet",
        "1. LPC Inlet",
        "2. HPC Inlet",
        "3. Burner Inlet",
        "4. HPT Inlet",
        "5. LPT Inlet",
        "6. Core Nozz Inlet",
        "7. Core Nozz Outlet",
        "8. Byp Nozz Outlet"
    ],
    "Total Temperatures": [
        15.000057655676706,
        59.942033320834994,
        139.95697080771498,
        479.7327711955421,
        1341.015625,
        1059.7521855482532,
        770.1489084514177,
        770.1489084514177,
        59.94203332083493
    ],
    "Static Temperatures": [
        1.2698087753191583,
        44.11029440122737,
        120.50659961430016,
        447.2413511927417,
        1285.6628160580706,
        1011.7687089229327,
        730.3453696441279,
        625.1977889187657,
        4.4391862677623966
    ],
    "Total Pressures": [
        99.29823547694355,
        158.87717676310967,
        317.75435352621935,
        2345.9208131427913,
        2158.247148091366,
        826.979561926538,
        258.24286309394193,
        258.2428630939419,
        158.87717676310967
    ],
    "Static Pressures": [
        84.124656235234,
        133.97926458691475,
        267.52254953831897,
        1983.4868090738732,
        1842.997766273257,
        704.3621204068075,
        219.58589288206375,
        139.45189463243713,
        84.07825298491306
    ],
    "Entropies": [
        6834.413225585567,
        6845.607178771453,
        6865.411001852655,
        6918.7928890047415,
        7960.598513698223,
        7990.915754838118,
        8025.055118011522,
        8025.055118011522,
        6845.607178771453
    ],
    "Specifice Volumes": [
        0.9354134467594015,
        0.6780422909737055,
        0.42158869626980144,
        0.10424124334699791,
        0.24272944268083407,
        0.5234878166007318,
        1.3113216610798557,
        1.8484597314115374,
        0.9458112098493391
    ],
    "Performance": {
        "Thrust": 99999.99999999999,
        "OPR": 23.1525,
        "T4": 1341.015625,
        "Thermal Efficiency": 0.4340010205170268,
        "SFC": 0.05358469877739837,
        "TSFC": 7.655576070648068,
        "Air Mass Flow Rate": 189.50138638538226,
        "Fuel Mass Flow Rate": 0.7655576070648067,
        "Core EGT": 770.1489084514177,
        "Bypass EGT": 59.94203332083493,
        "FAR": 0.024643098882655704,
        "Specific Thrust": 0.5277006248209368
    },
    "Pressure Ratios": {
        "Fan": 1.6,
        "LPC": 2.0,
        "HPC": 7.3828125,
        "HPT": 2.6097950269333094,
        "LPT": 3.202332687992638
    },
    "Mechanical Parameters": {
        "LP Shaft Speed": 5490.0,
        "Fan Power": 8.562888302663314,
        "Fan Efficiency": 0.92,
        "LPC Power": 2.5120502637964206,
        "LPC Efficiency": 0.9,
        "LPT Power": 11.30095772087728,
        "LPT Efficiency": 0.91,
        "HP Shaft Speed": 15183.0,
        "HPC Power": 11.067397067552024,
        "HPC Efficiency": 0.89,
        "HPT Power": 11.446967915400453,
        "HPT Efficiency": 0.8999999999999998,
        "Burner Power": 5.80899737030667,
        "Burner Efficiency": 0.1764634834184583
    }
}