{
    "Stages": [
        "0. Fan Inlet",
        "1. LPC Inlet",
        "2. HPC Inlet",
        "3. Burner Inlet",
        "4. HPT Inlet",
        "5. LPT Inlet",
        "6. Core Nozz Inlet",
        "7. Core Nozz Outlet",
        "8. Byp Nozz Outlet"
    ],
    "Total Temperatures": [
        15.000057655676706,
        59.94203332083493,
        139.95697080771544,
        469.02608959737455,
        1433.5937499999998,
        1167.3911371403137,
        885.132166621463,
        885.132166621463,
        59.94203332083487
    ],
    "Static Temperatures": [
        1.2698087753191583,
        44.11029440122737,
        120.50659961430054,
        436.908616834848,
        1376.3856424732849,
        1116.8497190848893,
        842.3036930654503,
        728.7746564214812,
        4.4391862677623966
    ],
    "Total Pressures": [
        99.29823547694355,
        158.87717676310967,
        317.75435352621935,
        2228.004158513921,
        2049.7638258328075,
        864.3110646063425,
        299.75227864468525,
        299.75227864468513,
        158.87717676310967
    ],
    "Static Pressures": [
        84.124656235234,
        133.97926458691455,
        267.52254953831886,
        1887.5338950205507,
        1751.213537032591,
        737.2044173785731,
        255.1289102797114,
        162.45247041573248,
        84.07825298491288
    ],
    "Entropies": [
        6834.413225585567,
        6845.607178771453,
        6865.411001852656,
        6917.768935483485,
        8061.246065745044,
        8088.334399332823,
        8118.856114174699,
        8118.856114174699,
        6845.607178771453
    ],
    "Specifice Volumes": [
        0.9354134467594015,
        0.678042290973704,
        0.42158869626980217,
        0.10793657427413135,
        0.2703380293728911,
        0.5410775036219347,
        1.2545519204319744,
        1.7697426058649641,
        0.9458112098493413
    ],
    "Performance": {
        "Thrust": 99999.99999999999,
        "OPR": 21.98875,
        "T4": 1433.5937499999998,
        "Thermal Efficiency": 0.3981514040387443,
        "SFC": 0.05840947367656485,
        "TSFC": 8.5100650866973,
        "Air Mass Flow Rate": 185.4894299856681,
        "Fuel Mass Flow Rate": 0.85100650866973,
        "Core EGT": 885.132166621463,
        "Bypass EGT": 59.94203332083487,
        "FAR": 0.02798617529465936,
        "Specific Thrust": 0.5391142773349755
    },
    "Pressure Ratios": {
        "Fan": 1.6,
        "LPC": 2.0,
        "HPC": 7.01171875,
        "HPT": 2.371558007031171,
        "LPT": 2.8834178292631543
    },
    "Mechanical Parameters": {
        "LP Shaft Speed": 5490.0,
        "Fan Power": 8.38160237551951,
        "Fan Efficiency": 0.92,
        "LPC Power": 2.4588673487556663,
        "LPC Efficiency": 0.9,
        "LPT Power": 11.061703800280792,
        "LPT Efficiency": 0.9100000000000001,
        "HP Shaft Speed": 15183.0,
        "HPC Power": 10.480246058048003,
        "HPC Efficiency": 0.89,
        "HPT Power": 10.847834232233087,
        "HPT Efficiency": 0.9000000000000001,
        "Burner Power": 6.3294536627820435,
        "Burner Efficiency": 0.17296765102182168
    }
}