{
    "Stages": [
        "0. Fan Inlet",
        "1. LPC Inlet",
        "2. HPC Inlet",
        "3. Burner Inlet",
        "4. HPT Inlet",
        "5. LPT Inlet",
        "6. Core Nozz Inlet",
        "7. Core Nozz Outlet",
        "8. Byp Nozz Outlet"
    ],
    "Total Temperatures": [
        15.000057655676706,
        59.9420333208348,
        139.95697080771538,
        468.41496327457634,
        1411.328125,
        1144.2845554596665,
        860.5094984216186,
        860.5094984216186,
        59.9420333208348
    ],
    "Static Temperatures": [
        1.2698087753191583,
        44.11029440122724,
        120.50659961430054,
        436.3180646406539,
        1354.5534463093638,
        1094.3093851428175,
        818.3221165800604,
        706.5408204385556,
        4.4391862677623335
    ],
    "Total Pressures": [
        99.29823547694355,
        158.8771767631097,
        317.7543535262194,
        2221.7980187966123,
        2044.054177292884,
        851.5014035068494,
        288.6405087767156,
        288.6405087767156,
        158.8771767631097
    ],
    "Static Pressures": [
        84.12465623523384,
        133.97926458691475,
        267.5225495383193,
        1882.146920816902,
        1745.6195659817192,
        726.368726903269,
        245.86195591817645,
        156.54791576966988,
        84.0782529849128
    ],
    "Entropies": [
        6834.413225585567,
        6845.607178771453,
        6865.411001852656,
        6917.70915206667,
        8041.9233545521065,
        8069.397530990052,
        8100.752675986289,
        8100.752675986289,
        6845.607178771453
    ],
    "Specifice Volumes": [
        0.9354134467594031,
        0.6780422909737052,
        0.4215886962698013,
        0.1081532017046148,
        0.2675971249373704,
        0.5402973224254195,
        1.2740048081095332,
        1.7956191756682458,
        0.9458112098493416
    ],
    "Performance": {
        "Thrust": 99999.99999999999,
        "OPR": 21.927500000000002,
        "T4": 1411.328125,
        "Thermal Efficiency": 0.405262339999078,
        "SFC": 0.057384591801797516,
        "TSFC": 8.327135664055058,
        "Air Mass Flow Rate": 186.34932688570728,
        "Fuel Mass Flow Rate": 0.8327135664055058,
        "Core EGT": 860.5094984216186,
        "Bypass EGT": 59.9420333208348,
        "FAR": 0.027258229691320544,
        "Specific Thrust": 0.5366265694178358
    },
    "Pressure Ratios": {
        "Fan": 1.6,
        "LPC": 2.0,
        "HPC": 6.9921875,
        "HPT": 2.400529428224767,
        "LPT": 2.9500412368159576
    },
    "Mechanical Parameters": {
        "LP Shaft Speed": 5490.0,
        "Fan Power": 8.42045803376713,
        "Fan Efficiency": 0.92,
        "LPC Power": 2.4702662322983358,
        "LPC Efficiency": 0.9,
        "LPT Power": 11.11298394496476,
        "LPT Efficiency": 0.9099999999999999,
        "HP Shaft Speed": 15183.0,
        "HPC Power": 10.508602591490176,
        "HPC Efficiency": 0.89,
        "HPT Power": 10.876769470439383,
        "HPT Efficiency": 0.9,
        "Burner Power": 6.200145869388152,
        "Burner Efficiency": 0.17315610630122058
    }
}