{
    "Stages": [
        "0. Fan Inlet",
        "1. LPC Inlet",
        "2. HPC Inlet",
        "3. Burner Inlet",
        "4. HPT Inlet",
        "5. LPT Inlet",
        "6. Core Nozz Inlet",
        "7. Core Nozz Outlet",
        "8. Byp Nozz Outlet"
    ],
    "Total Temperatures": [
        15.000057655676706,
        59.942033320834994,
        139.95697080771498,
        518.2524470165644,
        1440.625,
        1132.0607177926981,
        847.4508714379472,
        847.4508714379472,
        59.94203332083493
    ],
    "Static Temperatures": [
        1.2698087753191583,
        44.11029440122737,
        120.50659961430016,
        484.4707764992631,
        1383.0958060133232,
        1082.3424746963346,
        805.6018800438122,
        694.7849534159044,
        4.4391862677623966
    ],
    "Total Pressures": [
        99.29823547694355,
        158.87717676310967,
        317.75435352621935,
        2805.1751522236555,
        2580.761140045768,
        939.1481891528844,
        316.1484108224367,
        316.1484108224365,
        158.87717676310967
    ],
    "Static Pressures": [
        84.124656235234,
        133.97926458691475,
        267.52254953831897,
        2374.6892655785437,
        2205.924669755456,
        801.4358359464937,
        269.19530444721966,
        171.34651514240028,
        84.07825298491304
    ],
    "Entropies": [
        6834.413225585567,
        6845.607178771453,
        6865.411001852655,
        6922.152263549907,
        7996.350874979499,
        8028.444653775058,
        8060.066414079348,
        8060.066414079348,
        6845.607178771453
    ],
    "Specifice Volumes": [
        0.9354134467594015,
        0.6780422909737034,
        0.42158869626980144,
        0.09155732720362512,
        0.21547626288598865,
        0.4853548411912517,
        1.149858811855086,
        1.6209326554007184,
        0.9458112098493398
    ],
    "Performance": {
        "Thrust": 99999.99999999999,
        "OPR": 27.685,
        "T4": 1440.625,
        "Thermal Efficiency": 0.4087572215116794,
        "SFC": 0.0568939525214575,
        "TSFC": 8.210551173330067,
        "Air Mass Flow Rate": 186.17990329471777,
        "Fuel Mass Flow Rate": 0.8210551173330066,
        "Core EGT": 847.4508714379472,
        "Bypass EGT": 59.94203332083493,
        "FAR": 0.026901057133986793,
        "Specific Thrust": 0.5371148992472226
    },
    "Pressure Ratios": {
        "Fan": 1.6,
        "LPC": 2.0,
        "HPC": 8.828125,
        "HPT": 2.7479807445229856,
        "LPT": 2.970592788082533
    },
    "Mechanical Parameters": {
        "LP Shaft Speed": 5490.0,
        "Fan Power": 8.412802389061055,
        "Fan Efficiency": 0.92,
        "LPC Power": 2.4680203353972123,
        "LPC Efficiency": 0.9,
        "LPT Power": 11.102880331079866,
        "LPT Efficiency": 0.9099999999999998,
        "HP Shaft Speed": 15183.0,
        "HPC Power": 12.158030766497024,
        "HPC Efficiency": 0.89,
        "HPT Power": 12.559859444936166,
        "HPT Efficiency": 0.9000000000000005,
        "Burner Power": 6.426917409324016,
        "Burner Efficiency": 0.1820379562960022
    }
}