{
    "Stages": [
        "0. Fan Inlet",
        "1. LPC Inlet",
        "2. HPC Inlet",
        "3. Burner Inlet",
        "4. HPT Inlet",
        "5. LPT Inlet",
        "6. Core Nozz Inlet",
        "7. Core Nozz Outlet",
        "8. Byp Nozz Outlet"
    ],
    "Total Temperatures": [
        15.000057655676706,
        59.942033320834994,
        139.95697080771498,
        518.2524470165644,
        1308.2031249999998,
        990.2070824768228,
        695.6061463076741,
        695.6061463076741,
        59.94203332083493
    ],
    "Static Temperatures": [
        1.2698087753191583,
        44.11029440122737,
        120.50659961430016,
        484.4707764992631,
        1253.441166826727,
        943.9456669219383,
        657.8323802969079,
        558.3216097556956,
        4.4391862677623966
    ],
    "Total Pressures": [
        99.29823547694355,
        158.87717676310967,
        317.75435352621935,
        2805.1751522236555,
        2580.761140045768,
        847.9018780569029,
        243.88259166077304,
        243.88259166077304,
        158.87717676310967
    ],
    "Static Pressures": [
        84.124656235234,
        133.97926458691475,
        267.52254953831897,
        2374.6892655785427,
        2203.8418048590993,
        721.9584962611974,
        207.47978480277422,
        131.63806200142088,
        84.0782529849129
    ],
    "Entropies": [
        6834.413225585567,
        6845.607178771453,
        6865.411001852655,
        6922.152263549907,
        7874.191977811212,
        7910.110652553012,
        7947.039577591382,
        7947.039577591382,
        6845.607178771453
    ],
    "Specifice Volumes": [
        0.9354134467594015,
        0.6780422909737055,
        0.42158869626980144,
        0.09155732720362515,
        0.1987907235734574,
        0.48376551618353053,
        1.2876094027532061,
        1.8122705147288203,
        0.9458112098493411
    ],
    "Performance": {
        "Thrust": 99999.99999999999,
        "OPR": 27.685,
        "T4": 1308.2031249999998,
        "Thermal Efficiency": 0.4612950807783187,
        "SFC": 0.050414181556521415,
        "TSFC": 7.0997949672191885,
        "Air Mass Flow Rate": 191.99385730939878,
        "Fuel Mass Flow Rate": 0.7099794967219187,
        "Core EGT": 695.6061463076741,
        "Bypass EGT": 59.94203332083493,
        "FAR": 0.022557361942181737,
        "Specific Thrust": 0.5208499969811515
    },
    "Pressure Ratios": {
        "Fan": 1.6,
        "LPC": 2.0,
        "HPC": 8.828125,
        "HPT": 3.0437025873323664,
        "LPT": 3.476680612104887
    },
    "Mechanical Parameters": {
        "LP Shaft Speed": 5490.0,
        "Fan Power": 8.67551412840047,
        "Fan Efficiency": 0.92,
        "LPC Power": 2.545090719919773,
        "LPC Efficiency": 0.9,
        "LPT Power": 11.449596784000247,
        "LPT Efficiency": 0.91,
        "HP Shaft Speed": 15183.0,
        "HPC Power": 12.537697049133321,
        "HPC Efficiency": 0.89,
        "HPT Power": 12.947274019054841,
        "HPT Efficiency": 0.9000000000000004,
        "Burner Power": 5.624937321461594,
        "Burner Efficiency": 0.18424827259368035
    }
}