{
    "Stages": [
        "0. Fan Inlet",
        "1. LPC Inlet",
        "2. HPC Inlet",
        "3. Burner Inlet",
        "4. HPT Inlet",
        "5. LPT Inlet",
        "6. Core Nozz Inlet",
        "7. Core Nozz Outlet",
        "8. Byp Nozz Outlet"
    ],
    "Total Temperatures": [
        15.000057655676706,
        59.94203332083493,
        139.95697080771544,
        512.1324069596494,
        1420.703125,
        1116.1437015257995,
        830.4779326334645,
        830.4779326334645,
        59.94203332083487
    ],
    "Static Temperatures": [
        1.2698087753191583,
        44.11029440122737,
        120.50659961430054,
        478.55941487717695,
        1363.6153992384748,
        1066.8336951033486,
        789.0922381172699,
        679.4885502571868,
        4.4391862677623966
    ],
    "Total Pressures": [
        99.29823547694355,
        158.87717676310967,
        317.75435352621935,
        2724.4953358986386,
        2506.53570902675,
        916.8609903140637,
        303.5296068577914,
        303.5296068577914,
        158.87717676310967
    ],
    "Static Pressures": [
        84.124656235234,
        133.97926458691455,
        267.52254953831886,
        2305.2867128691296,
        2142.110254606917,
        782.5879838231185,
        258.38269332883505,
        164.28321477709306,
        84.07825298491301
    ],
    "Entropies": [
        6834.413225585567,
        6845.607178771453,
        6865.411001852656,
        6921.831808609917,
        7987.627004144078,
        8019.559996769296,
        8051.788070801326,
        8051.788070801326,
        6845.607178771453
    ],
    "Specifice Volumes": [
        0.9354134467594015,
        0.678042290973704,
        0.42158869626980217,
        0.09359667100224152,
        0.21928718800269992,
        0.49140654048842736,
        1.1799233642185645,
        1.664002261491176,
        0.9458112098493399
    ],
    "Performance": {
        "Thrust": 99999.99999999999,
        "OPR": 26.888749999999998,
        "T4": 1420.703125,
        "Thermal Efficiency": 0.41400140070454133,
        "SFC": 0.0561732736022438,
        "TSFC": 8.087373577522138,
        "Air Mass Flow Rate": 186.8630606719603,
        "Fuel Mass Flow Rate": 0.8087373577522138,
        "Core EGT": 830.4779326334645,
        "Bypass EGT": 59.94203332083487,
        "FAR": 0.026400605151967137,
        "Specific Thrust": 0.5351512473380217
    },
    "Pressure Ratios": {
        "Fan": 1.6,
        "LPC": 2.0,
        "HPC": 8.57421875,
        "HPT": 2.733823050065807,
        "LPT": 3.020664111832846
    },
    "Mechanical Parameters": {
        "LP Shaft Speed": 5490.0,
        "Fan Power": 8.443671821871266,
        "Fan Efficiency": 0.92,
        "LPC Power": 2.4770763412790338,
        "LPC Efficiency": 0.9,
        "LPT Power": 11.143620574643164,
        "LPT Efficiency": 0.91,
        "HP Shaft Speed": 15183.0,
        "HPC Power": 11.996849047344382,
        "HPC Efficiency": 0.89,
        "HPT Power": 12.395388302943669,
        "HPT Efficiency": 0.9000000000000001,
        "Burner Power": 6.3005879628906705,
        "Burner Efficiency": 0.18117785713500711
    }
}