{
    "Stages": [
        "0. Fan Inlet",
        "1. LPC Inlet",
        "2. HPC Inlet",
        "3. Burner Inlet",
        "4. HPT Inlet",
        "5. LPT Inlet",
        "6. Core Nozz Inlet",
        "7. Core Nozz Outlet",
        "8. Byp Nozz Outlet"
    ],
    "Total Temperatures": [
        15.000057655676706,
        59.942033320834994,
        139.95697080771498,
        495.56759276462645,
        1343.3593749999998,
        1048.169326418266,
        757.7841403240617,
        757.7841403240617,
        59.94203332083493
    ],
    "Static Temperatures": [
        1.2698087753191583,
        44.11029440122737,
        120.50659961430016,
        462.5467162264951,
        1287.9125189776296,
        1000.4913794934308,
        718.3154711161274,
        614.0888080838317,
        4.4391862677623966
    ],
    "Total Pressures": [
        99.29823547694355,
        158.87717676310967,
        317.75435352621935,
        2525.8988649447515,
        2323.8269557491712,
        848.5321831551797,
        261.5695908316553,
        261.5695908316551,
        158.87717676310967
    ],
    "Static Pressures": [
        84.124656235234,
        133.97926458691475,
        267.52254953831897,
        2139.4044438413766,
        1982.947836023504,
        723.1739038909114,
        222.43922845462143,
        141.22950995219784,
        84.07825298491292
    ],
    "Entropies": [
        6834.413225585567,
        6845.607178771453,
        6865.411001852655,
        6920.224020238995,
        7939.562817077912,
        7971.673226856035,
        8006.306347190145,
        8006.306347190145,
        6845.607178771453
    ],
    "Specifice Volumes": [
        0.9354134467594015,
        0.6780422909737055,
        0.42158869626980144,
        0.09865668914212723,
        0.22592436548378436,
        0.5054346871672691,
        1.2792346976008986,
        1.802906229872635,
        0.9458112098493406
    ],
    "Performance": {
        "Thrust": 99999.99999999999,
        "OPR": 24.928749999999997,
        "T4": 1343.3593749999998,
        "Thermal Efficiency": 0.4381909207698653,
        "SFC": 0.05307233183341596,
        "TSFC": 7.558515502789619,
        "Air Mass Flow Rate": 189.75810755403333,
        "Fuel Mass Flow Rate": 0.7558515502789618,
        "Core EGT": 757.7841403240617,
        "Bypass EGT": 59.94203332083493,
        "FAR": 0.02429774683218095,
        "Specific Thrust": 0.5269867058066288
    },
    "Pressure Ratios": {
        "Fan": 1.6,
        "LPC": 2.0,
        "HPC": 7.94921875,
        "HPT": 2.7386432735034982,
        "LPT": 3.2440016458231566
    },
    "Mechanical Parameters": {
        "LP Shaft Speed": 5490.0,
        "Fan Power": 8.574488611948745,
        "Fan Efficiency": 0.92,
        "LPC Power": 2.515453386547832,
        "LPC Efficiency": 0.9,
        "LPT Power": 11.31626734540467,
        "LPT Efficiency": 0.9100000000000003,
        "HP Shaft Speed": 15183.0,
        "HPC Power": 11.620156459568037,
        "HPC Efficiency": 0.89,
        "HPT Power": 12.011008111335151,
        "HPT Efficiency": 0.9000000000000001,
        "Burner Power": 5.83024518544412,
        "Burner Efficiency": 0.17938323641179107
    }
}