{
    "Stages": [
        "0. Fan Inlet",
        "1. LPC Inlet",
        "2. HPC Inlet",
        "3. Burner Inlet",
        "4. HPT Inlet",
        "5. LPT Inlet",
        "6. Core Nozz Inlet",
        "7. Core Nozz Outlet",
        "8. Byp Nozz Outlet"
    ],
    "Total Temperatures": [
        15.000057655676706,
        59.942033320834994,
        139.95697080771498,
        516.842818069261,
        1363.2812499999998,
        1050.5031313681807,
        760.2852878316461,
        760.2852878316461,
        59.94203332083493
    ],
    "Static Temperatures": [
        1.2698087753191583,
        44.11029440122737,
        120.50659961430016,
        483.1079733883114,
        1307.3647919179243,
        1002.76473817539,
        720.7572105189673,
        616.3501512605624,
        4.4391862677623966
    ],
    "Total Pressures": [
        99.29823547694355,
        158.87717676310967,
        317.75435352621935,
        2786.556733071728,
        2563.63219442599,
        885.8680240061551,
        273.67332615097666,
        273.67332615097666,
        158.87717676310967
    ],
    "Static Pressures": [
        84.124656235234,
        133.97926458691475,
        267.52254953831897,
        2358.588657524791,
        2190.5170957430687,
        755.3334174961702,
        232.9210290005005,
        147.98594949816973,
        84.07825298491292
    ],
    "Entropies": [
        6834.413225585567,
        6845.607178771453,
        6865.411001852655,
        6922.100498847442,
        7927.830915408713,
        7961.883366109007,
        7996.416207280539,
        7996.416207280539,
        6845.607178771453
    ],
    "Specifice Volumes": [
        0.9354134467594015,
        0.6780422909737055,
        0.42158869626980144,
        0.09202191863904109,
        0.20708026802187324,
        0.4847650878119689,
        1.2246981018040843,
        1.7251377555661458,
        0.9458112098493406
    ],
    "Performance": {
        "Thrust": 99999.99999999999,
        "OPR": 27.501249999999995,
        "T4": 1363.2812499999998,
        "Thermal Efficiency": 0.43710546438242487,
        "SFC": 0.05320412543079487,
        "TSFC": 7.5695815713030985,
        "Air Mass Flow Rate": 189.39095918664202,
        "Fuel Mass Flow Rate": 0.7569581571303097,
        "Core EGT": 760.2852878316461,
        "Bypass EGT": 59.94203332083493,
        "FAR": 0.02438049196395095,
        "Specific Thrust": 0.5280083084718498
    },
    "Pressure Ratios": {
        "Fan": 1.6,
        "LPC": 2.0,
        "HPC": 8.76953125,
        "HPT": 2.893921131538864,
        "LPT": 3.236954205458263
    },
    "Mechanical Parameters": {
        "LP Shaft Speed": 5490.0,
        "Fan Power": 8.557898493425371,
        "Fan Efficiency": 0.92,
        "LPC Power": 2.5105864292619247,
        "LPC Efficiency": 0.9,
        "LPT Power": 11.294372370089077,
        "LPT Efficiency": 0.91,
        "HP Shaft Speed": 15183.0,
        "HPC Power": 12.319587741313919,
        "HPC Efficiency": 0.89,
        "HPT Power": 12.724713500871772,
        "HPT Efficiency": 0.8999999999999998,
        "Burner Power": 5.954115258414465,
        "Burner Efficiency": 0.18292661939499522
    }
}