{
    "Stages": [
        "0. Fan Inlet",
        "1. LPC Inlet",
        "2. HPC Inlet",
        "3. Burner Inlet",
        "4. HPT Inlet",
        "5. LPT Inlet",
        "6. Core Nozz Inlet",
        "7. Core Nozz Outlet",
        "8. Byp Nozz Outlet"
    ],
    "Total Temperatures": [
        15.000057655676706,
        59.942033320834994,
        139.95697080771538,
        516.8428180692619,
        1321.0937499999998,
        1005.3098535851819,
        711.8329717340405,
        711.8329717340405,
        59.942033320834994
    ],
    "Static Temperatures": [
        1.2698087753191583,
        44.1102944012275,
        120.50659961430048,
        483.10797338831213,
        1266.080996266093,
        958.697909127858,
        673.6009226078886,
        572.8564000673954,
        4.43918626776246
    ],
    "Total Pressures": [
        99.29823547694352,
        158.87717676310965,
        317.7543535262193,
        2786.5567330717276,
        2563.63219442599,
        855.7962571600907,
        250.69510337818326,
        250.69510337818323,
        158.87717676310965
    ],
    "Static Pressures": [
        84.124656235234,
        133.97926458691427,
        267.5225495383182,
        2358.5886575247905,
        2189.9775130040452,
        729.2527379905766,
        213.02395302326642,
        135.27139239804816,
        84.07825298491302
    ],
    "Entropies": [
        6834.413225585567,
        6845.607178771453,
        6865.411001852656,
        6922.100498847444,
        7888.470509477646,
        7923.7785488926875,
        7959.975209950858,
        7959.975209950858,
        6845.607178771453
    ],
    "Specifice Volumes": [
        0.9354134467594013,
        0.6780422909737036,
        0.4215886962698031,
        0.09202191863904122,
        0.20172209152145984,
        0.4848110270798003,
        1.275220931589534,
        1.7944451827513481,
        0.9458112098493395
    ],
    "Performance": {
        "Thrust": 99999.99999999999,
        "OPR": 27.501250000000002,
        "T4": 1321.0937499999998,
        "Thermal Efficiency": 0.4549532626273518,
        "SFC": 0.05111692972413521,
        "TSFC": 7.217770902665289,
        "Air Mass Flow Rate": 191.34273389961425,
        "Fuel Mass Flow Rate": 0.7217770902665288,
        "Core EGT": 711.8329717340405,
        "Bypass EGT": 59.942033320834994,
        "FAR": 0.02301022965907725,
        "Specific Thrust": 0.5226224062025989
    },
    "Pressure Ratios": {
        "Fan": 1.6,
        "LPC": 2.0,
        "HPC": 8.76953125,
        "HPT": 2.9956104305365163,
        "LPT": 3.4136935489192934
    },
    "Mechanical Parameters": {
        "LP Shaft Speed": 5490.0,
        "Fan Power": 8.646092195740328,
        "Fan Efficiency": 0.92,
        "LPC Power": 2.5364593596721767,
        "LPC Efficiency": 0.9,
        "LPT Power": 11.410766893278067,
        "LPT Efficiency": 0.91,
        "HP Shaft Speed": 15183.0,
        "HPC Power": 12.446547654981421,
        "HPC Efficiency": 0.89,
        "HPT Power": 12.85426443318555,
        "HPT Efficiency": 0.8999999999999997,
        "Burner Power": 5.702183206435368,
        "Burner Efficiency": 0.18372557617282997
    }
}