{
    "Stages": [
        "0. Fan Inlet",
        "1. LPC Inlet",
        "2. HPC Inlet",
        "3. Burner Inlet",
        "4. HPT Inlet",
        "5. LPT Inlet",
        "6. Core Nozz Inlet",
        "7. Core Nozz Outlet",
        "8. Byp Nozz Outlet"
    ],
    "Total Temperatures": [
        15.000057655676706,
        59.94203332083493,
        139.95697080771524,
        465.3593312861346,
        1326.9531249999998,
        1057.4748521386753,
        767.7108123010241,
        767.7108123010241,
        59.94203332083493
    ],
    "Static Temperatures": [
        1.2698087753191583,
        44.11029440122737,
        120.50659961430036,
        433.36534096391216,
        1271.969273426138,
        1009.5505199993894,
        727.9743208253661,
        623.0080673210831,
        4.4391862677623966
    ],
    "Total Pressures": [
        99.29823547694355,
        158.8771767631097,
        317.7543535262194,
        2190.7673202100673,
        2015.5059345932639,
        801.6279295478897,
        249.43965730209817,
        249.43965730209825,
        158.8771767631097
    ],
    "Static Pressures": [
        84.12465623523384,
        133.97926458691464,
        267.52254953831846,
        1855.2124169880835,
        1720.3426207649952,
        683.761468284733,
        212.26454842628806,
        134.9511253051204,
        84.0782529849128
    ],
    "Entropies": [
        6834.413225585567,
        6845.607178771453,
        6865.411001852656,
        6917.410234982335,
        7968.214659318839,
        7997.2498189098915,
        8031.486901028272,
        8031.48690102827,
        6845.607178771453
    ],
    "Specifice Volumes": [
        0.9354134467594031,
        0.6780422909737047,
        0.42158869626980255,
        0.1092575790443047,
        0.25777312259013335,
        0.538330462745593,
        1.3533955344418176,
        1.905552331006804,
        0.9458112098493423
    ],
    "Performance": {
        "Thrust": 99999.99999999999,
        "OPR": 21.62125,
        "T4": 1326.9531249999998,
        "Thermal Efficiency": 0.43498014001639407,
        "SFC": 0.053464082182262104,
        "TSFC": 7.64307327790859,
        "Air Mass Flow Rate": 189.78724997294455,
        "Fuel Mass Flow Rate": 0.7643073277908589,
        "Core EGT": 767.7108123010241,
        "Bypass EGT": 59.94203332083493,
        "FAR": 0.024565795121584185,
        "Specific Thrust": 0.52690578536891
    },
    "Pressure Ratios": {
        "Fan": 1.6,
        "LPC": 2.0,
        "HPC": 6.89453125,
        "HPT": 2.5142661081307245,
        "LPT": 3.213714844777197
    },
    "Mechanical Parameters": {
        "LP Shaft Speed": 5490.0,
        "Fan Power": 8.575805453385971,
        "Fan Efficiency": 0.92,
        "LPC Power": 2.51583970151107,
        "LPC Efficiency": 0.9,
        "LPT Power": 11.318005260099023,
        "LPT Efficiency": 0.9099999999999999,
        "HP Shaft Speed": 15183.0,
        "HPC Power": 10.599467502471816,
        "HPC Efficiency": 0.89,
        "HPT Power": 10.969488767359422,
        "HPT Efficiency": 0.9000000000000002,
        "Burner Power": 5.720405022995834,
        "Burner Efficiency": 0.17405652165851518
    }
}