{
    "Stages": [
        "0. Fan Inlet",
        "1. LPC Inlet",
        "2. HPC Inlet",
        "3. Burner Inlet",
        "4. HPT Inlet",
        "5. LPT Inlet",
        "6. Core Nozz Inlet",
        "7. Core Nozz Outlet",
        "8. Byp Nozz Outlet"
    ],
    "Total Temperatures": [
        15.000057655676706,
        59.942033320834994,
        139.95697080771498,
        487.3357594492608,
        1343.3593749999998,
        1055.495226331719,
        765.6052183213006,
        765.6052183213006,
        59.94203332083493
    ],
    "Static Temperatures": [
        1.2698087753191583,
        44.11029440122737,
        120.50659961430016,
        454.5899207102772,
        1287.9377283851125,
        1007.6240063734991,
        725.928076717086,
        621.121689794584,
        4.4391862677623966
    ],
    "Total Pressures": [
        99.29823547694355,
        158.87717676310967,
        317.75435352621935,
        2432.806769185117,
        2238.1822276503076,
        839.5550893069234,
        260.89146021126214,
        260.89146021126214,
        158.87717676310967
    ],
    "Static Pressures": [
        84.124656235234,
        133.97926458691475,
        267.52254953831897,
        2058.753407141099,
        1912.0517201092669,
        715.2903285625464,
        221.8820973086888,
        140.91910994804516,
        84.07825298491282
    ],
    "Entropies": [
        6834.413225585567,
        6845.607178771453,
        6865.411001852655,
        6919.425035917314,
        7951.170332407304,
        7982.314277754138,
        8016.635108938904,
        8016.635108938904,
        6845.607178771453
    ],
    "Specifice Volumes": [
        0.9354134467594015,
        0.6780422909737055,
        0.42158869626980144,
        0.10142358902100694,
        0.23430494390637624,
        0.5138326238559734,
        1.292137932837128,
        1.8211095621835078,
        0.9458112098493421
    ],
    "Performance": {
        "Thrust": 99999.99999999999,
        "OPR": 24.009999999999998,
        "T4": 1343.3593749999998,
        "Thermal Efficiency": 0.435511775378442,
        "SFC": 0.0533988178236513,
        "TSFC": 7.618633597708576,
        "Air Mass Flow Rate": 189.55613454423536,
        "Fuel Mass Flow Rate": 0.7618633597708576,
        "Core EGT": 765.6052183213006,
        "Bypass EGT": 59.94203332083493,
        "FAR": 0.024517098883537893,
        "Specific Thrust": 0.5275482127784353
    },
    "Pressure Ratios": {
        "Fan": 1.6,
        "LPC": 2.0,
        "HPC": 7.65625,
        "HPT": 2.665914668563311,
        "LPT": 3.2180244176144237
    },
    "Mechanical Parameters": {
        "LP Shaft Speed": 5490.0,
        "Fan Power": 8.56536217569389,
        "Fan Efficiency": 0.92,
        "LPC Power": 2.5127760111353323,
        "LPC Efficiency": 0.9,
        "LPT Power": 11.304222639621655,
        "LPT Efficiency": 0.91,
        "HP Shaft Speed": 15183.0,
        "HPC Power": 11.328524588935386,
        "HPC Efficiency": 0.89,
        "HPT Power": 11.713424569873272,
        "HPT Efficiency": 0.9,
        "Burner Power": 5.826320054826127,
        "Burner Efficiency": 0.17784792179698347
    }
}