{
    "Stages": [
        "0. Fan Inlet",
        "1. LPC Inlet",
        "2. HPC Inlet",
        "3. Burner Inlet",
        "4. HPT Inlet",
        "5. LPT Inlet",
        "6. Core Nozz Inlet",
        "7. Core Nozz Outlet",
        "8. Byp Nozz Outlet"
    ],
    "Total Temperatures": [
        15.000057655676706,
        59.942033320834994,
        139.95697080771498,
        519.6640327088859,
        1379.6875,
        1065.561974729583,
        776.3828459794705,
        776.3828459794705,
        59.94203332083493
    ],
    "Static Temperatures": [
        1.2698087753191583,
        44.11029440122737,
        120.50659961430016,
        485.83548377216005,
        1323.4055208880034,
        1017.4393544870072,
        736.4082790231007,
        630.79805053342,
        4.4391862677623966
    ],
    "Total Pressures": [
        99.29823547694355,
        158.87717676310967,
        317.75435352621935,
        2823.793571375582,
        2597.8900856655355,
        901.4620285950818,
        282.77348747907877,
        282.77348747907854,
        158.87717676310967
    ],
    "Static Pressures": [
        84.124656235234,
        133.97926458691475,
        267.52254953831897,
        2390.790081699337,
        2219.937043793433,
        768.6459783405104,
        240.729243584622,
        153.02945942385028,
        84.07825298491292
    ],
    "Entropies": [
        6834.413225585567,
        6845.607178771453,
        6865.411001852655,
        6922.206705339395,
        7938.668791641337,
        7972.5581271831725,
        8006.4474668389885,
        8006.447466838989,
        6845.607178771453
    ],
    "Specifice Volumes": [
        0.9354134467594015,
        0.6780422909737055,
        0.42158869626980144,
        0.09109976033032785,
        0.20639548921055148,
        0.48183332095032616,
        1.2033222830042605,
        1.6948173289318582,
        0.9458112098493406
    ],
    "Performance": {
        "Thrust": 99999.99999999999,
        "OPR": 27.86875,
        "T4": 1379.6875,
        "Thermal Efficiency": 0.43149217742030477,
        "SFC": 0.053896258542910996,
        "TSFC": 7.686899663328694,
        "Air Mass Flow Rate": 188.74827987981652,
        "Fuel Mass Flow Rate": 0.7686899663328693,
        "Core EGT": 776.3828459794705,
        "Bypass EGT": 59.94203332083493,
        "FAR": 0.024842657096616608,
        "Specific Thrust": 0.5298061527430816
    },
    "Pressure Ratios": {
        "Fan": 1.6,
        "LPC": 2.0,
        "HPC": 8.88671875,
        "HPT": 2.881863021689685,
        "LPT": 3.187929804281164
    },
    "Mechanical Parameters": {
        "LP Shaft Speed": 5490.0,
        "Fan Power": 8.52885811950648,
        "Fan Efficiency": 0.92,
        "LPC Power": 2.502067004929249,
        "LPC Efficiency": 0.9,
        "LPT Power": 11.25604604534258,
        "LPT Efficiency": 0.9099999999999997,
        "HP Shaft Speed": 15183.0,
        "HPC Power": 12.373788987328243,
        "HPC Efficiency": 0.89,
        "HPT Power": 12.780020894763934,
        "HPT Efficiency": 0.9,
        "Burner Power": 6.054357702249401,
        "Burner Efficiency": 0.18316749599722312
    }
}