{
    "Stages": [
        "0. Fan Inlet",
        "1. LPC Inlet",
        "2. HPC Inlet",
        "3. Burner Inlet",
        "4. HPT Inlet",
        "5. LPT Inlet",
        "6. Core Nozz Inlet",
        "7. Core Nozz Outlet",
        "8. Byp Nozz Outlet"
    ],
    "Total Temperatures": [
        15.000057655676706,
        59.942033320834994,
        139.95697080771498,
        513.5524626769696,
        1427.7343749999998,
        1122.4202104040583,
        837.170024634121,
        837.170024634121,
        59.94203332083493
    ],
    "Static Temperatures": [
        1.2698087753191583,
        44.11029440122737,
        120.50659961430016,
        479.9281469153627,
        1370.5112011878439,
        1072.9486735894102,
        795.6013171555235,
        685.5407365073668,
        4.4391862677623966
    ],
    "Total Pressures": [
        99.29823547694355,
        158.87717676310967,
        317.75435352621935,
        2743.1137550505655,
        2523.6646546465254,
        923.5325582158698,
        307.761628303156,
        307.7616283031557,
        158.87717676310967
    ],
    "Static Pressures": [
        84.124656235234,
        133.97926458691475,
        267.52254953831897,
        2321.1073689444293,
        2157.2792952872505,
        788.2161513702881,
        262.0044620428325,
        166.7493427828162,
        84.07825298491304
    ],
    "Entropies": [
        6834.413225585567,
        6845.607178771453,
        6865.411001852655,
        6921.9696400353505,
        7991.837854352903,
        8023.746144806149,
        8055.735288285508,
        8055.735288285508,
        6845.607178771453
    ],
    "Specifice Volumes": [
        0.9354134467594015,
        0.6780422909737055,
        0.42158869626980144,
        0.09312975190140681,
        0.21867618474807193,
        0.4900894591240577,
        1.1705679762425834,
        1.6501144972767667,
        0.9458112098493398
    ],
    "Performance": {
        "Thrust": 99999.99999999999,
        "OPR": 27.072499999999994,
        "T4": 1427.7343749999998,
        "Thermal Efficiency": 0.41192205232225,
        "SFC": 0.056456831632056344,
        "TSFC": 8.136006764856045,
        "Air Mass Flow Rate": 186.59651160653476,
        "Fuel Mass Flow Rate": 0.8136006764856045,
        "Core EGT": 837.170024634121,
        "Bypass EGT": 59.94203332083493,
        "FAR": 0.02659730390366194,
        "Specific Thrust": 0.5359156992755801
    },
    "Pressure Ratios": {
        "Fan": 1.6,
        "LPC": 2.0,
        "HPC": 8.6328125,
        "HPT": 2.732621207769736,
        "LPT": 3.0008047569405174
    },
    "Mechanical Parameters": {
        "LP Shaft Speed": 5490.0,
        "Fan Power": 8.431627425162874,
        "Fan Efficiency": 0.92,
        "LPC Power": 2.4735429388966463,
        "LPC Efficiency": 0.9,
        "LPT Power": 11.127724861285225,
        "LPT Efficiency": 0.9099999999999998,
        "HP Shaft Speed": 15183.0,
        "HPC Power": 12.027159357814588,
        "HPC Efficiency": 0.89,
        "HPT Power": 12.426317191178576,
        "HPT Efficiency": 0.9,
        "Burner Power": 6.344125614961122,
        "Burner Efficiency": 0.18133933422522952
    }
}