{
    "Stages": [
        "0. Fan Inlet",
        "1. LPC Inlet",
        "2. HPC Inlet",
        "3. Burner Inlet",
        "4. HPT Inlet",
        "5. LPT Inlet",
        "6. Core Nozz Inlet",
        "7. Core Nozz Outlet",
        "8. Byp Nozz Outlet"
    ],
    "Total Temperatures": [
        15.000057655676706,
        59.94203332083493,
        139.95697080771544,
        513.0791107822124,
        1401.953125,
        1095.26189095239,
        808.1429622050736,
        808.1429622050736,
        59.94203332083487
    ],
    "Static Temperatures": [
        1.2698087753191583,
        44.11029440122737,
        120.50659961430054,
        479.47389133143975,
        1345.23481266199,
        1046.4208643496852,
        767.3287022083815,
        659.3759306991257,
        4.4391862677623966
    ],
    "Total Pressures": [
        99.29823547694355,
        158.87717676310967,
        317.75435352621935,
        2736.9076153332567,
        2517.9550061066006,
        906.4426689301548,
        293.3310054753574,
        293.3310054753573,
        158.87717676310967
    ],
    "Static Pressures": [
        84.124656235234,
        133.97926458691455,
        267.5225495383194,
        2315.986155285287,
        2151.45393470255,
        773.1079690451883,
        249.43757855848403,
        158.61466842910255,
        84.07825298491304
    ],
    "Entropies": [
        6834.413225585567,
        6845.607178771453,
        6865.411001852656,
        6921.9236962269,
        7969.125782060592,
        8001.661331339591,
        8034.521951896403,
        8034.521951896403,
        6845.607178771453
    ],
    "Specifice Volumes": [
        0.9354134467594015,
        0.678042290973704,
        0.4215886962698011,
        0.09328179608621971,
        0.21588521188091225,
        0.4898027647875613,
        1.1969143287228998,
        1.6869990979152765,
        0.9458112098493398
    ],
    "Performance": {
        "Thrust": 99999.99999999999,
        "OPR": 27.011249999999997,
        "T4": 1401.953125,
        "Thermal Efficiency": 0.42103071961667854,
        "SFC": 0.05523543264173525,
        "TSFC": 7.9230160645801435,
        "Air Mass Flow Rate": 187.66612380551152,
        "Fuel Mass Flow Rate": 0.7923016064580143,
        "Core EGT": 808.1429622050736,
        "Bypass EGT": 59.94203332083487,
        "FAR": 0.025753394919600013,
        "Specific Thrust": 0.5328612216855684
    },
    "Pressure Ratios": {
        "Fan": 1.6,
        "LPC": 2.0,
        "HPC": 8.61328125,
        "HPT": 2.7778425403103117,
        "LPT": 3.090169985478417
    },
    "Mechanical Parameters": {
        "LP Shaft Speed": 5490.0,
        "Fan Power": 8.479959365956041,
        "Fan Efficiency": 0.92,
        "LPC Power": 2.4877218304491233,
        "LPC Efficiency": 0.9,
        "LPT Power": 11.191511424903226,
        "LPT Efficiency": 0.9099999999999999,
        "HP Shaft Speed": 15183.0,
        "HPC Power": 12.080203363144824,
        "HPC Efficiency": 0.89,
        "HPT Power": 12.480443727229844,
        "HPT Efficiency": 0.9000000000000002,
        "Burner Power": 6.187073250722733,
        "Burner Efficiency": 0.18160435781350037
    }
}