{
    "Stages": [
        "0. Fan Inlet",
        "1. LPC Inlet",
        "2. HPC Inlet",
        "3. Burner Inlet",
        "4. HPT Inlet",
        "5. LPT Inlet",
        "6. Core Nozz Inlet",
        "7. Core Nozz Outlet",
        "8. Byp Nozz Outlet"
    ],
    "Total Temperatures": [
        15.000057655676706,
        59.942033320834994,
        139.95697080771538,
        514.9633125068125,
        1317.578125,
        1003.2484478401034,
        709.6139523961181,
        709.6139523961181,
        59.942033320834994
    ],
    "Static Temperatures": [
        1.2698087753191583,
        44.1102944012275,
        120.50659961430048,
        481.29092156773,
        1262.6406423135293,
        956.681183293096,
        671.4443399417651,
        570.8679709957129,
        4.43918626776246
    ],
    "Total Pressures": [
        99.29823547694352,
        158.87717676310965,
        317.7543535262193,
        2761.7321742024915,
        2540.793600266295,
        850.7951156562276,
        248.4566082772884,
        248.45660827728852,
        158.87717676310965
    ],
    "Static Pressures": [
        84.124656235234,
        133.97926458691427,
        267.5225495383182,
        2337.1214137886686,
        2170.0385619701633,
        724.831502841878,
        211.3605261404925,
        134.19337963283735,
        84.07825298491285
    ],
    "Entropies": [
        6834.413225585567,
        6845.607178771453,
        6865.411001852656,
        6922.03147924778,
        7888.029233536656,
        7923.210715288005,
        7959.507613406335,
        7959.507613406335,
        6845.607178771453
    ],
    "Specifice Volumes": [
        0.9354134467594013,
        0.6780422909737036,
        0.4215886962698031,
        0.09265219870815966,
        0.2031132331829299,
        0.4869503222278432,
        1.2823031996176752,
        1.8045418379973919,
        0.9458112098493419
    ],
    "Performance": {
        "Thrust": 99999.99999999999,
        "OPR": 27.25625,
        "T4": 1317.578125,
        "Thermal Efficiency": 0.4558282770599368,
        "SFC": 0.0510188049400684,
        "TSFC": 7.202427729595955,
        "Air Mass Flow Rate": 191.46070243113388,
        "Fuel Mass Flow Rate": 0.7202427729595955,
        "Core EGT": 709.6139523961181,
        "Bypass EGT": 59.942033320834994,
        "FAR": 0.02294716805728745,
        "Specific Thrust": 0.5223003923531974
    },
    "Pressure Ratios": {
        "Fan": 1.6,
        "LPC": 2.0,
        "HPC": 8.69140625,
        "HPT": 2.9863753957949073,
        "LPT": 3.42432073562307
    },
    "Mechanical Parameters": {
        "LP Shaft Speed": 5490.0,
        "Fan Power": 8.651422770771465,
        "Fan Efficiency": 0.92,
        "LPC Power": 2.538023162905367,
        "LPC Efficiency": 0.9,
        "LPT Power": 11.417801973139621,
        "LPT Efficiency": 0.9100000000000001,
        "HP Shaft Speed": 15183.0,
        "HPC Power": 12.389342221527507,
        "HPC Efficiency": 0.89,
        "HPT Power": 12.795891541906046,
        "HPT Efficiency": 0.9000000000000002,
        "Burner Power": 5.681498522561739,
        "Burner Efficiency": 0.18344907797516635
    }
}