{
    "Stages": [
        "0. Fan Inlet",
        "1. LPC Inlet",
        "2. HPC Inlet",
        "3. Burner Inlet",
        "4. HPT Inlet",
        "5. LPT Inlet",
        "6. Core Nozz Inlet",
        "7. Core Nozz Outlet",
        "8. Byp Nozz Outlet"
    ],
    "Total Temperatures": [
        15.000057655676706,
        59.942033320834994,
        139.95697080771498,
        513.0791107822114,
        1338.671875,
        1027.5345332795603,
        735.6448661858129,
        735.6448661858129,
        59.94203332083493
    ],
    "Static Temperatures": [
        1.2698087753191583,
        44.11029440122737,
        120.50659961430016,
        479.473891331439,
        1283.2626257334823,
        980.3384451265447,
        696.7712457774072,
        594.2136020460996,
        4.4391862677623966
    ],
    "Total Pressures": [
        99.29823547694355,
        158.87717676310967,
        317.75435352621935,
        2736.9076153332567,
        2517.9550061066006,
        863.4728489501854,
        259.82094540506597,
        259.82094540506597,
        158.87717676310967
    ],
    "Static Pressures": [
        84.124656235234,
        133.97926458691475,
        267.52254953831897,
        2315.9861552852763,
        2150.018783635324,
        735.5700749598682,
        220.8561595387406,
        140.13799797410692,
        84.07825298491292
    ],
    "Entropies": [
        6834.413225585567,
        6845.607178771453,
        6865.411001852655,
        6921.923696226899,
        7910.765093243093,
        7945.095028030811,
        7980.459947940105,
        7980.459947940105,
        6845.607178771453
    ],
    "Specifice Volumes": [
        0.9354134467594015,
        0.6780422909737055,
        0.42158869626980144,
        0.09328179608622002,
        0.20774890855899755,
        0.48901622555160307,
        1.260129714737515,
        1.7758282238337268,
        0.9458112098493409
    ],
    "Performance": {
        "Thrust": 99999.99999999999,
        "OPR": 27.011249999999997,
        "T4": 1338.671875,
        "Thermal Efficiency": 0.4460301903472375,
        "SFC": 0.05213955121599182,
        "TSFC": 7.391912525162282,
        "Air Mass Flow Rate": 190.43339423740272,
        "Fuel Mass Flow Rate": 0.7391912525162282,
        "Core EGT": 735.6448661858129,
        "Bypass EGT": 59.94203332083493,
        "FAR": 0.02367791982286357,
        "Specific Thrust": 0.5251179836417532
    },
    "Pressure Ratios": {
        "Fan": 1.6,
        "LPC": 2.0,
        "HPC": 8.61328125,
        "HPT": 2.9160789585543343,
        "LPT": 3.3233381073416313
    },
    "Mechanical Parameters": {
        "LP Shaft Speed": 5490.0,
        "Fan Power": 8.605002396318683,
        "Fan Efficiency": 0.92,
        "LPC Power": 2.524405057685722,
        "LPC Efficiency": 0.9,
        "LPT Power": 11.356538218371844,
        "LPT Efficiency": 0.9100000000000001,
        "HP Shaft Speed": 15183.0,
        "HPC Power": 12.25833455113006,
        "HPC Efficiency": 0.89,
        "HPT Power": 12.662210245582118,
        "HPT Efficiency": 0.8999999999999997,
        "Burner Power": 5.806871174625567,
        "Burner Efficiency": 0.18269090066917684
    }
}