{
    "Stages": [
        "0. Fan Inlet",
        "1. LPC Inlet",
        "2. HPC Inlet",
        "3. Burner Inlet",
        "4. HPT Inlet",
        "5. LPT Inlet",
        "6. Core Nozz Inlet",
        "7. Core Nozz Outlet",
        "8. Byp Nozz Outlet"
    ],
    "Total Temperatures": [
        15.000057655676706,
        59.942033320834994,
        139.95697080771498,
        487.88454851682985,
        1394.921875,
        1109.920855097193,
        823.8344425388715,
        823.8344425388715,
        59.94203332083493
    ],
    "Static Temperatures": [
        1.2698087753191583,
        44.11029440122737,
        120.50659961430016,
        455.1203601977479,
        1338.4484874563368,
        1060.7582664180793,
        782.5947419802527,
        673.477829123047,
        4.4391862677623966
    ],
    "Total Pressures": [
        99.29823547694355,
        158.87717676310967,
        317.75435352621935,
        2439.012908902426,
        2243.891876190232,
        872.170636064338,
        286.045560848672,
        286.04556084867187,
        158.87717676310967
    ],
    "Static Pressures": [
        84.124656235234,
        133.97926458691475,
        267.52254953831886,
        2064.1299941370953,
        1918.3250859468994,
        744.0113217422016,
        243.62523431982902,
        155.00942911009162,
        84.07825298491304
    ],
    "Entropies": [
        6834.413225585567,
        6845.607178771453,
        6865.411001852655,
        6919.478301538912,
        7997.956306289046,
        8027.878052148515,
        8060.343544630373,
        8060.343544630373,
        6845.607178771453
    ],
    "Specifice Volumes": [
        0.9354134467594015,
        0.6780422909737055,
        0.42158869626980155,
        0.10123167738155832,
        0.24112190655488078,
        0.5145508278398957,
        1.243575251173294,
        1.7522340659196354,
        0.9458112098493393
    ],
    "Performance": {
        "Thrust": 99999.99999999999,
        "OPR": 24.071249999999996,
        "T4": 1394.921875,
        "Thermal Efficiency": 0.4162751138609922,
        "SFC": 0.055866452687474956,
        "TSFC": 8.046300748638176,
        "Air Mass Flow Rate": 187.38058233407153,
        "Fuel Mass Flow Rate": 0.8046300748638174,
        "Core EGT": 823.8344425388715,
        "Bypass EGT": 59.94203332083493,
        "FAR": 0.026193981230769273,
        "Specific Thrust": 0.5336732267258886
    },
    "Pressure Ratios": {
        "Fan": 1.6,
        "LPC": 2.0,
        "HPC": 7.67578125,
        "HPT": 2.572767052002316,
        "LPT": 3.0490619517977637
    },
    "Mechanical Parameters": {
        "LP Shaft Speed": 5490.0,
        "Fan Power": 8.467056770506195,
        "Fan Efficiency": 0.92,
        "LPC Power": 2.483936662739586,
        "LPC Efficiency": 0.9,
        "LPT Power": 11.174483095148755,
        "LPT Efficiency": 0.9099999999999999,
        "HP Shaft Speed": 15183.0,
        "HPC Power": 11.216910034236387,
        "HPC Efficiency": 0.89,
        "HPT Power": 11.59953216711919,
        "HPT Efficiency": 0.9000000000000002,
        "Burner Power": 6.126299416967207,
        "Burner Efficiency": 0.1770653172371998
    }
}