{
    "Stages": [
        "0. Fan Inlet",
        "1. LPC Inlet",
        "2. HPC Inlet",
        "3. Burner Inlet",
        "4. HPT Inlet",
        "5. LPT Inlet",
        "6. Core Nozz Inlet",
        "7. Core Nozz Outlet",
        "8. Byp Nozz Outlet"
    ],
    "Total Temperatures": [
        15.000057655676706,
        59.942033320834994,
        139.95697080771498,
        490.6284934692238,
        1345.703125,
        1055.0701397370292,
        765.1525235232369,
        765.1525235232369,
        59.94203332083493
    ],
    "Static Temperatures": [
        1.2698087753191583,
        44.11029440122737,
        120.50659961430016,
        457.77258666309643,
        1290.2258692888322,
        1007.2102594526243,
        725.4880892457907,
        620.7159557990248,
        4.4391862677623966
    ],
    "Total Pressures": [
        99.29823547694355,
        158.87717676310967,
        317.75435352621935,
        2470.0436074889703,
        2272.440118889853,
        845.7622964847754,
        262.673491981415,
        262.6734919814148,
        158.87717676310967
    ],
    "Static Pressures": [
        84.124656235234,
        133.97926458691475,
        267.52254953831897,
        2091.013247927127,
        1941.7216645412764,
        720.6525044010252,
        223.42036702112205,
        141.90565022914714,
        84.07825298491287
    ],
    "Entropies": [
        6834.413225585567,
        6845.607178771453,
        6865.411001852655,
        6919.744629646577,
        7948.3664801959285,
        7979.831268888004,
        8014.1701298697135,
        8014.170129869713,
        6845.607178771453
    ],
    "Specifice Volumes": [
        0.9354134467594015,
        0.6780422909737055,
        0.42158869626980144,
        0.10028844625320602,
        0.2310640600889068,
        0.5098456946767919,
        1.282688818867392,
        1.807651832171891,
        0.9458112098493416
    ],
    "Performance": {
        "Thrust": 99999.99999999999,
        "OPR": 24.377499999999994,
        "T4": 1345.703125,
        "Thermal Efficiency": 0.43563942300333314,
        "SFC": 0.05338317132357059,
        "TSFC": 7.6138270332932265,
        "Air Mass Flow Rate": 189.5232040173464,
        "Fuel Mass Flow Rate": 0.7613827033293226,
        "Core EGT": 765.1525235232369,
        "Bypass EGT": 59.94203332083493,
        "FAR": 0.02450588841820012,
        "Specific Thrust": 0.5276398767026297
    },
    "Pressure Ratios": {
        "Fan": 1.6,
        "LPC": 2.0,
        "HPC": 7.7734375,
        "HPT": 2.6868543659781823,
        "LPT": 3.2198235539679647
    },
    "Mechanical Parameters": {
        "LP Shaft Speed": 5490.0,
        "Fan Power": 8.563874163237216,
        "Fan Efficiency": 0.92,
        "LPC Power": 2.512339480615233,
        "LPC Efficiency": 0.9,
        "LPT Power": 11.302258820257599,
        "LPT Efficiency": 0.9099999999999999,
        "HP Shaft Speed": 15183.0,
        "HPC Power": 11.43824262743471,
        "HPC Efficiency": 0.89,
        "HPT Power": 11.825381752015435,
        "HPT Efficiency": 0.8999999999999998,
        "Burner Power": 5.841327654347523,
        "Burner Efficiency": 0.17841859104082558
    }
}