{
    "Stages": [
        "0. Fan Inlet",
        "1. LPC Inlet",
        "2. HPC Inlet",
        "3. Burner Inlet",
        "4. HPT Inlet",
        "5. LPT Inlet",
        "6. Core Nozz Inlet",
        "7. Core Nozz Outlet",
        "8. Byp Nozz Outlet"
    ],
    "Total Temperatures": [
        15.000057655676706,
        59.942033320834994,
        139.95697080771498,
        487.3357594492608,
        1367.9687499999998,
        1081.6949680743405,
        793.6566207271884,
        793.6566207271884,
        59.94203332083493
    ],
    "Static Temperatures": [
        1.2698087753191583,
        44.11029440122737,
        120.50659961430016,
        454.5899207102772,
        1312.0317960880175,
        1033.2056256152314,
        753.2349650685736,
        646.3317985990032,
        4.4391862677623966
    ],
    "Total Pressures": [
        99.29823547694355,
        158.87717676310967,
        317.75435352621935,
        2432.806769185117,
        2238.1822276503076,
        854.8808811396084,
        273.0851153607284,
        273.0851153607283,
        158.87717676310967
    ],
    "Static Pressures": [
        84.124656235234,
        133.97926458691475,
        267.52254953831897,
        2058.753407141099,
        1912.4946010012497,
        728.8993964372618,
        232.48364870375323,
        147.76628147722076,
        84.07825298491295
    ],
    "Entropies": [
        6834.413225585567,
        6845.607178771453,
        6865.411001852655,
        6919.425035917314,
        7973.99519107952,
        8004.516067632148,
        8037.923793101548,
        8037.923793101548,
        6845.607178771453
    ],
    "Specifice Volumes": [
        0.9354134467594015,
        0.6780422909737055,
        0.42158869626980144,
        0.10142358902100694,
        0.23787393893608055,
        0.5143567860038083,
        1.2670946051369625,
        1.7856544824749643,
        0.9458112098493406
    ],
    "Performance": {
        "Thrust": 99999.99999999999,
        "OPR": 24.009999999999998,
        "T4": 1367.9687499999998,
        "Thermal Efficiency": 0.4259822875822953,
        "SFC": 0.05459338247484196,
        "TSFC": 7.8241321384486495,
        "Air Mass Flow Rate": 188.48448546594238,
        "Fuel Mass Flow Rate": 0.7824132138448648,
        "Core EGT": 793.6566207271884,
        "Bypass EGT": 59.94203332083493,
        "FAR": 0.02532155679898687,
        "Specific Thrust": 0.5305476456207807
    },
    "Pressure Ratios": {
        "Fan": 1.6,
        "LPC": 2.0,
        "HPC": 7.65625,
        "HPT": 2.618121748923281,
        "LPT": 3.130455792181731
    },
    "Mechanical Parameters": {
        "LP Shaft Speed": 5490.0,
        "Fan Power": 8.516938195626466,
        "Fan Efficiency": 0.92,
        "LPC Power": 2.498570118496909,
        "LPC Efficiency": 0.9,
        "LPT Power": 11.24031460624834,
        "LPT Efficiency": 0.9099999999999999,
        "HP Shaft Speed": 15183.0,
        "HPC Power": 11.26447916532859,
        "HPC Efficiency": 0.89,
        "HPT Power": 11.648072096805107,
        "HPT Efficiency": 0.9000000000000001,
        "Burner Power": 5.968245448490634,
        "Burner Efficiency": 0.17739527314063513
    }
}