{
    "Stages": [
        "0. Fan Inlet",
        "1. LPC Inlet",
        "2. HPC Inlet",
        "3. Burner Inlet",
        "4. HPT Inlet",
        "5. LPT Inlet",
        "6. Core Nozz Inlet",
        "7. Core Nozz Outlet",
        "8. Byp Nozz Outlet"
    ],
    "Total Temperatures": [
        15.000057655676706,
        59.94203332083493,
        139.95697080771524,
        476.57275839292697,
        1438.28125,
        1165.8724781695441,
        883.5110202077866,
        883.5110202077866,
        59.94203332083493
    ],
    "Static Temperatures": [
        1.2698087753191583,
        44.11029440122737,
        120.50659961430036,
        444.2014279530638,
        1380.9407124946927,
        1115.364399396051,
        840.7266410651594,
        727.3166154360065,
        4.4391862677623966
    ],
    "Total Pressures": [
        99.29823547694355,
        158.8771767631097,
        317.7543535262194,
        2308.6839748389375,
        2123.9892568518226,
        877.7064194553719,
        304.0540764217476,
        304.0540764217475,
        158.8771767631097
    ],
    "Static Pressures": [
        84.12465623523384,
        133.97926458691464,
        267.52254953831846,
        1954.058536148437,
        1814.961488892929,
        748.7256060757247,
        258.8470112397233,
        164.8433201920034,
        84.07825298491282
    ],
    "Entropies": [
        6834.413225585567,
        6845.607178771453,
        6865.411001852656,
        6918.507188506357,
        8054.687709270708,
        8082.435837965806,
        8113.012354721544,
        8113.012354721544,
        6845.607178771453
    ],
    "Specifice Volumes": [
        0.9354134467594031,
        0.6780422909737047,
        0.42158869626980255,
        0.10537249429621336,
        0.2615539024753262,
        0.5321812008193995,
        1.2347786201803783,
        1.7415813047137467,
        0.9458112098493419
    ],
    "Performance": {
        "Thrust": 99999.99999999999,
        "OPR": 22.785,
        "T4": 1438.28125,
        "Thermal Efficiency": 0.39855288958879515,
        "SFC": 0.058350634410109126,
        "TSFC": 8.494758671541556,
        "Air Mass Flow Rate": 185.44720702915885,
        "Fuel Mass Flow Rate": 0.8494758671541555,
        "Core EGT": 883.5110202077866,
        "Bypass EGT": 59.94203332083493,
        "FAR": 0.02794219914471716,
        "Specific Thrust": 0.5392370238516262
    },
    "Pressure Ratios": {
        "Fan": 1.6,
        "LPC": 2.0,
        "HPC": 7.265625,
        "HPT": 2.4199313230154846,
        "LPT": 2.8866786782951137
    },
    "Mechanical Parameters": {
        "LP Shaft Speed": 5490.0,
        "Fan Power": 8.379694471480954,
        "Fan Efficiency": 0.92,
        "LPC Power": 2.4583076368133856,
        "LPC Efficiency": 0.9,
        "LPT Power": 11.059185824790141,
        "LPT Efficiency": 0.91,
        "HP Shaft Speed": 15183.0,
        "HPC Power": 10.726443465892345,
        "HPC Efficiency": 0.89,
        "HPT Power": 11.099056076972209,
        "HPT Efficiency": 0.9,
        "Burner Power": 6.3674621845389865,
        "Burner Efficiency": 0.17431986198218735
    }
}