{
    "Stages": [
        "0. Fan Inlet",
        "1. LPC Inlet",
        "2. HPC Inlet",
        "3. Burner Inlet",
        "4. HPT Inlet",
        "5. LPT Inlet",
        "6. Core Nozz Inlet",
        "7. Core Nozz Outlet",
        "8. Byp Nozz Outlet"
    ],
    "Total Temperatures": [
        15.000057655676706,
        59.94203332083493,
        139.95697080771544,
        484.59181372596044,
        1394.9218749999998,
        1112.8083644128287,
        826.9114882097526,
        826.9114882097526,
        59.94203332083487
    ],
    "Static Temperatures": [
        1.2698087753191583,
        44.11029440122737,
        120.50659961430054,
        451.93775229948295,
        1338.4589199008692,
        1063.5830828650696,
        785.6052394508872,
        676.2595905690039,
        4.4391862677623966
    ],
    "Total Pressures": [
        99.29823547694355,
        158.87717676310967,
        317.75435352621935,
        2401.776070598572,
        2209.633984950686,
        867.0704787041325,
        285.22052349781313,
        285.220523497813,
        158.87717676310967
    ],
    "Static Pressures": [
        84.124656235234,
        133.97926458691455,
        267.52254953831886,
        2031.870790955484,
        1888.7868450144358,
        739.7083093079767,
        242.99024550893424,
        154.6023536811388,
        84.07825298491301
    ],
    "Entropies": [
        6834.413225585567,
        6845.607178771453,
        6865.411001852656,
        6919.158707808991,
        8002.937682937576,
        8032.496657177339,
        8064.852454278892,
        8064.852454278892,
        6845.607178771453
    ],
    "Specifice Volumes": [
        0.9354134467594015,
        0.678042290973704,
        0.42158869626980217,
        0.10239993677284917,
        0.24489424357389972,
        0.518659652145398,
        1.2504682307286858,
        1.762082772115236,
        0.9458112098493399
    ],
    "Performance": {
        "Thrust": 99999.99999999999,
        "OPR": 23.70375,
        "T4": 1394.9218749999998,
        "Thermal Efficiency": 0.41534100941852653,
        "SFC": 0.055992096677489875,
        "TSFC": 8.070358459949006,
        "Air Mass Flow Rate": 187.3127800762436,
        "Fuel Mass Flow Rate": 0.8070358459949005,
        "Core EGT": 826.9114882097526,
        "Bypass EGT": 59.94203332083487,
        "FAR": 0.02628180874025293,
        "Specific Thrust": 0.5338664022780297
    },
    "Pressure Ratios": {
        "Fan": 1.6,
        "LPC": 2.0,
        "HPC": 7.55859375,
        "HPT": 2.548390285704413,
        "LPT": 3.040000305976511
    },
    "Mechanical Parameters": {
        "LP Shaft Speed": 5490.0,
        "Fan Power": 8.463993029540886,
        "Fan Efficiency": 0.92,
        "LPC Power": 2.483037868894809,
        "LPC Efficiency": 0.9,
        "LPT Power": 11.170439692281324,
        "LPT Efficiency": 0.9100000000000004,
        "HP Shaft Speed": 15183.0,
        "HPC Power": 11.102467803240607,
        "HPC Efficiency": 0.89,
        "HPT Power": 11.482754380388803,
        "HPT Efficiency": 0.9000000000000002,
        "Burner Power": 6.123254880410869,
        "Burner Efficiency": 0.17644975374430227
    }
}