{
    "Stages": [
        "0. Fan Inlet",
        "1. LPC Inlet",
        "2. HPC Inlet",
        "3. Burner Inlet",
        "4. HPT Inlet",
        "5. LPT Inlet",
        "6. Core Nozz Inlet",
        "7. Core Nozz Outlet",
        "8. Byp Nozz Outlet"
    ],
    "Total Temperatures": [
        15.000057655676706,
        59.942033320834994,
        139.95697080771498,
        517.3126944064135,
        1371.484375,
        1058.8630169251237,
        769.2142946630518,
        769.2142946630518,
        59.94203332083493
    ],
    "Static Temperatures": [
        1.2698087753191583,
        44.11029440122737,
        120.50659961430016,
        483.56223973522015,
        1315.3703286257814,
        1010.9047291146297,
        729.4382174013032,
        624.36411093825,
        4.4391862677623966
    ],
    "Total Pressures": [
        99.29823547694355,
        158.87717676310967,
        317.75435352621935,
        2792.7628727890374,
        2569.341842965917,
        892.1808301550874,
        277.9748596188503,
        277.97485961885013,
        158.87717676310967
    ],
    "Static Pressures": [
        84.124656235234,
        133.97926458691475,
        267.52254953831897,
        2363.9555101850624,
        2194.9272136743366,
        760.6188553411147,
        236.60825317821536,
        150.3743919664974,
        84.07825298491304
    ],
    "Entropies": [
        6834.413225585567,
        6845.607178771453,
        6865.411001852655,
        6922.117753748006,
        7934.723407729145,
        7968.600340513942,
        8002.776374377041,
        8002.776374377041,
        6845.607178771453
    ],
    "Specifice Volumes": [
        0.9354134467594015,
        0.6780422909737055,
        0.42158869626980144,
        0.09186629021698674,
        0.2076985526287993,
        0.4844438834911191,
        1.2158960827685004,
        1.7126371639399827,
        0.9458112098493393
    ],
    "Performance": {
        "Thrust": 99999.99999999999,
        "OPR": 27.562499999999996,
        "T4": 1371.484375,
        "Thermal Efficiency": 0.43397791637744765,
        "SFC": 0.05358755152246474,
        "TSFC": 7.635186694911002,
        "Air Mass Flow Rate": 189.04973488441038,
        "Fuel Mass Flow Rate": 0.7635186694911,
        "Core EGT": 769.2142946630518,
        "Bypass EGT": 59.94203332083493,
        "FAR": 0.024636183101464787,
        "Specific Thrust": 0.5289613342284898
    },
    "Pressure Ratios": {
        "Fan": 1.6,
        "LPC": 2.0,
        "HPC": 8.7890625,
        "HPT": 2.879844260405471,
        "LPT": 3.2095738131801395
    },
    "Mechanical Parameters": {
        "LP Shaft Speed": 5490.0,
        "Fan Power": 8.54247979047076,
        "Fan Efficiency": 0.92,
        "LPC Power": 2.506063124104191,
        "LPC Efficiency": 0.9,
        "LPT Power": 11.274023382219337,
        "LPT Efficiency": 0.91,
        "HP Shaft Speed": 15183.0,
        "HPC Power": 12.313407158833165,
        "HPC Efficiency": 0.89,
        "HPT Power": 12.718406784054675,
        "HPT Efficiency": 0.8999999999999998,
        "Burner Power": 6.003741048341865,
        "Burner Efficiency": 0.18286636650053412
    }
}