{
    "Stages": [
        "0. Fan Inlet",
        "1. LPC Inlet",
        "2. HPC Inlet",
        "3. Burner Inlet",
        "4. HPT Inlet",
        "5. LPT Inlet",
        "6. Core Nozz Inlet",
        "7. Core Nozz Outlet",
        "8. Byp Nozz Outlet"
    ],
    "Total Temperatures": [
        15.000057655676706,
        59.942033320834994,
        139.95697080771498,
        519.1921995411799,
        1305.859375,
        986.8274730037681,
        691.9887292500069,
        691.9887292500069,
        59.94203332083493
    ],
    "Static Temperatures": [
        1.2698087753191583,
        44.11029440122737,
        120.50659961430016,
        485.37931869038374,
        1251.1410424166095,
        940.65684586988,
        654.3175021630317,
        555.0827005177097,
        4.4391862677623966
    ],
    "Total Pressures": [
        99.29823547694355,
        158.87717676310967,
        317.75435352621935,
        2817.587431658273,
        2592.180437125614,
        847.170038320823,
        242.76944327875992,
        242.76944327875978,
        158.87717676310967
    ],
    "Static Pressures": [
        84.124656235234,
        133.97926458691475,
        267.52254953831897,
        2385.4230877371456,
        2213.524154182825,
        721.3869898419906,
        206.52333786475617,
        131.00795798275527,
        84.07825298491309
    ],
    "Entropies": [
        6834.413225585567,
        6845.607178771453,
        6865.411001852655,
        6922.186773352845,
        7870.555180294425,
        7906.665723263415,
        7943.757744176912,
        7943.757744176912,
        6845.607178771453
    ],
    "Specifice Volumes": [
        0.9354134467594015,
        0.6780422909737055,
        0.42158869626980144,
        0.0912513889651252,
        0.19762295774273944,
        0.482842270621843,
        1.288813989533622,
        1.8140369884743224,
        0.9458112098493389
    ],
    "Performance": {
        "Thrust": 99999.99999999999,
        "OPR": 27.807499999999994,
        "T4": 1305.859375,
        "Thermal Efficiency": 0.4627347259119739,
        "SFC": 0.05025733460495102,
        "TSFC": 7.073160014857329,
        "Air Mass Flow Rate": 192.12994084376112,
        "Fuel Mass Flow Rate": 0.7073160014857328,
        "Core EGT": 691.9887292500069,
        "Bypass EGT": 59.94203332083493,
        "FAR": 0.02245682057733833,
        "Specific Thrust": 0.5204810846286544
    },
    "Pressure Ratios": {
        "Fan": 1.6,
        "LPC": 2.0,
        "HPC": 8.8671875,
        "HPT": 3.0598112773954784,
        "LPT": 3.4896073693593315
    },
    "Mechanical Parameters": {
        "LP Shaft Speed": 5490.0,
        "Fan Power": 8.681663255469157,
        "Fan Efficiency": 0.92,
        "LPC Power": 2.5468946575315954,
        "LPC Efficiency": 0.9,
        "LPT Power": 11.457712156123218,
        "LPT Efficiency": 0.9100000000000003,
        "HP Shaft Speed": 15183.0,
        "HPC Power": 12.579136599042652,
        "HPC Efficiency": 0.89,
        "HPT Power": 12.989559274064364,
        "HPT Efficiency": 0.9000000000000001,
        "Burner Power": 5.610585179852826,
        "Burner Efficiency": 0.18447020120961918
    }
}