{
    "Stages": [
        "0. Fan Inlet",
        "1. LPC Inlet",
        "2. HPC Inlet",
        "3. Burner Inlet",
        "4. HPT Inlet",
        "5. LPT Inlet",
        "6. Core Nozz Inlet",
        "7. Core Nozz Outlet",
        "8. Byp Nozz Outlet"
    ],
    "Total Temperatures": [
        15.000057655676706,
        59.94203332083493,
        139.95697080771544,
        469.6372158952086,
        1438.2812499999998,
        1171.8200717386387,
        889.8738365385384,
        889.8738365385384,
        59.94203332083487
    ],
    "Static Temperatures": [
        1.2698087753191583,
        44.11029440122737,
        120.50659961430054,
        437.4991715154113,
        1380.9629039362019,
        1121.1875273249045,
        846.9175197943476,
        733.0430209069426,
        4.4391862677623966
    ],
    "Total Pressures": [
        99.29823547694355,
        158.87717676310967,
        317.75435352621935,
        2234.21029823123,
        2055.4734743727336,
        867.3712281308026,
        302.0534053828034,
        302.0534053828035,
        158.87717676310967
    ],
    "Static Pressures": [
        84.124656235234,
        133.97926458691455,
        267.5225495383194,
        1892.9208937043982,
        1755.8860232556895,
        740.000811434485,
        257.0917711606473,
        163.69819955983593,
        84.07825298491285
    ],
    "Entropies": [
        6834.413225585567,
        6845.607178771453,
        6865.411001852656,
        6917.828718900278,
        8064.661082018388,
        8091.703181513863,
        8122.201102774508,
        8122.201102774508,
        6845.607178771453
    ],
    "Specifice Volumes": [
        0.9354134467594015,
        0.678042290973704,
        0.4215886962698011,
        0.10772133560410035,
        0.2703571713686411,
        0.5407251349454635,
        1.250165399082691,
        1.7636666827501948,
        0.9458112098493415
    ],
    "Performance": {
        "Thrust": 99999.99999999999,
        "OPR": 22.049999999999997,
        "T4": 1438.2812499999998,
        "Thermal Efficiency": 0.3968162265428304,
        "SFC": 0.05860600549553953,
        "TSFC": 8.54522219484002,
        "Air Mass Flow Rate": 185.32448894512586,
        "Fuel Mass Flow Rate": 0.854522219484002,
        "Core EGT": 889.8738365385384,
        "Bypass EGT": 59.94203332083487,
        "FAR": 0.0281268037943752,
        "Specific Thrust": 0.5395940955736819
    },
    "Pressure Ratios": {
        "Fan": 1.6,
        "LPC": 2.0,
        "HPC": 7.03125,
        "HPT": 2.3697736421374134,
        "LPT": 2.871582351576374
    },
    "Mechanical Parameters": {
        "LP Shaft Speed": 5490.0,
        "Fan Power": 8.374149281198523,
        "Fan Efficiency": 0.92,
        "LPC Power": 2.4566808730136773,
        "LPC Efficiency": 0.9,
        "LPT Power": 11.05186750429816,
        "LPT Efficiency": 0.91,
        "HP Shaft Speed": 15183.0,
        "HPC Power": 10.491043634731515,
        "HPC Efficiency": 0.89,
        "HPT Power": 10.858852167624425,
        "HPT Efficiency": 0.9000000000000002,
        "Burner Power": 6.3575517120725245,
        "Burner Efficiency": 0.17302070846667797
    }
}