{
    "Stages": [
        "0. Fan Inlet",
        "1. LPC Inlet",
        "2. HPC Inlet",
        "3. Burner Inlet",
        "4. HPT Inlet",
        "5. LPT Inlet",
        "6. Core Nozz Inlet",
        "7. Core Nozz Outlet",
        "8. Byp Nozz Outlet"
    ],
    "Total Temperatures": [
        15.000057655676706,
        59.942033320834994,
        139.95697080771498,
        496.1163814467416,
        1376.1718749999998,
        1082.680547189764,
        794.7117012090495,
        794.7117012090495,
        59.94203332083493
    ],
    "Static Temperatures": [
        1.2698087753191583,
        44.11029440122737,
        120.50659961430016,
        463.07718474417237,
        1320.0306512731108,
        1034.1659412490512,
        754.2667697673813,
        647.2864367683418,
        4.4391862677623966
    ],
    "Total Pressures": [
        99.29823547694355,
        158.87717676310967,
        317.75435352621935,
        2532.1050046620603,
        2329.5366042890932,
        870.1564400819607,
        278.0318310538141,
        278.03183105381396,
        158.87717676310967
    ],
    "Static Pressures": [
        84.124656235234,
        133.97926458691475,
        267.52254953831897,
        2144.781349671715,
        1988.3495566413917,
        742.0559852372124,
        236.7746441734398,
        150.5247389340697,
        84.07825298491304
    ],
    "Entropies": [
        6834.413225585567,
        6845.607178771453,
        6865.411001852655,
        6920.277285860263,
        7969.228166039337,
        8000.527940813102,
        8033.895722640108,
        8033.895722640108,
        6845.607178771453
    ],
    "Specifice Volumes": [
        0.9354134467594015,
        0.6780422909737055,
        0.42158869626980144,
        0.09848043404506625,
        0.22994680896444947,
        0.5056016951748763,
        1.2454125498691209,
        1.7548034215736619,
        0.9458112098493395
    ],
    "Performance": {
        "Thrust": 99999.99999999999,
        "OPR": 24.99,
        "T4": 1376.1718749999998,
        "Thermal Efficiency": 0.42555603581267815,
        "SFC": 0.054648065111042504,
        "TSFC": 7.828999256541258,
        "Air Mass Flow Rate": 188.3408556408035,
        "Fuel Mass Flow Rate": 0.7828999256541257,
        "Core EGT": 794.7117012090495,
        "Bypass EGT": 59.94203332083493,
        "FAR": 0.02535663082893803,
        "Specific Thrust": 0.5309522443219445
    },
    "Pressure Ratios": {
        "Fan": 1.6,
        "LPC": 2.0,
        "HPC": 7.96875,
        "HPT": 2.677146886449145,
        "LPT": 3.1297007856396797
    },
    "Mechanical Parameters": {
        "LP Shaft Speed": 5490.0,
        "Fan Power": 8.510448078730468,
        "Fan Efficiency": 0.92,
        "LPC Power": 2.4966661464626614,
        "LPC Efficiency": 0.9,
        "LPT Power": 11.23174920938074,
        "LPT Efficiency": 0.9100000000000001,
        "HP Shaft Speed": 15183.0,
        "HPC Power": 11.55186687828315,
        "HPC Efficiency": 0.89,
        "HPT Power": 11.941324865126091,
        "HPT Efficiency": 0.9000000000000004,
        "Burner Power": 6.022336357740269,
        "Burner Efficiency": 0.17889174505147487
    }
}