{
    "Stages": [
        "0. Fan Inlet",
        "1. LPC Inlet",
        "2. HPC Inlet",
        "3. Burner Inlet",
        "4. HPT Inlet",
        "5. LPT Inlet",
        "6. Core Nozz Inlet",
        "7. Core Nozz Outlet",
        "8. Byp Nozz Outlet"
    ],
    "Total Temperatures": [
        15.000057655676706,
        59.942033320834994,
        139.95697080771498,
        472.0817208369112,
        1401.953125,
        1131.1855184727835,
        846.4993934271057,
        846.4993934271057,
        59.94203332083493
    ],
    "Static Temperatures": [
        1.2698087753191583,
        44.11029440122737,
        120.50659961430016,
        439.8614151021282,
        1345.364112635789,
        1081.4869747885436,
        804.6743152336967,
        693.9227481649366,
        4.4391862677623966
    ],
    "Total Pressures": [
        99.29823547694355,
        158.87717676310967,
        317.75435352621935,
        2259.0348571004656,
        2078.3120685324284,
        850.92939927389,
        284.97642343475115,
        284.9764234347512,
        158.87717676310967
    ],
    "Static Pressures": [
        84.124656235234,
        133.97926458691475,
        267.52254953831897,
        1914.4691332488947,
        1775.1783746949757,
        725.416422751486,
        242.7917087036262,
        154.5961933605931,
        84.07825298491285
    ],
    "Entropies": [
        6834.413225585567,
        6845.607178771453,
        6865.411001852655,
        6918.067852567275,
        8028.394522186903,
        8056.469654587521,
        8088.126227773792,
        8088.126227773792,
        6845.607178771453
    ],
    "Specifice Volumes": [
        0.9354134467594015,
        0.6780422909737055,
        0.42158869626980144,
        0.10687404223890296,
        0.2616652251830924,
        0.5358782604519287,
        1.2738111215334953,
        1.794985882045071,
        0.9458112098493415
    ],
    "Performance": {
        "Thrust": 99999.99999999999,
        "OPR": 22.294999999999998,
        "T4": 1401.953125,
        "Thermal Efficiency": 0.4094139816483394,
        "SFC": 0.05680268626845195,
        "TSFC": 8.22147476057704,
        "Air Mass Flow Rate": 186.7913405366028,
        "Fuel Mass Flow Rate": 0.8221474760577039,
        "Core EGT": 846.4993934271057,
        "Bypass EGT": 59.94203332083493,
        "FAR": 0.02684867290713221,
        "Specific Thrust": 0.5353567232438402
    },
    "Pressure Ratios": {
        "Fan": 1.6,
        "LPC": 2.0,
        "HPC": 7.109375,
        "HPT": 2.442402472291921,
        "LPT": 2.985964203697435
    },
    "Mechanical Parameters": {
        "LP Shaft Speed": 5490.0,
        "Fan Power": 8.440431046065719,
        "Fan Efficiency": 0.92,
        "LPC Power": 2.4761256116385613,
        "LPC Efficiency": 0.9,
        "LPT Power": 11.139343528269672,
        "LPT Efficiency": 0.9099999999999999,
        "HP Shaft Speed": 15183.0,
        "HPC Power": 10.655184928759494,
        "HPC Efficiency": 0.89,
        "HPT Power": 11.026343283979502,
        "HPT Efficiency": 0.9000000000000002,
        "Burner Power": 6.150885497287671,
        "Burner Efficiency": 0.17398806532867359
    }
}