{
    "Stages": [
        "0. Fan Inlet",
        "1. LPC Inlet",
        "2. HPC Inlet",
        "3. Burner Inlet",
        "4. HPT Inlet",
        "5. LPT Inlet",
        "6. Core Nozz Inlet",
        "7. Core Nozz Outlet",
        "8. Byp Nozz Outlet"
    ],
    "Total Temperatures": [
        15.000057655676706,
        59.942033320834994,
        139.95697080771498,
        493.3724377791942,
        1427.7343749999998,
        1140.0691383985263,
        856.0215954125465,
        856.0215954125465,
        59.94203332083493
    ],
    "Static Temperatures": [
        1.2698087753191583,
        44.11029440122737,
        120.50659961430016,
        460.42486151081897,
        1370.5757823266515,
        1090.1827383608988,
        813.9383874971372,
        702.4898191918313,
        4.4391862677623966
    ],
    "Total Pressures": [
        99.29823547694355,
        158.87717676310967,
        317.75435352621935,
        2501.074306075516,
        2300.9883615894746,
        898.9586224743124,
        304.31202751679336,
        304.31202751679336,
        158.87717676310967
    ],
    "Static Pressures": [
        84.124656235234,
        133.97926458691475,
        267.52254953831897,
        2117.8970330934258,
        1965.3866697120739,
        767.1416828172114,
        258.95034435070903,
        164.75863042758343,
        84.07825298491309
    ],
    "Entropies": [
        6834.413225585567,
        6845.607178771453,
        6865.411001852655,
        6920.010957753695,
        8019.878512735688,
        8049.609762411184,
        8081.078984951632,
        8081.078984951632,
        6845.607178771453
    ],
    "Specifice Volumes": [
        0.9354134467594015,
        0.6780422909737055,
        0.42158869626980144,
        0.09937168761139129,
        0.24003618234183954,
        0.5100100680649878,
        1.2046586973718336,
        1.6990533683696798,
        0.9458112098493389
    ],
    "Performance": {
        "Thrust": 99999.99999999999,
        "OPR": 24.68375,
        "T4": 1427.7343749999998,
        "Thermal Efficiency": 0.40639627784583504,
        "SFC": 0.05722447576724701,
        "TSFC": 8.28286039879793,
        "Air Mass Flow Rate": 186.171513706302,
        "Fuel Mass Flow Rate": 0.8282860398797929,
        "Core EGT": 856.0215954125465,
        "Bypass EGT": 59.94203332083493,
        "FAR": 0.027139194083351893,
        "Specific Thrust": 0.5371391036641442
    },
    "Pressure Ratios": {
        "Fan": 1.6,
        "LPC": 2.0,
        "HPC": 7.87109375,
        "HPT": 2.559615430637048,
        "LPT": 2.9540686571276042
    },
    "Mechanical Parameters": {
        "LP Shaft Speed": 5490.0,
        "Fan Power": 8.412423293636582,
        "Fan Efficiency": 0.92,
        "LPC Power": 2.4679091221327862,
        "LPC Efficiency": 0.9,
        "LPT Power": 11.102380016091196,
        "LPT Efficiency": 0.9099999999999998,
        "HP Shaft Speed": 15183.0,
        "HPC Power": 11.327384742397612,
        "HPC Efficiency": 0.89,
        "HPT Power": 11.712261461161257,
        "HPT Efficiency": 0.8999999999999999,
        "Burner Power": 6.325801881218471,
        "Burner Efficiency": 0.17760974418643283
    }
}