{
    "Stages": [
        "0. Fan Inlet",
        "1. LPC Inlet",
        "2. HPC Inlet",
        "3. Burner Inlet",
        "4. HPT Inlet",
        "5. LPT Inlet",
        "6. Core Nozz Inlet",
        "7. Core Nozz Outlet",
        "8. Byp Nozz Outlet"
    ],
    "Total Temperatures": [
        15.000057655676706,
        59.942033320834994,
        139.95697080771498,
        517.7825707221816,
        1398.4375,
        1087.3127209731588,
        799.6628092552977,
        799.6628092552977,
        59.94203332083493
    ],
    "Static Temperatures": [
        1.2698087753191583,
        44.11029440122737,
        120.50659961430016,
        484.0165074388656,
        1341.7869373998226,
        1038.6785300776737,
        759.0821921440463,
        651.7597551159073,
        4.4391862677623966
    ],
    "Total Pressures": [
        99.29823547694355,
        158.87717676310967,
        317.75435352621935,
        2798.969012506346,
        2575.051491505841,
        911.0856319351539,
        292.5017517088779,
        292.5017517088779,
        158.87717676310967
    ],
    "Static Pressures": [
        84.124656235234,
        133.97926458691475,
        267.52254953831897,
        2369.3223795362555,
        2200.9037424499725,
        777.268504276242,
        248.7531502871897,
        158.2370978804124,
        84.07825298491306
    ],
    "Entropies": [
        6834.413225585567,
        6845.607178771453,
        6865.411001852655,
        6922.135008648827,
        7958.733828541722,
        7991.9026480178445,
        8025.083276109234,
        8025.083276109234,
        6845.607178771453
    ],
    "Specifice Volumes": [
        0.9354134467594015,
        0.6780422909737055,
        0.42158869626980144,
        0.091711428099982,
        0.21059157159255548,
        0.48433809362643254,
        1.1908421280214885,
        1.6775814938398192,
        0.9458112098493391
    ],
    "Performance": {
        "Thrust": 99999.99999999999,
        "OPR": 27.623749999999998,
        "T4": 1398.4375,
        "Thermal Efficiency": 0.42373974302812323,
        "SFC": 0.054882305320945325,
        "TSFC": 7.858445187261448,
        "Air Mass Flow Rate": 187.90545936545604,
        "Fuel Mass Flow Rate": 0.7858445187261447,
        "Core EGT": 799.6628092552977,
        "Bypass EGT": 59.94203332083493,
        "FAR": 0.025510975468287716,
        "Specific Thrust": 0.5321825152802542
    },
    "Pressure Ratios": {
        "Fan": 1.6,
        "LPC": 2.0,
        "HPC": 8.80859375,
        "HPT": 2.8263550661384147,
        "LPT": 3.114804019505298
    },
    "Mechanical Parameters": {
        "LP Shaft Speed": 5490.0,
        "Fan Power": 8.490774081910125,
        "Fan Efficiency": 0.92,
        "LPC Power": 2.490894487747096,
        "LPC Efficiency": 0.9,
        "LPT Power": 11.205784254752265,
        "LPT Efficiency": 0.91,
        "HP Shaft Speed": 15183.0,
        "HPC Power": 12.25479546519343,
        "HPC Efficiency": 0.89,
        "HPT Power": 12.658598933401889,
        "HPT Efficiency": 0.9,
        "Burner Power": 6.167823206647121,
        "Burner Efficiency": 0.1825268810480556
    }
}