{
    "Stages": [
        "0. Fan Inlet",
        "1. LPC Inlet",
        "2. HPC Inlet",
        "3. Burner Inlet",
        "4. HPT Inlet",
        "5. LPT Inlet",
        "6. Core Nozz Inlet",
        "7. Core Nozz Outlet",
        "8. Byp Nozz Outlet"
    ],
    "Total Temperatures": [
        15.000057655676706,
        59.942033320834994,
        139.95697080771538,
        517.7825707221822,
        1322.265625,
        1005.7133409747988,
        712.2675494492056,
        712.2675494492056,
        59.942033320834994
    ],
    "Static Temperatures": [
        1.2698087753191583,
        44.1102944012275,
        120.50659961430048,
        484.0165074388662,
        1267.2268217415776,
        959.0926839499808,
        674.0233008676041,
        573.2459113934531,
        4.43918626776246
    ],
    "Total Pressures": [
        99.29823547694352,
        158.87717676310965,
        317.7543535262193,
        2798.9690125063457,
        2575.0514915058407,
        857.8773530608687,
        251.4710896693629,
        251.4710896693629,
        158.87717676310965
    ],
    "Static Pressures": [
        84.124656235234,
        133.97926458691427,
        267.5225495383182,
        2369.322379536263,
        2199.9058113503443,
        731.0688497496831,
        213.60089373349675,
        135.64370638663138,
        84.07825298491287
    ],
    "Entropies": [
        6834.413225585567,
        6845.607178771453,
        6865.411001852656,
        6922.135008648827,
        7888.139692306162,
        7923.528249144119,
        7959.705265783271,
        7959.705265783271,
        6845.607178771453
    ],
    "Specifice Volumes": [
        0.9354134467594013,
        0.6780422909737036,
        0.4215886962698031,
        0.0917114280999818,
        0.20096406890943289,
        0.4837657199998282,
        1.2723505646366702,
        1.7903591200104052,
        0.9458112098493419
    ],
    "Performance": {
        "Thrust": 99999.99999999999,
        "OPR": 27.62375,
        "T4": 1322.265625,
        "Thermal Efficiency": 0.4547764964234334,
        "SFC": 0.05113679826548324,
        "TSFC": 7.220571547385208,
        "Air Mass Flow Rate": 191.31177469435065,
        "Fuel Mass Flow Rate": 0.7220571547385207,
        "Core EGT": 712.2675494492056,
        "Bypass EGT": 59.942033320834994,
        "FAR": 0.023022883201736587,
        "Specific Thrust": 0.5227069800578926
    },
    "Pressure Ratios": {
        "Fan": 1.6,
        "LPC": 2.0,
        "HPC": 8.80859375,
        "HPT": 3.001654586476974,
        "LPT": 3.411435303275704
    },
    "Mechanical Parameters": {
        "LP Shaft Speed": 5490.0,
        "Fan Power": 8.644693260240867,
        "Fan Efficiency": 0.92,
        "LPC Power": 2.536048961198409,
        "LPC Efficiency": 0.9,
        "LPT Power": 11.40892063412171,
        "LPT Efficiency": 0.9100000000000001,
        "HP Shaft Speed": 15183.0,
        "HPC Power": 12.476948125294545,
        "HPC Efficiency": 0.89,
        "HPT Power": 12.88528532126017,
        "HPT Efficiency": 0.9000000000000001,
        "Burner Power": 5.709048988154223,
        "Burner Efficiency": 0.18387544566045502
    }
}