{
    "Stages": [
        "0. Fan Inlet",
        "1. LPC Inlet",
        "2. HPC Inlet",
        "3. Burner Inlet",
        "4. HPT Inlet",
        "5. LPT Inlet",
        "6. Core Nozz Inlet",
        "7. Core Nozz Outlet",
        "8. Byp Nozz Outlet"
    ],
    "Total Temperatures": [
        15.000057655676706,
        59.942033320834994,
        139.95697080771498,
        490.6284934692238,
        1408.9843749999998,
        1122.4772456947787,
        837.2220235150708,
        837.2220235150708,
        59.94203332083493
    ],
    "Static Temperatures": [
        1.2698087753191583,
        44.11029440122737,
        120.50659961430016,
        457.77258666309643,
        1352.1830320831134,
        1073.0032150631423,
        795.6509076527985,
        685.584241444996,
        4.4391862677623966
    ],
    "Total Pressures": [
        99.29823547694355,
        158.87717676310967,
        317.75435352621935,
        2470.0436074889703,
        2272.440118889853,
        884.7229844578651,
        293.9883133990778,
        293.98831339907787,
        158.87717676310967
    ],
    "Static Pressures": [
        84.124656235234,
        133.97926458691475,
        267.52254953831897,
        2091.0132479271274,
        1942.424312878971,
        754.739584762505,
        250.1239658658444,
        159.12998050971547,
        84.07825298491287
    ],
    "Entropies": [
        6834.413225585567,
        6845.607178771453,
        6865.411001852655,
        6919.744629646577,
        8006.665436583582,
        8036.53004181255,
        8068.517722237029,
        8068.517722237029,
        6845.607178771453
    ],
    "Specifice Volumes": [
        0.9354134467594015,
        0.6780422909737055,
        0.42158869626980144,
        0.10028844625320602,
        0.24013532216817562,
        0.5118480258886902,
        1.2262240606954882,
        1.7292001304288405,
        0.9458112098493415
    ],
    "Performance": {
        "Thrust": 99999.99999999999,
        "OPR": 24.377499999999994,
        "T4": 1408.9843749999998,
        "Thermal Efficiency": 0.41209283210211806,
        "SFC": 0.05643343475512211,
        "TSFC": 8.144282217822315,
        "Air Mass Flow Rate": 186.8609727485495,
        "Fuel Mass Flow Rate": 0.8144282217822315,
        "Core EGT": 837.2220235150708,
        "Bypass EGT": 59.94203332083493,
        "FAR": 0.026586676071502877,
        "Specific Thrust": 0.5351572269430789
    },
    "Pressure Ratios": {
        "Fan": 1.6,
        "LPC": 2.0,
        "HPC": 7.7734375,
        "HPT": 2.568532929301418,
        "LPT": 3.0093814758442026
    },
    "Mechanical Parameters": {
        "LP Shaft Speed": 5490.0,
        "Fan Power": 8.443577476097394,
        "Fan Efficiency": 0.92,
        "LPC Power": 2.477048663547183,
        "LPC Efficiency": 0.9,
        "LPT Power": 11.143496060861812,
        "LPT Efficiency": 0.91,
        "HP Shaft Speed": 15183.0,
        "HPC Power": 11.27756970434475,
        "HPC Efficiency": 0.89,
        "HPT Power": 11.661429789678742,
        "HPT Efficiency": 0.9000000000000001,
        "Burner Power": 6.211167752634992,
        "Burner Efficiency": 0.17735849253000094
    }
}