{
    "Stages": [
        "0. Fan Inlet",
        "1. LPC Inlet",
        "2. HPC Inlet",
        "3. Burner Inlet",
        "4. HPT Inlet",
        "5. LPT Inlet",
        "6. Core Nozz Inlet",
        "7. Core Nozz Outlet",
        "8. Byp Nozz Outlet"
    ],
    "Total Temperatures": [
        15.000057655676706,
        59.942033320834994,
        139.95697080771498,
        508.8189432336985,
        1311.71875,
        1002.5093568898325,
        708.8161045880265,
        708.8161045880265,
        59.94203332083493
    ],
    "Static Temperatures": [
        1.2698087753191583,
        44.11029440122737,
        120.50659961430016,
        475.3562476365862,
        1256.915950027855,
        955.957848217847,
        670.6687397280714,
        570.1523826344805,
        4.4391862677623966
    ],
    "Total Pressures": [
        99.29823547694355,
        158.87717676310967,
        317.75435352621935,
        2681.0523578774755,
        2466.568169247275,
        838.5303244995599,
        244.93669751047,
        244.93669751046988,
        158.87717676310967
    ],
    "Static Pressures": [
        84.124656235234,
        133.97926458691475,
        267.52254953831897,
        2269.244169003599,
        2105.629464830851,
        714.213912821749,
        208.37630631310498,
        132.2745329919903,
        84.07825298491304
    ],
    "Entropies": [
        6834.413225585567,
        6845.607178771453,
        6865.411001852655,
        6921.510201949659,
        7891.835473196442,
        7926.44171567643,
        7962.7747588263355,
        7962.7747588263355,
        6845.607178771453
    ],
    "Specifice Volumes": [
        0.9354134467594015,
        0.6780422909737055,
        0.42158869626980144,
        0.09466155412617823,
        0.2085381324014718,
        0.4938923666363808,
        1.299593294780143,
        1.8291479357568488,
        0.9458112098493393
    ],
    "Performance": {
        "Thrust": 99999.99999999999,
        "OPR": 26.459999999999997,
        "T4": 1311.71875,
        "Thermal Efficiency": 0.456200788305577,
        "SFC": 0.05097714547987789,
        "TSFC": 7.198953013246047,
        "Air Mass Flow Rate": 191.58159008027093,
        "Fuel Mass Flow Rate": 0.7198953013246046,
        "Core EGT": 708.8161045880265,
        "Bypass EGT": 59.94203332083493,
        "FAR": 0.022921624860928167,
        "Specific Thrust": 0.5219708217167469
    },
    "Pressure Ratios": {
        "Fan": 1.6,
        "LPC": 2.0,
        "HPC": 8.4375,
        "HPT": 2.9415372314881254,
        "LPT": 3.4234572974256583
    },
    "Mechanical Parameters": {
        "LP Shaft Speed": 5490.0,
        "Fan Power": 8.656885250262917,
        "Fan Efficiency": 0.92,
        "LPC Power": 2.539625662268008,
        "LPC Efficiency": 0.9,
        "LPT Power": 11.42501113523564,
        "LPT Efficiency": 0.9099999999999998,
        "HP Shaft Speed": 15183.0,
        "HPC Power": 12.186174591725194,
        "HPC Efficiency": 0.89,
        "HPT Power": 12.588577633944503,
        "HPT Efficiency": 0.8999999999999998,
        "Burner Power": 5.647891111208331,
        "Burner Efficiency": 0.18245195470805958
    }
}