{
    "Stages": [
        "0. Fan Inlet",
        "1. LPC Inlet",
        "2. HPC Inlet",
        "3. Burner Inlet",
        "4. HPT Inlet",
        "5. LPT Inlet",
        "6. Core Nozz Inlet",
        "7. Core Nozz Outlet",
        "8. Byp Nozz Outlet"
    ],
    "Total Temperatures": [
        15.000057655676706,
        59.942033320834994,
        139.95697080771498,
        492.27486013229566,
        1393.75,
        1104.822772569706,
        818.3751909984566,
        818.3751909984566,
        59.94203332083493
    ],
    "Static Temperatures": [
        1.2698087753191583,
        44.11029440122737,
        120.50659961430016,
        459.3639457656355,
        1337.287158121761,
        1055.76778713453,
        777.2792276006476,
        668.566580840598,
        4.4391862677623966
    ],
    "Total Pressures": [
        99.29823547694355,
        158.87717676310967,
        317.75435352621935,
        2488.6620266408977,
        2289.569064509626,
        877.7048778833215,
        286.43921820755077,
        286.4392182075507,
        158.87717676310967
    ],
    "Static Pressures": [
        84.124656235234,
        133.97926458691475,
        267.52254953831897,
        2107.143455259459,
        1956.4794252772303,
        748.5743254049655,
        243.95265864874534,
        155.21912245346627,
        84.07825298491302
    ],
    "Entropies": [
        6834.413225585567,
        6845.607178771453,
        6865.411001852655,
        6919.904426510913,
        7990.42918304614,
        8020.864630548899,
        8053.370659904148,
        8053.370659904148,
        6845.607178771453
    ],
    "Specifice Volumes": [
        0.9354134467594015,
        0.6780422909737034,
        0.42158869626980144,
        0.09973527739805096,
        0.2362487439365681,
        0.5094656416036176,
        1.2355502127320843,
        1.740736402795567,
        0.9458112098493398
    ],
    "Performance": {
        "Thrust": 99999.99999999999,
        "OPR": 24.561249999999998,
        "T4": 1393.75,
        "Thermal Efficiency": 0.4179506589079694,
        "SFC": 0.05564248663766118,
        "TSFC": 8.004382723456546,
        "Air Mass Flow Rate": 187.5195425882974,
        "Fuel Mass Flow Rate": 0.8004382723456545,
        "Core EGT": 818.3751909984566,
        "Bypass EGT": 59.94203332083493,
        "FAR": 0.026038211238753342,
        "Specific Thrust": 0.5332777513197748
    },
    "Pressure Ratios": {
        "Fan": 1.6,
        "LPC": 2.0,
        "HPC": 7.83203125,
        "HPT": 2.6085864647706694,
        "LPT": 3.0641924083430108
    },
    "Mechanical Parameters": {
        "LP Shaft Speed": 5490.0,
        "Fan Power": 8.473335886232693,
        "Fan Efficiency": 0.92,
        "LPC Power": 2.4857787344517974,
        "LPC Efficiency": 0.9,
        "LPT Power": 11.182770021106622,
        "LPT Efficiency": 0.91,
        "HP Shaft Speed": 15183.0,
        "HPC Power": 11.37256885231074,
        "HPC Efficiency": 0.89,
        "HPT Power": 11.758367695766482,
        "HPT Efficiency": 0.8999999999999999,
        "Burner Power": 6.123154657771735,
        "Burner Efficiency": 0.17790122043050297
    }
}