{
    "Stages": [
        "0. Fan Inlet",
        "1. LPC Inlet",
        "2. HPC Inlet",
        "3. Burner Inlet",
        "4. HPT Inlet",
        "5. LPT Inlet",
        "6. Core Nozz Inlet",
        "7. Core Nozz Outlet",
        "8. Byp Nozz Outlet"
    ],
    "Total Temperatures": [
        15.000057655676706,
        59.942033320834994,
        139.95697080771498,
        504.3482085948541,
        1372.65625,
        1071.6424858575872,
        782.903844296657,
        782.903844296657,
        59.94203332083493
    ],
    "Static Temperatures": [
        1.2698087753191583,
        44.11029440122737,
        120.50659961430016,
        471.0344447905791,
        1316.5564491289067,
        1023.38934278076,
        742.7484008157144,
        636.649870383484,
        4.4391862677623966
    ],
    "Total Pressures": [
        99.29823547694355,
        158.87717676310967,
        317.75435352621935,
        2625.197100421695,
        2415.1813323879596,
        875.1220796320348,
        276.5702192805701,
        276.5702192805699,
        158.87717676310967
    ],
    "Static Pressures": [
        84.124656235234,
        133.97926458691475,
        267.52254953831897,
        2225.4374882355096,
        2061.9770938808333,
        746.1968022746845,
        235.36245904075253,
        149.59559882426026,
        84.07825298491306
    ],
    "Entropies": [
        6834.413225585567,
        6845.607178771453,
        6865.411001852655,
        6921.076270176687,
        7955.153317875374,
        7987.483604357879,
        8021.112322357817,
        8021.112322357817,
        6845.607178771453
    ],
    "Specifice Volumes": [
        0.9354134467594015,
        0.6780422909737034,
        0.42158869626980144,
        0.09595073614692255,
        0.22125419578463407,
        0.49864834472225406,
        1.2385293663025096,
        1.744937734919314,
        0.9458112098493391
    ],
    "Performance": {
        "Thrust": 99999.99999999999,
        "OPR": 25.908749999999998,
        "T4": 1372.65625,
        "Thermal Efficiency": 0.4294216483504307,
        "SFC": 0.05415612846446531,
        "TSFC": 7.740473806961449,
        "Air Mass Flow Rate": 188.70641188593385,
        "Fuel Mass Flow Rate": 0.7740473806961449,
        "Core EGT": 782.903844296657,
        "Bypass EGT": 59.94203332083493,
        "FAR": 0.025021349169102813,
        "Specific Thrust": 0.5299236999983146
    },
    "Pressure Ratios": {
        "Fan": 1.6,
        "LPC": 2.0,
        "HPC": 8.26171875,
        "HPT": 2.759822187783763,
        "LPT": 3.1641949082892986
    },
    "Mechanical Parameters": {
        "LP Shaft Speed": 5490.0,
        "Fan Power": 8.526966254956504,
        "Fan Efficiency": 0.92,
        "LPC Power": 2.5015119984088017,
        "LPC Efficiency": 0.9,
        "LPT Power": 11.25354923812786,
        "LPT Efficiency": 0.9099999999999999,
        "HP Shaft Speed": 15183.0,
        "HPC Power": 11.852300092067779,
        "HPC Efficiency": 0.89,
        "HPT Power": 12.247889368987954,
        "HPT Efficiency": 0.8999999999999999,
        "Burner Power": 6.006743077659422,
        "Burner Efficiency": 0.18046918439904672
    }
}