{
    "Stages": [
        "0. Fan Inlet",
        "1. LPC Inlet",
        "2. HPC Inlet",
        "3. Burner Inlet",
        "4. HPT Inlet",
        "5. LPT Inlet",
        "6. Core Nozz Inlet",
        "7. Core Nozz Outlet",
        "8. Byp Nozz Outlet"
    ],
    "Total Temperatures": [
        15.000057655676706,
        59.942033320834994,
        139.95697080771498,
        524.5823100297264,
        1439.453125,
        1125.2089844075751,
        840.1474872413847,
        840.1474872413847,
        59.94203332083493
    ],
    "Static Temperatures": [
        1.2698087753191583,
        44.11029440122737,
        120.50659961430016,
        490.5905227851243,
        1381.9305856665928,
        1075.6662259356708,
        798.4979317217588,
        688.2190245749935,
        4.4391862677623966
    ],
    "Total Pressures": [
        99.29823547694355,
        158.87717676310967,
        317.75435352621935,
        2885.854968548672,
        2654.986571064778,
        947.9008934427599,
        316.7928791934934,
        316.7928791934933,
        158.87717676310967
    ],
    "Static Pressures": [
        84.124656235234,
        133.97926458691475,
        267.52254953831897,
        2444.4669300856467,
        2268.51817342065,
        808.0755057128955,
        269.7818148111051,
        171.73510879176357,
        84.07825298491304
    ],
    "Entropies": [
        6834.413225585567,
        6845.607178771453,
        6865.411001852655,
        6922.679551948526,
        7986.175181455874,
        8019.00595626082,
        8050.888567519797,
        8050.888567519797,
        6845.607178771453
    ],
    "Specifice Volumes": [
        0.9354134467594015,
        0.6780422909737055,
        0.42158869626980144,
        0.08964555226697997,
        0.2093846914856414,
        0.4790012044960746,
        1.1398543293533179,
        1.6065419850335236,
        0.9458112098493398
    ],
    "Performance": {
        "Thrust": 99999.99999999999,
        "OPR": 28.481249999999996,
        "T4": 1439.453125,
        "Thermal Efficiency": 0.41091969035059694,
        "SFC": 0.056594547546861274,
        "TSFC": 8.154065083069833,
        "Air Mass Flow Rate": 186.35830190103715,
        "Fuel Mass Flow Rate": 0.8154065083069832,
        "Core EGT": 840.1474872413847,
        "Bypass EGT": 59.94203332083493,
        "FAR": 0.026690411159219277,
        "Specific Thrust": 0.5366007254836628
    },
    "Pressure Ratios": {
        "Fan": 1.6,
        "LPC": 2.0,
        "HPC": 9.08203125,
        "HPT": 2.800911560935353,
        "LPT": 2.9921786621466095
    },
    "Mechanical Parameters": {
        "LP Shaft Speed": 5490.0,
        "Fan Power": 8.420863582535159,
        "Fan Efficiency": 0.92,
        "LPC Power": 2.4703852060433515,
        "LPC Efficiency": 0.9,
        "LPT Power": 11.113519172018886,
        "LPT Efficiency": 0.9100000000000003,
        "HP Shaft Speed": 15183.0,
        "HPC Power": 12.382359725317134,
        "HPC Efficiency": 0.89,
        "HPT Power": 12.78876654577301,
        "HPT Efficiency": 0.9000000000000001,
        "Burner Power": 6.424392820453406,
        "Burner Efficiency": 0.1832269949706401
    }
}