{
    "Stages": [
        "0. Fan Inlet",
        "1. LPC Inlet",
        "2. HPC Inlet",
        "3. Burner Inlet",
        "4. HPT Inlet",
        "5. LPT Inlet",
        "6. Core Nozz Inlet",
        "7. Core Nozz Outlet",
        "8. Byp Nozz Outlet"
    ],
    "Total Temperatures": [
        15.000057655676706,
        59.942033320834994,
        139.95697080771498,
        528.5169302761876,
        1434.765625,
        1116.7066204445682,
        831.0844219591465,
        831.0844219591465,
        59.94203332083493
    ],
    "Static Temperatures": [
        1.2698087753191583,
        44.11029440122737,
        120.50659961430016,
        494.3946610926492,
        1377.339353641868,
        1067.3828526752907,
        789.6828267145205,
        680.0393584600345,
        4.4391862677623966
    ],
    "Total Pressures": [
        99.29823547694355,
        158.87717676310967,
        317.75435352621935,
        2935.5040862871438,
        2700.6637593841724,
        948.0726816729069,
        314.3236874998395,
        314.3236874998395,
        158.87717676310967
    ],
    "Static Pressures": [
        84.124656235234,
        133.97926458691475,
        267.52254953831897,
        2487.40972552752,
        2306.523033908401,
        808.3743836961229,
        267.69058963597234,
        170.2695179445666,
        84.07825298491304
    ],
    "Entropies": [
        6834.413225585567,
        6845.607178771453,
        6865.411001852655,
        6923.05782925722,
        7976.93338730808,
        8010.322513045023,
        8042.528660816454,
        8042.528660816454,
        6845.607178771453
    ],
    "Specifice Volumes": [
        0.9354134467594015,
        0.6780422909737055,
        0.42158869626980144,
        0.08853210166655516,
        0.20537012890869913,
        0.4759222119890045,
        1.1395103737250771,
        1.6064506230755007,
        0.9458112098493395
    ],
    "Performance": {
        "Thrust": 99999.99999999999,
        "OPR": 28.971249999999998,
        "T4": 1434.765625,
        "Thermal Efficiency": 0.41367703234633924,
        "SFC": 0.05621731963600558,
        "TSFC": 8.086216169653866,
        "Air Mass Flow Rate": 186.64900405718907,
        "Fuel Mass Flow Rate": 0.8086216169653866,
        "Core EGT": 831.0844219591465,
        "Bypass EGT": 59.94203332083493,
        "FAR": 0.0264270998305328,
        "Specific Thrust": 0.535764980397967
    },
    "Pressure Ratios": {
        "Fan": 1.6,
        "LPC": 2.0,
        "HPC": 9.23828125,
        "HPT": 2.848583037556527,
        "LPT": 3.016230463615284
    },
    "Mechanical Parameters": {
        "LP Shaft Speed": 5490.0,
        "Fan Power": 8.433999370826491,
        "Fan Efficiency": 0.92,
        "LPC Power": 2.474238784330967,
        "LPC Efficiency": 0.9,
        "LPT Power": 11.130855260364749,
        "LPT Efficiency": 0.9100000000000001,
        "HP Shaft Speed": 15183.0,
        "HPC Power": 12.53408191396233,
        "HPC Efficiency": 0.89,
        "HPT Power": 12.94358510561505,
        "HPT Efficiency": 0.9,
        "Burner Power": 6.398476635938611,
        "Burner Efficiency": 0.1840190505783869
    }
}