{
    "Stages": [
        "0. Fan Inlet",
        "1. LPC Inlet",
        "2. HPC Inlet",
        "3. Burner Inlet",
        "4. HPT Inlet",
        "5. LPT Inlet",
        "6. Core Nozz Inlet",
        "7. Core Nozz Outlet",
        "8. Byp Nozz Outlet"
    ],
    "Total Temperatures": [
        15.000057655676706,
        59.942033320834994,
        139.95697080771498,
        493.37243777919446,
        1379.6875,
        1088.8618826029006,
        801.306178779674,
        801.306178779674,
        59.94203332083493
    ],
    "Static Temperatures": [
        1.2698087753191583,
        44.11029440122737,
        120.50659961430016,
        460.42486151081926,
        1323.4879454626246,
        1040.1862354615348,
        760.6792451195487,
        653.2322914371568,
        4.4391862677623966
    ],
    "Total Pressures": [
        99.29823547694355,
        158.87717676310967,
        317.75435352621935,
        2501.074306075516,
        2300.9883615894746,
        870.0437494022076,
        279.65889758383605,
        279.65889758383605,
        158.87717676310967
    ],
    "Static Pressures": [
        84.124656235234,
        133.97926458691475,
        267.52254953831886,
        2117.8970330934235,
        1964.2283721587282,
        741.8371315596138,
        238.15709497406087,
        151.5011665173225,
        84.07825298491306
    ],
    "Entropies": [
        6834.413225585567,
        6845.607178771453,
        6865.411001852655,
        6920.010957753696,
        7976.070450994027,
        8006.963948629637,
        8040.08299553969,
        8040.08299553969,
        6845.607178771453
    ],
    "Specifice Volumes": [
        0.9354134467594015,
        0.6780422909737055,
        0.42158869626980155,
        0.09937168761139145,
        0.23327626068351476,
        0.508048282634029,
        1.2457075272418698,
        1.7548662129084593,
        0.9458112098493391
    ],
    "Performance": {
        "Thrust": 99999.99999999999,
        "OPR": 24.68375,
        "T4": 1379.6875,
        "Thermal Efficiency": 0.4234147367180903,
        "SFC": 0.054924432091677765,
        "TSFC": 7.878098235067844,
        "Air Mass Flow Rate": 188.120419855634,
        "Fuel Mass Flow Rate": 0.7878098235067843,
        "Core EGT": 801.306178779674,
        "Bypass EGT": 59.94203332083493,
        "FAR": 0.025545551764552157,
        "Specific Thrust": 0.5315744036545382
    },
    "Pressure Ratios": {
        "Fan": 1.6,
        "LPC": 2.0,
        "HPC": 7.87109375,
        "HPT": 2.6446812165140487,
        "LPT": 3.1110891050458567
    },
    "Mechanical Parameters": {
        "LP Shaft Speed": 5490.0,
        "Fan Power": 8.50048737584422,
        "Fan Efficiency": 0.92,
        "LPC Power": 2.493744026562392,
        "LPC Efficiency": 0.9,
        "LPT Power": 11.218603471843482,
        "LPT Efficiency": 0.9100000000000001,
        "HP Shaft Speed": 15183.0,
        "HPC Power": 11.445963623456375,
        "HPC Efficiency": 0.89,
        "HPT Power": 11.833260319384484,
        "HPT Efficiency": 0.9000000000000002,
        "Burner Power": 6.040922482068844,
        "Burner Efficiency": 0.17832548561667994
    }
}