{
    "Stages": [
        "0. Fan Inlet",
        "1. LPC Inlet",
        "2. HPC Inlet",
        "3. Burner Inlet",
        "4. HPT Inlet",
        "5. LPT Inlet",
        "6. Core Nozz Inlet",
        "7. Core Nozz Outlet",
        "8. Byp Nozz Outlet"
    ],
    "Total Temperatures": [
        15.000057655676706,
        59.942033320834994,
        139.95697080771498,
        515.4331889295013,
        1350.3906249999998,
        1037.9711794920036,
        746.8548373542262,
        746.8548373542266,
        59.94203332083493
    ],
    "Static Temperatures": [
        1.2698087753191583,
        44.11029440122737,
        120.50659961430016,
        481.7451824878502,
        1294.7460957117182,
        990.5434316250995,
        707.6683892088785,
        604.2661060691439,
        4.4391862677623966
    ],
    "Total Pressures": [
        99.29823547694355,
        158.87717676310967,
        317.75435352621935,
        2767.938313919801,
        2546.5032488062197,
        875.0181464958415,
        266.70766893299316,
        266.7076689329931,
        158.87717676310967
    ],
    "Static Pressures": [
        84.124656235234,
        133.97926458691475,
        267.52254953831897,
        2342.488199687328,
        2175.396102682052,
        745.9413458386698,
        226.77571803351563,
        143.97410803505068,
        84.07825298491287
    ],
    "Entropies": [
        6834.413225585567,
        6845.607178771453,
        6865.411001852655,
        6922.048734147308,
        7918.0342902170305,
        7952.282559115075,
        7987.171612431421,
        7987.171612431421,
        6845.607178771453
    ],
    "Specifice Volumes": [
        0.9354134467594015,
        0.6780422909737055,
        0.42158869626980144,
        0.09249345328178743,
        0.20684515380208301,
        0.48619356370223904,
        1.2410115260228545,
        1.7485269797618361,
        0.9458112098493416
    ],
    "Performance": {
        "Thrust": 99999.99999999999,
        "OPR": 27.317499999999995,
        "T4": 1350.3906249999998,
        "Thermal Efficiency": 0.4419098883773147,
        "SFC": 0.05262569262453779,
        "TSFC": 7.472387942988276,
        "Air Mass Flow Rate": 189.94546604795727,
        "Fuel Mass Flow Rate": 0.7472387942988276,
        "Core EGT": 746.8548373542266,
        "Bypass EGT": 59.94203332083493,
        "FAR": 0.023997185824230247,
        "Specific Thrust": 0.5264668964235876
    },
    "Pressure Ratios": {
        "Fan": 1.6,
        "LPC": 2.0,
        "HPC": 8.7109375,
        "HPT": 2.910229072395954,
        "LPT": 3.2808135963862313
    },
    "Mechanical Parameters": {
        "LP Shaft Speed": 5490.0,
        "Fan Power": 8.582954670623181,
        "Fan Efficiency": 0.92,
        "LPC Power": 2.5179370304042883,
        "LPC Efficiency": 0.9,
        "LPT Power": 11.327440511252519,
        "LPT Efficiency": 0.91,
        "HP Shaft Speed": 15183.0,
        "HPC Power": 12.307383318073919,
        "HPC Efficiency": 0.89,
        "HPT Power": 12.712260007769736,
        "HPT Efficiency": 0.8999999999999998,
        "Burner Power": 5.876902523710903,
        "Burner Efficiency": 0.18290291237147763
    }
}