{
    "Stages": [
        "0. Fan Inlet",
        "1. LPC Inlet",
        "2. HPC Inlet",
        "3. Burner Inlet",
        "4. HPT Inlet",
        "5. LPT Inlet",
        "6. Core Nozz Inlet",
        "7. Core Nozz Outlet",
        "8. Byp Nozz Outlet"
    ],
    "Total Temperatures": [
        15.000057655676706,
        59.942033320834994,
        139.95697080771498,
        510.2389991823411,
        1419.5312499999998,
        1116.5525433808027,
        830.9130808801805,
        830.9130808801805,
        59.94203332083493
    ],
    "Static Temperatures": [
        1.2698087753191583,
        44.11029440122737,
        120.50659961430016,
        476.72902512694634,
        1362.4714193445002,
        1067.2319207673645,
        789.5153887485216,
        679.8818054736133,
        4.4391862677623966
    ],
    "Total Pressures": [
        99.29823547694355,
        158.87717676310967,
        317.75435352621935,
        2699.6707770294024,
        2483.6971148670527,
        913.1868648493547,
        302.3454002138903,
        302.34540021389,
        158.87717676310967
    ],
    "Static Pressures": [
        84.124656235234,
        133.97926458691475,
        267.52254953831897,
        2283.776710305257,
        2122.3519423517796,
        779.4106045053209,
        257.35938166177993,
        163.63590191452073,
        84.07825298491304
    ],
    "Entropies": [
        6834.413225585567,
        6845.607178771453,
        6865.411001852655,
        6921.648033375641,
        7989.426191262386,
        8021.180613055692,
        8053.393189001785,
        8053.393189001785,
        6845.607178771453
    ],
    "Specifice Volumes": [
        0.9354134467594015,
        0.6780422909737055,
        0.42158869626980144,
        0.0942383159327592,
        0.2211724487671526,
        0.49355357940758193,
        1.185072726846506,
        1.6712912192712266,
        0.9458112098493398
    ],
    "Performance": {
        "Thrust": 99999.99999999999,
        "OPR": 26.643749999999997,
        "T4": 1419.5312499999998,
        "Thermal Efficiency": 0.4138817305886476,
        "SFC": 0.05618951559038992,
        "TSFC": 8.091414526983298,
        "Air Mass Flow Rate": 186.8733907700259,
        "Fuel Mass Flow Rate": 0.8091414526983297,
        "Core EGT": 830.9130808801805,
        "Bypass EGT": 59.94203332083493,
        "FAR": 0.026412336401248074,
        "Specific Thrust": 0.5351216649301564
    },
    "Pressure Ratios": {
        "Fan": 1.6,
        "LPC": 2.0,
        "HPC": 8.49609375,
        "HPT": 2.719812571194593,
        "LPT": 3.020343171099453
    },
    "Mechanical Parameters": {
        "LP Shaft Speed": 5490.0,
        "Fan Power": 8.444138601970247,
        "Fan Efficiency": 0.92,
        "LPC Power": 2.477213278142995,
        "LPC Efficiency": 0.9,
        "LPT Power": 11.144236612360453,
        "LPT Efficiency": 0.9100000000000001,
        "HP Shaft Speed": 15183.0,
        "HPC Power": 11.934187623892296,
        "HPC Efficiency": 0.89,
        "HPT Power": 12.331448074931341,
        "HPT Efficiency": 0.9000000000000005,
        "Burner Power": 6.292256778920411,
        "Burner Efficiency": 0.18084792530423668
    }
}