{
    "Stages": [
        "0. Fan Inlet",
        "1. LPC Inlet",
        "2. HPC Inlet",
        "3. Burner Inlet",
        "4. HPT Inlet",
        "5. LPT Inlet",
        "6. Core Nozz Inlet",
        "7. Core Nozz Outlet",
        "8. Byp Nozz Outlet"
    ],
    "Total Temperatures": [
        15.000057655676706,
        59.94203332083493,
        139.95697080771524,
        516.8428180692615,
        1360.9374999999998,
        1047.9941936219159,
        757.60566702555,
        757.60566702555,
        59.94203332083493
    ],
    "Static Temperatures": [
        1.2698087753191583,
        44.11029440122737,
        120.50659961430041,
        483.1079733883119,
        1305.0771451620528,
        1000.321902609158,
        718.141721189977,
        613.9304767748304,
        4.4391862677624285
    ],
    "Total Pressures": [
        99.29823547694353,
        158.87717676310967,
        317.75435352621935,
        2786.556733071728,
        2563.63219442599,
        884.2542906489621,
        272.4688083087933,
        272.4688083087933,
        158.87717676310967
    ],
    "Static Pressures": [
        84.12465623523386,
        133.97926458691458,
        267.5225495383185,
        2358.588657524793,
        2190.664023008193,
        753.9896362133137,
        231.8351743068259,
        147.25860761563797,
        84.07825298491305
    ],
    "Entropies": [
        6834.413225585567,
        6845.607178771453,
        6865.411001852656,
        6922.100498847443,
        7925.658326146363,
        7959.77676200738,
        7994.4166262009285,
        7994.4166262009285,
        6845.607178771453
    ],
    "Specifice Volumes": [
        0.9354134467594029,
        0.678042290973705,
        0.4215886962698025,
        0.0920219186390411,
        0.20677212456521163,
        0.48471401795794367,
        1.2271670094096185,
        1.7287722021857306,
        0.9458112098493391
    ],
    "Performance": {
        "Thrust": 99999.99999999999,
        "OPR": 27.50125,
        "T4": 1360.9374999999998,
        "Thermal Efficiency": 0.4380533041064658,
        "SFC": 0.05308900477517276,
        "TSFC": 7.550074540946466,
        "Air Mass Flow Rate": 189.49845562239835,
        "Fuel Mass Flow Rate": 0.7550074540946465,
        "Core EGT": 757.60566702555,
        "Bypass EGT": 59.94203332083493,
        "FAR": 0.024303868096711697,
        "Specific Thrust": 0.5277087861827418
    },
    "Pressure Ratios": {
        "Fan": 1.6,
        "LPC": 2.0,
        "HPC": 8.76953125,
        "HPT": 2.8992024370551714,
        "LPT": 3.245341351685403
    },
    "Mechanical Parameters": {
        "LP Shaft Speed": 5490.0,
        "Fan Power": 8.562755871990625,
        "Fan Efficiency": 0.92,
        "LPC Power": 2.512011413294766,
        "LPC Efficiency": 0.9,
        "LPT Power": 11.300782944168763,
        "LPT Efficiency": 0.9099999999999999,
        "HP Shaft Speed": 15183.0,
        "HPC Power": 12.326580217501103,
        "HPC Efficiency": 0.89,
        "HPT Power": 12.731848680654606,
        "HPT Efficiency": 0.8999999999999998,
        "Burner Power": 5.940156624031793,
        "Burner Efficiency": 0.18296928931478806
    }
}