{
    "Stages": [
        "0. Fan Inlet",
        "1. LPC Inlet",
        "2. HPC Inlet",
        "3. Burner Inlet",
        "4. HPT Inlet",
        "5. LPT Inlet",
        "6. Core Nozz Inlet",
        "7. Core Nozz Outlet",
        "8. Byp Nozz Outlet"
    ],
    "Total Temperatures": [
        15.000057655676706,
        59.942033320834994,
        139.95697080771498,
        504.8969968658203,
        1362.1093749999998,
        1059.9131969872224,
        770.3309822517117,
        770.3309822517117,
        59.94203332083493
    ],
    "Static Temperatures": [
        1.2698087753191583,
        44.11029440122737,
        120.50659961430016,
        471.56494428027054,
        1306.258089170876,
        1011.9267189833962,
        730.523427072478,
        625.36453958792,
        4.4391862677623966
    ],
    "Total Pressures": [
        99.29823547694355,
        158.87717676310967,
        317.75435352621935,
        2631.403240139004,
        2420.890980927884,
        868.9442764432983,
        271.1507061390469,
        271.150706139047,
        158.87717676310967
    ],
    "Static Pressures": [
        84.124656235234,
        133.97926458691475,
        267.52254953831897,
        2230.814734226649,
        2067.515069680286,
        740.5560538785015,
        230.71919477866297,
        146.5967833966161,
        84.07825298491308
    ],
    "Entropies": [
        6834.413225585567,
        6845.607178771453,
        6865.411001852655,
        6921.129535797607,
        7944.647233071004,
        7977.326521700802,
        8011.458143129382,
        8011.458143129382,
        6845.607178771453
    ],
    "Specifice Volumes": [
        0.9354134467594015,
        0.6780422909737055,
        0.42158869626980144,
        0.09578939660549543,
        0.2192488899058183,
        0.4979640246746285,
        1.2482626097334126,
        1.7586888657058657,
        0.9458112098493389
    ],
    "Performance": {
        "Thrust": 99999.99999999999,
        "OPR": 25.97,
        "T4": 1362.1093749999998,
        "Thermal Efficiency": 0.43370617731838207,
        "SFC": 0.053621126858924964,
        "TSFC": 7.6481610580931,
        "Air Mass Flow Rate": 189.1759900368173,
        "Fuel Mass Flow Rate": 0.7648161058093099,
        "Core EGT": 770.3309822517117,
        "Bypass EGT": 59.94203332083493,
        "FAR": 0.02466157700313247,
        "Specific Thrust": 0.5286083079598952
    },
    "Pressure Ratios": {
        "Fan": 1.6,
        "LPC": 2.0,
        "HPC": 8.28125,
        "HPT": 2.7860140708181023,
        "LPT": 3.2046543002462284
    },
    "Mechanical Parameters": {
        "LP Shaft Speed": 5490.0,
        "Fan Power": 8.548184808192884,
        "Fan Efficiency": 0.92,
        "LPC Power": 2.507736775653443,
        "LPC Efficiency": 0.9,
        "LPT Power": 11.281552636577883,
        "LPT Efficiency": 0.9099999999999998,
        "HP Shaft Speed": 15183.0,
        "HPC Power": 11.900373670053892,
        "HPC Efficiency": 0.89,
        "HPT Power": 12.296944040402352,
        "HPT Efficiency": 0.9000000000000001,
        "Burner Power": 5.944620989326751,
        "Burner Efficiency": 0.18075848390443514
    }
}