{
    "Stages": [
        "0. Fan Inlet",
        "1. LPC Inlet",
        "2. HPC Inlet",
        "3. Burner Inlet",
        "4. HPT Inlet",
        "5. LPT Inlet",
        "6. Core Nozz Inlet",
        "7. Core Nozz Outlet",
        "8. Byp Nozz Outlet"
    ],
    "Total Temperatures": [
        15.000057655676706,
        59.942033320834994,
        139.95697080771498,
        507.398887185918,
        1342.1874999999998,
        1036.3727142996963,
        745.1336566993931,
        745.1336566993931,
        59.94203332083493
    ],
    "Static Temperatures": [
        1.2698087753191583,
        44.11029440122737,
        120.50659961430016,
        473.98348299667555,
        1286.7272422540582,
        988.9790075674142,
        705.9948527974209,
        602.7213646948879,
        4.4391862677623966
    ],
    "Total Pressures": [
        99.29823547694355,
        158.87717676310967,
        317.75435352621935,
        2662.433938725549,
        2449.4392236275075,
        858.1651300704633,
        261.0242727928846,
        261.02427279288435,
        158.87717676310967
    ],
    "Static Pressures": [
        84.124656235234,
        133.97926458691475,
        267.52254953831886,
        2255.329533211053,
        2091.1713298806108,
        731.3277202648933,
        221.87656987274093,
        140.8243070054691,
        84.07825298491287
    ],
    "Entropies": [
        6834.413225585567,
        6845.607178771453,
        6865.411001852655,
        6921.372370523442,
        7922.600560911646,
        7956.133570212876,
        7991.095867013769,
        7991.09586701377,
        6845.607178771453
    ],
    "Specifice Volumes": [
        0.9354134467594015,
        0.6780422909737055,
        0.42158869626980155,
        0.09506488570689638,
        0.21406957766186238,
        0.49528276237151,
        1.266230976993552,
        1.7844609584852926,
        0.9458112098493416
    ],
    "Performance": {
        "Thrust": 99999.99999999999,
        "OPR": 26.276249999999997,
        "T4": 1342.1874999999998,
        "Thermal Efficiency": 0.44261045387379955,
        "SFC": 0.052542396479680176,
        "TSFC": 7.463310323629288,
        "Air Mass Flow Rate": 190.13547780205764,
        "Fuel Mass Flow Rate": 0.7463310323629287,
        "Core EGT": 745.1336566993931,
        "Bypass EGT": 59.94203332083493,
        "FAR": 0.023944081083875433,
        "Specific Thrust": 0.5259407721062239
    },
    "Pressure Ratios": {
        "Fan": 1.6,
        "LPC": 2.0,
        "HPC": 8.37890625,
        "HPT": 2.8542749382352386,
        "LPT": 3.287683252167866
    },
    "Mechanical Parameters": {
        "LP Shaft Speed": 5490.0,
        "Fan Power": 8.591540620613257,
        "Fan Efficiency": 0.92,
        "LPC Power": 2.520455846156071,
        "LPC Efficiency": 0.9,
        "LPT Power": 11.338771904866661,
        "LPT Efficiency": 0.9099999999999999,
        "HP Shaft Speed": 15183.0,
        "HPC Power": 12.045867359219464,
        "HPC Efficiency": 0.89,
        "HPT Power": 12.44540698853049,
        "HPT Efficiency": 0.8999999999999999,
        "Burner Power": 5.827577947240698,
        "Burner Efficiency": 0.18158841407331122
    }
}