{
    "Stages": [
        "0. Fan Inlet",
        "1. LPC Inlet",
        "2. HPC Inlet",
        "3. Burner Inlet",
        "4. HPT Inlet",
        "5. LPT Inlet",
        "6. Core Nozz Inlet",
        "7. Core Nozz Outlet",
        "8. Byp Nozz Outlet"
    ],
    "Total Temperatures": [
        15.000057655676706,
        59.942033320834994,
        139.95697080771498,
        519.6640327088859,
        1374.9999999999998,
        1060.5301852920823,
        770.995910546826,
        770.995910546826,
        59.94203332083493
    ],
    "Static Temperatures": [
        1.2698087753191583,
        44.11029440122737,
        120.50659961430016,
        485.83548377216005,
        1318.8074721792361,
        1012.5282166859276,
        731.1705311286768,
        625.9632346165073,
        4.4391862677623966
    ],
    "Total Pressures": [
        99.29823547694355,
        158.87717676310967,
        317.75435352621935,
        2823.793571375582,
        2597.8900856655355,
        898.0453812478931,
        280.24443630020914,
        280.24443630020926,
        158.87717676310967
    ],
    "Static Pressures": [
        84.124656235234,
        133.97926458691475,
        267.52254953831897,
        2390.79008169933,
        2219.653590085738,
        765.6456400147249,
        238.56135549260682,
        151.63029980657907,
        84.07825298491282
    ],
    "Entropies": [
        6834.413225585567,
        6845.607178771453,
        6865.411001852655,
        6922.206705339395,
        7934.374073866338,
        7968.429838413831,
        8002.534603318041,
        8002.534603318041,
        6845.607178771453
    ],
    "Specifice Volumes": [
        0.9354134467594015,
        0.6780422909737055,
        0.42158869626980144,
        0.09109976033032811,
        0.2058271758673835,
        0.4818716834575203,
        1.2079976402682622,
        1.701419731395549,
        0.9458112098493421
    ],
    "Performance": {
        "Thrust": 99999.99999999999,
        "OPR": 27.86875,
        "T4": 1374.9999999999998,
        "Thermal Efficiency": 0.43334013673184746,
        "SFC": 0.05366642039871593,
        "TSFC": 7.647374139367775,
        "Air Mass Flow Rate": 188.950816753901,
        "Fuel Mass Flow Rate": 0.7647374139367775,
        "Core EGT": 770.995910546826,
        "Bypass EGT": 59.94203332083493,
        "FAR": 0.024688425830358487,
        "Specific Thrust": 0.5292382521439163
    },
    "Pressure Ratios": {
        "Fan": 1.6,
        "LPC": 2.0,
        "HPC": 8.88671875,
        "HPT": 2.892827177681818,
        "LPT": 3.2045074403756257
    },
    "Mechanical Parameters": {
        "LP Shaft Speed": 5490.0,
        "Fan Power": 8.538010034767032,
        "Fan Efficiency": 0.92,
        "LPC Power": 2.5047518549859005,
        "LPC Efficiency": 0.9,
        "LPT Power": 11.268124377298907,
        "LPT Efficiency": 0.91,
        "HP Shaft Speed": 15183.0,
        "HPC Power": 12.387066716501034,
        "HPC Efficiency": 0.89,
        "HPT Power": 12.79356959800148,
        "HPT Efficiency": 0.9000000000000002,
        "Burner Power": 6.025708108356632,
        "Burner Efficiency": 0.18324295915454356
    }
}