{
    "Stages": [
        "0. Fan Inlet",
        "1. LPC Inlet",
        "2. HPC Inlet",
        "3. Burner Inlet",
        "4. HPT Inlet",
        "5. LPT Inlet",
        "6. Core Nozz Inlet",
        "7. Core Nozz Outlet",
        "8. Byp Nozz Outlet"
    ],
    "Total Temperatures": [
        15.000057655676706,
        59.942033320834994,
        139.95697080771498,
        483.4942352567617,
        1420.7031249999998,
        1141.196656721653,
        857.225503728731,
        857.225503728731,
        59.94203332083493
    ],
    "Static Temperatures": [
        1.2698087753191583,
        44.11029440122737,
        120.50659961430016,
        450.87689848040714,
        1363.7066372144502,
        1091.2863617352314,
        815.109570298361,
        703.5717298246459,
        4.4391862677623966
    ],
    "Total Pressures": [
        99.29823547694355,
        158.87717676310967,
        317.75435352621935,
        2389.363791163954,
        2198.2146878708354,
        880.2620827727237,
        297.98733824818424,
        297.9873382481841,
        158.87717676310967
    ],
    "Static Pressures": [
        84.124656235234,
        133.97926458691475,
        267.52254953831897,
        2021.117893246589,
        1879.0005302093361,
        751.058054951241,
        253.49223683850838,
        161.2541957655693,
        84.07825298491298
    ],
    "Entropies": [
        6834.413225585567,
        6845.607178771453,
        6865.411001852655,
        6919.05217656551,
        8028.023808340748,
        8056.871255403425,
        8088.337172120115,
        8088.337172120115,
        6845.607178771453
    ],
    "Specifice Volumes": [
        0.9354134467594015,
        0.6780422909737055,
        0.42158869626980144,
        0.10279847342711818,
        0.25000680583331414,
        0.5213599024526423,
        1.2319446583552476,
        1.7379043122048223,
        0.9458112098493401
    ],
    "Performance": {
        "Thrust": 99999.99999999999,
        "OPR": 23.581249999999997,
        "T4": 1420.7031249999998,
        "Thermal Efficiency": 0.406117867677267,
        "SFC": 0.05726370545205673,
        "TSFC": 8.2960934612562,
        "Air Mass Flow Rate": 186.26247547484655,
        "Fuel Mass Flow Rate": 0.82960934612562,
        "Core EGT": 857.225503728731,
        "Bypass EGT": 59.94203332083493,
        "FAR": 0.02716927818372994,
        "Specific Thrust": 0.5368767903737234
    },
    "Pressure Ratios": {
        "Fan": 1.6,
        "LPC": 2.0,
        "HPC": 7.51953125,
        "HPT": 2.497227508592342,
        "LPT": 2.9540251204887813
    },
    "Mechanical Parameters": {
        "LP Shaft Speed": 5490.0,
        "Fan Power": 8.416533529866072,
        "Fan Efficiency": 0.92,
        "LPC Power": 2.469114920881948,
        "LPC Efficiency": 0.9,
        "LPT Power": 11.107804541579611,
        "LPT Efficiency": 0.9100000000000001,
        "HP Shaft Speed": 15183.0,
        "HPC Power": 11.003625608947171,
        "HPC Efficiency": 0.89,
        "HPT Power": 11.38189499845673,
        "HPT Efficiency": 0.9000000000000002,
        "Burner Power": 6.273314131748659,
        "Burner Efficiency": 0.17585509011086448
    }
}