{
    "Stages": [
        "0. Fan Inlet",
        "1. LPC Inlet",
        "2. HPC Inlet",
        "3. Burner Inlet",
        "4. HPT Inlet",
        "5. LPT Inlet",
        "6. Core Nozz Inlet",
        "7. Core Nozz Outlet",
        "8. Byp Nozz Outlet"
    ],
    "Total Temperatures": [
        15.000057655676706,
        59.942033320834994,
        139.95697080771498,
        495.01880405681385,
        1355.078125,
        1061.1844870266218,
        771.6848655370771,
        771.6848655370771,
        59.94203332083493
    ],
    "Static Temperatures": [
        1.2698087753191583,
        44.11029440122737,
        120.50659961430016,
        462.0162496443472,
        1299.4057520745237,
        1013.1641353991821,
        731.8393773581279,
        626.5782245793346,
        4.4391862677623966
    ],
    "Total Pressures": [
        99.29823547694355,
        158.87717676310967,
        317.75435352621935,
        2519.6927252274427,
        2318.1173072092497,
        856.1324737099624,
        267.58358977906715,
        267.5835897790671,
        158.87717676310967
    ],
    "Static Pressures": [
        84.124656235234,
        133.97926458691475,
        267.52254953831897,
        2134.027559268663,
        1978.79333902613,
        729.4809162333572,
        227.63889723780136,
        144.62197616493245,
        84.07825298491292
    ],
    "Entropies": [
        6834.413225585567,
        6845.607178771453,
        6865.411001852655,
        6920.170754617703,
        7951.143858057739,
        7982.8609320896,
        8016.938605990292,
        8016.938605990292,
        6845.607178771453
    ],
    "Specifice Volumes": [
        0.9354134467594015,
        0.6780422909737055,
        0.42158869626980144,
        0.09883393473395136,
        0.22808087389210602,
        0.5060115776106163,
        1.2667932171579164,
        1.785069559334621,
        0.9458112098493406
    ],
    "Performance": {
        "Thrust": 99999.99999999999,
        "OPR": 24.867499999999996,
        "T4": 1355.078125,
        "Thermal Efficiency": 0.433329129728246,
        "SFC": 0.05366778358074567,
        "TSFC": 7.660532247733324,
        "Air Mass Flow Rate": 189.2244827754461,
        "Fuel Mass Flow Rate": 0.7660532247733324,
        "Core EGT": 771.6848655370771,
        "Bypass EGT": 59.94203332083493,
        "FAR": 0.024695137767467,
        "Specific Thrust": 0.5284728410047796
    },
    "Pressure Ratios": {
        "Fan": 1.6,
        "LPC": 2.0,
        "HPC": 7.9296875,
        "HPT": 2.7076619312942607,
        "LPT": 3.1994954339944237
    },
    "Mechanical Parameters": {
        "LP Shaft Speed": 5490.0,
        "Fan Power": 8.55037602120873,
        "Fan Efficiency": 0.92,
        "LPC Power": 2.5083796004854313,
        "LPC Efficiency": 0.9,
        "LPT Power": 11.284444511932817,
        "LPT Efficiency": 0.91,
        "HP Shaft Speed": 15183.0,
        "HPC Power": 11.568894042716074,
        "HPC Efficiency": 0.89,
        "HPT Power": 11.958699522710711,
        "HPT Efficiency": 0.9,
        "Burner Power": 5.89833676088109,
        "Burner Efficiency": 0.17906147759727703
    }
}