{
    "Stages": [
        "0. Fan Inlet",
        "1. LPC Inlet",
        "2. HPC Inlet",
        "3. Burner Inlet",
        "4. HPT Inlet",
        "5. LPT Inlet",
        "6. Core Nozz Inlet",
        "7. Core Nozz Outlet",
        "8. Byp Nozz Outlet"
    ],
    "Total Temperatures": [
        15.000057655676706,
        59.942033320834994,
        139.95697080771538,
        520.1558605416099,
        1374.9999999999998,
        1060.0886465993858,
        770.5245096588884,
        770.5245096588884,
        59.942033320834994
    ],
    "Static Temperatures": [
        1.2698087753191583,
        44.1102944012275,
        120.50659961430048,
        486.31098098034937,
        1318.8059234699765,
        1012.0982987523053,
        730.7122184274466,
        625.540259630516,
        4.43918626776246
    ],
    "Total Pressures": [
        99.29823547694352,
        158.87717676310965,
        317.7543535262193,
        2829.9997110928903,
        2603.5997342054593,
        898.6415282877128,
        280.3020814401347,
        280.3020814401347,
        158.87717676310965
    ],
    "Static Pressures": [
        84.124656235234,
        133.97926458691427,
        267.5225495383182,
        2396.157684247846,
        2224.576490319629,
        766.1682456054241,
        238.61227507613157,
        151.66230008167668,
        84.078252984913
    ],
    "Entropies": [
        6834.413225585567,
        6845.607178771453,
        6865.411001852656,
        6922.253989998973,
        7933.655992296444,
        7967.7699760874275,
        8001.893578597999,
        8001.893578597999,
        6845.607178771453
    ],
    "Specifice Volumes": [
        0.9354134467594013,
        0.6780422909737036,
        0.4215886962698031,
        0.09095110427859386,
        0.20537149700216598,
        0.48138184889273067,
        1.207195308487913,
        1.7002748870104338,
        0.9458112098493403
    ],
    "Performance": {
        "Thrust": 99999.99999999999,
        "OPR": 27.930000000000003,
        "T4": 1374.9999999999998,
        "Thermal Efficiency": 0.43349831704608593,
        "SFC": 0.05364683792074793,
        "TSFC": 7.6437446500461075,
        "Air Mass Flow Rate": 188.9624149170884,
        "Fuel Mass Flow Rate": 0.7643744650046107,
        "Core EGT": 770.5245096588884,
        "Bypass EGT": 59.942033320834994,
        "FAR": 0.024675193945705987,
        "Specific Thrust": 0.5292057684798179
    },
    "Pressure Ratios": {
        "Fan": 1.6,
        "LPC": 2.0,
        "HPC": 8.90625,
        "HPT": 2.8972617581590328,
        "LPT": 3.2059752214804162
    },
    "Mechanical Parameters": {
        "LP Shaft Speed": 5490.0,
        "Fan Power": 8.538534114182935,
        "Fan Efficiency": 0.92,
        "LPC Power": 2.5049056014542104,
        "LPC Efficiency": 0.9,
        "LPT Power": 11.268816036364434,
        "LPT Efficiency": 0.9099999999999998,
        "HP Shaft Speed": 15183.0,
        "HPC Power": 12.40458304985681,
        "HPC Efficiency": 0.89,
        "HPT Power": 12.81144340754819,
        "HPT Efficiency": 0.9,
        "Burner Power": 6.025835833657496,
        "Burner Efficiency": 0.18333385464538893
    }
}