{
    "Stages": [
        "0. Fan Inlet",
        "1. LPC Inlet",
        "2. HPC Inlet",
        "3. Burner Inlet",
        "4. HPT Inlet",
        "5. LPT Inlet",
        "6. Core Nozz Inlet",
        "7. Core Nozz Outlet",
        "8. Byp Nozz Outlet"
    ],
    "Total Temperatures": [
        15.000057655676706,
        59.942033320834994,
        139.95697080771498,
        505.9788310390005,
        1392.5781249999998,
        1091.507882493293,
        804.1345078750237,
        804.1345078750237,
        59.94203332083493
    ],
    "Static Temperatures": [
        1.2698087753191583,
        44.11029440122737,
        120.50659961430016,
        472.6107313222528,
        1336.0943634305613,
        1042.764046012495,
        763.4302119978247,
        655.7742954715185,
        4.4391862677623966
    ],
    "Total Pressures": [
        99.29823547694355,
        158.87717676310967,
        317.75435352621935,
        2643.8155195736217,
        2432.310278007732,
        889.7774547232599,
        286.4191640502777,
        286.4191640502777,
        158.87717676310967
    ],
    "Static Pressures": [
        84.124656235234,
        133.97926458691475,
        267.52254953831897,
        2241.4150398168767,
        2077.9584029025,
        758.8067397178676,
        243.97932742872553,
        155.23703368913505,
        84.07825298491304
    ],
    "Entropies": [
        6834.413225585567,
        6845.607178771453,
        6865.411001852655,
        6921.23453909699,
        7971.2577375971505,
        8003.238151427532,
        8036.25023028691,
        8036.25023028691,
        6845.607178771453
    ],
    "Specifice Volumes": [
        0.9354134467594015,
        0.6780422909737034,
        0.42158869626980144,
        0.0954739092589057,
        0.22226962802589204,
        0.49765446217585285,
        1.2191587326430906,
        1.7171975265176374,
        0.9458112098493398
    ],
    "Performance": {
        "Thrust": 99999.99999999999,
        "OPR": 26.092499999999994,
        "T4": 1392.5781249999998,
        "Thermal Efficiency": 0.422385893639241,
        "SFC": 0.055058216440701295,
        "TSFC": 7.8960283575516765,
        "Air Mass Flow Rate": 187.89905700373814,
        "Fuel Mass Flow Rate": 0.7896028357551677,
        "Core EGT": 804.1345078750237,
        "Bypass EGT": 59.94203332083493,
        "FAR": 0.02563385561860855,
        "Specific Thrust": 0.5322006485536037
    },
    "Pressure Ratios": {
        "Fan": 1.6,
        "LPC": 2.0,
        "HPC": 8.3203125,
        "HPT": 2.733616439814418,
        "LPT": 3.1065569850171855
    },
    "Mechanical Parameters": {
        "LP Shaft Speed": 5490.0,
        "Fan Power": 8.490484782136075,
        "Fan Efficiency": 0.92,
        "LPC Power": 2.4908096173683147,
        "LPC Efficiency": 0.9,
        "LPT Power": 11.205402448473867,
        "LPT Efficiency": 0.9099999999999997,
        "HP Shaft Speed": 15183.0,
        "HPC Power": 11.856426727676348,
        "HPC Efficiency": 0.89,
        "HPT Power": 12.252100221649757,
        "HPT Efficiency": 0.8999999999999999,
        "Burner Power": 6.126921914497043,
        "Burner Efficiency": 0.1804534503917041
    }
}