{
    "Stages": [
        "0. Fan Inlet",
        "1. LPC Inlet",
        "2. HPC Inlet",
        "3. Burner Inlet",
        "4. HPT Inlet",
        "5. LPT Inlet",
        "6. Core Nozz Inlet",
        "7. Core Nozz Outlet",
        "8. Byp Nozz Outlet"
    ],
    "Total Temperatures": [
        15.000057655676706,
        59.942033320834994,
        139.95697080771498,
        489.5309155653572,
        1322.265625,
        1031.0840521146013,
        739.4426473163415,
        739.4426473163415,
        59.94203332083493
    ],
    "Static Temperatures": [
        1.2698087753191583,
        44.11029440122737,
        120.50659961430016,
        456.7116902712544,
        1267.3132776508166,
        983.8035362832401,
        700.4619412472375,
        597.6156308907331,
        4.4391862677623966
    ],
    "Total Pressures": [
        99.29823547694355,
        158.87717676310967,
        317.75435352621935,
        2457.6313280543527,
        2261.0208218100047,
        829.0483858493549,
        250.38542409214196,
        250.38542409214202,
        158.87717676310967
    ],
    "Static Pressures": [
        84.124656235234,
        133.97926458691475,
        267.52254953831886,
        2080.259882647956,
        1932.0543342246037,
        705.9586001994583,
        212.87824317930944,
        135.24727473640453,
        84.07825298491309
    ],
    "Entropies": [
        6834.413225585567,
        6845.607178771453,
        6865.411001852655,
        6919.638098403577,
        7928.1383436479855,
        7960.128537165583,
        7995.332758511363,
        7995.332758511363,
        6845.607178771453
    ],
    "Specifice Volumes": [
        0.9354134467594015,
        0.6780422909737055,
        0.42158869626980155,
        0.10066250613859834,
        0.2288374002808766,
        0.5109470453974796,
        1.3122883636878215,
        1.8472004211675421,
        0.9458112098493389
    ],
    "Performance": {
        "Thrust": 99999.99999999999,
        "OPR": 24.255,
        "T4": 1322.265625,
        "Thermal Efficiency": 0.4448612635707768,
        "SFC": 0.05227655419314432,
        "TSFC": 7.426682132736951,
        "Air Mass Flow Rate": 190.56226851555485,
        "Fuel Mass Flow Rate": 0.7426682132736949,
        "Core EGT": 739.4426473163415,
        "Bypass EGT": 59.94203332083493,
        "FAR": 0.023773206187455473,
        "Specific Thrust": 0.5247628545723225
    },
    "Pressure Ratios": {
        "Fan": 1.6,
        "LPC": 2.0,
        "HPC": 7.734375,
        "HPT": 2.7272483251910598,
        "LPT": 3.311088849741767
    },
    "Mechanical Parameters": {
        "LP Shaft Speed": 5490.0,
        "Fan Power": 8.61082576294387,
        "Fan Efficiency": 0.92,
        "LPC Power": 2.526113428640699,
        "LPC Efficiency": 0.9,
        "LPT Power": 11.364223664882212,
        "LPT Efficiency": 0.9099999999999997,
        "HP Shaft Speed": 15183.0,
        "HPC Power": 11.463520205581117,
        "HPC Efficiency": 0.89,
        "HPT Power": 11.851175199103608,
        "HPT Efficiency": 0.8999999999999998,
        "Burner Power": 5.70635294904034,
        "Burner Efficiency": 0.17868797959030983
    }
}