{
    "Stages": [
        "0. Fan Inlet",
        "1. LPC Inlet",
        "2. HPC Inlet",
        "3. Burner Inlet",
        "4. HPT Inlet",
        "5. LPT Inlet",
        "6. Core Nozz Inlet",
        "7. Core Nozz Outlet",
        "8. Byp Nozz Outlet"
    ],
    "Total Temperatures": [
        15.000057655676706,
        59.942033320834994,
        139.95697080771498,
        520.6476883519672,
        1367.96875,
        1052.1038589849375,
        761.9964668641362,
        761.9964668641362,
        59.94203332083493
    ],
    "Static Temperatures": [
        1.2698087753191583,
        44.11029440122737,
        120.50659961430016,
        486.78647967584544,
        1311.9282401639607,
        1004.3235017823417,
        722.4209578358806,
        617.8883936317503,
        4.4391862677623966
    ],
    "Total Pressures": [
        99.29823547694355,
        158.87717676310967,
        317.75435352621935,
        2836.2058508102,
        2609.309382745384,
        894.2431324443413,
        276.69318498272406,
        276.6931849827242,
        158.87717676310967
    ],
    "Static Pressures": [
        84.124656235234,
        133.97926458691475,
        267.52254953831897,
        2401.525305082477,
        2229.6077200270524,
        762.5267443765634,
        235.5213528243829,
        149.6670579844206,
        84.07825298491298
    ],
    "Entropies": [
        6834.413225585567,
        6845.607178771453,
        6865.411001852655,
        6922.301274658845,
        7926.447494647105,
        7960.818341782326,
        7995.282756708725,
        7995.282756708725,
        6845.607178771453
    ],
    "Specifice Volumes": [
        0.9354134467594015,
        0.6780422909737055,
        0.42158869626980144,
        0.09080317968411833,
        0.20402888972405203,
        0.4807711534819969,
        1.21314290787016,
        1.708661648925571,
        0.9458112098493401
    ],
    "Performance": {
        "Thrust": 99999.99999999999,
        "OPR": 27.991249999999997,
        "T4": 1367.96875,
        "Thermal Efficiency": 0.4364665272715443,
        "SFC": 0.05328201018956935,
        "TSFC": 7.58074384133455,
        "Air Mass Flow Rate": 189.27461275320806,
        "Fuel Mass Flow Rate": 0.7580743841334548,
        "Core EGT": 761.9964668641362,
        "Bypass EGT": 59.94203332083493,
        "FAR": 0.024431452670536216,
        "Specific Thrust": 0.528332873307147
    },
    "Pressure Ratios": {
        "Fan": 1.6,
        "LPC": 2.0,
        "HPC": 8.92578125,
        "HPT": 2.917897032782402,
        "LPT": 3.2318943182506468
    },
    "Mechanical Parameters": {
        "LP Shaft Speed": 5490.0,
        "Fan Power": 8.552641215191628,
        "Fan Efficiency": 0.92,
        "LPC Power": 2.509044128731178,
        "LPC Efficiency": 0.9,
        "LPT Power": 11.287434024411027,
        "LPT Efficiency": 0.91,
        "HP Shaft Speed": 15183.0,
        "HPC Power": 12.441861192108025,
        "HPC Efficiency": 0.89,
        "HPT Power": 12.849482328212696,
        "HPT Efficiency": 0.8999999999999999,
        "Burner Power": 5.983083378957669,
        "Burner Efficiency": 0.183545938025988
    }
}