{
    "Stages": [
        "0. Fan Inlet",
        "1. LPC Inlet",
        "2. HPC Inlet",
        "3. Burner Inlet",
        "4. HPT Inlet",
        "5. LPT Inlet",
        "6. Core Nozz Inlet",
        "7. Core Nozz Outlet",
        "8. Byp Nozz Outlet"
    ],
    "Total Temperatures": [
        15.000057655676706,
        59.942033320834994,
        139.95697080771498,
        526.5496203318689,
        1315.234375,
        990.2114433380755,
        695.6142489156175,
        695.6142489156175,
        59.94203332083493
    ],
    "Static Temperatures": [
        1.2698087753191583,
        44.11029440122737,
        120.50659961430016,
        492.49258003852407,
        1260.3076608868405,
        943.9503266154896,
        657.8405726688408,
        558.3298976943153,
        4.4391862677623966
    ],
    "Total Pressures": [
        99.29823547694355,
        158.87717676310967,
        317.75435352621935,
        2910.6795274179076,
        2677.825165224472,
        860.7594412815777,
        247.28319120560147,
        247.28319120560158,
        158.87717676310967
    ],
    "Static Pressures": [
        84.124656235234,
        133.97926458691475,
        267.52254953831897,
        2465.9381814946078,
        2284.56161023995,
        733.0488443859714,
        210.412995258093,
        133.52044955178988,
        84.07825298491301
    ],
    "Entropies": [
        6834.413225585567,
        6845.607178771453,
        6865.411001852655,
        6922.868690600496,
        7869.15077040171,
        7905.901357786324,
        7942.829754635329,
        7942.829754635329,
        6845.607178771453
    ],
    "Specifice Volumes": [
        0.9354134467594015,
        0.6780422909737055,
        0.42158869626980144,
        0.08908344504796258,
        0.19263488884174867,
        0.4764483977576481,
        1.2696706966645606,
        1.7867383804226542,
        0.9458112098493399
    ],
    "Performance": {
        "Thrust": 99999.99999999999,
        "OPR": 28.726249999999997,
        "T4": 1315.234375,
        "Thermal Efficiency": 0.46120301877739656,
        "SFC": 0.050424244869726194,
        "TSFC": 7.097660194178473,
        "Air Mass Flow Rate": 191.89701190934178,
        "Fuel Mass Flow Rate": 0.7097660194178471,
        "Core EGT": 695.6142489156175,
        "Bypass EGT": 59.94203332083493,
        "FAR": 0.022561960060609457,
        "Specific Thrust": 0.5211128563442309
    },
    "Pressure Ratios": {
        "Fan": 1.6,
        "LPC": 2.0,
        "HPC": 9.16015625,
        "HPT": 3.1110029548296096,
        "LPT": 3.4808651452815056
    },
    "Mechanical Parameters": {
        "LP Shaft Speed": 5490.0,
        "Fan Power": 8.671138031955303,
        "Fan Efficiency": 0.92,
        "LPC Power": 2.543806927133867,
        "LPC Efficiency": 0.9,
        "LPT Power": 11.443821386825684,
        "LPT Efficiency": 0.9100000000000003,
        "HP Shaft Speed": 15183.0,
        "HPC Power": 12.818437695441263,
        "HPC Efficiency": 0.89,
        "HPT Power": 13.233744066307837,
        "HPT Efficiency": 0.9000000000000004,
        "Burner Power": 5.665298812907764,
        "Burner Efficiency": 0.1856261522522088
    }
}