{
    "Stages": [
        "0. Fan Inlet",
        "1. LPC Inlet",
        "2. HPC Inlet",
        "3. Burner Inlet",
        "4. HPT Inlet",
        "5. LPT Inlet",
        "6. Core Nozz Inlet",
        "7. Core Nozz Outlet",
        "8. Byp Nozz Outlet"
    ],
    "Total Temperatures": [
        15.000057655676706,
        59.942033320834994,
        139.95697080771498,
        467.8038369268145,
        1316.40625,
        1044.1213312344842,
        753.4453988696214,
        753.4453988696214,
        59.94203332083493
    ],
    "Static Temperatures": [
        1.2698087753191583,
        44.11029440122737,
        120.50659961430016,
        435.7275149327923,
        1261.6350952702958,
        996.5487791791293,
        714.0736016600517,
        610.1716673026222,
        4.4391862677623966
    ],
    "Total Pressures": [
        99.29823547694355,
        158.87717676310967,
        317.75435352621935,
        2215.591879079303,
        2038.3445287529628,
        797.9972125536858,
        244.87294511724195,
        244.87294511724184,
        158.87717676310967
    ],
    "Static Pressures": [
        84.124656235234,
        133.97926458691475,
        267.52254953831897,
        1876.7599710930285,
        1739.704611377173,
        680.8505730828081,
        208.3815587417832,
        132.40274528221528,
        84.07825298491294
    ],
    "Entropies": [
        6834.413225585567,
        6845.607178771453,
        6865.411001852655,
        6917.649368649839,
        7954.9870766317235,
        7984.599834763752,
        8019.380299831142,
        8019.380299831142,
        6845.607178771453
    ],
    "Specifice Volumes": [
        0.9354134467594015,
        0.6780422909737055,
        0.42158869626980144,
        0.10837122943962625,
        0.25318633787260325,
        0.5352259853583722,
        1.3595274337547922,
        1.9143624274800068,
        0.9458112098493409
    ],
    "Performance": {
        "Thrust": 99999.99999999999,
        "OPR": 21.866249999999997,
        "T4": 1316.40625,
        "Thermal Efficiency": 0.44000110182639535,
        "SFC": 0.05285399026719727,
        "TSFC": 7.537446598429467,
        "Air Mass Flow Rate": 190.31407889671658,
        "Fuel Mass Flow Rate": 0.7537446598429466,
        "Core EGT": 753.4453988696214,
        "Bypass EGT": 59.94203332083493,
        "FAR": 0.02415923431254512,
        "Specific Thrust": 0.5254472006470419
    },
    "Pressure Ratios": {
        "Fan": 1.6,
        "LPC": 2.0,
        "HPC": 6.97265625,
        "HPT": 2.554325374433349,
        "LPT": 3.2588214764665615
    },
    "Mechanical Parameters": {
        "LP Shaft Speed": 5490.0,
        "Fan Power": 8.59961096380952,
        "Fan Efficiency": 0.92,
        "LPC Power": 2.5228234010088886,
        "LPC Efficiency": 0.9,
        "LPT Power": 11.349422821243275,
        "LPT Efficiency": 0.9099999999999999,
        "HP Shaft Speed": 15183.0,
        "HPC Power": 10.711524258354842,
        "HPC Efficiency": 0.89,
        "HPT Power": 11.083832395811491,
        "HPT Efficiency": 0.9000000000000001,
        "Burner Power": 5.663495361064754,
        "Burner Efficiency": 0.174739804419722
    }
}