{
    "Stages": [
        "0. Fan Inlet",
        "1. LPC Inlet",
        "2. HPC Inlet",
        "3. Burner Inlet",
        "4. HPT Inlet",
        "5. LPT Inlet",
        "6. Core Nozz Inlet",
        "7. Core Nozz Outlet",
        "8. Byp Nozz Outlet"
    ],
    "Total Temperatures": [
        15.000057655676706,
        59.942033320834994,
        139.95697080771538,
        519.1921995411798,
        1370.3124999999998,
        1055.9207764592172,
        766.0725415629004,
        766.0725415629004,
        59.942033320834994
    ],
    "Static Temperatures": [
        1.2698087753191583,
        44.1102944012275,
        120.50659961430048,
        485.3793186903836,
        1314.220536354203,
        1008.0399199412884,
        726.3837259467354,
        621.5452323699192,
        4.43918626776246
    ],
    "Total Pressures": [
        99.29823547694352,
        158.87717676310965,
        317.7543535262193,
        2817.5874316582726,
        2592.1804371256135,
        894.0129150853511,
        277.7031543702784,
        277.7031543702783,
        158.87717676310965
    ],
    "Static Pressures": [
        84.124656235234,
        133.97926458691427,
        267.5225495383182,
        2385.4230877371538,
        2214.6923871322165,
        762.2552074509368,
        236.38194558009147,
        150.22479084772047,
        84.07825298491287
    ],
    "Entropies": [
        6834.413225585567,
        6845.607178771453,
        6865.411001852656,
        6922.186773352844,
        7930.773241660798,
        7964.905702238959,
        7999.207275619531,
        7999.207275619531,
        6845.607178771453
    ],
    "Specifice Volumes": [
        0.9354134467594013,
        0.6780422909737056,
        0.4215886962698031,
        0.09125138896512487,
        0.2056970991366603,
        0.4823293333823833,
        1.213418459547693,
        1.7090875148183136,
        0.9458112098493415
    ],
    "Performance": {
        "Thrust": 99999.99999999999,
        "OPR": 27.8075,
        "T4": 1370.3124999999998,
        "Thermal Efficiency": 0.43505239131714496,
        "SFC": 0.05345520313790282,
        "TSFC": 7.611319628894666,
        "Air Mass Flow Rate": 189.1413181278734,
        "Fuel Mass Flow Rate": 0.7611319628894665,
        "Core EGT": 766.0725415629004,
        "Bypass EGT": 59.942033320834994,
        "FAR": 0.024547280412240795,
        "Specific Thrust": 0.5287052083056366
    },
    "Pressure Ratios": {
        "Fan": 1.6,
        "LPC": 2.0,
        "HPC": 8.8671875,
        "HPT": 2.8994888030540804,
        "LPT": 3.2193113428142244
    },
    "Mechanical Parameters": {
        "LP Shaft Speed": 5490.0,
        "Fan Power": 8.546618108923873,
        "Fan Efficiency": 0.92,
        "LPC Power": 2.5072771611900992,
        "LPC Efficiency": 0.9,
        "LPT Power": 11.279484969504054,
        "LPT Efficiency": 0.9100000000000003,
        "HP Shaft Speed": 15183.0,
        "HPC Power": 12.38346541306791,
        "HPC Efficiency": 0.89,
        "HPT Power": 12.789894798579926,
        "HPT Efficiency": 0.8999999999999999,
        "Burner Power": 5.997039108237704,
        "Burner Efficiency": 0.1832350138647685
    }
}