{
    "Stages": [
        "0. Fan Inlet",
        "1. LPC Inlet",
        "2. HPC Inlet",
        "3. Burner Inlet",
        "4. HPT Inlet",
        "5. LPT Inlet",
        "6. Core Nozz Inlet",
        "7. Core Nozz Outlet",
        "8. Byp Nozz Outlet"
    ],
    "Total Temperatures": [
        15.000057655676706,
        59.942033320834994,
        139.95697080771498,
        477.0998794650601,
        1308.2031249999998,
        1027.1896707233616,
        735.2615085912463,
        735.2615085912463,
        59.94203332083493
    ],
    "Static Temperatures": [
        1.2698087753191583,
        44.11029440122737,
        120.50659961430016,
        444.7108319691991,
        1253.5659891914281,
        980.0009451611764,
        696.3971743597955,
        593.8652557919187,
        4.4391862677623966
    ],
    "Total Pressures": [
        99.29823547694355,
        158.87717676310967,
        317.75435352621935,
        2314.8901145562463,
        2129.698905391747,
        803.0386011526525,
        241.8581373970169,
        241.85813739701675,
        158.87717676310967
    ],
    "Static Pressures": [
        84.124656235234,
        133.97926458691475,
        267.52254953831897,
        1958.7053031134626,
        1817.9703002116937,
        684.7137026249117,
        205.80960115856146,
        130.69930058601895,
        84.07825298491308
    ],
    "Entropies": [
        6834.413225585567,
        6845.607178771453,
        6865.411001852655,
        6918.5587541708555,
        7933.998356526199,
        7964.879403876778,
        8000.26126794656,
        8000.26126794656,
        6845.607178771453
    ],
    "Specifice Volumes": [
        0.9354134467594015,
        0.6780422909737055,
        0.42158869626980144,
        0.10520078270626207,
        0.24100374487190981,
        0.5251954347857332,
        1.3517417821298718,
        1.903318250138826,
        0.9458112098493389
    ],
    "Performance": {
        "Thrust": 99999.99999999999,
        "OPR": 22.846249999999998,
        "T4": 1308.2031249999998,
        "Thermal Efficiency": 0.44652448672961975,
        "SFC": 0.0520818334596066,
        "TSFC": 7.401270098734524,
        "Air Mass Flow Rate": 190.9136959396533,
        "Fuel Mass Flow Rate": 0.7401270098734523,
        "Core EGT": 735.2615085912463,
        "Bypass EGT": 59.94203332083493,
        "FAR": 0.02364824973927042,
        "Specific Thrust": 0.5237968889964258
    },
    "Pressure Ratios": {
        "Fan": 1.6,
        "LPC": 2.0,
        "HPC": 7.28515625,
        "HPT": 2.652050477193567,
        "LPT": 3.3202877099580173
    },
    "Mechanical Parameters": {
        "LP Shaft Speed": 5490.0,
        "Fan Power": 8.626705508398226,
        "Fan Efficiency": 0.92,
        "LPC Power": 2.530771987452593,
        "LPC Efficiency": 0.9,
        "LPT Power": 11.385181118215122,
        "LPT Efficiency": 0.9100000000000001,
        "HP Shaft Speed": 15183.0,
        "HPC Power": 11.060505300547781,
        "HPC Efficiency": 0.89,
        "HPT Power": 11.439935500090003,
        "HPT Efficiency": 0.8999999999999996,
        "Burner Power": 5.622204697603976,
        "Burner Efficiency": 0.17665744488673915
    }
}