{
    "Stages": [
        "0. Fan Inlet",
        "1. LPC Inlet",
        "2. HPC Inlet",
        "3. Burner Inlet",
        "4. HPT Inlet",
        "5. LPT Inlet",
        "6. Core Nozz Inlet",
        "7. Core Nozz Outlet",
        "8. Byp Nozz Outlet"
    ],
    "Total Temperatures": [
        15.000057655676706,
        59.942033320834994,
        139.95697080771498,
        512.605758876438,
        1399.609375,
        1093.172308715718,
        805.9131033871894,
        805.9131033871894,
        59.94203332083493
    ],
    "Static Temperatures": [
        1.2698087753191583,
        44.11029440122737,
        120.50659961430016,
        479.0170159145299,
        1342.947739574928,
        1044.3855288925229,
        765.1601447967546,
        657.372798355552,
        4.4391862677623966
    ],
    "Total Pressures": [
        99.29823547694355,
        158.87717676310967,
        317.75435352621935,
        2730.7014756159474,
        2512.245357566674,
        904.1934363233865,
        291.8800012939821,
        291.8800012939821,
        158.87717676310967
    ],
    "Static Pressures": [
        84.124656235234,
        133.97926458691475,
        267.52254953831897,
        2310.664259380368,
        2146.6771934943704,
        771.2087248229674,
        248.19406071408827,
        157.92659992253036,
        84.07825298491305
    ],
    "Entropies": [
        6834.413225585567,
        6845.607178771453,
        6865.411001852655,
        6921.877752418422,
        7967.688815356737,
        8000.23367503828,
        8033.1784950292795,
        8033.1784950292795,
        6845.607178771453
    ],
    "Specifice Volumes": [
        0.9354134467594015,
        0.6780422909737055,
        0.42158869626980144,
        0.09343831372471363,
        0.2160639550739157,
        0.4902525284994437,
        1.2004285688134873,
        1.6907857033582674,
        0.9458112098493391
    ],
    "Performance": {
        "Thrust": 99999.99999999999,
        "OPR": 26.949999999999996,
        "T4": 1399.609375,
        "Thermal Efficiency": 0.42175323315521474,
        "SFC": 0.055140807764548196,
        "TSFC": 7.9066875717080665,
        "Air Mass Flow Rate": 187.75082025485864,
        "Fuel Mass Flow Rate": 0.7906687571708065,
        "Core EGT": 805.9131033871894,
        "Bypass EGT": 59.94203332083493,
        "FAR": 0.025688726218052876,
        "Specific Thrust": 0.5326208421580101
    },
    "Pressure Ratios": {
        "Fan": 1.6,
        "LPC": 2.0,
        "HPC": 8.59375,
        "HPT": 2.778437949939026,
        "LPT": 3.097825929542467
    },
    "Mechanical Parameters": {
        "LP Shaft Speed": 5490.0,
        "Fan Power": 8.483786494871708,
        "Fan Efficiency": 0.92,
        "LPC Power": 2.488844575469518,
        "LPC Efficiency": 0.9,
        "LPT Power": 11.196562316674724,
        "LPT Efficiency": 0.91,
        "HP Shaft Speed": 15183.0,
        "HPC Power": 12.069749844947053,
        "HPC Efficiency": 0.89,
        "HPT Power": 12.469776871925985,
        "HPT Efficiency": 0.8999999999999999,
        "Burner Power": 6.172606795112838,
        "Burner Efficiency": 0.18155389843508343
    }
}