{
    "Stages": [
        "0. Fan Inlet",
        "1. LPC Inlet",
        "2. HPC Inlet",
        "3. Burner Inlet",
        "4. HPT Inlet",
        "5. LPT Inlet",
        "6. Core Nozz Inlet",
        "7. Core Nozz Outlet",
        "8. Byp Nozz Outlet"
    ],
    "Total Temperatures": [
        15.000057655676706,
        59.942033320834994,
        139.95697080771498,
        517.3126944064135,
        1338.671875,
        1023.7098837178684,
        731.5572305806288,
        731.5572305806288,
        59.94203332083493
    ],
    "Static Temperatures": [
        1.2698087753191583,
        44.11029440122737,
        120.50659961430016,
        483.56223973522015,
        1283.2494717471027,
        976.6155314513458,
        692.7981586977712,
        590.5496624446273,
        4.4391862677623966
    ],
    "Total Pressures": [
        99.29823547694355,
        158.87717676310967,
        317.75435352621935,
        2792.7628727890374,
        2569.341842965917,
        869.0641317342224,
        260.3922923995289,
        260.3922923995289,
        158.87717676310967
    ],
    "Static Pressures": [
        84.124656235234,
        133.97926458691475,
        267.52254953831897,
        2363.955510185066,
        2194.3254526465407,
        740.4631304327789,
        221.35673325067117,
        140.44605666094768,
        84.07825298491287
    ],
    "Entropies": [
        6834.413225585567,
        6845.607178771453,
        6865.411001852655,
        6922.117753748006,
        7904.30862945859,
        7939.155972567658,
        7974.694184002392,
        7974.694184002392,
        6845.607178771453
    ],
    "Specifice Volumes": [
        0.9354134467594015,
        0.6780422909737055,
        0.42158869626980144,
        0.0918662902169866,
        0.2035525076622071,
        0.48433962249634566,
        1.252212322765613,
        1.7645711509353343,
        0.9458112098493415
    ],
    "Performance": {
        "Thrust": 99999.99999999999,
        "OPR": 27.562499999999996,
        "T4": 1338.671875,
        "Thermal Efficiency": 0.4474969166790741,
        "SFC": 0.05196865740678714,
        "TSFC": 7.360472059177199,
        "Air Mass Flow Rate": 190.53324857235023,
        "Fuel Mass Flow Rate": 0.7360472059177198,
        "Core EGT": 731.5572305806288,
        "Bypass EGT": 59.94203332083493,
        "FAR": 0.023564852799920467,
        "Specific Thrust": 0.5248427807182823
    },
    "Pressure Ratios": {
        "Fan": 1.6,
        "LPC": 2.0,
        "HPC": 8.7890625,
        "HPT": 2.95644676744256,
        "LPT": 3.337518648212471
    },
    "Mechanical Parameters": {
        "LP Shaft Speed": 5490.0,
        "Fan Power": 8.609514455744748,
        "Fan Efficiency": 0.92,
        "LPC Power": 2.5257287372282877,
        "LPC Efficiency": 0.9,
        "LPT Power": 11.362493054054116,
        "LPT Efficiency": 0.9099999999999999,
        "HP Shaft Speed": 15183.0,
        "HPC Power": 12.410033097380365,
        "HPC Efficiency": 0.89,
        "HPT Power": 12.817004680531412,
        "HPT Efficiency": 0.8999999999999998,
        "Burner Power": 5.806831718951823,
        "Burner Efficiency": 0.18347002342979432
    }
}