{
    "Stages": [
        "0. Fan Inlet",
        "1. LPC Inlet",
        "2. HPC Inlet",
        "3. Burner Inlet",
        "4. HPT Inlet",
        "5. LPT Inlet",
        "6. Core Nozz Inlet",
        "7. Core Nozz Outlet",
        "8. Byp Nozz Outlet"
    ],
    "Total Temperatures": [
        15.000057655676706,
        59.94203332083493,
        139.95697080771544,
        522.1231716488577,
        1442.96875,
        1131.1589089147799,
        846.4900470974226,
        846.4900470974226,
        59.94203332083487
    ],
    "Static Temperatures": [
        1.2698087753191583,
        44.11029440122737,
        120.50659961430054,
        488.21298468637195,
        1385.3822846766302,
        1081.4632171841417,
        804.6673998779701,
        693.9214921005179,
        4.4391862677623966
    ],
    "Total Pressures": [
        99.29823547694355,
        158.87717676310967,
        317.75435352621935,
        2854.824269962127,
        2626.438328365157,
        947.4317599188514,
        318.4152231267408,
        318.4152231267407,
        158.87717676310967
    ],
    "Static Pressures": [
        84.124656235234,
        133.97926458691455,
        267.52254953831886,
        2417.628277305122,
        2245.3892028638684,
        807.6074095947379,
        271.15456010851926,
        172.60539226368184,
        84.0782529849129
    ],
    "Entropies": [
        6834.413225585567,
        6845.607178771453,
        6865.411001852656,
        6922.443128640249,
        7992.720012712055,
        8025.186438486194,
        8056.842472144076,
        8056.842472144076,
        6845.607178771453
    ],
    "Specifice Volumes": [
        0.9354134467594015,
        0.678042290973704,
        0.42158869626980217,
        0.09036374719303465,
        0.21197955110187883,
        0.4813327750167926,
        1.1405625668890493,
        1.6076994112657126,
        0.9458112098493411
    ],
    "Performance": {
        "Thrust": 99999.99999999999,
        "OPR": 28.174999999999997,
        "T4": 1442.96875,
        "Thermal Efficiency": 0.409015406256675,
        "SFC": 0.05685803908054832,
        "TSFC": 8.201959611021511,
        "Air Mass Flow Rate": 186.16568130825073,
        "Fuel Mass Flow Rate": 0.8201959611021511,
        "Core EGT": 846.4900470974226,
        "Bypass EGT": 59.94203332083487,
        "FAR": 0.02687496066710005,
        "Specific Thrust": 0.5371559317338478
    },
    "Pressure Ratios": {
        "Fan": 1.6,
        "LPC": 2.0,
        "HPC": 8.984375,
        "HPT": 2.772166228193695,
        "LPT": 2.975460000358515
    },
    "Mechanical Parameters": {
        "LP Shaft Speed": 5490.0,
        "Fan Power": 8.412159748477336,
        "Fan Efficiency": 0.92,
        "LPC Power": 2.4678318072521948,
        "LPC Efficiency": 0.9,
        "LPT Power": 11.102032199724011,
        "LPT Efficiency": 0.9099999999999999,
        "HP Shaft Speed": 15183.0,
        "HPC Power": 12.28702130062332,
        "HPC Efficiency": 0.89,
        "HPT Power": 12.691482438942597,
        "HPT Efficiency": 0.9000000000000001,
        "Burner Power": 6.444546822980463,
        "Burner Efficiency": 0.18272850518354639
    }
}