{
    "Stages": [
        "0. Fan Inlet",
        "1. LPC Inlet",
        "2. HPC Inlet",
        "3. Burner Inlet",
        "4. HPT Inlet",
        "5. LPT Inlet",
        "6. Core Nozz Inlet",
        "7. Core Nozz Outlet",
        "8. Byp Nozz Outlet"
    ],
    "Total Temperatures": [
        15.000057655676706,
        59.942033320834994,
        139.95697080771498,
        509.29229522759437,
        1385.546875,
        1081.0564715417174,
        792.9840260270342,
        792.9840260270342,
        59.94203332083493
    ],
    "Static Temperatures": [
        1.2698087753191583,
        44.11029440122737,
        120.50659961430016,
        475.8138387311871,
        1329.1861380538708,
        1032.584818715109,
        752.5777969025818,
        645.7270215992228,
        4.4391862677623966
    ],
    "Total Pressures": [
        99.29823547694355,
        158.87717676310967,
        317.75435352621935,
        2687.2584975947843,
        2472.277817787202,
        890.0118877135892,
        283.68111682118575,
        283.6811168211857,
        158.87717676310967
    ],
    "Static Pressures": [
        84.124656235234,
        133.97926458691475,
        267.52254953831897,
        2273.8824125793794,
        2111.988631803622,
        759.2145149663887,
        241.60507814525306,
        153.6186729026016,
        84.07825298491308
    ],
    "Entropies": [
        6834.413225585567,
        6845.607178771453,
        6865.411001852655,
        6921.556145758345,
        7959.79221246102,
        7992.338637192727,
        8025.771344605023,
        8025.771344605023,
        6845.607178771453
    ],
    "Specifice Volumes": [
        0.9354134467594015,
        0.6780422909737055,
        0.42158869626980144,
        0.09452835777377172,
        0.21773552755796358,
        0.4935886660271938,
        1.2184517090007905,
        1.7164663717311246,
        0.9458112098493389
    ],
    "Performance": {
        "Thrust": 99999.99999999999,
        "OPR": 26.521249999999995,
        "T4": 1385.546875,
        "Thermal Efficiency": 0.4260120604021196,
        "SFC": 0.05458956709238897,
        "TSFC": 7.8126465223070705,
        "Air Mass Flow Rate": 188.26613976158438,
        "Fuel Mass Flow Rate": 0.781264652230707,
        "Core EGT": 792.9840260270342,
        "Bypass EGT": 59.94203332083493,
        "FAR": 0.025313709542472668,
        "Specific Thrust": 0.5311629596625157
    },
    "Pressure Ratios": {
        "Fan": 1.6,
        "LPC": 2.0,
        "HPC": 8.45703125,
        "HPT": 2.7778031416393785,
        "LPT": 3.1373673993062954
    },
    "Mechanical Parameters": {
        "LP Shaft Speed": 5490.0,
        "Fan Power": 8.507071935999312,
        "Fan Efficiency": 0.92,
        "LPC Power": 2.495675704927207,
        "LPC Efficiency": 0.9,
        "LPT Power": 11.227293511149508,
        "LPT Efficiency": 0.91,
        "HP Shaft Speed": 15183.0,
        "HPC Power": 11.991233659233147,
        "HPC Efficiency": 0.89,
        "HPT Power": 12.38965831507507,
        "HPT Efficiency": 0.9000000000000006,
        "Burner Power": 6.086232790252335,
        "Burner Efficiency": 0.18116818295003567
    }
}