{
    "Stages": [
        "0. Fan Inlet",
        "1. LPC Inlet",
        "2. HPC Inlet",
        "3. Burner Inlet",
        "4. HPT Inlet",
        "5. LPT Inlet",
        "6. Core Nozz Inlet",
        "7. Core Nozz Outlet",
        "8. Byp Nozz Outlet"
    ],
    "Total Temperatures": [
        15.000057655676706,
        59.94203332083493,
        139.95697080771544,
        482.3966566847756,
        1441.796875,
        1164.5707119553717,
        882.1262514552902,
        882.1262514552902,
        59.94203332083487
    ],
    "Static Temperatures": [
        1.2698087753191583,
        44.11029440122737,
        120.50659961430054,
        449.8160524011575,
        1384.3602146074384,
        1114.0958473125877,
        839.3795285173393,
        726.0711453999021,
        4.4391862677623966
    ],
    "Total Pressures": [
        99.29823547694355,
        158.87717676310967,
        317.75435352621935,
        2376.9515117293363,
        2186.795390790989,
        890.2478760913029,
        308.1415490652306,
        308.1415490652306,
        158.87717676310967
    ],
    "Static Pressures": [
        84.124656235234,
        133.97926458691455,
        267.5225495383194,
        2010.3650805430466,
        1869.0074947771675,
        759.5697064240768,
        262.37914562131465,
        167.11413884498344,
        84.07825298491292
    ],
    "Entropies": [
        6834.413225585567,
        6845.607178771453,
        6865.411001852656,
        6918.945645321941,
        8048.773648721107,
        8077.014217436434,
        8107.63754944935,
        8107.63754944935,
        6845.607178771453
    ],
    "Specifice Volumes": [
        0.9354134467594015,
        0.6780422909737039,
        0.4215886962698011,
        0.10320168733968083,
        0.2545114342627814,
        0.5241042388495557,
        1.2166828874975597,
        1.715820609405996,
        0.9458112098493406
    ],
    "Performance": {
        "Thrust": 99999.99999999999,
        "OPR": 23.45875,
        "T4": 1441.796875,
        "Thermal Efficiency": 0.398901101763174,
        "SFC": 0.05829969847337062,
        "TSFC": 8.4813380790683,
        "Air Mass Flow Rate": 185.4054789244266,
        "Fuel Mass Flow Rate": 0.8481338079068299,
        "Core EGT": 882.1262514552902,
        "Bypass EGT": 59.94203332083487,
        "FAR": 0.027904333023192302,
        "Specific Thrust": 0.5393583867106815
    },
    "Pressure Ratios": {
        "Fan": 1.6,
        "LPC": 2.0,
        "HPC": 7.48046875,
        "HPT": 2.4563893377564354,
        "LPT": 2.8890874300850804
    },
    "Mechanical Parameters": {
        "LP Shaft Speed": 5490.0,
        "Fan Power": 8.377808928020192,
        "Fan Efficiency": 0.92,
        "LPC Power": 2.4577544846782033,
        "LPC Efficiency": 0.9,
        "LPT Power": 11.05669735989632,
        "LPT Efficiency": 0.9099999999999999,
        "HP Shaft Speed": 15183.0,
        "HPC Power": 10.916577921766528,
        "HPC Efficiency": 0.89,
        "HPT Power": 11.293070827864229,
        "HPT Efficiency": 0.9000000000000001,
        "Burner Power": 6.395539250248657,
        "Burner Efficiency": 0.17536557268373165
    }
}