{
    "Stages": [
        "0. Fan Inlet",
        "1. LPC Inlet",
        "2. HPC Inlet",
        "3. Burner Inlet",
        "4. HPT Inlet",
        "5. LPT Inlet",
        "6. Core Nozz Inlet",
        "7. Core Nozz Outlet",
        "8. Byp Nozz Outlet"
    ],
    "Total Temperatures": [
        15.000057655676706,
        59.942033320834994,
        139.95697080771498,
        504.3482085948541,
        1345.7031249999998,
        1042.853535153089,
        752.0976039044116,
        752.0976039044116,
        59.94203332083493
    ],
    "Static Temperatures": [
        1.2698087753191583,
        44.11029440122737,
        120.50659961430016,
        471.0344447905791,
        1290.1838825018067,
        995.3162219756243,
        712.764762712391,
        608.9673650474856,
        4.4391862677623966
    ],
    "Total Pressures": [
        99.29823547694355,
        158.87717676310967,
        317.75435352621935,
        2625.197100421695,
        2415.1813323879596,
        857.2259891509717,
        262.73101759627644,
        262.7310175962764,
        158.87717676310967
    ],
    "Static Pressures": [
        84.124656235234,
        133.97926458691475,
        267.52254953831897,
        2225.437488235511,
        2061.8634629202743,
        730.7752121672617,
        223.33633329497457,
        141.78504799718442,
        84.07825298491288
    ],
    "Entropies": [
        6834.413225585567,
        6845.607178771453,
        6865.411001852655,
        6921.076270176687,
        7930.167385408502,
        7963.243272739205,
        7998.024385015936,
        7998.024385015936,
        6845.607178771453
    ],
    "Specifice Volumes": [
        0.9354134467594015,
        0.6780422909737055,
        0.42158869626980144,
        0.09595073614692254,
        0.21759466208672482,
        0.4981883897210539,
        1.2667731071739545,
        1.78519028735907,
        0.9458112098493415
    ],
    "Performance": {
        "Thrust": 99999.99999999999,
        "OPR": 25.908749999999998,
        "T4": 1345.7031249999998,
        "Thermal Efficiency": 0.44013426777619563,
        "SFC": 0.05283799889290544,
        "TSFC": 7.514910754765748,
        "Air Mass Flow Rate": 189.8948558709413,
        "Fuel Mass Flow Rate": 0.7514910754765747,
        "Core EGT": 752.0976039044116,
        "Bypass EGT": 59.94203332083493,
        "FAR": 0.024140177675600682,
        "Specific Thrust": 0.5266072087174558
    },
    "Pressure Ratios": {
        "Fan": 1.6,
        "LPC": 2.0,
        "HPC": 8.26171875,
        "HPT": 2.817438298598534,
        "LPT": 3.2627513758890134
    },
    "Mechanical Parameters": {
        "LP Shaft Speed": 5490.0,
        "Fan Power": 8.580667778157475,
        "Fan Efficiency": 0.92,
        "LPC Power": 2.5172661365868403,
        "LPC Efficiency": 0.9,
        "LPT Power": 11.324422361983995,
        "LPT Efficiency": 0.9100000000000001,
        "HP Shaft Speed": 15183.0,
        "HPC Power": 11.926944056796625,
        "HPC Efficiency": 0.89,
        "HPT Power": 12.324056679935756,
        "HPT Efficiency": 0.8999999999999997,
        "Burner Power": 5.84762693495836,
        "Burner Efficiency": 0.18096199476827737
    }
}