{
    "Stages": [
        "0. Fan Inlet",
        "1. LPC Inlet",
        "2. HPC Inlet",
        "3. Burner Inlet",
        "4. HPT Inlet",
        "5. LPT Inlet",
        "6. Core Nozz Inlet",
        "7. Core Nozz Outlet",
        "8. Byp Nozz Outlet"
    ],
    "Total Temperatures": [
        15.000057655676706,
        59.942033320834994,
        139.95697080771498,
        514.4934360627394,
        1440.6249999999998,
        1135.3666485419608,
        850.9913608755867,
        850.9913608755867,
        59.94203332083493
    ],
    "Static Temperatures": [
        1.2698087753191583,
        44.11029440122737,
        120.50659961430016,
        480.83666200426666,
        1383.1080679114327,
        1085.579215487767,
        809.0458239086406,
        697.9684281859421,
        4.4391862677623966
    ],
    "Total Pressures": [
        99.29823547694355,
        158.87717676310967,
        317.75435352621935,
        2755.526034485183,
        2535.0839517263685,
        932.9957606155413,
        315.0554486903171,
        315.0554486903173,
        158.87717676310967
    ],
    "Static Pressures": [
        84.124656235234,
        133.97926458691475,
        267.52254953831886,
        2331.7546445799176,
        2166.5404401055084,
        796.3209585074031,
        268.23787471370116,
        170.72646579473525,
        84.07825298491292
    ],
    "Entropies": [
        6834.413225585567,
        6845.607178771453,
        6865.411001852655,
        6922.014224348511,
        8002.069770175154,
        8033.744162285046,
        8065.239421182517,
        8065.239421182517,
        6845.607178771453
    ],
    "Specifice Volumes": [
        0.9354134467594015,
        0.6780422909737055,
        0.42158869626980155,
        0.0928117365713905,
        0.21939483886490357,
        0.48964473106326134,
        1.1576580843967683,
        1.632101305179045,
        0.9458112098493406
    ],
    "Performance": {
        "Thrust": 99999.99999999999,
        "OPR": 27.194999999999997,
        "T4": 1440.6249999999998,
        "Thermal Efficiency": 0.40772570733166413,
        "SFC": 0.057037889775664666,
        "TSFC": 8.23838219776686,
        "Air Mass Flow Rate": 186.10675873696525,
        "Fuel Mass Flow Rate": 0.823838219776686,
        "Core EGT": 850.9913608755867,
        "Bypass EGT": 59.94203332083493,
        "FAR": 0.027002851345879774,
        "Specific Thrust": 0.5373259986830214
    },
    "Pressure Ratios": {
        "Fan": 1.6,
        "LPC": 2.0,
        "HPC": 8.671875,
        "HPT": 2.717144127271367,
        "LPT": 2.961370020718409
    },
    "Mechanical Parameters": {
        "LP Shaft Speed": 5490.0,
        "Fan Power": 8.409497248713906,
        "Fan Efficiency": 0.92,
        "LPC Power": 2.467050723464011,
        "LPC Efficiency": 0.9,
        "LPT Power": 11.09851833895706,
        "LPT Efficiency": 0.91,
        "HP Shaft Speed": 15183.0,
        "HPC Power": 12.027124546150207,
        "HPC Efficiency": 0.89,
        "HPT Power": 12.426281669072067,
        "HPT Efficiency": 0.9000000000000001,
        "Burner Power": 6.423934268373717,
        "Burner Efficiency": 0.18133878303829248
    }
}