{
    "Stages": [
        "0. Fan Inlet",
        "1. LPC Inlet",
        "2. HPC Inlet",
        "3. Burner Inlet",
        "4. HPT Inlet",
        "5. LPT Inlet",
        "6. Core Nozz Inlet",
        "7. Core Nozz Outlet",
        "8. Byp Nozz Outlet"
    ],
    "Total Temperatures": [
        15.000057655676706,
        59.942033320834994,
        139.95697080771498,
        508.3455912287868,
        1366.7968749999998,
        1061.8575041165443,
        772.409052400838,
        772.409052400838,
        59.94203332083493
    ],
    "Static Temperatures": [
        1.2698087753191583,
        44.11029440122737,
        120.50659961430016,
        474.8986579826449,
        1310.822844787431,
        1013.8201362153125,
        732.5440426835683,
        627.2299245634066,
        4.4391862677623966
    ],
    "Total Pressures": [
        99.29823547694355,
        158.87717676310967,
        317.75435352621935,
        2674.8462181601667,
        2460.858520707354,
        876.4048230640547,
        273.9880644951474,
        273.9880644951475,
        158.87717676310967
    ],
    "Static Pressures": [
        84.124656235234,
        133.97926458691475,
        267.52254953831897,
        2264.605941250412,
        2101.682658363987,
        746.954248419274,
        233.16130865417165,
        148.16696795917085,
        84.07825298491309
    ],
    "Entropies": [
        6834.413225585567,
        6845.607178771453,
        6865.411001852655,
        6921.464258140945,
        7943.972420570796,
        7976.924832619042,
        8010.973305206707,
        8010.973305206707,
        6845.607178771453
    ],
    "Specifice Volumes": [
        0.9354134467594015,
        0.6780422909737055,
        0.42158869626980144,
        0.0947953717761069,
        0.2162983451209561,
        0.49442720257259243,
        1.2376481790526281,
        1.7436030216894034,
        0.9458112098493389
    ],
    "Performance": {
        "Thrust": 99999.99999999999,
        "OPR": 26.39875,
        "T4": 1366.7968749999998,
        "Thermal Efficiency": 0.4329575567896782,
        "SFC": 0.05371384235888408,
        "TSFC": 7.662194456530234,
        "Air Mass Flow Rate": 189.0531624870805,
        "Fuel Mass Flow Rate": 0.7662194456530232,
        "Core EGT": 772.409052400838,
        "Bypass EGT": 59.94203332083493,
        "FAR": 0.024722879834410856,
        "Specific Thrust": 0.5289517439669055
    },
    "Pressure Ratios": {
        "Fan": 1.6,
        "LPC": 2.0,
        "HPC": 8.41796875,
        "HPT": 2.8079016180031844,
        "LPT": 3.1986970844110494
    },
    "Mechanical Parameters": {
        "LP Shaft Speed": 5490.0,
        "Fan Power": 8.542634671547724,
        "Fan Efficiency": 0.92,
        "LPC Power": 2.5061085607648708,
        "LPC Efficiency": 0.9,
        "LPT Power": 11.274227788074077,
        "LPT Efficiency": 0.9100000000000003,
        "HP Shaft Speed": 15183.0,
        "HPC Power": 12.009329853747127,
        "HPC Efficiency": 0.89,
        "HPT Power": 12.408123819681164,
        "HPT Efficiency": 0.8999999999999998,
        "Burner Power": 5.973542172849456,
        "Burner Efficiency": 0.18130522032980656
    }
}