{
    "Stages": [
        "0. Fan Inlet",
        "1. LPC Inlet",
        "2. HPC Inlet",
        "3. Burner Inlet",
        "4. HPT Inlet",
        "5. LPT Inlet",
        "6. Core Nozz Inlet",
        "7. Core Nozz Outlet",
        "8. Byp Nozz Outlet"
    ],
    "Total Temperatures": [
        15.000057655676706,
        59.942033320834994,
        139.95697080771498,
        490.0797045301386,
        1383.203125,
        1095.525539475965,
        808.4152625911773,
        808.4152625911773,
        59.94203332083493
    ],
    "Static Temperatures": [
        1.2698087753191583,
        44.11029440122737,
        120.50659961430016,
        457.24213749954066,
        1326.947080484947,
        1046.6765809524247,
        767.5925449487489,
        659.6173708402946,
        4.4391862677623966
    ],
    "Total Pressures": [
        99.29823547694355,
        158.87717676310967,
        317.75435352621935,
        2463.8374677716615,
        2266.7304703499262,
        868.7334702497659,
        281.0497528389797,
        281.0497528389797,
        158.87717676310967
    ],
    "Static Pressures": [
        84.124656235234,
        133.97926458691475,
        267.52254953831897,
        2085.6365546601637,
        1937.4493372430395,
        740.5764726308015,
        239.33451687141803,
        152.25576088445857,
        84.07825298491298
    ],
    "Entropies": [
        6834.413225585567,
        6845.607178771453,
        6865.411001852655,
        6919.691364025088,
        7983.872066556065,
        8014.296935914184,
        8047.147684379353,
        8047.147684379353,
        6845.607178771453
    ],
    "Specifice Volumes": [
        0.9354134467594015,
        0.6780422909737055,
        0.42158869626980144,
        0.10047494283850697,
        0.23701569136382108,
        0.5114176803368262,
        1.247753898309478,
        1.7579026880686026,
        0.9458112098493401
    ],
    "Performance": {
        "Thrust": 99999.99999999999,
        "OPR": 24.316249999999997,
        "T4": 1383.203125,
        "Thermal Efficiency": 0.42113965379012924,
        "SFC": 0.05522114515741535,
        "TSFC": 7.931648869207817,
        "Air Mass Flow Rate": 187.9015373588567,
        "Fuel Mass Flow Rate": 0.7931648869207816,
        "Core EGT": 808.4152625911773,
        "Bypass EGT": 59.94203332083493,
        "FAR": 0.02574915500013451,
        "Specific Thrust": 0.5321936233497586
    },
    "Pressure Ratios": {
        "Fan": 1.6,
        "LPC": 2.0,
        "HPC": 7.75390625,
        "HPT": 2.6092357989824286,
        "LPT": 3.0910308992425417
    },
    "Mechanical Parameters": {
        "LP Shaft Speed": 5490.0,
        "Fan Power": 8.490596860492,
        "Fan Efficiency": 0.92,
        "LPC Power": 2.4908424972160494,
        "LPC Efficiency": 0.9,
        "LPT Power": 11.20555036500821,
        "LPT Efficiency": 0.9099999999999999,
        "HP Shaft Speed": 15183.0,
        "HPC Power": 11.32191554674389,
        "HPC Efficiency": 0.89,
        "HPT Power": 11.706680649269703,
        "HPT Efficiency": 0.8999999999999998,
        "Burner Power": 6.059166056705461,
        "Burner Efficiency": 0.17765642535573772
    }
}