{
    "Stages": [
        "0. Fan Inlet",
        "1. LPC Inlet",
        "2. HPC Inlet",
        "3. Burner Inlet",
        "4. HPT Inlet",
        "5. LPT Inlet",
        "6. Core Nozz Inlet",
        "7. Core Nozz Outlet",
        "8. Byp Nozz Outlet"
    ],
    "Total Temperatures": [
        15.000057655676706,
        59.942033320834994,
        139.95697080771498,
        505.9788310390005,
        1391.40625,
        1090.2544207679734,
        802.7970255303113,
        802.7970255303113,
        59.94203332083493
    ],
    "Static Temperatures": [
        1.2698087753191583,
        44.11029440122737,
        120.50659961430016,
        472.6107313222528,
        1334.9447162705228,
        1041.5431678074945,
        762.1295538302076,
        654.5729961811668,
        4.4391862677623966
    ],
    "Total Pressures": [
        99.29823547694355,
        158.87717676310967,
        317.75435352621935,
        2643.8155195736217,
        2432.310278007732,
        889.0027023181322,
        285.84457772959195,
        285.84457772959183,
        158.87717676310967
    ],
    "Static Pressures": [
        84.124656235234,
        133.97926458691475,
        267.52254953831897,
        2241.4150398168767,
        2077.886554753906,
        758.16303794762,
        243.48791634159718,
        154.92188969942734,
        84.07825298491291
    ],
    "Entropies": [
        6834.413225585567,
        6845.607178771453,
        6865.411001852655,
        6921.23453909699,
        7970.1817943090455,
        8002.193736558799,
        8035.256297677918,
        8035.256297677918,
        6845.607178771453
    ],
    "Specifice Volumes": [
        0.9354134467594015,
        0.6780422909737055,
        0.42158869626980144,
        0.0954739092589057,
        0.22211557070410315,
        0.49761768095728676,
        1.2201114235577215,
        1.7185267638672614,
        0.9458112098493411
    ],
    "Performance": {
        "Thrust": 99999.99999999999,
        "OPR": 26.092499999999994,
        "T4": 1391.40625,
        "Thermal Efficiency": 0.42282020002185866,
        "SFC": 0.05500166253241001,
        "TSFC": 7.886126292422875,
        "Air Mass Flow Rate": 187.946630493671,
        "Fuel Mass Flow Rate": 0.7886126292422875,
        "Core EGT": 802.7970255303113,
        "Bypass EGT": 59.94203332083493,
        "FAR": 0.02559522895272094,
        "Specific Thrust": 0.532065936682847
    },
    "Pressure Ratios": {
        "Fan": 1.6,
        "LPC": 2.0,
        "HPC": 8.3203125,
        "HPT": 2.7359987451841548,
        "LPT": 3.1100911879431403
    },
    "Mechanical Parameters": {
        "LP Shaft Speed": 5490.0,
        "Fan Power": 8.492634457598788,
        "Fan Efficiency": 0.92,
        "LPC Power": 2.491440256543125,
        "LPC Efficiency": 0.9,
        "LPT Power": 11.208239504226443,
        "LPT Efficiency": 0.9099999999999997,
        "HP Shaft Speed": 15183.0,
        "HPC Power": 11.859428613936783,
        "HPC Efficiency": 0.89,
        "HPT Power": 12.255163370895108,
        "HPT Efficiency": 0.9,
        "Burner Power": 6.119852371581626,
        "Burner Efficiency": 0.18047155586775532
    }
}