{
    "Stages": [
        "0. Fan Inlet",
        "1. LPC Inlet",
        "2. HPC Inlet",
        "3. Burner Inlet",
        "4. HPT Inlet",
        "5. LPT Inlet",
        "6. Core Nozz Inlet",
        "7. Core Nozz Outlet",
        "8. Byp Nozz Outlet"
    ],
    "Total Temperatures": [
        15.000057655676706,
        59.942033320834994,
        139.95697080771498,
        529.008757706357,
        1338.671875,
        1013.1213991154004,
        720.2410912001243,
        720.2410912001243,
        59.94203332083493
    ],
    "Static Temperatures": [
        1.2698087753191583,
        44.11029440122737,
        120.50659961430016,
        494.8701850751801,
        1283.2132396588975,
        966.3092932062723,
        681.7760359650144,
        580.3956798362361,
        4.4391862677623966
    ],
    "Total Pressures": [
        99.29823547694355,
        158.87717676310967,
        317.75435352621935,
        2941.7102260044526,
        2706.3734079240935,
        879.5906631074963,
        260.4588097818735,
        260.45880978187347,
        158.87717676310967
    ],
    "Static Pressures": [
        84.124656235234,
        133.97926458691475,
        267.52254953831897,
        2492.7776572599246,
        2308.987581065395,
        749.7387444945912,
        221.30804540983866,
        140.4070066139771,
        84.07825298491287
    ],
    "Entropies": [
        6834.413225585567,
        6845.607178771453,
        6865.411001852655,
        6923.105113922144,
        7888.071968230559,
        7924.350806009256,
        7960.368449410775,
        7960.368449410775,
        6845.607178771453
    ],
    "Specifice Volumes": [
        0.9354134467594015,
        0.6780422909737034,
        0.42158869626980144,
        0.08839591602680812,
        0.19343998810098334,
        0.4744403083964588,
        1.2382994181339644,
        1.7446412823109079,
        0.9458112098493416
    ],
    "Performance": {
        "Thrust": 99999.99999999999,
        "OPR": 29.032499999999995,
        "T4": 1338.671875,
        "Thermal Efficiency": 0.45162588728408165,
        "SFC": 0.05149353615077429,
        "TSFC": 7.2749480312854224,
        "Air Mass Flow Rate": 190.853035578489,
        "Fuel Mass Flow Rate": 0.7274948031285421,
        "Core EGT": 720.2410912001243,
        "Bypass EGT": 59.94203332083493,
        "FAR": 0.02325201842157276,
        "Specific Thrust": 0.5239633715905694
    },
    "Pressure Ratios": {
        "Fan": 1.6,
        "LPC": 2.0,
        "HPC": 9.2578125,
        "HPT": 3.0768555436488785,
        "LPT": 3.3770816346896737
    },
    "Mechanical Parameters": {
        "LP Shaft Speed": 5490.0,
        "Fan Power": 8.623964484140004,
        "Fan Efficiency": 0.92,
        "LPC Power": 2.5299678673394297,
        "LPC Efficiency": 0.9,
        "LPT Power": 11.381563623958606,
        "LPT Efficiency": 0.9099999999999999,
        "HP Shaft Speed": 15183.0,
        "HPC Power": 12.833319813821154,
        "HPC Efficiency": 0.89,
        "HPT Power": 13.248929901389355,
        "HPT Efficiency": 0.9,
        "Burner Power": 5.806428498191078,
        "Burner Efficiency": 0.1856140006876522
    }
}