{
    "Stages": [
        "0. Fan Inlet",
        "1. LPC Inlet",
        "2. HPC Inlet",
        "3. Burner Inlet",
        "4. HPT Inlet",
        "5. LPT Inlet",
        "6. Core Nozz Inlet",
        "7. Core Nozz Outlet",
        "8. Byp Nozz Outlet"
    ],
    "Total Temperatures": [
        15.000057655676706,
        59.942033320834994,
        139.95697080771498,
        483.49423525676235,
        1417.1874999999998,
        1137.4604952874938,
        853.2229479487461,
        853.2229479487461,
        59.94203332083493
    ],
    "Static Temperatures": [
        1.2698087753191583,
        44.11029440122737,
        120.50659961430016,
        450.87689848040765,
        1360.2562758632057,
        1087.6280503419432,
        811.2153638328265,
        699.9710739226235,
        4.4391862677623966
    ],
    "Total Pressures": [
        99.29823547694355,
        158.87717676310967,
        317.75435352621935,
        2389.363791163954,
        2198.2146878708354,
        878.2969766059906,
        296.23458092885625,
        296.23458092885625,
        158.87717676310967
    ],
    "Static Pressures": [
        84.124656235234,
        133.97926458691475,
        267.52254953831897,
        2021.1178932465873,
        1878.8273969919303,
        749.2201868666131,
        251.99458701719522,
        160.29913675656678,
        84.07825298491302
    ],
    "Entropies": [
        6834.413225585567,
        6845.607178771453,
        6865.411001852655,
        6919.052176565511,
        8024.844332386719,
        8053.77770408679,
        8085.249602961944,
        8085.249602961944,
        6845.607178771453
    ],
    "Specifice Volumes": [
        0.9354134467594015,
        0.6780422909737055,
        0.42158869626980144,
        0.10279847342711837,
        0.2494983699169124,
        0.5212189042921419,
        1.2347702794555817,
        1.741825804795707,
        0.9458112098493398
    ],
    "Performance": {
        "Thrust": 99999.99999999999,
        "OPR": 23.581249999999997,
        "T4": 1417.1874999999998,
        "Thermal Efficiency": 0.4073057904478778,
        "SFC": 0.057096693685390595,
        "TSFC": 8.266417245195429,
        "Air Mass Flow Rate": 186.40183633952117,
        "Fuel Mass Flow Rate": 0.8266417245195429,
        "Core EGT": 853.2229479487461,
        "Bypass EGT": 59.94203332083493,
        "FAR": 0.02705185001710249,
        "Specific Thrust": 0.5364754015505256
    },
    "Pressure Ratios": {
        "Fan": 1.6,
        "LPC": 2.0,
        "HPC": 7.51953125,
        "HPT": 2.5028148182467986,
        "LPT": 2.9648698469032637
    },
    "Mechanical Parameters": {
        "LP Shaft Speed": 5490.0,
        "Fan Power": 8.422830747742594,
        "Fan Efficiency": 0.92,
        "LPC Power": 2.470962303128307,
        "LPC Efficiency": 0.9,
        "LPT Power": 11.116115358031529,
        "LPT Efficiency": 0.9100000000000001,
        "HP Shaft Speed": 15183.0,
        "HPC Power": 11.011858479124129,
        "HPC Efficiency": 0.89,
        "HPT Power": 11.390295886392401,
        "HPT Efficiency": 0.9000000000000004,
        "Burner Power": 6.2526088408208125,
        "Burner Efficiency": 0.1759039056618872
    }
}