{
    "Stages": [
        "0. Fan Inlet",
        "1. LPC Inlet",
        "2. HPC Inlet",
        "3. Burner Inlet",
        "4. HPT Inlet",
        "5. LPT Inlet",
        "6. Core Nozz Inlet",
        "7. Core Nozz Outlet",
        "8. Byp Nozz Outlet"
    ],
    "Total Temperatures": [
        15.000057655676706,
        59.942033320834994,
        139.95697080771498,
        514.9633125068119,
        1324.6093749999998,
        1010.7760132179592,
        717.7143643169916,
        717.7143643169916,
        59.94203332083493
    ],
    "Static Temperatures": [
        1.2698087753191583,
        44.11029440122737,
        120.50659961430016,
        481.29092156772947,
        1269.5318389728463,
        964.0257111903258,
        679.3167913075051,
        578.1265643965905,
        4.4391862677623966
    ],
    "Total Pressures": [
        99.29823547694355,
        158.87717676310967,
        317.75435352621935,
        2761.7321742024924,
        2540.793600266296,
        855.8323779867864,
        252.47702690926326,
        252.4770269092632,
        158.87717676310967
    ],
    "Static Pressures": [
        84.124656235234,
        133.97926458691475,
        267.52254953831897,
        2337.1214137886677,
        2170.499088061743,
        729.2894573990727,
        214.410379061949,
        136.14714408017318,
        84.0782529849129
    ],
    "Entropies": [
        6834.413225585567,
        6845.607178771453,
        6865.411001852655,
        6922.031479247779,
        7894.64949430737,
        7929.623966878166,
        7965.663471405493,
        7965.663471405492,
        6845.607178771453
    ],
    "Specifice Volumes": [
        0.9354134467594015,
        0.6780422909737055,
        0.42158869626980144,
        0.09265219870815963,
        0.20399656867472055,
        0.4868625375500132,
        1.2747579718815258,
        1.7942837351671015,
        0.9458112098493411
    ],
    "Performance": {
        "Thrust": 99999.99999999999,
        "OPR": 27.256249999999998,
        "T4": 1324.6093749999998,
        "Thermal Efficiency": 0.45272611336406277,
        "SFC": 0.05136839529905149,
        "TSFC": 7.260950366669758,
        "Air Mass Flow Rate": 191.12876236650058,
        "Fuel Mass Flow Rate": 0.7260950366669757,
        "Core EGT": 717.7143643169916,
        "Bypass EGT": 59.94203332083493,
        "FAR": 0.023173800054098297,
        "Specific Thrust": 0.5232074898713787
    },
    "Pressure Ratios": {
        "Fan": 1.6,
        "LPC": 2.0,
        "HPC": 8.69140625,
        "HPT": 2.968798173122546,
        "LPT": 3.3897435678152235
    },
    "Mechanical Parameters": {
        "LP Shaft Speed": 5490.0,
        "Fan Power": 8.636423589230633,
        "Fan Efficiency": 0.92,
        "LPC Power": 2.533622930575494,
        "LPC Efficiency": 0.9,
        "LPT Power": 11.398006652863394,
        "LPT Efficiency": 0.9100000000000003,
        "HP Shaft Speed": 15183.0,
        "HPC Power": 12.36786251835313,
        "HPC Efficiency": 0.89,
        "HPT Power": 12.773973477442397,
        "HPT Efficiency": 0.9000000000000001,
        "Burner Power": 5.723273726540349,
        "Burner Efficiency": 0.18330849581382913
    }
}