{
    "Stages": [
        "0. Fan Inlet",
        "1. LPC Inlet",
        "2. HPC Inlet",
        "3. Burner Inlet",
        "4. HPT Inlet",
        "5. LPT Inlet",
        "6. Core Nozz Inlet",
        "7. Core Nozz Outlet",
        "8. Byp Nozz Outlet"
    ],
    "Total Temperatures": [
        15.000057655676706,
        59.942033320834994,
        139.95697080771498,
        507.8722392128601,
        1426.5625,
        1126.1512753151796,
        841.1457055950357,
        841.1457055950357,
        59.94203332083493
    ],
    "Static Temperatures": [
        1.2698087753191583,
        44.11029440122737,
        120.50659961430016,
        474.441069769347,
        1369.379410124457,
        1076.5835667915585,
        799.4681747860349,
        689.1140889348869,
        4.4391862677623966
    ],
    "Total Pressures": [
        99.29823547694355,
        158.87717676310967,
        317.75435352621935,
        2668.640078442858,
        2455.1488721674314,
        913.998166332491,
        305.48116524065034,
        305.4811652406503,
        158.87717676310967
    ],
    "Static Pressures": [
        84.124656235234,
        133.97926458691475,
        267.52254953831897,
        2259.967729319633,
        2098.137607180599,
        779.9173651615231,
        260.020625973084,
        165.46934209807782,
        84.07825298491298
    ],
    "Entropies": [
        6834.413225585567,
        6845.607178771453,
        6865.411001852655,
        6921.418314332206,
        7999.353568716963,
        8030.665870441182,
        8062.5131142864475,
        8062.5131142864475,
        6845.607178771453
    ],
    "Specifice Volumes": [
        0.9354134467594015,
        0.6780422909737055,
        0.42158869626980144,
        0.09492981440050118,
        0.22468243267904792,
        0.49663047985995373,
        1.1837020332223445,
        1.668884798351834,
        0.9458112098493401
    ],
    "Performance": {
        "Thrust": 99999.99999999999,
        "OPR": 26.337499999999995,
        "T4": 1426.5625,
        "Thermal Efficiency": 0.4107511298855962,
        "SFC": 0.05661777232351292,
        "TSFC": 8.16806400254443,
        "Air Mass Flow Rate": 186.53613780127188,
        "Fuel Mass Flow Rate": 0.816806400254443,
        "Core EGT": 841.1457055950357,
        "Bypass EGT": 59.94203332083493,
        "FAR": 0.026710744096461774,
        "Specific Thrust": 0.5360891523686203
    },
    "Pressure Ratios": {
        "Fan": 1.6,
        "LPC": 2.0,
        "HPC": 8.3984375,
        "HPT": 2.686163892449545,
        "LPT": 2.9919951549630444
    },
    "Mechanical Parameters": {
        "LP Shaft Speed": 5490.0,
        "Fan Power": 8.428899349338556,
        "Fan Efficiency": 0.92,
        "LPC Power": 2.472742617398583,
        "LPC Efficiency": 0.9,
        "LPT Power": 11.124124455854222,
        "LPT Efficiency": 0.9100000000000003,
        "HP Shaft Speed": 15183.0,
        "HPC Power": 11.833636899336877,
        "HPC Efficiency": 0.89,
        "HPT Power": 12.228845294772746,
        "HPT Efficiency": 0.9,
        "Burner Power": 6.33318230210115,
        "Burner Efficiency": 0.18031605690811114
    }
}