{
    "Stages": [
        "0. Fan Inlet",
        "1. LPC Inlet",
        "2. HPC Inlet",
        "3. Burner Inlet",
        "4. HPT Inlet",
        "5. LPT Inlet",
        "6. Core Nozz Inlet",
        "7. Core Nozz Outlet",
        "8. Byp Nozz Outlet"
    ],
    "Total Temperatures": [
        15.000057655676706,
        59.942033320834994,
        139.95697080771498,
        491.17728238261174,
        1338.6718749999998,
        1047.0679564497793,
        756.6060814434375,
        756.6060814434375,
        59.94203332083493
    ],
    "Static Temperatures": [
        1.2698087753191583,
        44.11029440122737,
        120.50659961430016,
        458.30303776194677,
        1283.3294690310263,
        999.418823713956,
        717.1626915259468,
        613.024527382033,
        4.4391862677623966
    ],
    "Total Pressures": [
        99.29823547694355,
        158.87717676310967,
        317.75435352621935,
        2476.2497472062796,
        2278.1497674297775,
        841.7084580825026,
        259.1663791388593,
        259.1663791388593,
        158.87717676310967
    ],
    "Static Pressures": [
        84.124656235234,
        133.97926458691475,
        267.52254953831897,
        2096.389962449138,
        1946.2487092383683,
        717.309198854622,
        220.33146568894284,
        139.87263735293445,
        84.07825298491308
    ],
    "Entropies": [
        6834.413225585567,
        6845.607178771453,
        6865.411001852655,
        6919.797895268045,
        7941.026074537544,
        7972.75240091974,
        8007.432643399544,
        8007.432643399544,
        6845.607178771453
    ],
    "Specifice Volumes": [
        0.9354134467594015,
        0.6780422909737055,
        0.42158869626980144,
        0.10010300840288604,
        0.22950939719145455,
        0.509145857957235,
        1.2899236283311568,
        1.8181414380717091,
        0.9458112098493389
    ],
    "Performance": {
        "Thrust": 99999.99999999999,
        "OPR": 24.43875,
        "T4": 1338.6718749999998,
        "Thermal Efficiency": 0.43865116819263117,
        "SFC": 0.053016646574336065,
        "TSFC": 7.5511597661957,
        "Air Mass Flow Rate": 189.8546642713593,
        "Fuel Mass Flow Rate": 0.7551159766195699,
        "Core EGT": 756.6060814434375,
        "Bypass EGT": 59.94203332083493,
        "FAR": 0.024261755564749906,
        "Specific Thrust": 0.5267186897081969
    },
    "Pressure Ratios": {
        "Fan": 1.6,
        "LPC": 2.0,
        "HPC": 7.79296875,
        "HPT": 2.706578204785578,
        "LPT": 3.247753280650349
    },
    "Mechanical Parameters": {
        "LP Shaft Speed": 5490.0,
        "Fan Power": 8.578851663856199,
        "Fan Efficiency": 0.92,
        "LPC Power": 2.5167333525251605,
        "LPC Efficiency": 0.9,
        "LPT Power": 11.322025526919756,
        "LPT Efficiency": 0.9100000000000001,
        "HP Shaft Speed": 15183.0,
        "HPC Power": 11.476894059969045,
        "HPC Efficiency": 0.89,
        "HPT Power": 11.864821989295368,
        "HPT Efficiency": 0.8999999999999998,
        "Burner Power": 5.800926210212257,
        "Burner Efficiency": 0.1786550210558932
    }
}