{
    "Stages": [
        "0. Fan Inlet",
        "1. LPC Inlet",
        "2. HPC Inlet",
        "3. Burner Inlet",
        "4. HPT Inlet",
        "5. LPT Inlet",
        "6. Core Nozz Inlet",
        "7. Core Nozz Outlet",
        "8. Byp Nozz Outlet"
    ],
    "Total Temperatures": [
        15.000057655676706,
        59.942033320834994,
        139.95697080771498,
        527.5332753487565,
        1424.21875,
        1106.2811021909974,
        819.9528235861595,
        819.9528235861595,
        59.94203332083493
    ],
    "Static Temperatures": [
        1.2698087753191583,
        44.11029440122737,
        120.50659961430016,
        493.44361759042357,
        1367.0157771450724,
        1057.1970069877054,
        778.8151590561441,
        669.989307715668,
        4.4391862677623966
    ],
    "Total Pressures": [
        99.29823547694355,
        158.87717676310967,
        317.75435352621935,
        2923.0918068525257,
        2689.244462304324,
        939.3660825413824,
        308.5658951091368,
        308.5658951091367,
        158.87717676310967
    ],
    "Static Pressures": [
        84.124656235234,
        133.97926458691475,
        267.52254953831897,
        2476.6739169321827,
        2296.695576903179,
        801.7290889435823,
        262.53657987487196,
        166.93356912464745,
        84.07825298491302
    ],
    "Entropies": [
        6834.413225585567,
        6845.607178771453,
        6865.411001852655,
        6922.963259928265,
        7968.616656005482,
        8002.168906771338,
        8034.672900300725,
        8034.672900300725,
        6845.607178771453
    ],
    "Specifice Volumes": [
        0.9354134467594015,
        0.6780422909737055,
        0.42158869626980144,
        0.08880644486493733,
        0.204957918727543,
        0.4762075393763358,
        1.1497907213512546,
        1.6210315092325012,
        0.9458112098493398
    ],
    "Performance": {
        "Thrust": 99999.99999999999,
        "OPR": 28.84875,
        "T4": 1424.21875,
        "Thermal Efficiency": 0.4171587093554605,
        "SFC": 0.05574812039624016,
        "TSFC": 8.004484116321752,
        "Air Mass Flow Rate": 187.06025646565845,
        "Fuel Mass Flow Rate": 0.8004484116321752,
        "Core EGT": 819.9528235861595,
        "Bypass EGT": 59.94203332083493,
        "FAR": 0.026102473091886663,
        "Specific Thrust": 0.5345870998437262
    },
    "Pressure Ratios": {
        "Fan": 1.6,
        "LPC": 2.0,
        "HPC": 9.19921875,
        "HPT": 2.8628289995618967,
        "LPT": 3.044296526060134
    },
    "Mechanical Parameters": {
        "LP Shaft Speed": 5490.0,
        "Fan Power": 8.45258239285654,
        "Fan Efficiency": 0.92,
        "LPC Power": 2.4796903894135878,
        "LPC Efficiency": 0.9,
        "LPT Power": 11.155380390071558,
        "LPT Efficiency": 0.9100000000000004,
        "HP Shaft Speed": 15183.0,
        "HPC Power": 12.52852419763112,
        "HPC Efficiency": 0.89,
        "HPT Power": 12.937913966501572,
        "HPT Efficiency": 0.9,
        "Burner Power": 6.3322585090144266,
        "Burner Efficiency": 0.1839741620459401
    }
}