{
    "Stages": [
        "0. Fan Inlet",
        "1. LPC Inlet",
        "2. HPC Inlet",
        "3. Burner Inlet",
        "4. HPT Inlet",
        "5. LPT Inlet",
        "6. Core Nozz Inlet",
        "7. Core Nozz Outlet",
        "8. Byp Nozz Outlet"
    ],
    "Total Temperatures": [
        15.000057655676706,
        59.942033320834994,
        139.95697080771498,
        520.1558605416091,
        1323.4374999999998,
        1004.8180896301703,
        711.3051625126805,
        711.3051625126805,
        59.94203332083493
    ],
    "Static Temperatures": [
        1.2698087753191583,
        44.11029440122737,
        120.50659961430016,
        486.31098098034863,
        1268.3682133163343,
        958.2169889232316,
        673.0881083973554,
        572.3839025736664,
        4.4391862677623966
    ],
    "Total Pressures": [
        99.29823547694355,
        158.87717676310967,
        317.75435352621935,
        2829.9997110928907,
        2603.5997342054598,
        861.7487025016113,
        252.35115866507365,
        252.35115866507354,
        158.87717676310967
    ],
    "Static Pressures": [
        84.124656235234,
        133.97926458691475,
        267.52254953831897,
        2396.157684247846,
        2224.6025313567866,
        734.3614205192591,
        214.30827085937278,
        136.05985768543857,
        84.07825298491309
    ],
    "Entropies": [
        6834.413225585567,
        6845.607178771453,
        6865.411001852655,
        6922.253989998972,
        7885.655036368481,
        7921.29958464688,
        7957.520013500144,
        7957.520013500145,
        6845.607178771453
    ],
    "Specifice Volumes": [
        0.9354134467594015,
        0.6780422909737055,
        0.42158869626980144,
        0.09095110427859378,
        0.19888337743936144,
        0.4812456085747254,
        1.2668847574348927,
        1.7830324007648808,
        0.9458112098493389
    ],
    "Performance": {
        "Thrust": 99999.99999999999,
        "OPR": 27.929999999999996,
        "T4": 1323.4374999999998,
        "Thermal Efficiency": 0.45512191694077336,
        "SFC": 0.05109798734767312,
        "TSFC": 7.212804205993317,
        "Air Mass Flow Rate": 191.3192741277262,
        "Fuel Mass Flow Rate": 0.7212804205993316,
        "Core EGT": 711.3051625126805,
        "Bypass EGT": 59.94203332083493,
        "FAR": 0.0229972154437434,
        "Specific Thrust": 0.522686490715197
    },
    "Pressure Ratios": {
        "Fan": 1.6,
        "LPC": 2.0,
        "HPC": 8.90625,
        "HPT": 3.0212981193326383,
        "LPT": 3.414879119478679
    },
    "Mechanical Parameters": {
        "LP Shaft Speed": 5490.0,
        "Fan Power": 8.64503213275021,
        "Fan Efficiency": 0.92,
        "LPC Power": 2.5361483744741986,
        "LPC Efficiency": 0.9,
        "LPT Power": 11.409367864514703,
        "LPT Efficiency": 0.9100000000000001,
        "HP Shaft Speed": 15183.0,
        "HPC Power": 12.559300885295151,
        "HPC Efficiency": 0.89,
        "HPT Power": 12.96931874983221,
        "HPT Efficiency": 0.8999999999999999,
        "Burner Power": 5.715730088639226,
        "Burner Efficiency": 0.18428887261253996
    }
}