{
    "Stages": [
        "0. Fan Inlet",
        "1. LPC Inlet",
        "2. HPC Inlet",
        "3. Burner Inlet",
        "4. HPT Inlet",
        "5. LPT Inlet",
        "6. Core Nozz Inlet",
        "7. Core Nozz Outlet",
        "8. Byp Nozz Outlet"
    ],
    "Total Temperatures": [
        15.000057655676706,
        59.942033320834994,
        139.95697080771498,
        513.0791107822114,
        1359.7656249999998,
        1050.1162880924696,
        759.8706029616367,
        759.8706029616367,
        59.94203332083493
    ],
    "Static Temperatures": [
        1.2698087753191583,
        44.11029440122737,
        120.50659961430016,
        479.473891331439,
        1303.9450732894118,
        1002.3879007259242,
        720.3539078703895,
        615.9751737596038,
        4.4391862677623966
    ],
    "Total Pressures": [
        99.29823547694355,
        158.87717676310967,
        317.75435352621935,
        2736.9076153332567,
        2517.9550061066006,
        878.1677184277268,
        271.2038685695473,
        271.20386856954696,
        158.87717676310967
    ],
    "Static Pressures": [
        84.124656235234,
        133.97926458691475,
        267.52254953831897,
        2315.986155285283,
        2151.353174416833,
        748.698897820742,
        230.7920730118751,
        146.60963411371958,
        84.07825298491304
    ],
    "Entropies": [
        6834.413225585567,
        6845.607178771453,
        6865.411001852655,
        6921.923696226899,
        7930.296417145137,
        7964.002848384093,
        7998.5523220773,
        7998.5523220773,
        6845.607178771453
    ],
    "Specifice Volumes": [
        0.9354134467594015,
        0.6780422909737055,
        0.42158869626980144,
        0.09328179608621973,
        0.21040236926158953,
        0.4889184179235052,
        1.2355099755452295,
        1.7405702994150714,
        0.9458112098493393
    ],
    "Performance": {
        "Thrust": 99999.99999999999,
        "OPR": 27.011249999999997,
        "T4": 1359.7656249999998,
        "Thermal Efficiency": 0.4372874102868336,
        "SFC": 0.05318198833630721,
        "TSFC": 7.568067780561335,
        "Air Mass Flow Rate": 189.46077764196195,
        "Fuel Mass Flow Rate": 0.7568067780561334,
        "Core EGT": 759.8706029616367,
        "Bypass EGT": 59.94203332083493,
        "FAR": 0.024366633577671656,
        "Specific Thrust": 0.5278137313939321
    },
    "Pressure Ratios": {
        "Fan": 1.6,
        "LPC": 2.0,
        "HPC": 8.61328125,
        "HPT": 2.867282585398097,
        "LPT": 3.238035368225324
    },
    "Mechanical Parameters": {
        "LP Shaft Speed": 5490.0,
        "Fan Power": 8.561053339127415,
        "Fan Efficiency": 0.92,
        "LPC Power": 2.511511950032246,
        "LPC Efficiency": 0.9,
        "LPT Power": 11.298536009346593,
        "LPT Efficiency": 0.9099999999999998,
        "HP Shaft Speed": 15183.0,
        "HPC Power": 12.195726521353356,
        "HPC Efficiency": 0.89,
        "HPT Power": 12.598324500912014,
        "HPT Efficiency": 0.9000000000000001,
        "Burner Power": 5.93235044207163,
        "Burner Efficiency": 0.18229440088006127
    }
}