{
    "Stages": [
        "0. Fan Inlet",
        "1. LPC Inlet",
        "2. HPC Inlet",
        "3. Burner Inlet",
        "4. HPT Inlet",
        "5. LPT Inlet",
        "6. Core Nozz Inlet",
        "7. Core Nozz Outlet",
        "8. Byp Nozz Outlet"
    ],
    "Total Temperatures": [
        15.000057655676706,
        59.942033320834994,
        139.95697080771498,
        516.372941710726,
        1363.2812499999998,
        1050.9251760939596,
        760.735856990014,
        760.735856990014,
        59.94203332083493
    ],
    "Static Temperatures": [
        1.2698087753191583,
        44.11029440122737,
        120.50659961430016,
        482.65370839812533,
        1307.366262799189,
        1003.1756451585701,
        721.1952274626432,
        616.7569198162447,
        4.4391862677623966
    ],
    "Total Pressures": [
        99.29823547694355,
        158.87717676310967,
        317.75435352621935,
        2780.3505933544193,
        2557.9225458860683,
        885.2080549554342,
        273.5905001752463,
        273.5905001752462,
        158.87717676310967
    ],
    "Static Pressures": [
        84.124656235234,
        133.97926458691475,
        267.52254953831897,
        2353.221821555189,
        2185.594061878854,
        754.756067892428,
        232.84840743091172,
        147.9501046197255,
        84.07825298491308
    ],
    "Entropies": [
        6834.413225585567,
        6845.607178771453,
        6865.411001852655,
        6922.0832439471405,
        7928.546507298309,
        7962.543333588447,
        7997.05818536148,
        7997.05818536148,
        6845.607178771453
    ],
    "Specifice Volumes": [
        0.9354134467594015,
        0.6780422909737034,
        0.42158869626980144,
        0.09217831849715372,
        0.20754689711928925,
        0.4852900092900365,
        1.2256030707589207,
        1.7263748346959216,
        0.9458112098493389
    ],
    "Performance": {
        "Thrust": 99999.99999999999,
        "OPR": 27.439999999999998,
        "T4": 1363.2812499999998,
        "Thermal Efficiency": 0.4369510734323771,
        "SFC": 0.05322292441304063,
        "TSFC": 7.573046202029644,
        "Air Mass Flow Rate": 189.37949262897024,
        "Fuel Mass Flow Rate": 0.7573046202029643,
        "Core EGT": 760.735856990014,
        "Bypass EGT": 59.94203332083493,
        "FAR": 0.024393127888924376,
        "Specific Thrust": 0.5280402783416399
    },
    "Pressure Ratios": {
        "Fan": 1.6,
        "LPC": 2.0,
        "HPC": 8.75,
        "HPT": 2.8896286376594786,
        "LPT": 3.235521900023652
    },
    "Mechanical Parameters": {
        "LP Shaft Speed": 5490.0,
        "Fan Power": 8.557380360790923,
        "Fan Efficiency": 0.92,
        "LPC Power": 2.5104344273701513,
        "LPC Efficiency": 0.9,
        "LPT Power": 11.293688559348034,
        "LPT Efficiency": 0.9100000000000001,
        "HP Shaft Speed": 15183.0,
        "HPC Power": 12.302798395406903,
        "HPC Efficiency": 0.89,
        "HPT Power": 12.707581515252365,
        "HPT Efficiency": 0.8999999999999999,
        "Burner Power": 5.954003132819885,
        "Burner Efficiency": 0.18283948815502576
    }
}