{
    "Stages": [
        "0. Fan Inlet",
        "1. LPC Inlet",
        "2. HPC Inlet",
        "3. Burner Inlet",
        "4. HPT Inlet",
        "5. LPT Inlet",
        "6. Core Nozz Inlet",
        "7. Core Nozz Outlet",
        "8. Byp Nozz Outlet"
    ],
    "Total Temperatures": [
        15.000057655676706,
        59.94203332083493,
        139.95697080771524,
        493.3724377791947,
        1318.7499999999998,
        1023.8949555489987,
        731.7453632713958,
        731.7453632713958,
        59.94203332083493
    ],
    "Static Temperatures": [
        1.2698087753191583,
        44.11029440122737,
        120.50659961430041,
        460.4248615108195,
        1263.855266448828,
        976.7944970792986,
        692.980072518551,
        590.715225387845,
        4.4391862677624285
    ],
    "Total Pressures": [
        99.29823547694353,
        158.87717676310967,
        317.75435352621935,
        2501.074306075516,
        2300.9883615894746,
        830.6357167149943,
        248.6688143052587,
        248.6688143052587,
        158.87717676310967
    ],
    "Static Pressures": [
        84.12465623523386,
        133.97926458691458,
        267.5225495383185,
        2117.897033093429,
        1963.7261785498022,
        707.3129422573201,
        211.61361439083282,
        134.41415957413292,
        84.07825298491305
    ],
    "Entropies": [
        6834.413225585567,
        6845.607178771453,
        6865.411001852656,
        6920.010957753695,
        7919.426487926368,
        7951.9507306022,
        7987.481415308362,
        7987.481415308362,
        6845.607178771453
    ],
    "Specifice Volumes": [
        0.9354134467594029,
        0.6780422909737053,
        0.4215886962698025,
        0.09937168761139119,
        0.22463235240579604,
        0.5071121378289677,
        1.3101085935398569,
        1.8441034262622227,
        0.9458112098493395
    ],
    "Performance": {
        "Thrust": 99999.99999999999,
        "OPR": 24.683750000000003,
        "T4": 1318.7499999999998,
        "Thermal Efficiency": 0.44766405155666616,
        "SFC": 0.051949254966130794,
        "TSFC": 7.36922848901297,
        "Air Mass Flow Rate": 190.81861289487475,
        "Fuel Mass Flow Rate": 0.7369228489012969,
        "Core EGT": 731.7453632713958,
        "Bypass EGT": 59.94203332083493,
        "FAR": 0.023557604313864337,
        "Specific Thrust": 0.5240578918529908
    },
    "Pressure Ratios": {
        "Fan": 1.6,
        "LPC": 2.0,
        "HPC": 7.87109375,
        "HPT": 2.770153408150301,
        "LPT": 3.3403292609702664
    },
    "Mechanical Parameters": {
        "LP Shaft Speed": 5490.0,
        "Fan Power": 8.622409046470176,
        "Fan Efficiency": 0.92,
        "LPC Power": 2.529511556633205,
        "LPC Efficiency": 0.9,
        "LPT Power": 11.379510819493246,
        "LPT Efficiency": 0.9099999999999999,
        "HP Shaft Speed": 15183.0,
        "HPC Power": 11.610131975833609,
        "HPC Efficiency": 0.89,
        "HPT Power": 12.00077904630003,
        "HPT Efficiency": 0.8999999999999999,
        "Burner Power": 5.687142342071482,
        "Burner Efficiency": 0.17947485877444308
    }
}