{
    "Stages": [
        "0. Fan Inlet",
        "1. LPC Inlet",
        "2. HPC Inlet",
        "3. Burner Inlet",
        "4. HPT Inlet",
        "5. LPT Inlet",
        "6. Core Nozz Inlet",
        "7. Core Nozz Outlet",
        "8. Byp Nozz Outlet"
    ],
    "Total Temperatures": [
        15.000057655676706,
        59.942033320834994,
        139.95697080771498,
        502.1530552540222,
        1341.015625,
        1039.796736096813,
        748.8114232821586,
        748.8114232821586,
        59.94203332083493
    ],
    "Static Temperatures": [
        1.2698087753191583,
        44.11029440122737,
        120.50659961430016,
        468.9124661910167,
        1285.5942093311312,
        992.3290336818077,
        709.5699421862747,
        606.0192972626305,
        4.4391862677623966
    ],
    "Total Pressures": [
        99.29823547694355,
        158.87717676310967,
        317.75435352621935,
        2600.372541552459,
        2392.342738228265,
        852.2385147305562,
        260.3176243560992,
        260.31762435609903,
        158.87717676310967
    ],
    "Static Pressures": [
        84.124656235234,
        133.97926458691484,
        267.52254953831897,
        2203.9287168900587,
        2041.8672891890594,
        726.3805498304714,
        221.2604391169071,
        140.44146758436946,
        84.07825298491306
    ],
    "Entropies": [
        6834.413225585567,
        6845.607178771453,
        6865.411001852655,
        6920.86320769279,
        7928.719547095623,
        7961.66913054702,
        7996.475347133129,
        7996.475347133129,
        6845.607178771453
    ],
    "Specifice Volumes": [
        0.9354134467594015,
        0.678042290973703,
        0.42158869626980144,
        0.09660499132182086,
        0.21907935869180173,
        0.5000078170493624,
        1.2744420605862616,
        1.7961364008145269,
        0.9458112098493391
    ],
    "Performance": {
        "Thrust": 99999.99999999999,
        "OPR": 25.663749999999997,
        "T4": 1341.015625,
        "Thermal Efficiency": 0.4413329060262715,
        "SFC": 0.05269449351257758,
        "TSFC": 7.491596807872918,
        "Air Mass Flow Rate": 190.04940981843725,
        "Fuel Mass Flow Rate": 0.7491596807872917,
        "Core EGT": 748.8114232821586,
        "Bypass EGT": 59.94203332083493,
        "FAR": 0.02404571557032608,
        "Specific Thrust": 0.5261789557543719
    },
    "Pressure Ratios": {
        "Fan": 1.6,
        "LPC": 2.0,
        "HPC": 8.18359375,
        "HPT": 2.8071281652702917,
        "LPT": 3.2738410118738
    },
    "Mechanical Parameters": {
        "LP Shaft Speed": 5490.0,
        "Fan Power": 8.58765151698064,
        "Fan Efficiency": 0.92,
        "LPC Power": 2.5193149199334086,
        "LPC Efficiency": 0.9,
        "LPT Power": 11.33363922134087,
        "LPT Efficiency": 0.9099999999999999,
        "HP Shaft Speed": 15183.0,
        "HPC Power": 11.861987188693567,
        "HPC Efficiency": 0.89,
        "HPT Power": 12.257774161463246,
        "HPT Efficiency": 0.8999999999999998,
        "Burner Power": 5.819343209836646,
        "Burner Efficiency": 0.18064715238977475
    }
}