{
    "Stages": [
        "0. Fan Inlet",
        "1. LPC Inlet",
        "2. HPC Inlet",
        "3. Burner Inlet",
        "4. HPT Inlet",
        "5. LPT Inlet",
        "6. Core Nozz Inlet",
        "7. Core Nozz Outlet",
        "8. Byp Nozz Outlet"
    ],
    "Total Temperatures": [
        15.000057655676706,
        59.942033320834994,
        139.95697080771498,
        521.6313439055914,
        1328.1249999999998,
        1008.5017109305172,
        715.269706905467,
        715.269706905467,
        59.94203332083493
    ],
    "Static Temperatures": [
        1.2698087753191583,
        44.11029440122737,
        120.50659961430016,
        487.7374815288386,
        1272.941516572192,
        961.8123936097816,
        676.9411276430671,
        575.9365810128675,
        4.4391862677623966
    ],
    "Total Pressures": [
        99.29823547694355,
        158.87717676310967,
        317.75435352621935,
        2848.618130244818,
        2620.7286798252353,
        866.7746301597329,
        255.1524858540009,
        255.15248585400084,
        158.87717676310967
    ],
    "Static Pressures": [
        84.124656235234,
        133.97926458691475,
        267.52254953831897,
        2412.260601610859,
        2239.200523012682,
        738.7701701110034,
        216.72053807240442,
        137.4350602274697,
        84.07825298491305
    ],
    "Entropies": [
        6834.413225585567,
        6845.607178771453,
        6865.411001852655,
        6922.395843979485,
        7887.911125759283,
        7923.5981476773295,
        7959.639938089269,
        7959.639938089269,
        6845.607178771453
    ],
    "Specifice Volumes": [
        0.9354134467594015,
        0.6780422909737055,
        0.42158869626980144,
        0.09050950584395714,
        0.19816634937710131,
        0.47977450323340365,
        1.2579577517563802,
        1.7727668433468218,
        0.9458112098493391
    ],
    "Performance": {
        "Thrust": 99999.99999999999,
        "OPR": 28.11375,
        "T4": 1328.1249999999998,
        "Thermal Efficiency": 0.4535876096366306,
        "SFC": 0.05127083160873513,
        "TSFC": 7.240954078335151,
        "Air Mass Flow Rate": 191.13761295382298,
        "Fuel Mass Flow Rate": 0.724095407833515,
        "Core EGT": 715.269706905467,
        "Bypass EGT": 59.94203332083493,
        "FAR": 0.023108910483524463,
        "Specific Thrust": 0.5231832628576304
    },
    "Pressure Ratios": {
        "Fan": 1.6,
        "LPC": 2.0,
        "HPC": 8.96484375,
        "HPT": 3.0235410551209556,
        "LPT": 3.397084795229877
    },
    "Mechanical Parameters": {
        "LP Shaft Speed": 5490.0,
        "Fan Power": 8.636823515543048,
        "Fan Efficiency": 0.92,
        "LPC Power": 2.5337402548898007,
        "LPC Efficiency": 0.9,
        "LPT Power": 11.398534459625356,
        "LPT Efficiency": 0.9099999999999999,
        "HP Shaft Speed": 15183.0,
        "HPC Power": 12.598222220667836,
        "HPC Efficiency": 0.89,
        "HPT Power": 13.009034398171686,
        "HPT Efficiency": 0.8999999999999995,
        "Burner Power": 5.743591930351588,
        "Burner Efficiency": 0.1844672731134413
    }
}