{
    "Stages": [
        "0. Fan Inlet",
        "1. LPC Inlet",
        "2. HPC Inlet",
        "3. Burner Inlet",
        "4. HPT Inlet",
        "5. LPT Inlet",
        "6. Core Nozz Inlet",
        "7. Core Nozz Outlet",
        "8. Byp Nozz Outlet"
    ],
    "Total Temperatures": [
        15.000057655676706,
        59.942033320834994,
        139.95697080771498,
        508.8189432336985,
        1325.78125,
        1017.5582267580282,
        724.9764864901608,
        724.9764864901608,
        59.94203332083493
    ],
    "Static Temperatures": [
        1.2698087753191583,
        44.11029440122737,
        120.50659961430016,
        475.3562476365862,
        1270.694100993493,
        970.6269857645354,
        686.401549514338,
        584.650220994306,
        4.4391862677623966
    ],
    "Total Pressures": [
        99.29823547694355,
        158.87717676310967,
        317.75435352621935,
        2681.0523578774755,
        2466.568169247275,
        848.5972453531563,
        252.28299729366088,
        252.28299729366088,
        158.87717676310967
    ],
    "Static Pressures": [
        84.124656235234,
        133.97926458691475,
        267.52254953831897,
        2269.2441690035976,
        2106.4264116326804,
        722.9228246499249,
        214.37478607442785,
        136.1286914090532,
        84.07825298491309
    ],
    "Entropies": [
        6834.413225585567,
        6845.607178771453,
        6865.411001852655,
        6921.510201949659,
        7905.0761363638585,
        7939.268672620487,
        7975.086032271936,
        7975.086032271935,
        6845.607178771453
    ],
    "Specifice Volumes": [
        0.9354134467594015,
        0.6780422909737055,
        0.42158869626980144,
        0.09466155412617824,
        0.2103566351538925,
        0.49372862316041755,
        1.2846588871554452,
        1.8084372997306606,
        0.9458112098493389
    ],
    "Performance": {
        "Thrust": 99999.99999999999,
        "OPR": 26.459999999999997,
        "T4": 1325.78125,
        "Thermal Efficiency": 0.4500404395859344,
        "SFC": 0.05167494275600029,
        "TSFC": 7.315977418027224,
        "Air Mass Flow Rate": 190.92100485778545,
        "Fuel Mass Flow Rate": 0.7315977418027223,
        "Core EGT": 724.9764864901608,
        "Bypass EGT": 59.94203332083493,
        "FAR": 0.023374831010976746,
        "Specific Thrust": 0.5237768367838241
    },
    "Pressure Ratios": {
        "Fan": 1.6,
        "LPC": 2.0,
        "HPC": 8.4375,
        "HPT": 2.9066417346438316,
        "LPT": 3.3636719654371996
    },
    "Mechanical Parameters": {
        "LP Shaft Speed": 5490.0,
        "Fan Power": 8.627035772206701,
        "Fan Efficiency": 0.92,
        "LPC Power": 2.5308688752383355,
        "LPC Efficiency": 0.9,
        "LPT Power": 11.385616987188815,
        "LPT Efficiency": 0.9099999999999998,
        "HP Shaft Speed": 15183.0,
        "HPC Power": 12.144155904801524,
        "HPC Efficiency": 0.89,
        "HPT Power": 12.545701422797903,
        "HPT Efficiency": 0.8999999999999999,
        "Burner Power": 5.7307999116539285,
        "Burner Efficiency": 0.18216898294640888
    }
}