{
    "Stages": [
        "0. Fan Inlet",
        "1. LPC Inlet",
        "2. HPC Inlet",
        "3. Burner Inlet",
        "4. HPT Inlet",
        "5. LPT Inlet",
        "6. Core Nozz Inlet",
        "7. Core Nozz Outlet",
        "8. Byp Nozz Outlet"
    ],
    "Total Temperatures": [
        15.000057655676706,
        59.942033320834994,
        139.95697080771498,
        509.29229522759437,
        1435.9375,
        1134.919539811965,
        850.5103728578365,
        850.5103728578365,
        59.94203332083493
    ],
    "Static Temperatures": [
        1.2698087753191583,
        44.11029440122737,
        120.50659961430016,
        475.8138387311871,
        1378.5460668970732,
        1085.1412212092519,
        808.577695776903,
        697.5350980028516,
        4.4391862677623966
    ],
    "Total Pressures": [
        99.29823547694355,
        158.87717676310967,
        317.75435352621935,
        2687.2584975947843,
        2472.277817787202,
        921.9458557062798,
        310.9851854468096,
        310.9851854468096,
        158.87717676310967
    ],
    "Static Pressures": [
        84.124656235234,
        133.97926458691475,
        267.52254953831897,
        2273.8824125793785,
        2112.6785741646786,
        786.7727742170892,
        264.72903811696165,
        168.4754932020576,
        84.07825298491305
    ],
    "Entropies": [
        6834.413225585567,
        6845.607178771453,
        6865.411001852655,
        6921.556145758345,
        8005.689961177572,
        8036.922421943518,
        8068.434969367272,
        8068.434969367272,
        6845.607178771453
    ],
    "Specifice Volumes": [
        0.9354134467594015,
        0.6780422909737034,
        0.42158869626980144,
        0.09452835777377178,
        0.2243748421972248,
        0.4954261196124939,
        1.1724919011623751,
        1.6531769789398947,
        0.9458112098493391
    ],
    "Performance": {
        "Thrust": 99999.99999999999,
        "OPR": 26.521249999999995,
        "T4": 1435.9375,
        "Thermal Efficiency": 0.40791098197405756,
        "SFC": 0.05701198295996699,
        "TSFC": 8.236999266548203,
        "Air Mass Flow Rate": 186.19184167067652,
        "Fuel Mass Flow Rate": 0.8236999266548203,
        "Core EGT": 850.5103728578365,
        "Bypass EGT": 59.94203332083493,
        "FAR": 0.026985981273451934,
        "Specific Thrust": 0.5370804601464396
    },
    "Pressure Ratios": {
        "Fan": 1.6,
        "LPC": 2.0,
        "HPC": 8.45703125,
        "HPT": 2.681586779185912,
        "LPT": 2.964597346917568
    },
    "Mechanical Parameters": {
        "LP Shaft Speed": 5490.0,
        "Fan Power": 8.413341841472459,
        "Fan Efficiency": 0.92,
        "LPC Power": 2.468178591761709,
        "LPC Efficiency": 0.9,
        "LPT Power": 11.103592278810375,
        "LPT Efficiency": 0.9099999999999999,
        "HP Shaft Speed": 15183.0,
        "HPC Power": 11.859115408343865,
        "HPC Efficiency": 0.89,
        "HPT Power": 12.254843773351311,
        "HPT Efficiency": 0.9000000000000001,
        "Burner Power": 6.391320267721426,
        "Burner Efficiency": 0.1804484257597562
    }
}