{
    "Stages": [
        "0. Fan Inlet",
        "1. LPC Inlet",
        "2. HPC Inlet",
        "3. Burner Inlet",
        "4. HPT Inlet",
        "5. LPT Inlet",
        "6. Core Nozz Inlet",
        "7. Core Nozz Outlet",
        "8. Byp Nozz Outlet"
    ],
    "Total Temperatures": [
        15.000057655676706,
        59.942033320834994,
        139.95697080771498,
        513.0791107822114,
        1423.0468749999998,
        1117.8201099185408,
        832.2655456914741,
        832.2655456914741,
        59.94203332083493
    ],
    "Static Temperatures": [
        1.2698087753191583,
        44.11029440122737,
        120.50659961430016,
        479.473891331439,
        1365.9124583976613,
        1068.4669578791181,
        790.8309502473625,
        681.1053419086433,
        4.4391862677623966
    ],
    "Total Pressures": [
        99.29823547694355,
        158.87717676310967,
        317.75435352621935,
        2736.9076153332567,
        2517.9550061066006,
        919.8165376738863,
        305.0768291766108,
        305.0768291766108,
        158.87717676310967
    ],
    "Static Pressures": [
        84.124656235234,
        133.97926458691475,
        267.52254953831897,
        2315.9861552852763,
        2152.089322724853,
        785.1034787432976,
        259.70958759045004,
        165.17328872476043,
        84.07825298491302
    ],
    "Entropies": [
        6834.413225585567,
        6845.607178771453,
        6865.411001852655,
        6921.923696226899,
        7988.315661070904,
        8020.292630918633,
        8052.456885301118,
        8052.456885301118,
        6845.607178771453
    ],
    "Specifice Volumes": [
        0.9354134467594015,
        0.6780422909737055,
        0.42158869626980144,
        0.09328179608622002,
        0.21858034212740024,
        0.4904178485533188,
        1.1757610439041855,
        1.6579166609562785,
        0.9458112098493398
    ],
    "Performance": {
        "Thrust": 99999.99999999999,
        "OPR": 27.011249999999997,
        "T4": 1423.0468749999998,
        "Thermal Efficiency": 0.41343849248912395,
        "SFC": 0.05624975510498733,
        "TSFC": 8.100122689824763,
        "Air Mass Flow Rate": 186.7838449722782,
        "Fuel Mass Flow Rate": 0.8100122689824762,
        "Core EGT": 832.2655456914741,
        "Bypass EGT": 59.94203332083493,
        "FAR": 0.026453437884451095,
        "Specific Thrust": 0.5353782069045727
    },
    "Pressure Ratios": {
        "Fan": 1.6,
        "LPC": 2.0,
        "HPC": 8.61328125,
        "HPT": 2.737453506189646,
        "LPT": 3.01503244332397
    },
    "Mechanical Parameters": {
        "LP Shaft Speed": 5490.0,
        "Fan Power": 8.440092348384919,
        "Fan Efficiency": 0.92,
        "LPC Power": 2.476026249651306,
        "LPC Efficiency": 0.9,
        "LPT Power": 11.138896528608392,
        "LPT Efficiency": 0.9099999999999999,
        "HP Shaft Speed": 15183.0,
        "HPC Power": 12.02341044009439,
        "HPC Efficiency": 0.89,
        "HPT Power": 12.422491764933477,
        "HPT Efficiency": 0.8999999999999999,
        "Burner Power": 6.315401178087633,
        "Burner Efficiency": 0.1813179879654695
    }
}