{
    "Stages": [
        "0. Fan Inlet",
        "1. LPC Inlet",
        "2. HPC Inlet",
        "3. Burner Inlet",
        "4. HPT Inlet",
        "5. LPT Inlet",
        "6. Core Nozz Inlet",
        "7. Core Nozz Outlet",
        "8. Byp Nozz Outlet"
    ],
    "Total Temperatures": [
        15.000057655676706,
        59.94203332083493,
        139.95697080771544,
        478.15412155018237,
        1393.75,
        1117.1971291861719,
        831.5879481464838,
        831.5879481464838,
        59.94203332083487
    ],
    "Static Temperatures": [
        1.2698087753191583,
        44.11029440122737,
        120.50659961430054,
        445.7244644047635,
        1337.3319259085542,
        1067.8584724112304,
        790.1704021731621,
        680.4875926121572,
        4.4391862677623966
    ],
    "Total Pressures": [
        99.29823547694355,
        158.87717676310967,
        317.75435352621935,
        2327.3023939908644,
        2141.1182024715954,
        855.7566900031062,
        282.8755292287047,
        282.87552922870475,
        158.87717676310967
    ],
    "Static Pressures": [
        84.124656235234,
        133.97926458691455,
        267.52254953831886,
        1967.9541432504932,
        1829.7040361043244,
        729.8609290578048,
        241.03398563366974,
        153.38004134570699,
        84.07825298491305
    ],
    "Entropies": [
        6834.413225585567,
        6845.607178771453,
        6865.411001852656,
        6918.661885500957,
        8011.78988462545,
        8040.670635084454,
        8072.859670297766,
        8072.859670297766,
        6845.607178771453
    ],
    "Specifice Volumes": [
        0.9354134467594015,
        0.678042290973704,
        0.42158869626980217,
        0.10485202419233686,
        0.25262471141382864,
        0.5273023534320909,
        1.2660959562545018,
        1.7842057023996165,
        0.9458112098493389
    ],
    "Performance": {
        "Thrust": 99999.99999999999,
        "OPR": 22.96875,
        "T4": 1393.75,
        "Thermal Efficiency": 0.4139363382121294,
        "SFC": 0.05618210291450782,
        "TSFC": 8.107838984208655,
        "Air Mass Flow Rate": 187.23323499367356,
        "Fuel Mass Flow Rate": 0.8107838984208654,
        "Core EGT": 831.5879481464838,
        "Bypass EGT": 59.94203332083487,
        "FAR": 0.026415084803370466,
        "Specific Thrust": 0.5340932126893972
    },
    "Pressure Ratios": {
        "Fan": 1.6,
        "LPC": 2.0,
        "HPC": 7.32421875,
        "HPT": 2.5020174863766744,
        "LPT": 3.0252057939986297
    },
    "Mechanical Parameters": {
        "LP Shaft Speed": 5490.0,
        "Fan Power": 8.460398672422631,
        "Fan Efficiency": 0.92,
        "LPC Power": 2.481983410932969,
        "LPC Efficiency": 0.9,
        "LPT Power": 11.165696003424085,
        "LPT Efficiency": 0.9100000000000001,
        "HP Shaft Speed": 15183.0,
        "HPC Power": 10.882339938547439,
        "HPC Efficiency": 0.89,
        "HPT Power": 11.258134110293732,
        "HPT Efficiency": 0.9,
        "Burner Power": 6.110153125145942,
        "Burner Efficiency": 0.17525827114040618
    }
}