{
    "Stages": [
        "0. Fan Inlet",
        "1. LPC Inlet",
        "2. HPC Inlet",
        "3. Burner Inlet",
        "4. HPT Inlet",
        "5. LPT Inlet",
        "6. Core Nozz Inlet",
        "7. Core Nozz Outlet",
        "8. Byp Nozz Outlet"
    ],
    "Total Temperatures": [
        15.000057655676706,
        59.94203332083493,
        139.95697080771524,
        487.3357594492611,
        1383.2031249999998,
        1097.9449512714364,
        810.9978851532192,
        810.9978851532192,
        59.94203332083493
    ],
    "Static Temperatures": [
        1.2698087753191583,
        44.11029440122737,
        120.50659961430041,
        454.58992071027757,
        1326.9557333351108,
        1049.0349423062955,
        770.1040879670079,
        661.9371506662533,
        4.4391862677624285
    ],
    "Total Pressures": [
        99.29823547694353,
        158.87717676310967,
        317.75435352621935,
        2432.806769185117,
        2238.1822276503076,
        864.5141306298389,
        280.41665312184256,
        280.41665312184256,
        158.87717676310967
    ],
    "Static Pressures": [
        84.12465623523386,
        133.97926458691458,
        267.5225495383185,
        2058.7534071410937,
        1912.8347134545993,
        736.9133722628013,
        238.78043654136061,
        151.89999887126015,
        84.07825298491304
    ],
    "Entropies": [
        6834.413225585567,
        6845.607178771453,
        6865.411001852656,
        6919.425035917315,
        7988.021998334486,
        8018.182107184799,
        8050.935373786305,
        8050.935373786305,
        6845.607178771453
    ],
    "Specifice Volumes": [
        0.9354134467594029,
        0.678042290973705,
        0.4215886962698025,
        0.1014235890210073,
        0.24006690076779832,
        0.5148806203318537,
        1.2536527924182435,
        1.7663321010221489,
        0.9458112098493395
    ],
    "Performance": {
        "Thrust": 99999.99999999999,
        "OPR": 24.01,
        "T4": 1383.2031249999998,
        "Thermal Efficiency": 0.4203346433012905,
        "SFC": 0.0553269028002027,
        "TSFC": 7.951877970143724,
        "Air Mass Flow Rate": 187.8469129390863,
        "Fuel Mass Flow Rate": 0.7951877970143724,
        "Core EGT": 810.9978851532192,
        "Bypass EGT": 59.94203332083493,
        "FAR": 0.02582233312165532,
        "Specific Thrust": 0.5323483811119498
    },
    "Pressure Ratios": {
        "Fan": 1.6,
        "LPC": 2.0,
        "HPC": 7.65625,
        "HPT": 2.5889481135711905,
        "LPT": 3.0829628733005556
    },
    "Mechanical Parameters": {
        "LP Shaft Speed": 5490.0,
        "Fan Power": 8.488128578786965,
        "Fan Efficiency": 0.92,
        "LPC Power": 2.4901183901754105,
        "LPC Efficiency": 0.9,
        "LPT Power": 11.20229282547181,
        "LPT Efficiency": 0.91,
        "HP Shaft Speed": 15183.0,
        "HPC Power": 11.2263756448855,
        "HPC Efficiency": 0.89,
        "HPT Power": 11.609190953495833,
        "HPT Efficiency": 0.9000000000000001,
        "Burner Power": 6.057118243001668,
        "Burner Efficiency": 0.17714458833801897
    }
}