{
    "Stages": [
        "0. Fan Inlet",
        "1. LPC Inlet",
        "2. HPC Inlet",
        "3. Burner Inlet",
        "4. HPT Inlet",
        "5. LPT Inlet",
        "6. Core Nozz Inlet",
        "7. Core Nozz Outlet",
        "8. Byp Nozz Outlet"
    ],
    "Total Temperatures": [
        15.000057655676706,
        59.942033320834994,
        139.95697080771498,
        491.17728238261174,
        1335.1562499999998,
        1043.3255497385194,
        752.5995633439377,
        752.5995633439377,
        59.94203332083493
    ],
    "Static Temperatures": [
        1.2698087753191583,
        44.11029440122737,
        120.50659961430016,
        458.30303776194665,
        1279.8955293411943,
        995.7751292994941,
        713.2522312713008,
        609.4159388271113,
        4.4391862677623966
    ],
    "Total Pressures": [
        99.29823547694355,
        158.87717676310967,
        317.75435352621935,
        2476.2497472062796,
        2278.1497674297775,
        839.4556283909498,
        257.4173767606816,
        257.41737676068163,
        158.87717676310967
    ],
    "Static Pressures": [
        84.124656235234,
        133.97926458691475,
        267.52254953831897,
        2096.3899624491387,
        1946.3593118044607,
        715.4380851204727,
        218.75210315945287,
        138.8449015135004,
        84.07825298491298
    ],
    "Entropies": [
        6834.413225585567,
        6845.607178771453,
        6865.411001852655,
        6919.797895268045,
        7937.7365838426595,
        7969.561022996065,
        8004.341886371013,
        8004.341886371013,
        6845.607178771453
    ],
    "Specifice Volumes": [
        0.9354134467594015,
        0.6780422909737055,
        0.42158869626980144,
        0.10010300840288598,
        0.2289932235297171,
        0.5090477802600983,
        1.2939731643024286,
        1.8239406784593333,
        0.9458112098493401
    ],
    "Performance": {
        "Thrust": 99999.99999999999,
        "OPR": 24.43875,
        "T4": 1335.1562499999998,
        "Thermal Efficiency": 0.4400804625671654,
        "SFC": 0.05284445898331389,
        "TSFC": 7.5220323952930706,
        "Air Mass Flow Rate": 190.01712620318003,
        "Fuel Mass Flow Rate": 0.7522032395293069,
        "Core EGT": 752.5995633439377,
        "Bypass EGT": 59.94203332083493,
        "FAR": 0.024147506347519863,
        "Specific Thrust": 0.526268352743493
    },
    "Pressure Ratios": {
        "Fan": 1.6,
        "LPC": 2.0,
        "HPC": 7.79296875,
        "HPT": 2.7138417926823424,
        "LPT": 3.2610682268407354
    },
    "Mechanical Parameters": {
        "LP Shaft Speed": 5490.0,
        "Fan Power": 8.586192736141477,
        "Fan Efficiency": 0.92,
        "LPC Power": 2.518886964941785,
        "LPC Efficiency": 0.9,
        "LPT Power": 11.331713980697204,
        "LPT Efficiency": 0.91,
        "HP Shaft Speed": 15183.0,
        "HPC Power": 11.486715037438518,
        "HPC Efficiency": 0.89,
        "HPT Power": 11.874843394876468,
        "HPT Efficiency": 0.8999999999999999,
        "Burner Power": 5.780848658856456,
        "Burner Efficiency": 0.17872608603462498
    }
}