{
    "Stages": [
        "0. Fan Inlet",
        "1. LPC Inlet",
        "2. HPC Inlet",
        "3. Burner Inlet",
        "4. HPT Inlet",
        "5. LPT Inlet",
        "6. Core Nozz Inlet",
        "7. Core Nozz Outlet",
        "8. Byp Nozz Outlet"
    ],
    "Total Temperatures": [
        15.000057655676706,
        59.942033320834994,
        139.95697080771498,
        502.7018436277757,
        1360.9375,
        1060.613634951818,
        771.0782280087877,
        771.0782280087877,
        59.94203332083493
    ],
    "Static Temperatures": [
        1.2698087753191583,
        44.11029440122737,
        120.50659961430016,
        469.44295793707937,
        1305.1210036545153,
        1012.6086522204628,
        731.2498676839849,
        626.0348324722246,
        4.4391862677623966
    ],
    "Total Pressures": [
        99.29823547694355,
        158.87717676310967,
        317.75435352621935,
        2606.578681269768,
        2398.052386768187,
        866.36605979734,
        270.55879256157635,
        270.55879256157635,
        158.87717676310967
    ],
    "Static Pressures": [
        84.124656235234,
        133.97926458691475,
        267.52254953831897,
        2209.3058778341365,
        2047.8973615537157,
        738.3188632836689,
        230.20673264143304,
        146.2689852200672,
        84.07825298491296
    ],
    "Entropies": [
        6834.413225585567,
        6845.607178771453,
        6865.411001852655,
        6920.916473313798,
        7946.453280174685,
        7978.907750116365,
        8013.009537267961,
        8013.009537267961,
        6845.607178771453
    ],
    "Specifice Volumes": [
        0.9354134467594015,
        0.6780422909737055,
        0.42158869626980144,
        0.09644008044532382,
        0.22119277923736755,
        0.4997381520869479,
        1.2519359093416829,
        1.7639213238338103,
        0.9458112098493401
    ],
    "Performance": {
        "Thrust": 99999.99999999999,
        "OPR": 25.724999999999998,
        "T4": 1360.9375,
        "Thermal Efficiency": 0.43346810183262513,
        "SFC": 0.05365057741311754,
        "TSFC": 7.654179469018675,
        "Air Mass Flow Rate": 189.1696415146816,
        "Fuel Mass Flow Rate": 0.7654179469018674,
        "Core EGT": 771.0782280087877,
        "Bypass EGT": 59.94203332083493,
        "FAR": 0.024681811725794395,
        "Specific Thrust": 0.5286260480238787
    },
    "Pressure Ratios": {
        "Fan": 1.6,
        "LPC": 2.0,
        "HPC": 8.203125,
        "HPT": 2.767943595723427,
        "LPT": 3.2021360370321883
    },
    "Mechanical Parameters": {
        "LP Shaft Speed": 5490.0,
        "Fan Power": 8.547897941236542,
        "Fan Efficiency": 0.92,
        "LPC Power": 2.5076526189778123,
        "LPC Efficiency": 0.9,
        "LPT Power": 11.281174041035058,
        "LPT Efficiency": 0.91,
        "HP Shaft Speed": 15183.0,
        "HPC Power": 11.825655824241665,
        "HPC Efficiency": 0.89,
        "HPT Power": 12.22070134059396,
        "HPT Efficiency": 0.8999999999999998,
        "Burner Power": 5.9367073221723885,
        "Burner Efficiency": 0.18037591297614816
    }
}