{
    "Stages": [
        "0. Fan Inlet",
        "1. LPC Inlet",
        "2. HPC Inlet",
        "3. Burner Inlet",
        "4. HPT Inlet",
        "5. LPT Inlet",
        "6. Core Nozz Inlet",
        "7. Core Nozz Outlet",
        "8. Byp Nozz Outlet"
    ],
    "Total Temperatures": [
        15.000057655676706,
        59.94203332083493,
        139.95697080771544,
        530.4842398626816,
        1450.0,
        1131.3324604002526,
        846.6783254817648,
        846.6783254817648,
        59.94203332083487
    ],
    "Static Temperatures": [
        1.2698087753191583,
        44.11029440122737,
        120.50659961430054,
        496.29676594866254,
        1392.258007466817,
        1081.632704460454,
        804.8509127560892,
        694.0919945221536,
        4.4391862677623966
    ],
    "Total Pressures": [
        99.29823547694355,
        158.87717676310967,
        317.75435352621935,
        2960.3286451563795,
        2723.5023535438663,
        961.7015910063019,
        322.8405875637541,
        322.8405875637541,
        158.87717676310967
    ],
    "Static Pressures": [
        84.124656235234,
        133.97926458691455,
        267.52254953831886,
        2508.881562198665,
        2326.310805614153,
        819.5984547672066,
        274.9709201624451,
        175.0541889291705,
        84.07825298491292
    ],
    "Entropies": [
        6834.413225585567,
        6845.607178771453,
        6865.411001852656,
        6923.246967918696,
        7988.116754414352,
        8021.329118155003,
        8052.978276254077,
        8052.978276254077,
        6845.607178771453
    ],
    "Specifice Volumes": [
        0.9354134467594015,
        0.678042290973704,
        0.42158869626980217,
        0.08799125384023052,
        0.20545343176210915,
        0.4743500938746242,
        1.1249236660164585,
        1.58548415767578,
        0.9458112098493406
    ],
    "Performance": {
        "Thrust": 99999.99999999999,
        "OPR": 29.216249999999995,
        "T4": 1450.0,
        "Thermal Efficiency": 0.40889151411213026,
        "SFC": 0.05687526679047424,
        "TSFC": 8.201481095613932,
        "Air Mass Flow Rate": 186.0857944266134,
        "Fuel Mass Flow Rate": 0.8201481095613931,
        "Core EGT": 846.6783254817648,
        "Bypass EGT": 59.94203332083487,
        "FAR": 0.026884929522642802,
        "Specific Thrust": 0.5373865334972517
    },
    "Pressure Ratios": {
        "Fan": 1.6,
        "LPC": 2.0,
        "HPC": 9.31640625,
        "HPT": 2.831961992174784,
        "LPT": 2.978874491164734
    },
    "Mechanical Parameters": {
        "LP Shaft Speed": 5490.0,
        "Fan Power": 8.408549946684555,
        "Fan Efficiency": 0.92,
        "LPC Power": 2.466772818366051,
        "LPC Efficiency": 0.9,
        "LPT Power": 11.09726812760266,
        "LPT Efficiency": 0.9099999999999999,
        "HP Shaft Speed": 15183.0,
        "HPC Power": 12.562264217279875,
        "HPC Efficiency": 0.89,
        "HPT Power": 12.97234255797989,
        "HPT Efficiency": 0.9,
        "Burner Power": 6.495953936573784,
        "Burner Efficiency": 0.18419684742086442
    }
}