{
    "Stages": [
        "0. Fan Inlet",
        "1. LPC Inlet",
        "2. HPC Inlet",
        "3. Burner Inlet",
        "4. HPT Inlet",
        "5. LPT Inlet",
        "6. Core Nozz Inlet",
        "7. Core Nozz Outlet",
        "8. Byp Nozz Outlet"
    ],
    "Total Temperatures": [
        15.000057655676706,
        59.942033320834994,
        139.95697080771498,
        487.3357594492608,
        1394.9218749999998,
        1110.4021980742252,
        824.3473786042506,
        824.3473786042506,
        59.94203332083493
    ],
    "Static Temperatures": [
        1.2698087753191583,
        44.11029440122737,
        120.50659961430016,
        454.5899207102772,
        1338.450226398643,
        1061.2294543450296,
        783.0965782151094,
        673.9415207684233,
        4.4391862677623966
    ],
    "Total Pressures": [
        99.29823547694355,
        158.87717676310967,
        317.75435352621935,
        2432.806769185117,
        2238.1822276503076,
        871.3207176156591,
        285.9080967240582,
        285.9080967240581,
        158.87717676310967
    ],
    "Static Pressures": [
        84.124656235234,
        133.97926458691475,
        267.52254953831897,
        2058.753407141099,
        1913.40204578341,
        743.2981330787622,
        243.51943511852227,
        154.94159508484802,
        84.07825298491304
    ],
    "Entropies": [
        6834.413225585567,
        6845.607178771453,
        6865.411001852655,
        6919.425035917314,
        7998.7865397308315,
        8028.647819295862,
        8061.095027864808,
        8061.09502786481,
        6845.607178771453
    ],
    "Specifice Volumes": [
        0.9354134467594015,
        0.6780422909737055,
        0.42158869626980144,
        0.10142358902100694,
        0.24174254106695015,
        0.5152306086439982,
        1.2447200522875272,
        1.7538697532732677,
        0.9458112098493393
    ],
    "Performance": {
        "Thrust": 99999.99999999999,
        "OPR": 24.009999999999998,
        "T4": 1394.9218749999998,
        "Thermal Efficiency": 0.41611899864954854,
        "SFC": 0.055887412083951,
        "TSFC": 8.050312165155068,
        "Air Mass Flow Rate": 187.36928478452703,
        "Fuel Mass Flow Rate": 0.8050312165155067,
        "Core EGT": 824.3473786042506,
        "Bypass EGT": 59.94203332083493,
        "FAR": 0.026208620192961933,
        "Specific Thrust": 0.5337054048906632
    },
    "Pressure Ratios": {
        "Fan": 1.6,
        "LPC": 2.0,
        "HPC": 7.65625,
        "HPT": 2.5687237573955786,
        "LPT": 3.047555237502094
    },
    "Mechanical Parameters": {
        "LP Shaft Speed": 5490.0,
        "Fan Power": 8.466546274743136,
        "Fan Efficiency": 0.92,
        "LPC Power": 2.4837869012372837,
        "LPC Efficiency": 0.9,
        "LPT Power": 11.173809363245324,
        "LPT Efficiency": 0.91,
        "HP Shaft Speed": 15183.0,
        "HPC Power": 11.197830948580622,
        "HPC Efficiency": 0.89,
        "HPT Power": 11.580063712368403,
        "HPT Efficiency": 0.9,
        "Burner Power": 6.125807502025957,
        "Burner Efficiency": 0.17696287629518884
    }
}