{
    "Stages": [
        "0. Fan Inlet",
        "1. LPC Inlet",
        "2. HPC Inlet",
        "3. Burner Inlet",
        "4. HPT Inlet",
        "5. LPT Inlet",
        "6. Core Nozz Inlet",
        "7. Core Nozz Outlet",
        "8. Byp Nozz Outlet"
    ],
    "Total Temperatures": [
        15.000057655676706,
        59.942033320834994,
        139.95697080771498,
        508.3455912287868,
        1404.2968749999998,
        1101.930635789101,
        815.2801004154261,
        815.2801004154261,
        59.94203332083493
    ],
    "Static Temperatures": [
        1.2698087753191583,
        44.11029440122737,
        120.50659961430016,
        474.8986579826449,
        1347.5384944654368,
        1052.9374261364721,
        774.2696659969246,
        665.7875666957032,
        4.4391862677623966
    ],
    "Total Pressures": [
        99.29823547694355,
        158.87717676310967,
        317.75435352621935,
        2674.8462181601667,
        2460.858520707354,
        900.7010599382309,
        293.48814910368304,
        293.48814910368304,
        158.87717676310967
    ],
    "Static Pressures": [
        84.124656235234,
        133.97926458691475,
        267.52254953831897,
        2264.605941250411,
        2102.077721112854,
        768.2906796700117,
        249.54762649521678,
        158.67525142013423,
        84.07825298491304
    ],
    "Entropies": [
        6834.413225585567,
        6845.607178771453,
        6865.411001852655,
        6921.464258140945,
        7978.442808595238,
        8010.380252581825,
        8042.971376981376,
        8042.971376981376,
        6845.607178771453
    ],
    "Specifice Volumes": [
        0.9354134467594015,
        0.6780422909737055,
        0.42158869626980144,
        0.09479537177610697,
        0.22126726463067942,
        0.49532094989856623,
        1.2043587392409547,
        1.6978083560000563,
        0.9458112098493393
    ],
    "Performance": {
        "Thrust": 99999.99999999999,
        "OPR": 26.39875,
        "T4": 1404.2968749999998,
        "Thermal Efficiency": 0.41879344539202795,
        "SFC": 0.05553051082668894,
        "TSFC": 7.977490130173607,
        "Air Mass Flow Rate": 187.4730149619975,
        "Fuel Mass Flow Rate": 0.7977490130173607,
        "Core EGT": 815.2801004154261,
        "Bypass EGT": 59.94203332083493,
        "FAR": 0.025957170318044644,
        "Specific Thrust": 0.5334101018232992
    },
    "Pressure Ratios": {
        "Fan": 1.6,
        "LPC": 2.0,
        "HPC": 8.41796875,
        "HPT": 2.7321590149745316,
        "LPT": 3.068952060548218
    },
    "Mechanical Parameters": {
        "LP Shaft Speed": 5490.0,
        "Fan Power": 8.47123346959821,
        "Fan Efficiency": 0.92,
        "LPC Power": 2.4851619593550556,
        "LPC Efficiency": 0.9,
        "LPT Power": 11.179995335666597,
        "LPT Efficiency": 0.9099999999999998,
        "HP Shaft Speed": 15183.0,
        "HPC Power": 11.908953258102498,
        "HPC Efficiency": 0.89,
        "HPT Power": 12.305698722084609,
        "HPT Efficiency": 0.8999999999999999,
        "Burner Power": 6.198855459917283,
        "Burner Efficiency": 0.18070775011697157
    }
}