{
    "Stages": [
        "0. Fan Inlet",
        "1. LPC Inlet",
        "2. HPC Inlet",
        "3. Burner Inlet",
        "4. HPT Inlet",
        "5. LPT Inlet",
        "6. Core Nozz Inlet",
        "7. Core Nozz Outlet",
        "8. Byp Nozz Outlet"
    ],
    "Total Temperatures": [
        15.000057655676706,
        59.942033320834994,
        139.95697080771538,
        520.6476883519679,
        1332.8125,
        1014.4129622834835,
        721.6185383512607,
        721.6185383512607,
        59.942033320834994
    ],
    "Static Temperatures": [
        1.2698087753191583,
        44.1102944012275,
        120.50659961430048,
        486.78647967584595,
        1277.5183286184886,
        967.5660345428419,
        683.1232469315175,
        581.6373301334984,
        4.43918626776246
    ],
    "Total Pressures": [
        99.29823547694352,
        158.87717676310965,
        317.7543535262193,
        2836.2058508101995,
        2609.309382745384,
        869.027554897308,
        257.6061089163497,
        257.6061089163496,
        158.87717676310965
    ],
    "Static Pressures": [
        84.124656235234,
        133.97926458691427,
        267.5225495383182,
        2401.5253050824654,
        2229.0613424647004,
        740.6034149931636,
        218.89186751013943,
        138.86428946914998,
        84.07825298491285
    ],
    "Entropies": [
        6834.413225585567,
        6845.607178771453,
        6865.411001852656,
        6922.301274658846,
        7893.766980895768,
        7929.1954066750095,
        7965.154844692462,
        7965.154844692463,
        6845.607178771453
    ],
    "Specifice Volumes": [
        0.9354134467594013,
        0.6780422909737036,
        0.4215886962698031,
        0.09080317968411881,
        0.19964850214993513,
        0.4807713908048696,
        1.2537882028440182,
        1.7666878006417437,
        0.9458112098493419
    ],
    "Performance": {
        "Thrust": 99999.99999999999,
        "OPR": 27.991250000000004,
        "T4": 1332.8125,
        "Thermal Efficiency": 0.45118872086408585,
        "SFC": 0.051543429341386074,
        "TSFC": 7.286903008138306,
        "Air Mass Flow Rate": 190.88416486340262,
        "Fuel Mass Flow Rate": 0.7286903008138305,
        "Core EGT": 721.6185383512607,
        "Bypass EGT": 59.942033320834994,
        "FAR": 0.02328643048073284,
        "Specific Thrust": 0.5238779239313033
    },
    "Pressure Ratios": {
        "Fan": 1.6,
        "LPC": 2.0,
        "HPC": 8.92578125,
        "HPT": 3.0025623099927974,
        "LPT": 3.373474171662679
    },
    "Mechanical Parameters": {
        "LP Shaft Speed": 5490.0,
        "Fan Power": 8.625371104929126,
        "Fan Efficiency": 0.92,
        "LPC Power": 2.5303805204068976,
        "LPC Efficiency": 0.9,
        "LPT Power": 11.383420025853088,
        "LPT Efficiency": 0.9100000000000001,
        "HP Shaft Speed": 15183.0,
        "HPC Power": 12.5476642031152,
        "HPC Efficiency": 0.89,
        "HPT Power": 12.957444584342468,
        "HPT Efficiency": 0.8999999999999999,
        "Burner Power": 5.7715170993673794,
        "Burner Efficiency": 0.1841952990761108
    }
}