{
    "Stages": [
        "0. Fan Inlet",
        "1. LPC Inlet",
        "2. HPC Inlet",
        "3. Burner Inlet",
        "4. HPT Inlet",
        "5. LPT Inlet",
        "6. Core Nozz Inlet",
        "7. Core Nozz Outlet",
        "8. Byp Nozz Outlet"
    ],
    "Total Temperatures": [
        15.000057655676706,
        59.942033320834994,
        139.95697080771498,
        526.5496203318689,
        1359.765625,
        1038.012934042903,
        746.9042586518691,
        746.9042586518691,
        59.94203332083493
    ],
    "Static Temperatures": [
        1.2698087753191583,
        44.11029440122737,
        120.50659961430016,
        492.49258003852407,
        1303.9031371014974,
        990.5848379504947,
        707.7168842343622,
        604.3118960959919,
        4.4391862677623966
    ],
    "Total Pressures": [
        99.29823547694355,
        158.87717676310967,
        317.75435352621935,
        2910.6795274179076,
        2677.825165224472,
        894.0142621543133,
        272.54363411691253,
        272.54363411691253,
        158.87717676310967
    ],
    "Static Pressures": [
        84.124656235234,
        133.97926458691475,
        267.52254953831897,
        2465.9381814946055,
        2285.9245124748572,
        762.3286239805705,
        231.80949148619223,
        147.2046338568034,
        84.07825298491287
    ],
    "Entropies": [
        6834.413225585567,
        6845.607178771453,
        6865.411001852655,
        6922.868690600496,
        7910.796854350469,
        7946.097724454124,
        7980.984461493578,
        7980.984461493578,
        6845.607178771453
    ],
    "Specifice Volumes": [
        0.9354134467594015,
        0.6780422909737055,
        0.42158869626980144,
        0.08908344504796266,
        0.1980111366439771,
        0.4757580656963303,
        1.2141234025898393,
        1.7102442791483257,
        0.9458112098493415
    ],
    "Performance": {
        "Thrust": 99999.99999999999,
        "OPR": 28.726249999999997,
        "T4": 1359.765625,
        "Thermal Efficiency": 0.4417841963668918,
        "SFC": 0.052640665159002065,
        "TSFC": 7.469149198021382,
        "Air Mass Flow Rate": 189.805384315082,
        "Fuel Mass Flow Rate": 0.7469149198021382,
        "Core EGT": 746.9042586518691,
        "Bypass EGT": 59.94203332083493,
        "FAR": 0.02400448768739701,
        "Specific Thrust": 0.5268554438582065
    },
    "Pressure Ratios": {
        "Fan": 1.6,
        "LPC": 2.0,
        "HPC": 9.16015625,
        "HPT": 2.9952823781263795,
        "LPT": 3.2802610306825564
    },
    "Mechanical Parameters": {
        "LP Shaft Speed": 5490.0,
        "Fan Power": 8.576624879296933,
        "Fan Efficiency": 0.92,
        "LPC Power": 2.5160800922534152,
        "LPC Efficiency": 0.9,
        "LPT Power": 11.319086705663619,
        "LPT Efficiency": 0.9099999999999999,
        "HP Shaft Speed": 15183.0,
        "HPC Power": 12.678720053502408,
        "HPC Efficiency": 0.89,
        "HPT Power": 13.091175043921252,
        "HPT Efficiency": 0.9,
        "Burner Power": 5.9347393339260535,
        "Burner Efficiency": 0.18478301899337518
    }
}