{
    "Stages": [
        "0. Fan Inlet",
        "1. LPC Inlet",
        "2. HPC Inlet",
        "3. Burner Inlet",
        "4. HPT Inlet",
        "5. LPT Inlet",
        "6. Core Nozz Inlet",
        "7. Core Nozz Outlet",
        "8. Byp Nozz Outlet"
    ],
    "Total Temperatures": [
        15.000057655676706,
        59.942033320834994,
        139.95697080771498,
        510.7123511431901,
        1389.0624999999998,
        1083.5614806672218,
        795.6574195797286,
        795.6574195797286,
        59.94203332083493
    ],
    "Static Temperatures": [
        1.2698087753191583,
        44.11029440122737,
        120.50659961430016,
        477.1866204046597,
        1332.630464706378,
        1035.0246214373635,
        755.1869886568211,
        648.1430785363101,
        4.4391862677623966
    ],
    "Total Pressures": [
        99.29823547694355,
        158.87717676310967,
        317.75435352621935,
        2705.8769167467117,
        2489.406763406975,
        894.4268642046203,
        285.70740174442005,
        285.70740174442005,
        158.87717676310967
    ],
    "Static Pressures": [
        84.124656235234,
        133.97926458691475,
        267.52254953831897,
        2289.1541834244817,
        2126.9719571893784,
        762.9732462433756,
        243.39223944566632,
        154.79164974468256,
        84.07825298491309
    ],
    "Entropies": [
        6834.413225585567,
        6845.607178771453,
        6865.411001852655,
        6921.693977184248,
        7960.869872572986,
        7993.483294930378,
        8026.815152514603,
        8026.815152514603,
        6845.607178771453
    ],
    "Specifice Volumes": [
        0.9354134467594015,
        0.6780422909737055,
        0.42158869626980144,
        0.09407666104666045,
        0.21667236700822776,
        0.492057716452101,
        1.2126020290647495,
        1.7080683057212351,
        0.9458112098493389
    ],
    "Performance": {
        "Thrust": 99999.99999999999,
        "OPR": 26.705,
        "T4": 1389.0624999999998,
        "Thermal Efficiency": 0.42511614150770183,
        "SFC": 0.05470461288769259,
        "TSFC": 7.831686850179794,
        "Air Mass Flow Rate": 188.14598005052198,
        "Fuel Mass Flow Rate": 0.7831686850179792,
        "Core EGT": 795.6574195797286,
        "Bypass EGT": 59.94203332083493,
        "FAR": 0.025391608033968296,
        "Specific Thrust": 0.5315021876797338
    },
    "Pressure Ratios": {
        "Fan": 1.6,
        "LPC": 2.0,
        "HPC": 8.515625,
        "HPT": 2.783242390221261,
        "LPT": 3.1305694523246093
    },
    "Mechanical Parameters": {
        "LP Shaft Speed": 5490.0,
        "Fan Power": 8.501642349419848,
        "Fan Efficiency": 0.92,
        "LPC Power": 2.4940828551880587,
        "LPC Efficiency": 0.9,
        "LPT Power": 11.220127759803987,
        "LPT Efficiency": 0.9099999999999999,
        "HP Shaft Speed": 15183.0,
        "HPC Power": 12.031397225341026,
        "HPC Efficiency": 0.89,
        "HPT Power": 12.430641545797387,
        "HPT Efficiency": 0.9000000000000001,
        "Burner Power": 6.107924667127477,
        "Burner Efficiency": 0.18137185821899668
    }
}