{
    "Stages": [
        "0. Fan Inlet",
        "1. LPC Inlet",
        "2. HPC Inlet",
        "3. Burner Inlet",
        "4. HPT Inlet",
        "5. LPT Inlet",
        "6. Core Nozz Inlet",
        "7. Core Nozz Outlet",
        "8. Byp Nozz Outlet"
    ],
    "Total Temperatures": [
        15.000057655676706,
        59.94203332083493,
        139.95697080771544,
        531.467894521744,
        1437.1093749999998,
        1116.604130038406,
        830.976312527415,
        830.976312527415,
        59.94203332083487
    ],
    "Static Temperatures": [
        1.2698087753191583,
        44.11029440122737,
        120.50659961430054,
        497.24782730274035,
        1379.6192022156285,
        1067.2831439929842,
        789.5778040739281,
        679.9420064308503,
        4.4391862677623966
    ],
    "Total Pressures": [
        99.29823547694355,
        158.87717676310967,
        317.75435352621935,
        2972.740924590997,
        2734.9216506237203,
        952.5353295490818,
        315.6612020924338,
        315.66120209243365,
        158.87717676310967
    ],
    "Static Pressures": [
        84.124656235234,
        133.97926458691455,
        267.52254953831886,
        2519.617590278004,
        2335.8896476253785,
        812.0348099368285,
        268.84474269808004,
        171.00786143052784,
        84.07825298491305
    ],
    "Entropies": [
        6834.413225585567,
        6845.607178771453,
        6865.411001852656,
        6923.341537251216,
        7975.30096098942,
        8008.957426542141,
        8041.167382529227,
        8041.167382529227,
        6845.607178771453
    ],
    "Specifice Volumes": [
        0.9354134467594015,
        0.678042290973704,
        0.42158869626980217,
        0.08772468444180648,
        0.20306470052526351,
        0.47374231889042034,
        1.1345096134598864,
        1.5993471389000387,
        0.9458112098493389
    ],
    "Performance": {
        "Thrust": 99999.99999999999,
        "OPR": 29.338749999999997,
        "T4": 1437.1093749999998,
        "Thermal Efficiency": 0.4136862272888643,
        "SFC": 0.05621607010196536,
        "TSFC": 8.084842818661446,
        "Air Mass Flow Rate": 186.62857156450417,
        "Fuel Mass Flow Rate": 0.8084842818661446,
        "Core EGT": 830.976312527415,
        "Bypass EGT": 59.94203332083487,
        "FAR": 0.026425504294656867,
        "Specific Thrust": 0.5358236370867637
    },
    "Pressure Ratios": {
        "Fan": 1.6,
        "LPC": 2.0,
        "HPC": 9.35546875,
        "HPT": 2.8712023226670205,
        "LPT": 3.0175876009942733
    },
    "Mechanical Parameters": {
        "LP Shaft Speed": 5490.0,
        "Fan Power": 8.433076099730984,
        "Fan Efficiency": 0.92,
        "LPC Power": 2.473967929063808,
        "LPC Efficiency": 0.9,
        "LPT Power": 11.129636764076317,
        "LPT Efficiency": 0.9099999999999999,
        "HP Shaft Speed": 15183.0,
        "HPC Power": 12.632004053150194,
        "HPC Efficiency": 0.89,
        "HPT Power": 13.043505655806744,
        "HPT Efficiency": 0.9,
        "Burner Power": 6.415198571448915,
        "Burner Efficiency": 0.1845313109958529
    }
}