{
    "Stages": [
        "0. Fan Inlet",
        "1. LPC Inlet",
        "2. HPC Inlet",
        "3. Burner Inlet",
        "4. HPT Inlet",
        "5. LPT Inlet",
        "6. Core Nozz Inlet",
        "7. Core Nozz Outlet",
        "8. Byp Nozz Outlet"
    ],
    "Total Temperatures": [
        15.000057655676706,
        59.942033320834994,
        139.95697080771498,
        494.4700153233035,
        1419.5312499999998,
        1130.3816412739725,
        845.6507920854486,
        845.6507920854486,
        59.94203332083493
    ],
    "Static Temperatures": [
        1.2698087753191583,
        44.11029440122737,
        120.50659961430016,
        461.48578499770184,
        1362.5214940217336,
        1080.704680641493,
        803.8498115397101,
        693.1628666615395,
        4.4391862677623966
    ],
    "Total Pressures": [
        99.29823547694355,
        158.87717676310967,
        317.75435352621935,
        2513.4865855101334,
        2312.4076586693227,
        895.4933748531079,
        300.16131827900745,
        300.16131827900733,
        158.87717676310967
    ],
    "Static Pressures": [
        84.124656235234,
        133.97926458691475,
        267.52254953831897,
        2128.650695953297,
        1974.6693419559,
        763.8712753064992,
        255.41303308403954,
        162.50491388085234,
        84.07825298491298
    ],
    "Entropies": [
        6834.413225585567,
        6845.607178771453,
        6865.411001852655,
        6920.117488996389,
        8011.015420659611,
        8041.032044136673,
        8072.7185544871045,
        8072.7185544871045,
        6845.607178771453
    ],
    "Specifice Volumes": [
        0.9354134467594015,
        0.6780422909737055,
        0.42158869626980144,
        0.09901217809663683,
        0.23772071495248448,
        0.5086068116395804,
        1.2099414257309966,
        1.7063112670261829,
        0.9458112098493401
    ],
    "Performance": {
        "Thrust": 99999.99999999999,
        "OPR": 24.806249999999995,
        "T4": 1419.5312499999998,
        "Thermal Efficiency": 0.4094909486547004,
        "SFC": 0.05679200976209763,
        "TSFC": 8.205600571262758,
        "Air Mass Flow Rate": 186.52104693721142,
        "Fuel Mass Flow Rate": 0.8205600571262758,
        "Core EGT": 845.6507920854486,
        "Bypass EGT": 59.94203332083493,
        "FAR": 0.026835665093362118,
        "Specific Thrust": 0.5361325257500993
    },
    "Pressure Ratios": {
        "Fan": 1.6,
        "LPC": 2.0,
        "HPC": 7.91015625,
        "HPT": 2.5822722128442748,
        "LPT": 2.983373673821369
    },
    "Mechanical Parameters": {
        "LP Shaft Speed": 5490.0,
        "Fan Power": 8.428217447291267,
        "Fan Efficiency": 0.92,
        "LPC Power": 2.4725425713209948,
        "LPC Efficiency": 0.9,
        "LPT Power": 11.123224508788025,
        "LPT Efficiency": 0.9100000000000001,
        "HP Shaft Speed": 15183.0,
        "HPC Power": 11.38529064609322,
        "HPC Efficiency": 0.89,
        "HPT Power": 11.771349117993509,
        "HPT Efficiency": 0.9,
        "Burner Power": 6.278041591301708,
        "Burner Efficiency": 0.17792843555033847
    }
}