{
    "Stages": [
        "0. Fan Inlet",
        "1. LPC Inlet",
        "2. HPC Inlet",
        "3. Burner Inlet",
        "4. HPT Inlet",
        "5. LPT Inlet",
        "6. Core Nozz Inlet",
        "7. Core Nozz Outlet",
        "8. Byp Nozz Outlet"
    ],
    "Total Temperatures": [
        15.000057655676706,
        59.942033320834994,
        139.95697080771498,
        529.008757706357,
        1344.53125,
        1019.4308281862429,
        726.9868932919811,
        726.9868932919811,
        59.94203332083493
    ],
    "Static Temperatures": [
        1.2698087753191583,
        44.11029440122737,
        120.50659961430016,
        494.8701850751801,
        1288.9584759559602,
        972.4507831404928,
        688.3563583087807,
        586.4546010043866,
        4.4391862677623966
    ],
    "Total Pressures": [
        99.29823547694355,
        158.87717676310967,
        317.75435352621935,
        2941.7102260044526,
        2706.3734079240935,
        884.1301645765586,
        263.73286316849385,
        263.73286316849385,
        158.87717676310967
    ],
    "Static Pressures": [
        84.124656235234,
        133.97926458691475,
        267.52254953831897,
        2492.7776572599246,
        2309.4277956829005,
        753.537402543362,
        224.24701274128148,
        142.28643031359405,
        84.07825298491291
    ],
    "Entropies": [
        6834.413225585567,
        6845.607178771453,
        6865.411001852655,
        6923.105113922144,
        7893.523104365352,
        7929.628020995035,
        7965.359787335493,
        7965.359787335493,
        6845.607178771453
    ],
    "Specifice Volumes": [
        0.9354134467594015,
        0.6780422909737055,
        0.42158869626980144,
        0.08839591602680812,
        0.19411662750196998,
        0.4743574458153126,
        1.2305277143651185,
        1.7336970428651162,
        0.9458112098493411
    ],
    "Performance": {
        "Thrust": 99999.99999999999,
        "OPR": 29.032499999999995,
        "T4": 1344.53125,
        "Thermal Efficiency": 0.4490826749747986,
        "SFC": 0.051785150595696945,
        "TSFC": 7.3238209116268225,
        "Air Mass Flow Rate": 190.5768550033266,
        "Fuel Mass Flow Rate": 0.7323820911626822,
        "Core EGT": 726.9868932919811,
        "Bypass EGT": 59.94203332083493,
        "FAR": 0.023442147557815336,
        "Specific Thrust": 0.5247226899523263
    },
    "Pressure Ratios": {
        "Fan": 1.6,
        "LPC": 2.0,
        "HPC": 9.2578125,
        "HPT": 3.061057654582198,
        "LPT": 3.352370098874271
    },
    "Mechanical Parameters": {
        "LP Shaft Speed": 5490.0,
        "Fan Power": 8.611484874034824,
        "Fan Efficiency": 0.92,
        "LPC Power": 2.526306788653277,
        "LPC Efficiency": 0.9,
        "LPT Power": 11.365093533355205,
        "LPT Efficiency": 0.9099999999999997,
        "HP Shaft Speed": 15183.0,
        "HPC Power": 12.81474890853437,
        "HPC Efficiency": 0.89,
        "HPT Power": 13.2299799980355,
        "HPT Efficiency": 0.8999999999999999,
        "Burner Power": 5.842148302237465,
        "Burner Efficiency": 0.18550960713667058
    }
}