{
    "Stages": [
        "0. Fan Inlet",
        "1. LPC Inlet",
        "2. HPC Inlet",
        "3. Burner Inlet",
        "4. HPT Inlet",
        "5. LPT Inlet",
        "6. Core Nozz Inlet",
        "7. Core Nozz Outlet",
        "8. Byp Nozz Outlet"
    ],
    "Total Temperatures": [
        15.000057655676706,
        59.942033320834994,
        139.95697080771498,
        506.4521830989885,
        1378.515625,
        1076.0478086636547,
        787.6337024519995,
        787.6337024519995,
        59.94203332083493
    ],
    "Static Temperatures": [
        1.2698087753191583,
        44.11029440122737,
        120.50659961430016,
        473.06831377314523,
        1322.297610915999,
        1027.7009158333335,
        747.34785746098,
        640.8970032523591,
        4.4391862677623966
    ],
    "Total Pressures": [
        99.29823547694355,
        158.87717676310967,
        317.75435352621935,
        2650.021659290931,
        2438.0199265476567,
        881.1853923702718,
        279.6304648702442,
        279.630464870244,
        158.87717676310967
    ],
    "Static Pressures": [
        84.124656235234,
        133.97926458691475,
        267.52254953831897,
        2246.0531884598627,
        2082.0232249292317,
        751.6232568527877,
        237.99061250808893,
        151.28993884860594,
        84.07825298491287
    ],
    "Entropies": [
        6834.413225585567,
        6845.607178771453,
        6865.411001852655,
        6921.280482905834,
        7957.639245492602,
        7990.051534583717,
        8023.65540761169,
        8023.65540761169,
        6845.607178771453
    ],
    "Specifice Volumes": [
        0.9354134467594015,
        0.6780422909737055,
        0.42158869626980144,
        0.09533692935066457,
        0.21991388192842032,
        0.49673014687256906,
        1.2304866688039975,
        1.7335358772686442,
        0.9458112098493416
    ],
    "Performance": {
        "Thrust": 99999.99999999999,
        "OPR": 26.15375,
        "T4": 1378.515625,
        "Thermal Efficiency": 0.42781888106570903,
        "SFC": 0.05435901729151709,
        "TSFC": 7.774535300225607,
        "Air Mass Flow Rate": 188.50720963462078,
        "Fuel Mass Flow Rate": 0.7774535300225606,
        "Core EGT": 787.6337024519995,
        "Bypass EGT": 59.94203332083493,
        "FAR": 0.02515801142210865,
        "Specific Thrust": 0.5304836891587739
    },
    "Pressure Ratios": {
        "Fan": 1.6,
        "LPC": 2.0,
        "HPC": 8.33984375,
        "HPT": 2.766750274865209,
        "LPT": 3.1512496064374265
    },
    "Mechanical Parameters": {
        "LP Shaft Speed": 5490.0,
        "Fan Power": 8.517965019344622,
        "Fan Efficiency": 0.92,
        "LPC Power": 2.498871352461536,
        "LPC Efficiency": 0.9,
        "LPT Power": 11.241669767149142,
        "LPT Efficiency": 0.9099999999999999,
        "HP Shaft Speed": 15183.0,
        "HPC Power": 11.910770714201881,
        "HPC Efficiency": 0.89,
        "HPT Power": 12.307553269124801,
        "HPT Efficiency": 0.9,
        "Burner Power": 6.042927984190527,
        "Burner Efficiency": 0.1807609117558259
    }
}