{
    "Stages": [
        "0. Fan Inlet",
        "1. LPC Inlet",
        "2. HPC Inlet",
        "3. Burner Inlet",
        "4. HPT Inlet",
        "5. LPT Inlet",
        "6. Core Nozz Inlet",
        "7. Core Nozz Outlet",
        "8. Byp Nozz Outlet"
    ],
    "Total Temperatures": [
        15.000057655676706,
        59.942033320834994,
        139.95697080771498,
        502.7018436277759,
        1305.8593749999998,
        1001.7377311770992,
        707.9832700313448,
        707.9832700313448,
        59.94203332083493
    ],
    "Static Temperatures": [
        1.2698087753191583,
        44.11029440122737,
        120.50659961430016,
        469.4429579370795,
        1251.1911505899839,
        955.2026914898728,
        669.859148443914,
        569.4054811183113,
        4.4391862677623966
    ],
    "Total Pressures": [
        99.29823547694355,
        158.87717676310967,
        317.75435352621935,
        2606.578681269768,
        2398.052386768187,
        828.185421839275,
        241.97387377809522,
        241.9738737780952,
        158.87717676310967
    ],
    "Static Pressures": [
        84.124656235234,
        133.97926458691475,
        267.52254953831897,
        2209.305877834134,
        2046.1456266201867,
        705.2506278732444,
        205.8214582105302,
        130.6310639144622,
        84.07825298491292
    ],
    "Entropies": [
        6834.413225585567,
        6845.607178771453,
        6865.411001852655,
        6920.916473313798,
        7894.971022056589,
        7929.00644356319,
        7965.377207465175,
        7965.377207465175,
        6845.607178771453
    ],
    "Specifice Volumes": [
        0.9354134467594015,
        0.6780422909737055,
        0.42158869626980144,
        0.09644008044532394,
        0.21379560397272876,
        0.499855780648648,
        1.3145918245675063,
        1.8505023720545346,
        0.9458112098493409
    ],
    "Performance": {
        "Thrust": 99999.99999999999,
        "OPR": 25.724999999999998,
        "T4": 1305.8593749999998,
        "Thermal Efficiency": 0.45658715528321286,
        "SFC": 0.05093400829259685,
        "TSFC": 7.194767761366041,
        "Air Mass Flow Rate": 191.6917765474826,
        "Fuel Mass Flow Rate": 0.7194767761366041,
        "Core EGT": 707.9832700313448,
        "Bypass EGT": 59.94203332083493,
        "FAR": 0.022895130993510118,
        "Specific Thrust": 0.5216707873497626
    },
    "Pressure Ratios": {
        "Fan": 1.6,
        "LPC": 2.0,
        "HPC": 8.203125,
        "HPT": 2.8955501069343548,
        "LPT": 3.422623314278844
    },
    "Mechanical Parameters": {
        "LP Shaft Speed": 5490.0,
        "Fan Power": 8.661864181706088,
        "Fan Efficiency": 0.92,
        "LPC Power": 2.5410863056400994,
        "LPC Efficiency": 0.9,
        "LPT Power": 11.431582129945088,
        "LPT Efficiency": 0.9099999999999999,
        "HP Shaft Speed": 15183.0,
        "HPC Power": 11.983323305140562,
        "HPC Efficiency": 0.89,
        "HPT Power": 12.38158652518467,
        "HPT Efficiency": 0.8999999999999996,
        "Burner Power": 5.613856907880784,
        "Burner Efficiency": 0.181457993004618
    }
}