{
    "Stages": [
        "0. Fan Inlet",
        "1. LPC Inlet",
        "2. HPC Inlet",
        "3. Burner Inlet",
        "4. HPT Inlet",
        "5. LPT Inlet",
        "6. Core Nozz Inlet",
        "7. Core Nozz Outlet",
        "8. Byp Nozz Outlet"
    ],
    "Total Temperatures": [
        15.000057655676706,
        59.942033320834994,
        139.95697080771498,
        466.58158415640156,
        1394.921875,
        1128.494308840354,
        843.6280122846973,
        843.6280122846973,
        59.94203332083493
    ],
    "Static Temperatures": [
        1.2698087753191583,
        44.11029440122737,
        120.50659961430016,
        434.5464229759152,
        1338.5151422793324,
        1078.8646022785983,
        801.8809730221756,
        691.3400805419315,
        4.4391862677623966
    ],
    "Total Pressures": [
        99.29823547694355,
        158.87717676310967,
        317.75435352621935,
        2203.179599644685,
        2026.9252316731124,
        840.7582536601928,
        281.1698700634978,
        281.16987006349785,
        158.87717676310967
    ],
    "Static Pressures": [
        84.124656235234,
        133.97926458691475,
        267.52254953831897,
        1865.9861450832066,
        1731.2497781708423,
        716.6970188141794,
        239.51869744467356,
        152.49989164948272,
        84.07825298491285
    ],
    "Entropies": [
        6834.413225585567,
        6845.607178771453,
        6865.411001852655,
        6917.529801816123,
        8029.465137431711,
        8057.068158185572,
        8088.827432685268,
        8088.827432685268,
        6845.607178771453
    ],
    "Specifice Volumes": [
        0.9354134467594015,
        0.6780422909737055,
        0.42158869626980144,
        0.10881153267247021,
        0.26718747750804617,
        0.541348347778772,
        1.2878864423751002,
        1.814899613523836,
        0.9458112098493415
    ],
    "Performance": {
        "Thrust": 99999.99999999999,
        "OPR": 21.74375,
        "T4": 1394.921875,
        "Thermal Efficiency": 0.4103281348433338,
        "SFC": 0.05667613789721635,
        "TSFC": 8.201723990505348,
        "Air Mass Flow Rate": 186.948699232433,
        "Fuel Mass Flow Rate": 0.8201723990505346,
        "Core EGT": 843.6280122846973,
        "Bypass EGT": 59.94203332083493,
        "FAR": 0.026761628482838362,
        "Specific Thrust": 0.534906102104889
    },
    "Pressure Ratios": {
        "Fan": 1.6,
        "LPC": 2.0,
        "HPC": 6.93359375,
        "HPT": 2.410830013085223,
        "LPT": 2.9902146110830463
    },
    "Mechanical Parameters": {
        "LP Shaft Speed": 5490.0,
        "Fan Power": 8.4475415214113,
        "Fan Efficiency": 0.92,
        "LPC Power": 2.478211575023373,
        "LPC Efficiency": 0.9,
        "LPT Power": 11.148727649423137,
        "LPT Efficiency": 0.9099999999999999,
        "HP Shaft Speed": 15183.0,
        "HPC Power": 10.481522963540618,
        "HPC Efficiency": 0.89,
        "HPT Power": 10.849137197021467,
        "HPT Efficiency": 0.9000000000000004,
        "Burner Power": 6.1035704343757935,
        "Burner Efficiency": 0.17306544165370025
    }
}