{
    "Stages": [
        "0. Fan Inlet",
        "1. LPC Inlet",
        "2. HPC Inlet",
        "3. Burner Inlet",
        "4. HPT Inlet",
        "5. LPT Inlet",
        "6. Core Nozz Inlet",
        "7. Core Nozz Outlet",
        "8. Byp Nozz Outlet"
    ],
    "Total Temperatures": [
        15.000057655676706,
        59.94203332083493,
        139.95697080771524,
        481.8478673602371,
        1308.203125,
        1022.9525257285238,
        730.7330205897958,
        730.7330205897958,
        59.94203332083493
    ],
    "Static Temperatures": [
        1.2698087753191583,
        44.11029440122737,
        120.50659961430041,
        449.2856322639022,
        1253.5516171220218,
        975.876526092785,
        691.9956228364944,
        589.8062785887972,
        4.4391862677624285
    ],
    "Total Pressures": [
        99.29823547694353,
        158.87717676310967,
        317.75435352621935,
        2370.7453720120275,
        2181.0857422510653,
        809.2290666581258,
        242.66386657593753,
        242.66386657593753,
        158.87717676310967
    ],
    "Static Pressures": [
        84.12465623523386,
        133.97926458691458,
        267.5225495383185,
        2004.9887060675894,
        1862.277359035559,
        690.1204944180768,
        206.5120185830815,
        131.13751474949325,
        84.07825298491296
    ],
    "Entropies": [
        6834.413225585567,
        6845.607178771453,
        6865.411001852656,
        6918.892379700123,
        7926.541513564019,
        7957.9769509191265,
        7993.550780682693,
        7993.550780682693,
        6845.607178771453
    ],
    "Specifice Volumes": [
        0.9354134467594029,
        0.6780422909737053,
        0.4215886962698025,
        0.10340507120949578,
        0.2352676899039877,
        0.5193644602391457,
        1.3411334018675354,
        1.888234289848972,
        0.9458112098493403
    ],
    "Performance": {
        "Thrust": 99999.99999999999,
        "OPR": 23.3975,
        "T4": 1308.203125,
        "Thermal Efficiency": 0.4481545394930642,
        "SFC": 0.05189239850118329,
        "TSFC": 7.366022265496243,
        "Air Mass Flow Rate": 191.0161183911979,
        "Fuel Mass Flow Rate": 0.7366022265496242,
        "Core EGT": 730.7330205897958,
        "Bypass EGT": 59.94203332083493,
        "FAR": 0.023523007481235463,
        "Specific Thrust": 0.5235160301771059
    },
    "Pressure Ratios": {
        "Fan": 1.6,
        "LPC": 2.0,
        "HPC": 7.4609375,
        "HPT": 2.6952637049690034,
        "LPT": 3.3347736441850997
    },
    "Mechanical Parameters": {
        "LP Shaft Speed": 5490.0,
        "Fan Power": 8.6313336118068,
        "Fan Efficiency": 0.92,
        "LPC Power": 2.532129710218271,
        "LPC Efficiency": 0.9,
        "LPT Power": 11.391289104107218,
        "LPT Efficiency": 0.9099999999999998,
        "HP Shaft Speed": 15183.0,
        "HPC Power": 11.228168472197392,
        "HPC Efficiency": 0.89,
        "HPT Power": 11.611020369120217,
        "HPT Efficiency": 0.8999999999999999,
        "Burner Power": 5.6234538868897985,
        "Burner Efficiency": 0.1775422238161261
    }
}