{
    "Stages": [
        "0. Fan Inlet",
        "1. LPC Inlet",
        "2. HPC Inlet",
        "3. Burner Inlet",
        "4. HPT Inlet",
        "5. LPT Inlet",
        "6. Core Nozz Inlet",
        "7. Core Nozz Outlet",
        "8. Byp Nozz Outlet"
    ],
    "Total Temperatures": [
        15.000057655676706,
        59.942033320834994,
        139.95697080771498,
        472.0817208369112,
        1314.0624999999998,
        1037.8564870846178,
        746.7139797532476,
        746.7139797532476,
        59.94203332083493
    ],
    "Static Temperatures": [
        1.2698087753191583,
        44.11029440122737,
        120.50659961430016,
        439.8614151021282,
        1259.324731329971,
        990.4290784428293,
        707.5297106447513,
        604.1341029601449,
        4.4391862677623966
    ],
    "Total Pressures": [
        99.29823547694355,
        158.87717676310967,
        317.75435352621935,
        2259.0348571004656,
        2078.3120685324284,
        800.3572776524023,
        243.98106111367073,
        243.98106111367073,
        158.87717676310967
    ],
    "Static Pressures": [
        84.124656235234,
        133.97926458691475,
        267.52254953831897,
        1914.4691332488937,
        1774.020510159954,
        682.7467305458362,
        207.62253719857233,
        131.89556577007033,
        84.07825298491309
    ],
    "Entropies": [
        6834.413225585567,
        6845.607178771453,
        6865.411001852655,
        6918.067852567275,
        7946.951235201487,
        7977.127268960955,
        8012.023145951799,
        8012.023145951799,
        6845.607178771453
    ],
    "Specifice Volumes": [
        0.9354134467594015,
        0.6780422909737034,
        0.42158869626980144,
        0.106874042238903,
        0.247911070423982,
        0.5311464034213709,
        1.3553014414010238,
        1.9083611343117228,
        0.9458112098493389
    ],
    "Performance": {
        "Thrust": 99999.99999999999,
        "OPR": 22.294999999999998,
        "T4": 1314.0624999999998,
        "Thermal Efficiency": 0.44237899276293446,
        "SFC": 0.05256988766180152,
        "TSFC": 7.487008206517754,
        "Air Mass Flow Rate": 190.5301962756428,
        "Fuel Mass Flow Rate": 0.7487008206517753,
        "Core EGT": 746.7139797532476,
        "Bypass EGT": 59.94203332083493,
        "FAR": 0.02397034745804059,
        "Specific Thrust": 0.5248511887077917
    },
    "Pressure Ratios": {
        "Fan": 1.6,
        "LPC": 2.0,
        "HPC": 7.109375,
        "HPT": 2.5967303934918995,
        "LPT": 3.2804073971934895
    },
    "Mechanical Parameters": {
        "LP Shaft Speed": 5490.0,
        "Fan Power": 8.60937653339879,
        "Fan Efficiency": 0.92,
        "LPC Power": 2.5256882756628323,
        "LPC Efficiency": 0.9,
        "LPT Power": 11.362311029654714,
        "LPT Efficiency": 0.91,
        "HP Shaft Speed": 15183.0,
        "HPC Power": 10.868461407246023,
        "HPC Efficiency": 0.89,
        "HPT Power": 11.24397234365964,
        "HPT Efficiency": 0.9000000000000002,
        "Burner Power": 5.653104961082914,
        "Burner Efficiency": 0.17559424753940883
    }
}