{
    "Stages": [
        "0. Fan Inlet",
        "1. LPC Inlet",
        "2. HPC Inlet",
        "3. Burner Inlet",
        "4. HPT Inlet",
        "5. LPT Inlet",
        "6. Core Nozz Inlet",
        "7. Core Nozz Outlet",
        "8. Byp Nozz Outlet"
    ],
    "Total Temperatures": [
        15.000057655676706,
        59.942033320834994,
        139.95697080771498,
        528.5169302761875,
        1359.7656249999998,
        1036.243036918904,
        745.0029164864802,
        745.0029164864802,
        59.94203332083493
    ],
    "Static Temperatures": [
        1.2698087753191583,
        44.11029440122737,
        120.50659961430016,
        494.3946610926491,
        1303.897044438245,
        988.8531691442412,
        705.8686110405155,
        602.6068824824741,
        4.4391862677623966
    ],
    "Total Pressures": [
        99.29823547694355,
        158.87717676310967,
        317.75435352621935,
        2935.5040862871438,
        2700.6637593841724,
        895.2804385099133,
        272.3581351513644,
        272.3581351513645,
        158.87717676310967
    ],
    "Static Pressures": [
        84.124656235234,
        133.97926458691475,
        267.52254953831897,
        2487.40972552752,
        2305.6152597112427,
        763.3355917415971,
        231.65291959568768,
        147.09769563602268,
        84.07825298491291
    ],
    "Entropies": [
        6834.413225585567,
        6845.607178771453,
        6865.411001852655,
        6923.05782925722,
        7908.292534274108,
        7943.826417932403,
        7978.793854577884,
        7978.793854577884,
        6845.607178771453
    ],
    "Specifice Volumes": [
        0.9354134467594015,
        0.6780422909737055,
        0.42158869626980144,
        0.08853210166655516,
        0.1963193403801675,
        0.47446652368415543,
        1.21263527204691,
        1.7081327257912733,
        0.9458112098493411
    ],
    "Performance": {
        "Thrust": 99999.99999999999,
        "OPR": 28.971249999999998,
        "T4": 1359.7656249999998,
        "Thermal Efficiency": 0.4424524455521892,
        "SFC": 0.05256116038519047,
        "TSFC": 7.45496656180871,
        "Air Mass Flow Rate": 189.86359886210602,
        "Fuel Mass Flow Rate": 0.7454966561808709,
        "Core EGT": 745.0029164864802,
        "Bypass EGT": 59.94203332083493,
        "FAR": 0.023951561173166682,
        "Specific Thrust": 0.5266939034091939
    },
    "Pressure Ratios": {
        "Fan": 1.6,
        "LPC": 2.0,
        "HPC": 9.23828125,
        "HPT": 3.016556202075745,
        "LPT": 3.287144105360967
    },
    "Mechanical Parameters": {
        "LP Shaft Speed": 5490.0,
        "Fan Power": 8.579255385982213,
        "Fan Efficiency": 0.92,
        "LPC Power": 2.516851790397676,
        "LPC Efficiency": 0.9,
        "LPT Power": 11.322558343244784,
        "LPT Efficiency": 0.9100000000000001,
        "HP Shaft Speed": 15183.0,
        "HPC Power": 12.749952310959895,
        "HPC Efficiency": 0.89,
        "HPT Power": 13.163861020918684,
        "HPT Efficiency": 0.8999999999999999,
        "Burner Power": 5.935060858201897,
        "Burner Efficiency": 0.18514458780816728
    }
}