{
    "Stages": [
        "0. Fan Inlet",
        "1. LPC Inlet",
        "2. HPC Inlet",
        "3. Burner Inlet",
        "4. HPT Inlet",
        "5. LPT Inlet",
        "6. Core Nozz Inlet",
        "7. Core Nozz Outlet",
        "8. Byp Nozz Outlet"
    ],
    "Total Temperatures": [
        15.000057655676706,
        59.942033320834994,
        139.95697080771498,
        510.7123511431901,
        1390.2343749999998,
        1084.8152897511022,
        796.9952382940086,
        796.9952382940086,
        59.94203332083493
    ],
    "Static Temperatures": [
        1.2698087753191583,
        44.11029440122737,
        120.50659961430016,
        477.1866204046597,
        1333.7800826500315,
        1036.2457772696225,
        756.4878885301434,
        649.3521134805895,
        4.4391862677623966
    ],
    "Total Pressures": [
        99.29823547694355,
        158.87717676310967,
        317.75435352621935,
        2705.8769167467117,
        2489.406763406975,
        895.2015697671806,
        286.2818498169225,
        286.2818498169223,
        158.87717676310967
    ],
    "Static Pressures": [
        84.124656235234,
        133.97926458691475,
        267.52254953831897,
        2289.1541834244817,
        2127.0436071513795,
        763.6167703463286,
        243.88346122481929,
        155.1353852870372,
        84.07825298491288
    ],
    "Entropies": [
        6834.413225585567,
        6845.607178771453,
        6865.411001852655,
        6921.693977184248,
        7961.945338054635,
        7994.527233836066,
        8027.808627725048,
        8027.808627725048,
        6845.607178771453
    ],
    "Specifice Volumes": [
        0.9354134467594015,
        0.6780422909737055,
        0.42158869626980144,
        0.09407666104666045,
        0.21682260681219062,
        0.4920947095295623,
        1.2116456558551774,
        1.7065943534133101,
        0.9458112098493415
    ],
    "Performance": {
        "Thrust": 99999.99999999999,
        "OPR": 26.705,
        "T4": 1390.2343749999998,
        "Thermal Efficiency": 0.42467594239534506,
        "SFC": 0.0547613171170378,
        "TSFC": 7.841483812361335,
        "Air Mass Flow Rate": 188.0952974097135,
        "Fuel Mass Flow Rate": 0.7841483812361334,
        "Core EGT": 796.9952382940086,
        "Bypass EGT": 59.94203332083493,
        "FAR": 0.025430221762117247,
        "Specific Thrust": 0.5316454019697137
    },
    "Pressure Ratios": {
        "Fan": 1.6,
        "LPC": 2.0,
        "HPC": 8.515625,
        "HPT": 2.7808337780891144,
        "LPT": 3.1269938011776253
    },
    "Mechanical Parameters": {
        "LP Shaft Speed": 5490.0,
        "Fan Power": 8.499352182575135,
        "Fan Efficiency": 0.92,
        "LPC Power": 2.4934110007829737,
        "LPC Efficiency": 0.9,
        "LPT Power": 11.21710528914093,
        "LPT Efficiency": 0.9100000000000003,
        "HP Shaft Speed": 15183.0,
        "HPC Power": 12.028156215440989,
        "HPC Efficiency": 0.89,
        "HPT Power": 12.427334392838171,
        "HPT Efficiency": 0.9000000000000001,
        "Burner Power": 6.114950720987295,
        "Burner Efficiency": 0.18135363115569128
    }
}