{
    "Stages": [
        "0. Fan Inlet",
        "1. LPC Inlet",
        "2. HPC Inlet",
        "3. Burner Inlet",
        "4. HPT Inlet",
        "5. LPT Inlet",
        "6. Core Nozz Inlet",
        "7. Core Nozz Outlet",
        "8. Byp Nozz Outlet"
    ],
    "Total Temperatures": [
        15.000057655676706,
        59.942033320834994,
        139.95697080771498,
        492.82364896859434,
        1385.5468749999998,
        1095.6082593158712,
        808.5046059922588,
        808.5046059922588,
        59.94203332083493
    ],
    "Static Temperatures": [
        1.2698087753191583,
        44.11029440122737,
        120.50659961430016,
        459.8944026705285,
        1329.237761377685,
        1046.7572826890514,
        767.6795484339618,
        659.6980103056235,
        4.4391862677623966
    ],
    "Total Pressures": [
        99.29823547694355,
        158.87717676310967,
        317.75435352621935,
        2494.8681663582065,
        2295.2787130495503,
        873.4226710717347,
        282.5092199556784,
        282.5092199556785,
        158.87717676310967
    ],
    "Static Pressures": [
        84.124656235234,
        133.97926458691475,
        267.52254953831897,
        2112.5202335483505,
        1960.2910171852486,
        744.6195601735586,
        240.59311442442885,
        153.06343833868533,
        84.07825298491292
    ],
    "Entropies": [
        6834.413225585567,
        6845.607178771453,
        6865.411001852655,
        6919.957692132315,
        7982.171427743883,
        8012.845247581403,
        8045.692573446753,
        8045.692573446753,
        6845.607178771453
    ],
    "Specifice Volumes": [
        0.9354134467594015,
        0.6780422909737034,
        0.42158869626980144,
        0.09955296869089428,
        0.23459240739897355,
        0.5086719351121572,
        1.2413296248294519,
        1.7487750726916893,
        0.9458112098493406
    ],
    "Performance": {
        "Thrust": 99999.99999999999,
        "OPR": 24.622499999999995,
        "T4": 1385.5468749999998,
        "Thermal Efficiency": 0.42108745942058784,
        "SFC": 0.055227989894280245,
        "TSFC": 7.931439117947921,
        "Air Mass Flow Rate": 187.86718677728888,
        "Fuel Mass Flow Rate": 0.793143911794792,
        "Core EGT": 808.5046059922588,
        "Bypass EGT": 59.94203332083493,
        "FAR": 0.025753182048144203,
        "Specific Thrust": 0.5322909323092547
    },
    "Pressure Ratios": {
        "Fan": 1.6,
        "LPC": 2.0,
        "HPC": 7.8515625,
        "HPT": 2.627912909832217,
        "LPT": 3.091660764943394
    },
    "Mechanical Parameters": {
        "LP Shaft Speed": 5490.0,
        "Fan Power": 8.489044680855176,
        "Fan Efficiency": 0.92,
        "LPC Power": 2.4903871423021093,
        "LPC Efficiency": 0.9,
        "LPT Power": 11.203501860364577,
        "LPT Efficiency": 0.9099999999999999,
        "HP Shaft Speed": 15183.0,
        "HPC Power": 11.412104259388379,
        "HPC Efficiency": 0.89,
        "HPT Power": 11.798709947886525,
        "HPT Efficiency": 0.8999999999999999,
        "Burner Power": 6.075182756891326,
        "Burner Efficiency": 0.17813075007787377
    }
}