{
    "Stages": [
        "0. Fan Inlet",
        "1. LPC Inlet",
        "2. HPC Inlet",
        "3. Burner Inlet",
        "4. HPT Inlet",
        "5. LPT Inlet",
        "6. Core Nozz Inlet",
        "7. Core Nozz Outlet",
        "8. Byp Nozz Outlet"
    ],
    "Total Temperatures": [
        15.000057655676706,
        59.942033320834994,
        139.95697080771498,
        510.2389991823411,
        1345.7031249999998,
        1037.600528789678,
        746.454372196211,
        746.454372196211,
        59.94203332083493
    ],
    "Static Temperatures": [
        1.2698087753191583,
        44.11029440122737,
        120.50659961430016,
        476.72902512694634,
        1290.1657612999884,
        990.1805091169425,
        707.2788720350375,
        603.9062461976275,
        4.4391862677623966
    ],
    "Total Pressures": [
        99.29823547694355,
        158.87717676310967,
        317.75435352621935,
        2699.6707770294024,
        2483.6971148670527,
        864.5390238984135,
        263.37579614935646,
        263.37579614935646,
        158.87717676310967
    ],
    "Static Pressures": [
        84.124656235234,
        133.97926458691475,
        267.52254953831897,
        2283.7767103052574,
        2120.9380032124695,
        736.8846634572255,
        223.90250950329335,
        142.12890838161422,
        84.07825298491292
    ],
    "Entropies": [
        6834.413225585567,
        6845.607178771453,
        6865.411001852655,
        6921.648033375641,
        7921.563074978243,
        7955.331119059831,
        7990.2372797911685,
        7990.2372797911685,
        6845.607178771453
    ],
    "Specifice Volumes": [
        0.9354134467594015,
        0.6780422909737055,
        0.42158869626980144,
        0.09423831593275919,
        0.21153162590888266,
        0.4920248526577381,
        1.256432608726191,
        1.7704935043378647,
        0.9458112098493409
    ],
    "Performance": {
        "Thrust": 99999.99999999999,
        "OPR": 26.643749999999997,
        "T4": 1345.7031249999998,
        "Thermal Efficiency": 0.4421048729491499,
        "SFC": 0.05260248275110783,
        "TSFC": 7.471664192819362,
        "Air Mass Flow Rate": 190.03887134925827,
        "Fuel Mass Flow Rate": 0.7471664192819361,
        "Core EGT": 746.454372196211,
        "Bypass EGT": 59.94203332083493,
        "FAR": 0.023983067912687846,
        "Specific Thrust": 0.5262081346306117
    },
    "Pressure Ratios": {
        "Fan": 1.6,
        "LPC": 2.0,
        "HPC": 8.49609375,
        "HPT": 2.872857148388129,
        "LPT": 3.282530272478592
    },
    "Mechanical Parameters": {
        "LP Shaft Speed": 5490.0,
        "Fan Power": 8.587175321338057,
        "Fan Efficiency": 0.92,
        "LPC Power": 2.519175220880088,
        "LPC Efficiency": 0.9,
        "LPT Power": 11.333010757365452,
        "LPT Efficiency": 0.9100000000000001,
        "HP Shaft Speed": 15183.0,
        "HPC Power": 12.136342885252311,
        "HPC Efficiency": 0.89,
        "HPT Power": 12.537728953870133,
        "HPT Efficiency": 0.8999999999999997,
        "Burner Power": 5.8486049006122265,
        "Burner Efficiency": 0.1820398561097199
    }
}