{
    "Stages": [
        "0. Fan Inlet",
        "1. LPC Inlet",
        "2. HPC Inlet",
        "3. Burner Inlet",
        "4. HPT Inlet",
        "5. LPT Inlet",
        "6. Core Nozz Inlet",
        "7. Core Nozz Outlet",
        "8. Byp Nozz Outlet"
    ],
    "Total Temperatures": [
        15.000057655676706,
        59.942033320834994,
        139.95697080771498,
        479.7327711955421,
        1433.59375,
        1158.1654932590639,
        875.3014697918983,
        875.3014697918983,
        59.94203332083493
    ],
    "Static Temperatures": [
        1.2698087753191583,
        44.11029440122737,
        120.50659961430016,
        447.2413511927417,
        1376.3514178226199,
        1107.8530989324847,
        832.7391804101144,
        719.9291258651407,
        4.4391862677623966
    ],
    "Total Pressures": [
        99.29823547694355,
        158.87717676310967,
        317.75435352621935,
        2345.9208131427913,
        2158.247148091366,
        881.0351732699964,
        303.0564940917151,
        303.0564940917151,
        158.87717676310967
    ],
    "Static Pressures": [
        84.124656235234,
        133.97926458691475,
        267.52254953831897,
        1983.4868090738732,
        1844.7508570055759,
        751.7538316220132,
        258.02510681010637,
        164.3408539489472,
        84.07825298491304
    ],
    "Entropies": [
        6834.413225585567,
        6845.607178771453,
        6865.411001852655,
        6918.7928890047415,
        8045.483726474638,
        8073.614060722847,
        8104.4685653251245,
        8104.4685653251245,
        6845.607178771453
    ],
    "Specifice Volumes": [
        0.9354134467594015,
        0.6780422909737055,
        0.42158869626980144,
        0.10424124334699791,
        0.25662556895679633,
        0.5271835030480453,
        1.2298821307733254,
        1.7343436618235613,
        0.9458112098493398
    ],
    "Performance": {
        "Thrust": 99999.99999999999,
        "OPR": 23.1525,
        "T4": 1433.59375,
        "Thermal Efficiency": 0.4008687319863203,
        "SFC": 0.05801353934055896,
        "TSFC": 8.43172917348781,
        "Air Mass Flow Rate": 185.67310343203874,
        "Fuel Mass Flow Rate": 0.8431729173487809,
        "Core EGT": 875.3014697918983,
        "Bypass EGT": 59.94203332083493,
        "FAR": 0.02770113010854136,
        "Specific Thrust": 0.5385809691956952
    },
    "Pressure Ratios": {
        "Fan": 1.6,
        "LPC": 2.0,
        "HPC": 7.3828125,
        "HPT": 2.4496719467861277,
        "LPT": 2.907164804075657
    },
    "Mechanical Parameters": {
        "LP Shaft Speed": 5490.0,
        "Fan Power": 8.389901920105643,
        "Fan Efficiency": 0.92,
        "LPC Power": 2.461302143235041,
        "LPC Efficiency": 0.9,
        "LPT Power": 11.072657207490494,
        "LPT Efficiency": 0.9099999999999999,
        "HP Shaft Speed": 15183.0,
        "HPC Power": 10.843814916836624,
        "HPC Efficiency": 0.89,
        "HPT Power": 11.218822863650049,
        "HPT Efficiency": 0.8999999999999999,
        "Burner Power": 6.343817580036227,
        "Burner Efficiency": 0.17497080179007324
    }
}