{
    "Stages": [
        "0. Fan Inlet",
        "1. LPC Inlet",
        "2. HPC Inlet",
        "3. Burner Inlet",
        "4. HPT Inlet",
        "5. LPT Inlet",
        "6. Core Nozz Inlet",
        "7. Core Nozz Outlet",
        "8. Byp Nozz Outlet"
    ],
    "Total Temperatures": [
        15.000057655676706,
        59.942033320834994,
        139.95697080771498,
        473.91509928107104,
        1319.921875,
        1042.4615948964913,
        751.6640311042283,
        751.6640311042283,
        59.94203332083493
    ],
    "Static Temperatures": [
        1.2698087753191583,
        44.11029440122737,
        120.50659961430016,
        441.6331239009111,
        1265.063137845934,
        994.9331407050284,
        712.3420181977297,
        608.5744197865723,
        4.4391862677623966
    ],
    "Total Pressures": [
        99.29823547694355,
        158.87717676310967,
        317.75435352621935,
        2277.6532762523925,
        2095.4410141522035,
        805.0812968432372,
        246.63947858361874,
        246.63947858361868,
        158.87717676310967
    ],
    "Static Pressures": [
        84.124656235234,
        133.97926458691475,
        267.52254953831897,
        1930.6305699673499,
        1789.1465916171612,
        686.9886334366333,
        209.9079913632281,
        133.37694574035297,
        84.07825298491305
    ],
    "Entropies": [
        6834.413225585567,
        6845.607178771453,
        6865.411001852655,
        6918.247202817331,
        7949.938615301716,
        7980.165401215843,
        8014.947475988447,
        8014.947475988447,
        6845.607178771453
    ],
    "Specifice Volumes": [
        0.9354134467594015,
        0.6780422909737055,
        0.42158869626980144,
        0.10625260782579228,
        0.24674779256585908,
        0.5297855740887506,
        1.3472221612045348,
        1.896865870403181,
        0.9458112098493391
    ],
    "Performance": {
        "Thrust": 99999.99999999999,
        "OPR": 22.478749999999998,
        "T4": 1319.921875,
        "Thermal Efficiency": 0.4405797892804405,
        "SFC": 0.052784568242383534,
        "TSFC": 7.522646346820276,
        "Air Mass Flow Rate": 190.31374339157853,
        "Fuel Mass Flow Rate": 0.7522646346820276,
        "Core EGT": 751.6640311042283,
        "Bypass EGT": 59.94203332083493,
        "FAR": 0.02411183863962304,
        "Specific Thrust": 0.5254481269607828
    },
    "Pressure Ratios": {
        "Fan": 1.6,
        "LPC": 2.0,
        "HPC": 7.16796875,
        "HPT": 2.6027694623742086,
        "LPT": 3.2642028821443874
    },
    "Mechanical Parameters": {
        "LP Shaft Speed": 5490.0,
        "Fan Power": 8.599595803535095,
        "Fan Efficiency": 0.92,
        "LPC Power": 2.522818953517573,
        "LPC Efficiency": 0.9,
        "LPT Power": 11.349402813319049,
        "LPT Efficiency": 0.9099999999999998,
        "HP Shaft Speed": 15183.0,
        "HPC Power": 10.91808945570895,
        "HPC Efficiency": 0.89,
        "HPT Power": 11.294613209438133,
        "HPT Efficiency": 0.8999999999999999,
        "Burner Power": 5.687069728233137,
        "Burner Efficiency": 0.1758123796371326
    }
}