{
    "Stages": [
        "0. Fan Inlet",
        "1. LPC Inlet",
        "2. HPC Inlet",
        "3. Burner Inlet",
        "4. HPT Inlet",
        "5. LPT Inlet",
        "6. Core Nozz Inlet",
        "7. Core Nozz Outlet",
        "8. Byp Nozz Outlet"
    ],
    "Total Temperatures": [
        15.000057655676706,
        59.942033320834994,
        139.95697080771498,
        518.7223232895643,
        1317.5781249999998,
        999.8422988537787,
        705.950278041049,
        705.950278041049,
        59.94203332083493
    ],
    "Static Temperatures": [
        1.2698087753191583,
        44.11029440122737,
        120.50659961430016,
        484.9250469164311,
        1262.6290521975598,
        953.3492835860827,
        667.8841261665548,
        567.5862506255734,
        4.4391862677623966
    ],
    "Total Pressures": [
        99.29823547694355,
        158.87717676310967,
        317.75435352621935,
        2811.3812919409643,
        2586.470788585689,
        855.7597605396634,
        248.81254468469155,
        248.8125446846916,
        158.87717676310967
    ],
    "Static Pressures": [
        84.124656235234,
        133.97926458691475,
        267.52254953831897,
        2380.0561683121064,
        2209.4215069339607,
        728.9364607629539,
        211.6287096835757,
        134.348239322206,
        84.07825298491288
    ],
    "Entropies": [
        6834.413225585567,
        6845.607178771453,
        6865.411001852655,
        6922.169518451246,
        7882.293236558271,
        7917.934858347913,
        7954.39707267049,
        7954.39707267049,
        6845.607178771453
    ],
    "Specifice Volumes": [
        0.9354134467594015,
        0.6780422909737034,
        0.42158869626980144,
        0.09140398248959347,
        0.1994912762125116,
        0.4828703723755135,
        1.275837562667452,
        1.7953873581522999,
        0.9458112098493415
    ],
    "Performance": {
        "Thrust": 99999.99999999999,
        "OPR": 27.746249999999996,
        "T4": 1317.5781249999998,
        "Thermal Efficiency": 0.45721074681684454,
        "SFC": 0.05086453919860394,
        "TSFC": 7.174565713598269,
        "Air Mass Flow Rate": 191.55871088850424,
        "Fuel Mass Flow Rate": 0.7174565713598268,
        "Core EGT": 705.950278041049,
        "Bypass EGT": 59.94203332083493,
        "FAR": 0.022846703577172497,
        "Specific Thrust": 0.5220331643294701
    },
    "Pressure Ratios": {
        "Fan": 1.6,
        "LPC": 2.0,
        "HPC": 8.84765625,
        "HPT": 3.022426278789501,
        "LPT": 3.4393754608479528
    },
    "Mechanical Parameters": {
        "LP Shaft Speed": 5490.0,
        "Fan Power": 8.655851421607148,
        "Fan Efficiency": 0.92,
        "LPC Power": 2.5393223733010566,
        "LPC Efficiency": 0.9,
        "LPT Power": 11.423646729498167,
        "LPT Efficiency": 0.91,
        "HP Shaft Speed": 15183.0,
        "HPC Power": 12.525508937490132,
        "HPC Efficiency": 0.89,
        "HPT Power": 12.934837170439337,
        "HPT Efficiency": 0.8999999999999996,
        "Burner Power": 5.68091756466686,
        "Burner Efficiency": 0.1841426606750491
    }
}