{
    "Stages": [
        "0. Fan Inlet",
        "1. LPC Inlet",
        "2. HPC Inlet",
        "3. Burner Inlet",
        "4. HPT Inlet",
        "5. LPT Inlet",
        "6. Core Nozz Inlet",
        "7. Core Nozz Outlet",
        "8. Byp Nozz Outlet"
    ],
    "Total Temperatures": [
        15.000057655676706,
        59.942033320834994,
        139.95697080771498,
        509.76564721047475,
        1321.09375,
        1011.6914585532936,
        718.6973626752618,
        718.6973626752618,
        59.94203332083493
    ],
    "Static Temperatures": [
        1.2698087753191583,
        44.11029440122737,
        120.50659961430016,
        476.2714312664642,
        1266.1027741283558,
        964.916496813109,
        680.271963983507,
        579.0068937251838,
        4.4391862677623966
    ],
    "Total Pressures": [
        99.29823547694355,
        158.87717676310967,
        317.75435352621935,
        2693.4646373120936,
        2477.987466327126,
        846.4821952364117,
        249.88436481462867,
        249.88436481462878,
        158.87717676310967
    ],
    "Static Pressures": [
        84.124656235234,
        133.97926458691475,
        267.52254953831897,
        2278.5206719779294,
        2116.134846945937,
        721.207358559154,
        212.41484159308624,
        134.91352829762357,
        84.07825298491298
    ],
    "Entropies": [
        6834.413225585567,
        6845.607178771453,
        6865.411001852655,
        6921.602089567005,
        7899.226336773589,
        7933.671833378648,
        7969.710465025604,
        7969.710465025604,
        6845.607178771453
    ],
    "Specifice Volumes": [
        0.9354134467594015,
        0.6780422909737055,
        0.42158869626980144,
        0.0943957790722258,
        0.20876408349032446,
        0.4926656834236318,
        1.2880559776529226,
        1.8126230425897707,
        0.9458112098493401
    ],
    "Performance": {
        "Thrust": 99999.99999999999,
        "OPR": 26.582499999999996,
        "T4": 1321.09375,
        "Thermal Efficiency": 0.45240644968574983,
        "SFC": 0.05140469144425838,
        "TSFC": 7.269941045251627,
        "Air Mass Flow Rate": 191.16100625026985,
        "Fuel Mass Flow Rate": 0.7269941045251626,
        "Core EGT": 718.6973626752618,
        "Bypass EGT": 59.94203332083493,
        "FAR": 0.023198580738780932,
        "Specific Thrust": 0.5231192383925779
    },
    "Pressure Ratios": {
        "Fan": 1.6,
        "LPC": 2.0,
        "HPC": 8.4765625,
        "HPT": 2.927394669695392,
        "LPT": 3.387495635688756
    },
    "Mechanical Parameters": {
        "LP Shaft Speed": 5490.0,
        "Fan Power": 8.637880574746289,
        "Fan Efficiency": 0.92,
        "LPC Power": 2.5340503588823435,
        "LPC Efficiency": 0.9,
        "LPT Power": 11.399929524110847,
        "LPT Efficiency": 0.9099999999999998,
        "HP Shaft Speed": 15183.0,
        "HPC Power": 12.191810752860645,
        "HPC Efficiency": 0.89,
        "HPT Power": 12.594328818776594,
        "HPT Efficiency": 0.8999999999999998,
        "Burner Power": 5.703013524625813,
        "Burner Efficiency": 0.18243369606078477
    }
}