{
    "Stages": [
        "0. Fan Inlet",
        "1. LPC Inlet",
        "2. HPC Inlet",
        "3. Burner Inlet",
        "4. HPT Inlet",
        "5. LPT Inlet",
        "6. Core Nozz Inlet",
        "7. Core Nozz Outlet",
        "8. Byp Nozz Outlet"
    ],
    "Total Temperatures": [
        15.000057655676706,
        59.942033320834994,
        139.95697080771498,
        521.1395161399606,
        1355.078125,
        1037.8585585532303,
        746.7361362990459,
        746.7361362990459,
        59.94203332083493
    ],
    "Static Temperatures": [
        1.2698087753191583,
        44.11029440122737,
        120.50659961430016,
        487.26197985866867,
        1299.3247626751859,
        990.4335176443293,
        707.5532275262054,
        604.1603962843659,
        4.4391862677623966
    ],
    "Total Pressures": [
        99.29823547694355,
        158.87717676310967,
        317.75435352621935,
        2842.411990527509,
        2615.019031285311,
        885.9599198555162,
        270.0247023667522,
        270.0247023667522,
        158.87717676310967
    ],
    "Static Pressures": [
        84.124656235234,
        133.97926458691475,
        267.52254953831897,
        2406.892944203399,
        2234.7771552675217,
        755.3738229939697,
        229.63706037912493,
        145.80992270146965,
        84.07825298491291
    ],
    "Entropies": [
        6834.413225585567,
        6845.607178771453,
        6865.411001852655,
        6922.348559319015,
        7913.783184334314,
        7948.575325437847,
        7983.469307685492,
        7983.469307685492,
        6845.607178771453
    ],
    "Specifice Volumes": [
        0.9354134467594015,
        0.6780422909737055,
        0.42158869626980144,
        0.09065598178048223,
        0.20194505719341246,
        0.4800797278089085,
        1.2254027905414393,
        1.7263019826248978,
        0.9458112098493411
    ],
    "Performance": {
        "Thrust": 99999.99999999999,
        "OPR": 28.052499999999995,
        "T4": 1355.078125,
        "Thermal Efficiency": 0.4418972435665394,
        "SFC": 0.05262719849934205,
        "TSFC": 7.469285582011408,
        "Air Mass Flow Rate": 189.8692568117504,
        "Fuel Mass Flow Rate": 0.7469285582011408,
        "Core EGT": 746.7361362990459,
        "Bypass EGT": 59.94203332083493,
        "FAR": 0.023996850683122208,
        "Specific Thrust": 0.5266782083586441
    },
    "Pressure Ratios": {
        "Fan": 1.6,
        "LPC": 2.0,
        "HPC": 8.9453125,
        "HPT": 2.951622271707023,
        "LPT": 3.2810328539949283
    },
    "Mechanical Parameters": {
        "LP Shaft Speed": 5490.0,
        "Fan Power": 8.579511048443324,
        "Fan Efficiency": 0.92,
        "LPC Power": 2.516926792771895,
        "LPC Efficiency": 0.9,
        "LPT Power": 11.322895756342058,
        "LPT Efficiency": 0.9100000000000001,
        "HP Shaft Speed": 15183.0,
        "HPC Power": 12.497786192400461,
        "HPC Efficiency": 0.89,
        "HPT Power": 12.906548655041716,
        "HPT Efficiency": 0.9,
        "Burner Power": 5.9055938836063575,
        "Burner Efficiency": 0.1838721938451095
    }
}