{
    "Stages": [
        "0. Fan Inlet",
        "1. LPC Inlet",
        "2. HPC Inlet",
        "3. Burner Inlet",
        "4. HPT Inlet",
        "5. LPT Inlet",
        "6. Core Nozz Inlet",
        "7. Core Nozz Outlet",
        "8. Byp Nozz Outlet"
    ],
    "Total Temperatures": [
        15.000057655676706,
        59.942033320834994,
        139.95697080771498,
        515.4331889295013,
        1376.1718749999998,
        1065.5760819878053,
        776.3962866318273,
        776.3962866318273,
        59.94203332083493
    ],
    "Static Temperatures": [
        1.2698087753191583,
        44.11029440122737,
        120.50659961430016,
        481.7451824878502,
        1319.9703333820876,
        1017.4529563452062,
        736.4211713843542,
        630.8095403356912,
        4.4391862677623966
    ],
    "Total Pressures": [
        99.29823547694355,
        158.87717676310967,
        317.75435352621935,
        2767.938313919801,
        2546.5032488062197,
        892.8772772295669,
        280.14678790432845,
        280.14678790432833,
        158.87717676310967
    ],
    "Static Pressures": [
        84.124656235234,
        133.97926458691475,
        267.52254953831886,
        2342.488199687328,
        2175.417595589859,
        761.2417841999998,
        238.46353567371077,
        151.5755035049249,
        84.07825298491306
    ],
    "Entropies": [
        6834.413225585567,
        6845.607178771453,
        6865.411001852655,
        6922.048734147308,
        7941.890230704566,
        7975.388929590564,
        8009.277810910355,
        8009.277810910355,
        6845.607178771453
    ],
    "Specifice Volumes": [
        0.9354134467594015,
        0.6780422909737055,
        0.42158869626980155,
        0.09249345328178743,
        0.21016562031824773,
        0.4865250445326393,
        1.2147708918590598,
        1.71109612356929,
        0.9458112098493391
    ],
    "Performance": {
        "Thrust": 99999.99999999999,
        "OPR": 27.317499999999995,
        "T4": 1376.1718749999998,
        "Thermal Efficiency": 0.43152638973852786,
        "SFC": 0.05389198553437166,
        "TSFC": 7.688641836401279,
        "Air Mass Flow Rate": 188.80522990759212,
        "Fuel Mass Flow Rate": 0.7688641836401279,
        "Core EGT": 776.3962866318273,
        "Bypass EGT": 59.94203332083493,
        "FAR": 0.024840792400190735,
        "Specific Thrust": 0.5296463453313421
    },
    "Pressure Ratios": {
        "Fan": 1.6,
        "LPC": 2.0,
        "HPC": 8.7109375,
        "HPT": 2.852019324209424,
        "LPT": 3.1871765652172637
    },
    "Mechanical Parameters": {
        "LP Shaft Speed": 5490.0,
        "Fan Power": 8.53143148710013,
        "Fan Efficiency": 0.92,
        "LPC Power": 2.5028219404736562,
        "LPC Efficiency": 0.9,
        "LPT Power": 11.259442273034475,
        "LPT Efficiency": 0.9099999999999999,
        "HP Shaft Speed": 15183.0,
        "HPC Power": 12.233502516680893,
        "HPC Efficiency": 0.89,
        "HPT Power": 12.636871434919703,
        "HPT Efficiency": 0.9000000000000002,
        "Burner Power": 6.031700494072187,
        "Burner Efficiency": 0.1824406800290778
    }
}