{
    "Stages": [
        "0. Fan Inlet",
        "1. LPC Inlet",
        "2. HPC Inlet",
        "3. Burner Inlet",
        "4. HPT Inlet",
        "5. LPT Inlet",
        "6. Core Nozz Inlet",
        "7. Core Nozz Outlet",
        "8. Byp Nozz Outlet"
    ],
    "Total Temperatures": [
        15.000057655676706,
        59.942033320834994,
        139.95697080771498,
        504.3482085948541,
        1376.1718749999998,
        1075.4024563575422,
        786.9400859669057,
        786.9400859669057,
        59.94203332083493
    ],
    "Static Temperatures": [
        1.2698087753191583,
        44.11029440122737,
        120.50659961430016,
        471.0344447905791,
        1320.005063722955,
        1027.0692013327325,
        746.6732762680288,
        640.2738875345128,
        4.4391862677623966
    ],
    "Total Pressures": [
        99.29823547694355,
        158.87717676310967,
        317.75435352621935,
        2625.197100421695,
        2415.1813323879596,
        877.4413701421265,
        278.30960859542864,
        278.3096085954286,
        158.87717676310967
    ],
    "Static Pressures": [
        84.124656235234,
        133.97926458691475,
        267.52254953831897,
        2225.437488235511,
        2062.189960158886,
        748.3650030850156,
        236.85296905753066,
        150.55871219391648,
        84.07825298491302
    ],
    "Entropies": [
        6834.413225585567,
        6845.607178771453,
        6865.411001852655,
        6921.076270176687,
        7958.375458444367,
        7990.611361164577,
        8024.2159222531045,
        8024.2159222531045,
        6845.607178771453
    ],
    "Specifice Volumes": [
        0.9354134467594015,
        0.6780422909737055,
        0.42158869626980144,
        0.09595073614692254,
        0.22170972957358126,
        0.4986446201440129,
        1.2355632904371727,
        1.74075032895131,
        0.9458112098493398
    ],
    "Performance": {
        "Thrust": 99999.99999999999,
        "OPR": 25.908749999999998,
        "T4": 1376.1718749999998,
        "Thermal Efficiency": 0.4280688784142898,
        "SFC": 0.05432727097479191,
        "TSFC": 7.770053518259668,
        "Air Mass Flow Rate": 188.55585416837332,
        "Fuel Mass Flow Rate": 0.7770053518259668,
        "Core EGT": 786.9400859669057,
        "Bypass EGT": 59.94203332083493,
        "FAR": 0.025137021955870933,
        "Specific Thrust": 0.5303468324600716
    },
    "Pressure Ratios": {
        "Fan": 1.6,
        "LPC": 2.0,
        "HPC": 8.26171875,
        "HPT": 2.7525273078892467,
        "LPT": 3.1527527007435805
    },
    "Mechanical Parameters": {
        "LP Shaft Speed": 5490.0,
        "Fan Power": 8.520163091437936,
        "Fan Efficiency": 0.92,
        "LPC Power": 2.4995161895056124,
        "LPC Efficiency": 0.9,
        "LPT Power": 11.244570694840357,
        "LPT Efficiency": 0.9099999999999999,
        "HP Shaft Speed": 15183.0,
        "HPC Power": 11.84284384078373,
        "HPC Efficiency": 0.89,
        "HPT Power": 12.238240132983826,
        "HPT Efficiency": 0.9000000000000002,
        "Burner Power": 6.027800276417697,
        "Burner Efficiency": 0.18041240185505633
    }
}