{
    "Stages": [
        "0. Fan Inlet",
        "1. LPC Inlet",
        "2. HPC Inlet",
        "3. Burner Inlet",
        "4. HPT Inlet",
        "5. LPT Inlet",
        "6. Core Nozz Inlet",
        "7. Core Nozz Outlet",
        "8. Byp Nozz Outlet"
    ],
    "Total Temperatures": [
        15.000057655676706,
        59.942033320834994,
        139.95697080771498,
        494.4700153233035,
        1363.28125,
        1070.404962034626,
        781.5714563928885,
        781.5714563928885,
        59.94203332083493
    ],
    "Static Temperatures": [
        1.2698087753191583,
        44.11029440122737,
        120.50659961430016,
        461.48578499770184,
        1307.4340874138702,
        1022.1777264289449,
        741.4524006666494,
        635.4523466565282,
        4.4391862677623966
    ],
    "Total Pressures": [
        99.29823547694355,
        158.87717676310967,
        317.75435352621935,
        2513.4865855101334,
        2312.4076586693227,
        860.6903681534033,
        271.76593896796396,
        271.7659389679639,
        158.87717676310967
    ],
    "Static Pressures": [
        84.124656235234,
        133.97926458691475,
        267.52254953831897,
        2128.6506959532935,
        1973.909290335863,
        733.6934420192686,
        231.22173826623848,
        146.93620200688883,
        84.07825298491291
    ],
    "Entropies": [
        6834.413225585567,
        6845.607178771453,
        6865.411001852655,
        6920.117488996389,
        7959.475722468049,
        7990.932715628246,
        8024.6149393540145,
        8024.6149393540145,
        6845.607178771453
    ],
    "Specifice Volumes": [
        0.9354134467594015,
        0.6780422909737055,
        0.42158869626980144,
        0.09901217809663702,
        0.22981383009362313,
        0.5066640901709679,
        1.2590844520692674,
        1.7741703758554077,
        0.9458112098493411
    ],
    "Performance": {
        "Thrust": 99999.99999999999,
        "OPR": 24.806249999999995,
        "T4": 1363.28125,
        "Thermal Efficiency": 0.42995948343214363,
        "SFC": 0.05408838471906532,
        "TSFC": 7.733106568178189,
        "Air Mass Flow Rate": 188.85413320125517,
        "Fuel Mass Flow Rate": 0.7733106568178187,
        "Core EGT": 781.5714563928885,
        "Bypass EGT": 59.94203332083493,
        "FAR": 0.024977981295022794,
        "Specific Thrust": 0.5295091947679722
    },
    "Pressure Ratios": {
        "Fan": 1.6,
        "LPC": 2.0,
        "HPC": 7.91015625,
        "HPT": 2.68668936499261,
        "LPT": 3.1670281103728097
    },
    "Mechanical Parameters": {
        "LP Shaft Speed": 5490.0,
        "Fan Power": 8.533641251626165,
        "Fan Efficiency": 0.92,
        "LPC Power": 2.5034702076662616,
        "LPC Efficiency": 0.9,
        "LPT Power": 11.262358631931049,
        "LPT Efficiency": 0.91,
        "HP Shaft Speed": 15183.0,
        "HPC Power": 11.527702806301,
        "HPC Efficiency": 0.89,
        "HPT Power": 11.91666764881777,
        "HPT Efficiency": 0.8999999999999999,
        "Burner Power": 5.945839259515029,
        "Burner Efficiency": 0.17880955137180315
    }
}