{
    "Stages": [
        "0. Fan Inlet",
        "1. LPC Inlet",
        "2. HPC Inlet",
        "3. Burner Inlet",
        "4. HPT Inlet",
        "5. LPT Inlet",
        "6. Core Nozz Inlet",
        "7. Core Nozz Outlet",
        "8. Byp Nozz Outlet"
    ],
    "Total Temperatures": [
        15.000057655676706,
        59.942033320834994,
        139.95697080771498,
        518.7223232895643,
        1369.1406249999998,
        1055.0880461377528,
        765.1829469615102,
        765.1829469615102,
        59.94203332083493
    ],
    "Static Temperatures": [
        1.2698087753191583,
        44.11029440122737,
        120.50659961430016,
        484.9250469164311,
        1313.0781429921426,
        1007.229067744939,
        725.5188148094343,
        620.7469838721538,
        4.4391862677623966
    ],
    "Total Pressures": [
        99.29823547694355,
        158.87717676310967,
        317.75435352621935,
        2811.3812919409643,
        2586.470788585689,
        892.5451033945811,
        277.0175248752861,
        277.01752487528626,
        158.87717676310967
    ],
    "Static Pressures": [
        84.124656235234,
        133.97926458691475,
        267.52254953831897,
        2380.056168312106,
        2209.8425804312433,
        761.005036003444,
        235.79284623874304,
        149.8455349345871,
        84.07825298491285
    ],
    "Entropies": [
        6834.413225585567,
        6845.607178771453,
        6865.411001852655,
        6922.169518451246,
        7930.401898210133,
        7964.511766741159,
        7998.84889925773,
        7998.84889925773,
        6845.607178771453
    ],
    "Specifice Volumes": [
        0.9354134467594015,
        0.6780422909737034,
        0.42158869626980144,
        0.09140398248959351,
        0.20600149942231658,
        0.48281792278717883,
        1.2154202450222675,
        1.7119271245387804,
        0.9458112098493415
    ],
    "Performance": {
        "Thrust": 99999.99999999999,
        "OPR": 27.746249999999996,
        "T4": 1369.1406249999998,
        "Thermal Efficiency": 0.43536733943813943,
        "SFC": 0.05341653322801158,
        "TSFC": 7.604940766335485,
        "Air Mass Flow Rate": 189.18087732629849,
        "Fuel Mass Flow Rate": 0.7604940766335484,
        "Core EGT": 765.1829469615102,
        "Bypass EGT": 59.94203332083493,
        "FAR": 0.02452157920519256,
        "Specific Thrust": 0.5285946519188636
    },
    "Pressure Ratios": {
        "Fan": 1.6,
        "LPC": 2.0,
        "HPC": 8.84765625,
        "HPT": 2.897860039507996,
        "LPT": 3.2219806447133874
    },
    "Mechanical Parameters": {
        "LP Shaft Speed": 5490.0,
        "Fan Power": 8.548405647283976,
        "Fan Efficiency": 0.92,
        "LPC Power": 2.5078015620756675,
        "LPC Efficiency": 0.9,
        "LPT Power": 11.28184409118331,
        "LPT Efficiency": 0.91,
        "HP Shaft Speed": 15183.0,
        "HPC Power": 12.370028795672892,
        "HPC Efficiency": 0.89,
        "HPT Power": 12.776183964503376,
        "HPT Efficiency": 0.9,
        "Burner Power": 5.989856567209955,
        "Burner Efficiency": 0.18316906628878035
    }
}