{
    "Stages": [
        "0. Fan Inlet",
        "1. LPC Inlet",
        "2. HPC Inlet",
        "3. Burner Inlet",
        "4. HPT Inlet",
        "5. LPT Inlet",
        "6. Core Nozz Inlet",
        "7. Core Nozz Outlet",
        "8. Byp Nozz Outlet"
    ],
    "Total Temperatures": [
        15.000057655676706,
        59.942033320834994,
        139.95697080771498,
        523.5986547444713,
        1314.0625,
        991.6404554680798,
        697.1427827765199,
        697.1427827765199,
        59.94203332083493
    ],
    "Static Temperatures": [
        1.2698087753191583,
        44.11029440122737,
        120.50659961430016,
        489.63950308333307,
        1259.1680070163516,
        945.340849958007,
        659.3257202032836,
        559.6983141036172,
        4.4391862677623966
    ],
    "Total Pressures": [
        99.29823547694355,
        158.87717676310967,
        317.75435352621935,
        2873.442689114054,
        2643.567273984927,
        858.4126248409806,
        247.05149022807726,
        247.05149022807726,
        158.87717676310967
    ],
    "Static Pressures": [
        84.124656235234,
        133.97926458691475,
        267.52254953831897,
        2433.731414110675,
        2258.278808330904,
        730.9993475147576,
        210.2115957052946,
        133.39814611390238,
        84.07825298491306
    ],
    "Entropies": [
        6834.413225585567,
        6845.607178771453,
        6865.411001852655,
        6922.584982624326,
        7871.8140094694945,
        7908.227388420634,
        7945.086904255539,
        7945.086904255539,
        6845.607178771453
    ],
    "Specifice Volumes": [
        0.9354134467594015,
        0.6780422909737055,
        0.42158869626980144,
        0.0899307287623927,
        0.19473053811090058,
        0.4783314519251185,
        1.2728729460357446,
        1.7912760150486122,
        0.9458112098493391
    ],
    "Performance": {
        "Thrust": 99999.99999999999,
        "OPR": 28.358749999999997,
        "T4": 1314.0625,
        "Thermal Efficiency": 0.4606257359888891,
        "SFC": 0.05048743944704239,
        "TSFC": 7.109217133452542,
        "Air Mass Flow Rate": 191.85952021961836,
        "Fuel Mass Flow Rate": 0.710921713345254,
        "Core EGT": 697.1427827765199,
        "Bypass EGT": 59.94203332083493,
        "FAR": 0.02260311318636673,
        "Specific Thrust": 0.521214688150641
    },
    "Pressure Ratios": {
        "Fan": 1.6,
        "LPC": 2.0,
        "HPC": 9.04296875,
        "HPT": 3.0795997140357096,
        "LPT": 3.4746304264282517
    },
    "Mechanical Parameters": {
        "LP Shaft Speed": 5490.0,
        "Fan Power": 8.669443916901566,
        "Fan Efficiency": 0.92,
        "LPC Power": 2.543309933360595,
        "LPC Efficiency": 0.9,
        "LPT Power": 11.441585561491998,
        "LPT Efficiency": 0.9099999999999998,
        "HP Shaft Speed": 15183.0,
        "HPC Power": 12.713855974726771,
        "HPC Efficiency": 0.89,
        "HPT Power": 13.12702802476244,
        "HPT Efficiency": 0.8999999999999995,
        "Burner Power": 5.658733851201191,
        "Burner Efficiency": 0.18510963891734705
    }
}