{
    "Stages": [
        "0. Fan Inlet",
        "1. LPC Inlet",
        "2. HPC Inlet",
        "3. Burner Inlet",
        "4. HPT Inlet",
        "5. LPT Inlet",
        "6. Core Nozz Inlet",
        "7. Core Nozz Outlet",
        "8. Byp Nozz Outlet"
    ],
    "Total Temperatures": [
        15.000057655676706,
        59.942033320834994,
        139.95697080771498,
        472.6928470099282,
        1338.6718749999998,
        1063.4588129111046,
        774.1064348687764,
        774.1064348687764,
        59.94203332083493
    ],
    "Static Temperatures": [
        1.2698087753191583,
        44.11029440122737,
        120.50659961430016,
        440.45198221511197,
        1283.385963901334,
        1015.3788751179741,
        734.1929419144117,
        628.7485320865151,
        4.4391862677623966
    ],
    "Total Pressures": [
        99.29823547694355,
        158.87717676310967,
        317.75435352621935,
        2265.2409968177744,
        2084.0217170723527,
        814.7229625812784,
        255.54248761884958,
        255.54248761884946,
        158.87717676310967
    ],
    "Static Pressures": [
        84.124656235234,
        133.97926458691475,
        267.52254953831897,
        1919.8562543391827,
        1778.866382150266,
        694.3615497006825,
        217.2466586053602,
        137.95648711423277,
        84.07825298491309
    ],
    "Entropies": [
        6834.413225585567,
        6845.607178771453,
        6865.411001852655,
        6918.1276359839785,
        7969.19002214355,
        7998.831289372209,
        8032.812545871865,
        8032.812545871865,
        6845.607178771453
    ],
    "Specifice Volumes": [
        0.9354134467594015,
        0.6780422909737055,
        0.42158869626980144,
        0.10666557877622034,
        0.25111377207374375,
        0.5325234840384833,
        1.3304757910049696,
        1.8757682939658664,
        0.9458112098493389
    ],
    "Performance": {
        "Thrust": 99999.99999999999,
        "OPR": 22.356249999999996,
        "T4": 1338.6718749999998,
        "Thermal Efficiency": 0.4327002258831197,
        "SFC": 0.053745786487687665,
        "TSFC": 7.6881527352894,
        "Air Mass Flow Rate": 189.46520852929862,
        "Fuel Mass Flow Rate": 0.76881527352894,
        "Core EGT": 774.1064348687764,
        "Bypass EGT": 59.94203332083493,
        "FAR": 0.024752687867763933,
        "Specific Thrust": 0.5278013877916595
    },
    "Pressure Ratios": {
        "Fan": 1.6,
        "LPC": 2.0,
        "HPC": 7.12890625,
        "HPT": 2.5579513684867408,
        "LPT": 3.1882094056956416
    },
    "Mechanical Parameters": {
        "LP Shaft Speed": 5490.0,
        "Fan Power": 8.561253555041764,
        "Fan Efficiency": 0.92,
        "LPC Power": 2.5115706863397484,
        "LPC Efficiency": 0.9,
        "LPT Power": 11.298800246307664,
        "LPT Efficiency": 0.9099999999999998,
        "HP Shaft Speed": 15183.0,
        "HPC Power": 10.828277346439089,
        "HPC Efficiency": 0.89,
        "HPT Power": 11.202968199979088,
        "HPT Efficiency": 0.9,
        "Burner Power": 5.791832099879819,
        "Burner Efficiency": 0.17519653212193473
    }
}