{
    "Stages": [
        "0. Fan Inlet",
        "1. LPC Inlet",
        "2. HPC Inlet",
        "3. Burner Inlet",
        "4. HPT Inlet",
        "5. LPT Inlet",
        "6. Core Nozz Inlet",
        "7. Core Nozz Outlet",
        "8. Byp Nozz Outlet"
    ],
    "Total Temperatures": [
        15.000057655676706,
        59.942033320834994,
        139.95697080771498,
        485.1406029220144,
        1370.3125,
        1086.124811832453,
        798.3824301979611,
        798.3824301979611,
        59.94203332083493
    ],
    "Static Temperatures": [
        1.2698087753191583,
        44.11029440122737,
        120.50659961430016,
        452.4681821115206,
        1314.3265180815176,
        1037.5199941480666,
        757.8357453470171,
        650.6023138386316,
        4.4391862677623966
    ],
    "Total Pressures": [
        99.29823547694355,
        158.87717676310967,
        317.75435352621935,
        2407.982210315881,
        2215.343633490613,
        853.0594186512878,
        273.71759102848984,
        273.71759102848995,
        158.87717676310967
    ],
    "Static Pressures": [
        84.124656235234,
        133.97926458691475,
        267.52254953831897,
        2037.2472716876384,
        1892.6767754849525,
        727.2409930023605,
        233.04164831943675,
        148.20733277872634,
        84.07825298491292
    ],
    "Entropies": [
        6834.413225585567,
        6845.607178771453,
        6865.411001852655,
        6919.211973430701,
        7979.4908528658925,
        8009.699742383572,
        8042.9292527695525,
        8042.9292527695525,
        6845.607178771453
    ],
    "Specifice Volumes": [
        0.9354134467594015,
        0.6780422909737055,
        0.42158869626980144,
        0.10220239984124953,
        0.2407092413077839,
        0.5172046162495052,
        1.2696305483045265,
        1.788878306294058,
        0.9458112098493409
    ],
    "Performance": {
        "Thrust": 99999.99999999999,
        "OPR": 23.764999999999997,
        "T4": 1370.3125,
        "Thermal Efficiency": 0.4244436107675928,
        "SFC": 0.054791292326042955,
        "TSFC": 7.8596296061274,
        "Air Mass Flow Rate": 188.33376250097285,
        "Fuel Mass Flow Rate": 0.7859629606127398,
        "Core EGT": 798.3824301979611,
        "Bypass EGT": 59.94203332083493,
        "FAR": 0.025456795404450904,
        "Specific Thrust": 0.5309722413658222
    },
    "Pressure Ratios": {
        "Fan": 1.6,
        "LPC": 2.0,
        "HPC": 7.578125,
        "HPT": 2.5969394218671615,
        "LPT": 3.1165677567376266
    },
    "Mechanical Parameters": {
        "LP Shaft Speed": 5490.0,
        "Fan Power": 8.510127565169888,
        "Fan Efficiency": 0.92,
        "LPC Power": 2.496572119056726,
        "LPC Efficiency": 0.9,
        "LPT Power": 11.231326208394503,
        "LPT Efficiency": 0.91,
        "HP Shaft Speed": 15183.0,
        "HPC Power": 11.181481349778354,
        "HPC Efficiency": 0.89,
        "HPT Power": 11.563380448284457,
        "HPT Efficiency": 0.8999999999999999,
        "Burner Power": 5.980031153367602,
        "Burner Efficiency": 0.17694280635102896
    }
}