{
    "Stages": [
        "0. Fan Inlet",
        "1. LPC Inlet",
        "2. HPC Inlet",
        "3. Burner Inlet",
        "4. HPT Inlet",
        "5. LPT Inlet",
        "6. Core Nozz Inlet",
        "7. Core Nozz Outlet",
        "8. Byp Nozz Outlet"
    ],
    "Total Temperatures": [
        15.000057655676706,
        59.942033320834994,
        139.95697080771538,
        516.3729417107265,
        1450.0,
        1143.7464329384209,
        859.9541065766363,
        859.9541065766363,
        59.942033320834994
    ],
    "Static Temperatures": [
        1.2698087753191583,
        44.1102944012275,
        120.50659961430048,
        482.65370839812584,
        1392.3039712060925,
        1093.7844426482366,
        817.7807943718374,
        706.0452226915055,
        4.43918626776246
    ],
    "Total Pressures": [
        99.29823547694352,
        158.87717676310965,
        317.7543535262193,
        2780.350593354419,
        2557.922545886068,
        942.2889537142462,
        320.56566298821116,
        320.56566298821093,
        158.87717676310965
    ],
    "Static Pressures": [
        84.124656235234,
        133.97926458691427,
        267.5225495383182,
        2353.2218215551934,
        2186.6832873617086,
        804.2190148071245,
        273.03976278508156,
        173.79451068055602,
        84.0782529849128
    ],
    "Entropies": [
        6834.413225585567,
        6845.607178771453,
        6865.411001852656,
        6922.0832439471405,
        8007.6009541455,
        8039.246329284865,
        8070.6194693978705,
        8070.6194693978705,
        6845.607178771453
    ],
    "Specifice Volumes": [
        0.9354134467594013,
        0.6780422909737036,
        0.4215886962698031,
        0.09217831849715363,
        0.21857823457842843,
        0.4878039748062619,
        1.1466107171370148,
        1.616605376337971,
        0.9458112098493423
    ],
    "Performance": {
        "Thrust": 99999.99999999999,
        "OPR": 27.440000000000005,
        "T4": 1450.0,
        "Thermal Efficiency": 0.4050516542403238,
        "SFC": 0.05741444013382627,
        "TSFC": 8.304202369696743,
        "Air Mass Flow Rate": 185.77457284267362,
        "Fuel Mass Flow Rate": 0.8304202369696742,
        "Core EGT": 859.9541065766363,
        "Bypass EGT": 59.942033320834994,
        "FAR": 0.027267259280982836,
        "Specific Thrust": 0.5382867981867825
    },
    "Pressure Ratios": {
        "Fan": 1.6,
        "LPC": 2.0,
        "HPC": 8.75,
        "HPT": 2.714584020554327,
        "LPT": 2.939456913849171
    },
    "Mechanical Parameters": {
        "LP Shaft Speed": 5490.0,
        "Fan Power": 8.394486959012097,
        "Fan Efficiency": 0.92,
        "LPC Power": 2.4626472323904114,
        "LPC Efficiency": 0.9,
        "LPT Power": 11.078708358573987,
        "LPT Efficiency": 0.9100000000000001,
        "HP Shaft Speed": 15183.0,
        "HPC Power": 12.068609356526588,
        "HPC Efficiency": 0.89,
        "HPT Power": 12.468613108231638,
        "HPT Efficiency": 0.8999999999999999,
        "Burner Power": 6.484013902783968,
        "Burner Efficiency": 0.18158399119129687
    }
}