{
    "Stages": [
        "0. Fan Inlet",
        "1. LPC Inlet",
        "2. HPC Inlet",
        "3. Burner Inlet",
        "4. HPT Inlet",
        "5. LPT Inlet",
        "6. Core Nozz Inlet",
        "7. Core Nozz Outlet",
        "8. Byp Nozz Outlet"
    ],
    "Total Temperatures": [
        15.000057655676706,
        59.942033320834994,
        139.95697080771498,
        511.659055031845,
        1389.0624999999998,
        1082.723961872986,
        794.764160198091,
        794.764160198091,
        59.94203332083493
    ],
    "Static Temperatures": [
        1.2698087753191583,
        44.11029440122737,
        120.50659961430016,
        478.10181527975914,
        1332.6274679802937,
        1034.208964744307,
        754.3184285294941,
        647.335971521843,
        4.4391862677623966
    ],
    "Total Pressures": [
        99.29823547694355,
        158.87717676310967,
        317.75435352621935,
        2718.2891961813298,
        2500.8260604868237,
        895.8211844692677,
        285.90961904621014,
        285.90961904621014,
        158.87717676310967
    ],
    "Static Pressures": [
        84.124656235234,
        133.97926458691475,
        267.52254953831897,
        2299.9091847062027,
        2136.8177402347565,
        764.1924364677717,
        243.5695219404543,
        154.8864044400887,
        84.07825298491301
    ],
    "Entropies": [
        6834.413225585567,
        6845.607178771453,
        6865.411001852655,
        6921.785864801387,
        7959.437772289211,
        7992.158896088106,
        8025.524428363611,
        8025.524428363613,
        6845.607178771453
    ],
    "Specifice Volumes": [
        0.9354134467594015,
        0.6780422909737055,
        0.42158869626980144,
        0.09375584424814686,
        0.21567361462106754,
        0.49097168952312964,
        1.2107280323915566,
        1.7054818676732102,
        0.9458112098493399
    ],
    "Performance": {
        "Thrust": 99999.99999999999,
        "OPR": 26.827499999999997,
        "T4": 1389.0624999999998,
        "Thermal Efficiency": 0.425402436558464,
        "SFC": 0.05466779678468597,
        "TSFC": 7.824779820716631,
        "Air Mass Flow Rate": 188.16738860856034,
        "Fuel Mass Flow Rate": 0.782477982071663,
        "Core EGT": 794.764160198091,
        "Bypass EGT": 59.94203332083493,
        "FAR": 0.025366327959020198,
        "Specific Thrust": 0.5314417165454071
    },
    "Pressure Ratios": {
        "Fan": 1.6,
        "LPC": 2.0,
        "HPC": 8.5546875,
        "HPT": 2.791657647578904,
        "LPT": 3.1332320593399845
    },
    "Mechanical Parameters": {
        "LP Shaft Speed": 5490.0,
        "Fan Power": 8.502609725409547,
        "Fan Efficiency": 0.92,
        "LPC Power": 2.4943666492799843,
        "LPC Efficiency": 0.9,
        "LPT Power": 11.221404463968911,
        "LPT Efficiency": 0.9100000000000003,
        "HP Shaft Speed": 15183.0,
        "HPC Power": 12.064647800428979,
        "HPC Efficiency": 0.89,
        "HPT Power": 12.464570704050404,
        "HPT Efficiency": 0.9,
        "Burner Power": 6.108331874271556,
        "Burner Efficiency": 0.18154405988284059
    }
}