{
    "Stages": [
        "0. Fan Inlet",
        "1. LPC Inlet",
        "2. HPC Inlet",
        "3. Burner Inlet",
        "4. HPT Inlet",
        "5. LPT Inlet",
        "6. Core Nozz Inlet",
        "7. Core Nozz Outlet",
        "8. Byp Nozz Outlet"
    ],
    "Total Temperatures": [
        15.000057655676706,
        59.94203332083493,
        139.95697080771544,
        490.62849346922394,
        1371.4843749999998,
        1082.5238662128982,
        794.5423525315811,
        794.5423525315811,
        59.94203332083487
    ],
    "Static Temperatures": [
        1.2698087753191583,
        44.11029440122737,
        120.50659961430054,
        457.77258666309655,
        1315.4533322483999,
        1034.0130786631573,
        754.1017387457408,
        647.1326500244634,
        4.4391862677623966
    ],
    "Total Pressures": [
        99.29823547694355,
        158.87717676310967,
        317.75435352621935,
        2470.0436074889703,
        2272.440118889853,
        861.863190837838,
        275.44777126442267,
        275.44777126442267,
        158.87717676310967
    ],
    "Static Pressures": [
        84.124656235234,
        133.97926458691455,
        267.52254953831886,
        2091.0132479271283,
        1941.8439319203505,
        734.905660943012,
        234.5456310987223,
        149.09109959622134,
        84.07825298491284
    ],
    "Entropies": [
        6834.413225585567,
        6845.607178771453,
        6865.411001852656,
        6919.744629646577,
        7972.282233692613,
        8003.083698718515,
        8036.457963103735,
        8036.457963103735,
        6845.607178771453
    ],
    "Specifice Volumes": [
        0.9354134467594015,
        0.678042290973704,
        0.42158869626980217,
        0.10028844625320596,
        0.23477991446551552,
        0.5104623938540915,
        1.2570512681102866,
        1.7713726236832101,
        0.9458112098493419
    ],
    "Performance": {
        "Thrust": 99999.99999999999,
        "OPR": 24.377499999999994,
        "T4": 1371.4843749999998,
        "Thermal Efficiency": 0.42566011968785145,
        "SFC": 0.054634702378372944,
        "TSFC": 7.829239500522318,
        "Air Mass Flow Rate": 188.40440027109338,
        "Fuel Mass Flow Rate": 0.7829239500522317,
        "Core EGT": 794.5423525315811,
        "Bypass EGT": 59.94203332083487,
        "FAR": 0.02534885644096797,
        "Specific Thrust": 0.5307731658926803
    },
    "Pressure Ratios": {
        "Fan": 1.6,
        "LPC": 2.0,
        "HPC": 7.7734375,
        "HPT": 2.636659905014343,
        "LPT": 3.1289532199934627
    },
    "Mechanical Parameters": {
        "LP Shaft Speed": 5490.0,
        "Fan Power": 8.513319432770574,
        "Fan Efficiency": 0.92,
        "LPC Power": 2.497508500750036,
        "LPC Efficiency": 0.9,
        "LPT Power": 11.23553870767409,
        "LPT Efficiency": 0.9099999999999998,
        "HP Shaft Speed": 15183.0,
        "HPC Power": 11.370719767801356,
        "HPC Efficiency": 0.89,
        "HPT Power": 11.756480874838543,
        "HPT Efficiency": 0.8999999999999997,
        "Burner Power": 5.990723502508555,
        "Burner Efficiency": 0.17794723384287156
    }
}