{
    "Stages": [
        "0. Fan Inlet",
        "1. LPC Inlet",
        "2. HPC Inlet",
        "3. Burner Inlet",
        "4. HPT Inlet",
        "5. LPT Inlet",
        "6. Core Nozz Inlet",
        "7. Core Nozz Outlet",
        "8. Byp Nozz Outlet"
    ],
    "Total Temperatures": [
        15.000057655676706,
        59.942033320834994,
        139.95697080771498,
        501.6042668545714,
        1383.2031249999998,
        1085.347739464336,
        797.5597779756047,
        797.5597779756047,
        59.94203332083493
    ],
    "Static Temperatures": [
        1.2698087753191583,
        44.11029440122737,
        120.50659961430016,
        468.3819763807957,
        1326.9110736411344,
        1036.7639333003262,
        757.0364726087302,
        649.8610738433053,
        4.4391862677623966
    ],
    "Total Pressures": [
        99.29823547694355,
        158.87717676310967,
        317.75435352621935,
        2594.1664018351503,
        2386.6330896883405,
        879.6536993336765,
        281.65973684513807,
        281.6597368451383,
        158.87717676310967
    ],
    "Static Pressures": [
        84.124656235234,
        133.97926458691475,
        267.52254953831897,
        2198.5515772070466,
        2038.0041364979656,
        750.1953742853516,
        239.89482677434438,
        152.58775565548112,
        84.07825298491305
    ],
    "Entropies": [
        6834.413225585567,
        6845.607178771453,
        6865.411001852655,
        6920.809942071759,
        7968.44162903996,
        8000.176638034289,
        8033.436894881092,
        8033.436894881092,
        6845.607178771453
    ],
    "Specifice Volumes": [
        0.9354134467594015,
        0.6780422909737055,
        0.42158869626980144,
        0.09677081085109801,
        0.22531645808317388,
        0.5010939101877909,
        1.2324294114151566,
        1.7360788142987984,
        0.9458112098493391
    ],
    "Performance": {
        "Thrust": 99999.99999999999,
        "OPR": 25.602499999999996,
        "T4": 1383.2031249999998,
        "Thermal Efficiency": 0.4245700214392081,
        "SFC": 0.054774978870754415,
        "TSFC": 7.848495827774734,
        "Air Mass Flow Rate": 188.17841619547107,
        "Fuel Mass Flow Rate": 0.7848495827774733,
        "Core EGT": 797.5597779756047,
        "Bypass EGT": 59.94203332083493,
        "FAR": 0.025441719362593988,
        "Specific Thrust": 0.5314105731239899
    },
    "Pressure Ratios": {
        "Fan": 1.6,
        "LPC": 2.0,
        "HPC": 8.1640625,
        "HPT": 2.7131507449990564,
        "LPT": 3.1231077227673714
    },
    "Mechanical Parameters": {
        "LP Shaft Speed": 5490.0,
        "Fan Power": 8.503108022528979,
        "Fan Efficiency": 0.92,
        "LPC Power": 2.494512832129284,
        "LPC Efficiency": 0.9,
        "LPT Power": 11.222062096590063,
        "LPT Efficiency": 0.9099999999999998,
        "HP Shaft Speed": 15183.0,
        "HPC Power": 11.726726331286338,
        "HPC Efficiency": 0.89,
        "HPT Power": 12.119752878394642,
        "HPT Efficiency": 0.8999999999999997,
        "Burner Power": 6.06782053786954,
        "Burner Efficiency": 0.17979509530026594
    }
}