{
    "Stages": [
        "0. Fan Inlet",
        "1. LPC Inlet",
        "2. HPC Inlet",
        "3. Burner Inlet",
        "4. HPT Inlet",
        "5. LPT Inlet",
        "6. Core Nozz Inlet",
        "7. Core Nozz Outlet",
        "8. Byp Nozz Outlet"
    ],
    "Total Temperatures": [
        15.000057655676706,
        59.942033320834994,
        139.95697080771498,
        504.8969968658203,
        1323.4375,
        1018.571184505322,
        726.057916411802,
        726.057916411802,
        59.94203332083493
    ],
    "Static Temperatures": [
        1.2698087753191583,
        44.11029440122737,
        120.50659961430016,
        471.56494428027054,
        1268.415219388085,
        971.6128010652524,
        687.4524809998975,
        585.6189090063779,
        4.4391862677623966
    ],
    "Total Pressures": [
        99.29823547694355,
        158.87717676310967,
        317.75435352621935,
        2631.403240139004,
        2420.890980927884,
        842.3479710227127,
        250.66992609607212,
        250.669926096072,
        158.87717676310967
    ],
    "Static Pressures": [
        84.124656235234,
        133.97926458691475,
        267.52254953831897,
        2230.81473422665,
        2067.0726673411273,
        717.5137260148902,
        213.11194411541126,
        135.3602575426622,
        84.078252984913
    ],
    "Entropies": [
        6834.413225585567,
        6845.607178771453,
        6865.411001852655,
        6921.129535797607,
        7908.618892598044,
        7942.40417275332,
        7978.1757695905835,
        7978.1757695905835,
        6845.607178771453
    ],
    "Specifice Volumes": [
        0.9354134467594015,
        0.6780422909737055,
        0.42158869626980144,
        0.0957893966054954,
        0.21404651029572203,
        0.4978409840243881,
        1.2936417842762138,
        1.8206903660476461,
        0.9458112098493399
    ],
    "Performance": {
        "Thrust": 99999.99999999999,
        "OPR": 25.97,
        "T4": 1323.4375,
        "Thermal Efficiency": 0.4496730752472834,
        "SFC": 0.05171715905093845,
        "TSFC": 7.3251803704736815,
        "Air Mass Flow Rate": 190.9289661058194,
        "Fuel Mass Flow Rate": 0.7325180370473681,
        "Core EGT": 726.057916411802,
        "Bypass EGT": 59.94203332083493,
        "FAR": 0.023403258903693148,
        "Specific Thrust": 0.5237549966335466
    },
    "Pressure Ratios": {
        "Fan": 1.6,
        "LPC": 2.0,
        "HPC": 8.28125,
        "HPT": 2.8739797140944354,
        "LPT": 3.360387040192642
    },
    "Mechanical Parameters": {
        "LP Shaft Speed": 5490.0,
        "Fan Power": 8.627395512464886,
        "Fan Efficiency": 0.92,
        "LPC Power": 2.530974410377709,
        "LPC Efficiency": 0.9,
        "LPT Power": 11.386091758002648,
        "LPT Efficiency": 0.9099999999999998,
        "HP Shaft Speed": 15183.0,
        "HPC Power": 12.010647020555332,
        "HPC Efficiency": 0.89,
        "HPT Power": 12.40946786744464,
        "HPT Efficiency": 0.8999999999999998,
        "Burner Power": 5.716990115992395,
        "Burner Efficiency": 0.1815016856750159
    }
}