{
    "Stages": [
        "0. Fan Inlet",
        "1. LPC Inlet",
        "2. HPC Inlet",
        "3. Burner Inlet",
        "4. HPT Inlet",
        "5. LPT Inlet",
        "6. Core Nozz Inlet",
        "7. Core Nozz Outlet",
        "8. Byp Nozz Outlet"
    ],
    "Total Temperatures": [
        15.000057655676706,
        59.942033320834994,
        139.95697080771498,
        499.9579015020404,
        1366.796875,
        1069.2902739237284,
        780.3770788499669,
        780.3770788499669,
        59.94203332083493
    ],
    "Static Temperatures": [
        1.2698087753191583,
        44.11029440122737,
        120.50659961430016,
        466.7905185649268,
        1310.8488163020688,
        1021.0870885036115,
        740.2912480117645,
        634.3808438785055,
        4.4391862677623966
    ],
    "Total Pressures": [
        99.29823547694355,
        158.87717676310967,
        317.75435352621935,
        2575.5479826832234,
        2369.5041440685654,
        867.6724746972187,
        273.5634403170983,
        273.5634403170982,
        158.87717676310967
    ],
    "Static Pressures": [
        84.124656235234,
        133.97926458691475,
        267.52254953831897,
        2182.4202857214186,
        2022.9172982091775,
        739.6663264759089,
        232.7751385043791,
        147.93120119515652,
        84.07825298491309
    ],
    "Entropies": [
        6834.413225585567,
        6845.607178771453,
        6865.411001852655,
        6920.650145208541,
        7955.505548486514,
        7987.492916160087,
        8021.22283011127,
        8021.22283011127,
        6845.607178771453
    ],
    "Specifice Volumes": [
        0.9354134467594015,
        0.6780422909737055,
        0.42158869626980144,
        0.09727378620672947,
        0.22472374644210405,
        0.5021430408938563,
        1.2492397909828004,
        1.7601546532757963,
        0.9458112098493389
    ],
    "Performance": {
        "Thrust": 99999.99999999999,
        "OPR": 25.41875,
        "T4": 1366.796875,
        "Thermal Efficiency": 0.43031397191739446,
        "SFC": 0.05404382723123081,
        "TSFC": 7.723028419672619,
        "Air Mass Flow Rate": 188.84489995438395,
        "Fuel Mass Flow Rate": 0.7723028419672618,
        "Core EGT": 780.3770788499669,
        "Bypass EGT": 59.94203332083493,
        "FAR": 0.024946648477868687,
        "Specific Thrust": 0.5295350842101391
    },
    "Pressure Ratios": {
        "Fan": 1.6,
        "LPC": 2.0,
        "HPC": 8.10546875,
        "HPT": 2.730873933618123,
        "LPT": 3.1717413470581626
    },
    "Mechanical Parameters": {
        "LP Shaft Speed": 5490.0,
        "Fan Power": 8.533224034300545,
        "Fan Efficiency": 0.92,
        "LPC Power": 2.503347810776819,
        "LPC Efficiency": 0.9,
        "LPT Power": 11.261808005180983,
        "LPT Efficiency": 0.9099999999999999,
        "HP Shaft Speed": 15183.0,
        "HPC Power": 11.712616464687697,
        "HPC Efficiency": 0.89,
        "HPT Power": 12.105355055334815,
        "HPT Efficiency": 0.8999999999999999,
        "Burner Power": 5.969777185756424,
        "Burner Efficiency": 0.1797637144803048
    }
}