{
    "Stages": [
        "0. Fan Inlet",
        "1. LPC Inlet",
        "2. HPC Inlet",
        "3. Burner Inlet",
        "4. HPT Inlet",
        "5. LPT Inlet",
        "6. Core Nozz Inlet",
        "7. Core Nozz Outlet",
        "8. Byp Nozz Outlet"
    ],
    "Total Temperatures": [
        15.000057655676706,
        59.942033320834994,
        139.95697080771498,
        508.8189432336985,
        1410.15625,
        1107.7704944479876,
        821.542672563265,
        821.542672563265,
        59.94203332083493
    ],
    "Static Temperatures": [
        1.2698087753191583,
        44.11029440122737,
        120.50659961430016,
        475.3562476365862,
        1353.2756545207792,
        1058.6541562697948,
        780.3606758779138,
        671.415505809689,
        4.4391862677623966
    ],
    "Total Pressures": [
        99.29823547694355,
        158.87717676310967,
        317.75435352621935,
        2681.0523578774755,
        2466.568169247275,
        905.0320811055298,
        296.84539632775767,
        296.8453963277577,
        158.87717676310967
    ],
    "Static Pressures": [
        84.124656235234,
        133.97926458691475,
        267.52254953831897,
        2269.244169003599,
        2107.0522124618506,
        772.2673365958228,
        252.42142007102643,
        160.44246423414688,
        84.07825298491302
    ],
    "Entropies": [
        6834.413225585567,
        6845.607178771453,
        6865.411001852655,
        6921.510201949659,
        7983.073595694293,
        8014.912806633394,
        8047.415658024214,
        8047.415658024214,
        6845.607178771453
    ],
    "Specifice Volumes": [
        0.9354134467594015,
        0.6780422909737055,
        0.42158869626980144,
        0.09466155412617823,
        0.2215217472646855,
        0.4949260119309656,
        1.1976506136683247,
        1.6891778780656976,
        0.9458112098493398
    ],
    "Performance": {
        "Thrust": 99999.99999999999,
        "OPR": 26.459999999999997,
        "T4": 1410.15625,
        "Thermal Efficiency": 0.4168182629341346,
        "SFC": 0.05579365402509545,
        "TSFC": 8.023269739354287,
        "Air Mass Flow Rate": 187.24063102978036,
        "Fuel Mass Flow Rate": 0.8023269739354285,
        "Core EGT": 821.542672563265,
        "Bypass EGT": 59.94203332083493,
        "FAR": 0.026138528342321703,
        "Specific Thrust": 0.5340721159185536
    },
    "Pressure Ratios": {
        "Fan": 1.6,
        "LPC": 2.0,
        "HPC": 8.4375,
        "HPT": 2.7253930780379316,
        "LPT": 3.0488331377261817
    },
    "Mechanical Parameters": {
        "LP Shaft Speed": 5490.0,
        "Fan Power": 8.460732872780081,
        "Fan Efficiency": 0.92,
        "LPC Power": 2.48208145356371,
        "LPC Efficiency": 0.9,
        "LPT Power": 11.166137067697747,
        "LPT Efficiency": 0.9099999999999997,
        "HP Shaft Speed": 15183.0,
        "HPC Power": 11.910053671846393,
        "HPC Efficiency": 0.89,
        "HPT Power": 12.306821593251849,
        "HPT Efficiency": 0.9000000000000001,
        "Burner Power": 6.234619411041031,
        "Burner Efficiency": 0.18071329246578013
    }
}