{
    "Stages": [
        "0. Fan Inlet",
        "1. LPC Inlet",
        "2. HPC Inlet",
        "3. Burner Inlet",
        "4. HPT Inlet",
        "5. LPT Inlet",
        "6. Core Nozz Inlet",
        "7. Core Nozz Outlet",
        "8. Byp Nozz Outlet"
    ],
    "Total Temperatures": [
        15.000057655676706,
        59.942033320834994,
        139.95697080771498,
        512.605758876438,
        1362.109375,
        1053.0465609950659,
        763.0000640102061,
        763.0000640102061,
        59.94203332083493
    ],
    "Static Temperatures": [
        1.2698087753191583,
        44.11029440122737,
        120.50659961430016,
        479.0170159145299,
        1306.2341903577446,
        1005.2409986703346,
        723.3963271617348,
        618.7876917900038,
        4.4391862677623966
    ],
    "Total Pressures": [
        99.29823547694355,
        158.87717676310967,
        317.75435352621935,
        2730.7014756159474,
        2512.245357566674,
        879.1208847178032,
        272.32534200886465,
        272.3253420088646,
        158.87717676310967
    ],
    "Static Pressures": [
        84.124656235234,
        133.97926458691475,
        267.52254953831897,
        2310.664259380368,
        2146.2831932299823,
        749.4649281422079,
        231.75123434763884,
        147.24898112959102,
        84.078252984913
    ],
    "Entropies": [
        6834.413225585567,
        6845.607178771453,
        6865.411001852655,
        6921.877752418422,
        7933.184645346159,
        7966.769491520054,
        8001.193958089481,
        8001.193958089481,
        6845.607178771453
    ],
    "Specifice Volumes": [
        0.9354134467594015,
        0.6780422909737055,
        0.42158869626980144,
        0.09343831372471363,
        0.21119948737215047,
        0.48949763491459347,
        1.2340528452423798,
        1.7384141427755648,
        0.9458112098493399
    ],
    "Performance": {
        "Thrust": 99999.99999999999,
        "OPR": 26.949999999999996,
        "T4": 1362.109375,
        "Thermal Efficiency": 0.43618944857178343,
        "SFC": 0.05331585628592109,
        "TSFC": 7.591249485721308,
        "Air Mass Flow Rate": 189.34754817203918,
        "Fuel Mass Flow Rate": 0.7591249485721308,
        "Core EGT": 763.0000640102061,
        "Bypass EGT": 59.94203332083493,
        "FAR": 0.024455886706716824,
        "Specific Thrust": 0.5281293629909644
    },
    "Pressure Ratios": {
        "Fan": 1.6,
        "LPC": 2.0,
        "HPC": 8.59375,
        "HPT": 2.8576790760386745,
        "LPT": 3.228200791864557
    },
    "Mechanical Parameters": {
        "LP Shaft Speed": 5490.0,
        "Fan Power": 8.555936905300664,
        "Fan Efficiency": 0.92,
        "LPC Power": 2.51001096829689,
        "LPC Efficiency": 0.9,
        "LPT Power": 11.291783544487298,
        "LPT Efficiency": 0.9099999999999999,
        "HP Shaft Speed": 15183.0,
        "HPC Power": 12.172397101053058,
        "HPC Efficiency": 0.89,
        "HPT Power": 12.574518969993338,
        "HPT Efficiency": 0.8999999999999995,
        "Burner Power": 5.946320968887875,
        "Burner Efficiency": 0.18216570858366854
    }
}