{
    "Stages": [
        "0. Fan Inlet",
        "1. LPC Inlet",
        "2. HPC Inlet",
        "3. Burner Inlet",
        "4. HPT Inlet",
        "5. LPT Inlet",
        "6. Core Nozz Inlet",
        "7. Core Nozz Outlet",
        "8. Byp Nozz Outlet"
    ],
    "Total Temperatures": [
        15.000057655676706,
        59.942033320834994,
        139.95697080771498,
        508.8189432336985,
        1309.375,
        1000.0012422811546,
        706.1172171066902,
        706.1172171066902,
        59.94203332083493
    ],
    "Static Temperatures": [
        1.2698087753191583,
        44.11029440122737,
        120.50659961430016,
        475.3562476365862,
        1254.618601630012,
        953.5042742257209,
        668.045968243881,
        567.734546777357,
        4.4391862677623966
    ],
    "Total Pressures": [
        99.29823547694355,
        158.87717676310967,
        317.75435352621935,
        2681.0523578774755,
        2466.568169247275,
        836.8540405903575,
        243.75319773387247,
        243.75319773387253,
        158.87717676310967
    ],
    "Static Pressures": [
        84.124656235234,
        133.97926458691475,
        267.52254953831897,
        2269.2441690035976,
        2105.4652050172817,
        712.6374635674188,
        207.3579605948671,
        131.60833703669806,
        84.07825298491288
    ],
    "Entropies": [
        6834.413225585567,
        6845.607178771453,
        6865.411001852655,
        6921.510201949659,
        7889.630581435884,
        7924.30571202155,
        7960.760588971691,
        7960.760588971691,
        6845.607178771453
    ],
    "Specifice Volumes": [
        0.9354134467594015,
        0.6780422909737055,
        0.42158869626980144,
        0.09466155412617829,
        0.2082398047765166,
        0.4939777944418141,
        1.3023385508935161,
        1.833089987457141,
        0.9458112098493415
    ],
    "Performance": {
        "Thrust": 99999.99999999999,
        "OPR": 26.459999999999997,
        "T4": 1309.375,
        "Thermal Efficiency": 0.45724942861217077,
        "SFC": 0.050860236226152745,
        "TSFC": 7.179461456598909,
        "Air Mass Flow Rate": 191.6940315762953,
        "Fuel Mass Flow Rate": 0.7179461456598908,
        "Core EGT": 706.1172171066902,
        "Bypass EGT": 59.94203332083493,
        "FAR": 0.022846154637747706,
        "Specific Thrust": 0.5216646505772895
    },
    "Pressure Ratios": {
        "Fan": 1.6,
        "LPC": 2.0,
        "HPC": 8.4375,
        "HPT": 2.947429359972066,
        "LPT": 3.433202306145854
    },
    "Mechanical Parameters": {
        "LP Shaft Speed": 5490.0,
        "Fan Power": 8.661966078374025,
        "Fan Efficiency": 0.92,
        "LPC Power": 2.541116198538679,
        "LPC Efficiency": 0.9,
        "LPT Power": 11.431716609094597,
        "LPT Efficiency": 0.9099999999999998,
        "HP Shaft Speed": 15183.0,
        "HPC Power": 12.193326801399065,
        "HPC Efficiency": 0.89,
        "HPT Power": 12.595875807081107,
        "HPT Efficiency": 0.9000000000000001,
        "Burner Power": 5.6340897705433655,
        "Burner Efficiency": 0.18250023945818147
    }
}