{
    "Stages": [
        "0. Fan Inlet",
        "1. LPC Inlet",
        "2. HPC Inlet",
        "3. Burner Inlet",
        "4. HPT Inlet",
        "5. LPT Inlet",
        "6. Core Nozz Inlet",
        "7. Core Nozz Outlet",
        "8. Byp Nozz Outlet"
    ],
    "Total Temperatures": [
        15.000057655676706,
        59.942033320834994,
        139.95697080771498,
        472.0817208369112,
        1315.234375,
        1039.101153120943,
        748.0516657963727,
        748.0516657963727,
        59.94203332083493
    ],
    "Static Temperatures": [
        1.2698087753191583,
        44.11029440122737,
        120.50659961430016,
        439.8614151021282,
        1260.47349837649,
        991.6469455329869,
        708.8301305899573,
        605.3338952088252,
        4.4391862677623966
    ],
    "Total Pressures": [
        99.29823547694355,
        158.87717676310967,
        317.75435352621935,
        2259.0348571004656,
        2078.3120685324284,
        800.9910186139493,
        244.52335304367662,
        244.52335304367648,
        158.87717676310967
    ],
    "Static Pressures": [
        84.124656235234,
        133.97926458691484,
        267.52254953831897,
        1914.4691332488947,
        1774.092004448385,
        683.3450789091356,
        208.0882276848179,
        132.19836165827553,
        84.07825298491305
    ],
    "Entropies": [
        6834.413225585567,
        6845.607178771453,
        6865.411001852655,
        6918.067852567275,
        7948.049073709618,
        7978.1925628658655,
        8013.031632405621,
        8013.031632405621,
        6845.607178771453
    ],
    "Specifice Volumes": [
        0.9354134467594015,
        0.678042290973703,
        0.42158869626980144,
        0.10687404223890296,
        0.2480887932523505,
        0.5312040327438663,
        1.3540818718848535,
        1.9066246621951437,
        0.9458112098493391
    ],
    "Performance": {
        "Thrust": 99999.99999999999,
        "OPR": 22.294999999999998,
        "T4": 1315.234375,
        "Thermal Efficiency": 0.44189555051451396,
        "SFC": 0.05262740013202405,
        "TSFC": 7.4967634943464,
        "Air Mass Flow Rate": 190.4767127168038,
        "Fuel Mass Flow Rate": 0.7496763494346399,
        "Core EGT": 748.0516657963727,
        "Bypass EGT": 59.94203332083493,
        "FAR": 0.024008319265517605,
        "Specific Thrust": 0.524998560578256
    },
    "Pressure Ratios": {
        "Fan": 1.6,
        "LPC": 2.0,
        "HPC": 7.109375,
        "HPT": 2.5946758705594233,
        "LPT": 3.275724010176144
    },
    "Mechanical Parameters": {
        "LP Shaft Speed": 5490.0,
        "Fan Power": 8.606959803109355,
        "Fan Efficiency": 0.92,
        "LPC Power": 2.524979291994412,
        "LPC Efficiency": 0.9,
        "LPT Power": 11.359121525616088,
        "LPT Efficiency": 0.9099999999999999,
        "HP Shaft Speed": 15183.0,
        "HPC Power": 10.86541053128764,
        "HPC Efficiency": 0.89,
        "HPT Power": 11.240859204926593,
        "HPT Efficiency": 0.8999999999999999,
        "Burner Power": 5.659658510184162,
        "Burner Efficiency": 0.17556905116772029
    }
}