{
    "Stages": [
        "0. Fan Inlet",
        "1. LPC Inlet",
        "2. HPC Inlet",
        "3. Burner Inlet",
        "4. HPT Inlet",
        "5. LPT Inlet",
        "6. Core Nozz Inlet",
        "7. Core Nozz Outlet",
        "8. Byp Nozz Outlet"
    ],
    "Total Temperatures": [
        15.000057655676706,
        59.942033320834994,
        139.95697080771498,
        523.1068270682972,
        1410.15625,
        1095.1324320276026,
        808.0087745174122,
        808.0087745174122,
        59.94203332083493
    ],
    "Static Temperatures": [
        1.2698087753191583,
        44.11029440122737,
        120.50659961430016,
        489.1639954636002,
        1353.2297301471592,
        1046.295233748704,
        767.1986322887198,
        659.2567877955003,
        4.4391862677623966
    ],
    "Total Pressures": [
        99.29823547694355,
        158.87717676310967,
        317.75435352621935,
        2867.236549396745,
        2637.8576254450054,
        926.2609505812006,
        300.33237896594244,
        300.3323789659424,
        158.87717676310967
    ],
    "Static Pressures": [
        84.124656235234,
        133.97926458691475,
        267.52254953831897,
        2428.363683554789,
        2254.740977204035,
        790.2048466944002,
        255.47713680456621,
        162.40349573820984,
        84.07825298491292
    ],
    "Entropies": [
        6834.413225585567,
        6845.607178771453,
        6865.411001852655,
        6922.53769796267,
        7961.563840690546,
        7995.02642127515,
        8027.89192820158,
        8027.89192820158,
        6845.607178771453
    ],
    "Specifice Volumes": [
        0.9354134467594015,
        0.6780422909737055,
        0.42158869626980144,
        0.09007436323029035,
        0.20700612131397036,
        0.47915971845580974,
        1.1684739176610213,
        1.6474353234529928,
        0.9458112098493406
    ],
    "Performance": {
        "Thrust": 99999.99999999999,
        "OPR": 28.297499999999996,
        "T4": 1410.15625,
        "Thermal Efficiency": 0.4209873179342282,
        "SFC": 0.055241127137995345,
        "TSFC": 7.917907129131977,
        "Air Mass Flow Rate": 187.53450699806436,
        "Fuel Mass Flow Rate": 0.7917907129131976,
        "Core EGT": 808.0087745174122,
        "Bypass EGT": 59.94203332083493,
        "FAR": 0.025754851339547646,
        "Specific Thrust": 0.5332351981549301
    },
    "Pressure Ratios": {
        "Fan": 1.6,
        "LPC": 2.0,
        "HPC": 9.0234375,
        "HPT": 2.847855805406056,
        "LPT": 3.084119513753126
    },
    "Mechanical Parameters": {
        "LP Shaft Speed": 5490.0,
        "Fan Power": 8.474012074263788,
        "Fan Efficiency": 0.92,
        "LPC Power": 2.4859771042380014,
        "LPC Efficiency": 0.9,
        "LPT Power": 11.183662427042643,
        "LPT Efficiency": 0.9099999999999999,
        "HP Shaft Speed": 15183.0,
        "HPC Power": 12.410623178272658,
        "HPC Efficiency": 0.89,
        "HPT Power": 12.817606803890895,
        "HPT Efficiency": 0.9000000000000002,
        "Burner Power": 6.242149666959229,
        "Burner Efficiency": 0.18333919425567638
    }
}