{
    "Stages": [
        "0. Fan Inlet",
        "1. LPC Inlet",
        "2. HPC Inlet",
        "3. Burner Inlet",
        "4. HPT Inlet",
        "5. LPT Inlet",
        "6. Core Nozz Inlet",
        "7. Core Nozz Outlet",
        "8. Byp Nozz Outlet"
    ],
    "Total Temperatures": [
        15.000057655676706,
        59.942033320834994,
        139.95697080771498,
        521.1395161399606,
        1367.9687499999998,
        1051.6620011501695,
        761.5247436901526,
        761.5247436901526,
        59.94203332083493
    ],
    "Static Temperatures": [
        1.2698087753191583,
        44.11029440122737,
        120.50659961430016,
        487.26197985866867,
        1311.926698603065,
        1003.8933009323122,
        721.9623707009939,
        617.4652662122685,
        4.4391862677623966
    ],
    "Total Pressures": [
        99.29823547694355,
        158.87717676310967,
        317.75435352621935,
        2842.411990527509,
        2615.019031285311,
        894.8389813283574,
        276.75074904737363,
        276.75074904737363,
        158.87717676310967
    ],
    "Static Pressures": [
        84.124656235234,
        133.97926458691475,
        267.52254953831897,
        2406.892944203399,
        2234.530655357619,
        763.0491594759684,
        235.5722358050625,
        149.6990942541772,
        84.07825298491304
    ],
    "Entropies": [
        6834.413225585567,
        6845.607178771453,
        6865.411001852655,
        6922.348559319015,
        7925.729544695272,
        7960.158623377876,
        7994.6418743565555,
        7994.6418743565555,
        6845.607178771453
    ],
    "Specifice Volumes": [
        0.9354134467594015,
        0.6780422909737055,
        0.42158869626980144,
        0.09065598178048223,
        0.2035792021172887,
        0.4802821331835071,
        1.2123383517452746,
        1.7075134148328275,
        0.9458112098493393
    ],
    "Performance": {
        "Thrust": 99999.99999999999,
        "OPR": 28.052499999999995,
        "T4": 1367.9687499999998,
        "Thermal Efficiency": 0.4366279445298792,
        "SFC": 0.05326231232984433,
        "TSFC": 7.577098133864937,
        "Air Mass Flow Rate": 189.28609186791658,
        "Fuel Mass Flow Rate": 0.7577098133864936,
        "Core EGT": 761.5247436901526,
        "Bypass EGT": 59.94203332083493,
        "FAR": 0.024418222258415338,
        "Specific Thrust": 0.5283008329517404
    },
    "Pressure Ratios": {
        "Fan": 1.6,
        "LPC": 2.0,
        "HPC": 8.9453125,
        "HPT": 2.9223347282026158,
        "LPT": 3.233375101634073
    },
    "Mechanical Parameters": {
        "LP Shaft Speed": 5490.0,
        "Fan Power": 8.553159915233552,
        "Fan Efficiency": 0.92,
        "LPC Power": 2.5091962970803467,
        "LPC Efficiency": 0.9,
        "LPT Power": 11.288118583993771,
        "LPT Efficiency": 0.9099999999999999,
        "HP Shaft Speed": 15183.0,
        "HPC Power": 12.459400458420554,
        "HPC Efficiency": 0.89,
        "HPT Power": 12.86737953873568,
        "HPT Efficiency": 0.8999999999999999,
        "Burner Power": 5.983164912501152,
        "Burner Efficiency": 0.18363675327930842
    }
}