{
    "Stages": [
        "0. Fan Inlet",
        "1. LPC Inlet",
        "2. HPC Inlet",
        "3. Burner Inlet",
        "4. HPT Inlet",
        "5. LPT Inlet",
        "6. Core Nozz Inlet",
        "7. Core Nozz Outlet",
        "8. Byp Nozz Outlet"
    ],
    "Total Temperatures": [
        15.000057655676706,
        59.942033320834994,
        139.95697080771498,
        515.9030653308052,
        1428.9062499999998,
        1121.596378364115,
        836.2926112938986,
        836.2926112938986,
        59.94203332083493
    ],
    "Static Temperatures": [
        1.2698087753191583,
        44.11029440122737,
        120.50659961430016,
        482.1994447646428,
        1371.653647847569,
        1072.1461376712123,
        794.7479869461771,
        684.7480719118857,
        4.4391862677623966
    ],
    "Total Pressures": [
        99.29823547694355,
        158.87717676310967,
        317.75435352621935,
        2774.14445363711,
        2552.212897346144,
        927.939753245464,
        309.08311523268145,
        309.08311523268145,
        158.87717676310967
    ],
    "Static Pressures": [
        84.124656235234,
        133.97926458691475,
        267.52254953831897,
        2347.855002276114,
        2181.960645124119,
        792.0341490224297,
        263.1480436000738,
        167.46694329163927,
        84.07825298491285
    ],
    "Entropies": [
        6834.413225585567,
        6845.607178771453,
        6865.411001852655,
        6922.065989047093,
        7989.324140881204,
        8021.463157747125,
        8053.483592098471,
        8053.483592098471,
        6845.607178771453
    ],
    "Specifice Volumes": [
        0.9354134467594015,
        0.6780422909737055,
        0.42158869626980144,
        0.09233549496946344,
        0.2163558927119691,
        0.48743959757810673,
        1.1645683959742674,
        1.641648701523409,
        0.9458112098493415
    ],
    "Performance": {
        "Thrust": 99999.99999999999,
        "OPR": 27.378749999999997,
        "T4": 1428.9062499999998,
        "Thermal Efficiency": 0.4121722331614956,
        "SFC": 0.05642256339081526,
        "TSFC": 8.128540027149985,
        "Air Mass Flow Rate": 186.5967261440719,
        "Fuel Mass Flow Rate": 0.8128540027149983,
        "Core EGT": 836.2926112938986,
        "Bypass EGT": 59.94203332083493,
        "FAR": 0.02657286394581803,
        "Specific Thrust": 0.535915083112389
    },
    "Pressure Ratios": {
        "Fan": 1.6,
        "LPC": 2.0,
        "HPC": 8.73046875,
        "HPT": 2.7504079746770134,
        "LPT": 3.0022337278013382
    },
    "Mechanical Parameters": {
        "LP Shaft Speed": 5490.0,
        "Fan Power": 8.431637119345078,
        "Fan Efficiency": 0.92,
        "LPC Power": 2.4735457828287526,
        "LPC Efficiency": 0.9,
        "LPT Power": 11.127737655279418,
        "LPT Efficiency": 0.9100000000000003,
        "HP Shaft Speed": 15183.0,
        "HPC Power": 12.106211782929975,
        "HPC Efficiency": 0.89,
        "HPT Power": 12.50698293109224,
        "HPT Efficiency": 0.9,
        "Burner Power": 6.353031239266645,
        "Burner Efficiency": 0.18176070001206215
    }
}