{
    "Stages": [
        "0. Fan Inlet",
        "1. LPC Inlet",
        "2. HPC Inlet",
        "3. Burner Inlet",
        "4. HPT Inlet",
        "5. LPT Inlet",
        "6. Core Nozz Inlet",
        "7. Core Nozz Outlet",
        "8. Byp Nozz Outlet"
    ],
    "Total Temperatures": [
        15.000057655676706,
        59.942033320834994,
        139.95697080771498,
        468.41496327457554,
        1308.203125,
        1034.8715573845195,
        743.5045319064976,
        743.5045319064976,
        59.94203332083493
    ],
    "Static Temperatures": [
        1.2698087753191583,
        44.11029440122737,
        120.50659961430016,
        436.3180646406533,
        1253.5919465466527,
        987.5082891760879,
        704.4095971531849,
        601.2552674521804,
        4.4391862677623966
    ],
    "Total Pressures": [
        99.29823547694355,
        158.87717676310967,
        317.75435352621935,
        2221.798018796612,
        2044.0541772928837,
        794.0819782503368,
        241.2230587072915,
        241.2230587072915,
        158.87717676310967
    ],
    "Static Pressures": [
        84.124656235234,
        133.97926458691484,
        267.52254953831897,
        1882.146920816904,
        1744.1272917038195,
        677.2100287146341,
        205.24860926565555,
        130.36275597088473,
        84.07825298491306
    ],
    "Entropies": [
        6834.413225585567,
        6845.607178771453,
        6865.411001852655,
        6917.709152066669,
        7946.468638952043,
        7976.380248026776,
        8011.41246453629,
        8011.41246453629,
        6845.607178771453
    ],
    "Specifice Volumes": [
        0.9354134467594015,
        0.678042290973703,
        0.42158869626980144,
        0.10815320170461458,
        0.2512114765216976,
        0.5342281930606956,
        1.3665856351643126,
        1.9244192420889037,
        0.9458112098493391
    ],
    "Performance": {
        "Thrust": 99999.99999999999,
        "OPR": 21.9275,
        "T4": 1308.203125,
        "Thermal Efficiency": 0.44358009216280264,
        "SFC": 0.05242754209301402,
        "TSFC": 7.4646767731640775,
        "Air Mass Flow Rate": 190.70180165028924,
        "Fuel Mass Flow Rate": 0.7464676773164076,
        "Core EGT": 743.5045319064976,
        "Bypass EGT": 59.94203332083493,
        "FAR": 0.023877345637144273,
        "Specific Thrust": 0.5243788948747371
    },
    "Pressure Ratios": {
        "Fan": 1.6,
        "LPC": 2.0,
        "HPC": 6.9921875,
        "HPT": 2.574109768611937,
        "LPT": 3.291899134791685
    },
    "Mechanical Parameters": {
        "LP Shaft Speed": 5490.0,
        "Fan Power": 8.617130765086817,
        "Fan Efficiency": 0.92,
        "LPC Power": 2.5279630945170477,
        "LPC Efficiency": 0.9,
        "LPT Power": 11.372544754697822,
        "LPT Efficiency": 0.9100000000000003,
        "HP Shaft Speed": 15183.0,
        "HPC Power": 10.754047146374626,
        "HPC Efficiency": 0.89,
        "HPT Power": 11.127223097872498,
        "HPT Efficiency": 0.9,
        "Burner Power": 5.618201718779936,
        "Burner Efficiency": 0.1750321653508559
    }
}