{
    "Stages": [
        "0. Fan Inlet",
        "1. LPC Inlet",
        "2. HPC Inlet",
        "3. Burner Inlet",
        "4. HPT Inlet",
        "5. LPT Inlet",
        "6. Core Nozz Inlet",
        "7. Core Nozz Outlet",
        "8. Byp Nozz Outlet"
    ],
    "Total Temperatures": [
        15.000057655676706,
        59.942033320834994,
        139.95697080771498,
        486.23818123703137,
        1432.4218749999998,
        1151.263242988115,
        867.9506249640771,
        867.9506249640771,
        59.94203332083493
    ],
    "Static Temperatures": [
        1.2698087753191583,
        44.11029440122737,
        120.50659961430016,
        453.52904754072557,
        1375.1856667316736,
        1101.126589165483,
        825.5878400228469,
        713.277182440352,
        4.4391862677623966
    ],
    "Total Pressures": [
        99.29823547694355,
        158.87717676310967,
        317.75435352621935,
        2420.394489750499,
        2226.762930570459,
        891.2614598370468,
        304.7386916755558,
        304.73869167555574,
        158.87717676310967
    ],
    "Static Pressures": [
        84.124656235234,
        133.97926458691475,
        267.52254953831886,
        2048.0002969088414,
        1903.8905037075392,
        760.7158620735529,
        259.5110529594864,
        165.1591609722495,
        84.07825298491291
    ],
    "Entropies": [
        6834.413225585567,
        6845.607178771453,
        6865.411001852655,
        6919.31850467405,
        8034.487735275476,
        8063.341749119048,
        8094.444930241542,
        8094.444930241542,
        6845.607178771453
    ],
    "Specifice Volumes": [
        0.9354134467594015,
        0.6780422909737055,
        0.42158869626980155,
        0.10181074445108697,
        0.2484813662494568,
        0.518472710061629,
        1.2150852506367047,
        1.7138753799807138,
        0.9458112098493411
    ],
    "Performance": {
        "Thrust": 99999.99999999999,
        "OPR": 23.8875,
        "T4": 1432.4218749999998,
        "Thermal Efficiency": 0.4029422910761479,
        "SFC": 0.05771499906693463,
        "TSFC": 8.37424884149213,
        "Air Mass Flow Rate": 185.84131004192258,
        "Fuel Mass Flow Rate": 0.8374248841492129,
        "Core EGT": 867.9506249640771,
        "Bypass EGT": 59.94203332083493,
        "FAR": 0.027487385835570442,
        "Specific Thrust": 0.5380934948071648
    },
    "Pressure Ratios": {
        "Fan": 1.6,
        "LPC": 2.0,
        "HPC": 7.6171875,
        "HPT": 2.498439606013692,
        "LPT": 2.9246744315157076
    },
    "Mechanical Parameters": {
        "LP Shaft Speed": 5490.0,
        "Fan Power": 8.397502573798361,
        "Fan Efficiency": 0.92,
        "LPC Power": 2.4635319077069044,
        "LPC Efficiency": 0.9,
        "LPT Power": 11.082688246433946,
        "LPT Efficiency": 0.9099999999999999,
        "HP Shaft Speed": 15183.0,
        "HPC Power": 11.070008492355877,
        "HPC Efficiency": 0.89,
        "HPT Power": 11.449632634588058,
        "HPT Efficiency": 0.9000000000000001,
        "Burner Power": 6.345218172671121,
        "Burner Efficiency": 0.17621068601018566
    }
}