{
    "Stages": [
        "0. Fan Inlet",
        "1. LPC Inlet",
        "2. HPC Inlet",
        "3. Burner Inlet",
        "4. HPT Inlet",
        "5. LPT Inlet",
        "6. Core Nozz Inlet",
        "7. Core Nozz Outlet",
        "8. Byp Nozz Outlet"
    ],
    "Total Temperatures": [
        15.000057655676706,
        59.94203332083493,
        139.95697080771544,
        474.9913950582365,
        1363.2812499999998,
        1087.5821130884524,
        799.9334221783773,
        799.9334221783773,
        59.94203332083487
    ],
    "Static Temperatures": [
        1.2698087753191583,
        44.11029440122737,
        120.50659961430054,
        442.67322700693785,
        1307.4944192843375,
        1038.9389044921165,
        759.3435465232749,
        651.9969105339338,
        4.4391862677623966
    ],
    "Total Pressures": [
        99.29823547694355,
        158.87717676310967,
        317.75435352621935,
        2290.0655556870106,
        2106.8603112320498,
        832.5509369864991,
        267.82424079398123,
        267.8242407939811,
        158.87717676310967
    ],
    "Static Pressures": [
        84.124656235234,
        133.97926458691455,
        267.5225495383194,
        1940.1183445489178,
        1799.5160064901697,
        709.5226794387711,
        227.95339261383938,
        144.95341151218963,
        84.07825298491284
    ],
    "Entropies": [
        6834.413225585567,
        6845.607178771453,
        6865.411001852656,
        6918.352491515063,
        7988.6908441400365,
        8017.937385360526,
        8051.108556508637,
        8051.108556508637,
        6845.607178771453
    ],
    "Specifice Volumes": [
        0.9354134467594015,
        0.6780422909737039,
        0.4215886962698011,
        0.10589326393364218,
        0.25209444855791113,
        0.5306874070368696,
        1.2998229413851556,
        1.8317705246482952,
        0.9458112098493419
    ],
    "Performance": {
        "Thrust": 99999.99999999999,
        "OPR": 22.601249999999997,
        "T4": 1363.2812499999998,
        "Thermal Efficiency": 0.4240234861765724,
        "SFC": 0.05484557981253934,
        "TSFC": 7.8758919607099225,
        "Air Mass Flow Rate": 188.43163464358977,
        "Fuel Mass Flow Rate": 0.7875891960709921,
        "Core EGT": 799.9334221783773,
        "Bypass EGT": 59.94203332083487,
        "FAR": 0.025496218324063073,
        "Specific Thrust": 0.5306964522658079
    },
    "Pressure Ratios": {
        "Fan": 1.6,
        "LPC": 2.0,
        "HPC": 7.20703125,
        "HPT": 2.530608299905397,
        "LPT": 3.1085720042306515
    },
    "Mechanical Parameters": {
        "LP Shaft Speed": 5490.0,
        "Fan Power": 8.514550056430524,
        "Fan Efficiency": 0.92,
        "LPC Power": 2.497869522449765,
        "LPC Efficiency": 0.9,
        "LPT Power": 11.237162835592134,
        "LPT Efficiency": 0.91,
        "HP Shaft Speed": 15183.0,
        "HPC Power": 10.846138085574175,
        "HPC Efficiency": 0.89,
        "HPT Power": 11.221193443994483,
        "HPT Efficiency": 0.8999999999999998,
        "Burner Power": 5.932383509809551,
        "Burner Efficiency": 0.17517051769262404
    }
}