{
    "Stages": [
        "0. Fan Inlet",
        "1. LPC Inlet",
        "2. HPC Inlet",
        "3. Burner Inlet",
        "4. HPT Inlet",
        "5. LPT Inlet",
        "6. Core Nozz Inlet",
        "7. Core Nozz Outlet",
        "8. Byp Nozz Outlet"
    ],
    "Total Temperatures": [
        15.000057655676706,
        59.942033320834994,
        139.95697080771498,
        490.0797045301386,
        1352.7343749999998,
        1063.0718849036273,
        773.6988028182853,
        773.6988028182853,
        59.94203332083493
    ],
    "Static Temperatures": [
        1.2698087753191583,
        44.11029440122737,
        120.50659961430016,
        457.24213749954066,
        1297.1225692781557,
        1015.0017462564396,
        733.7973166182713,
        628.3850156144188,
        4.4391862677623966
    ],
    "Total Pressures": [
        99.29823547694355,
        158.87717676310967,
        317.75435352621935,
        2463.8374677716615,
        2266.7304703499262,
        849.7220661798187,
        266.1534031596836,
        266.1534031596836,
        158.87717676310967
    ],
    "Static Pressures": [
        84.124656235234,
        133.97926458691475,
        267.52254953831897,
        2085.636554660163,
        1937.1966847054541,
        723.9157255465024,
        226.40018648993546,
        143.82998862780852,
        84.07825298491282
    ],
    "Entropies": [
        6834.413225585567,
        6845.607178771453,
        6865.411001852655,
        6919.691364025088,
        7955.711943079836,
        7986.947211417074,
        8020.944447002917,
        8020.944447002917,
        6845.607178771453
    ],
    "Specifice Volumes": [
        0.9354134467594015,
        0.6780422909737055,
        0.42158869626980144,
        0.10047494283850703,
        0.23263488875460697,
        0.5106326309949183,
        1.276185178726821,
        1.798451984008351,
        0.9458112098493421
    ],
    "Performance": {
        "Thrust": 99999.99999999999,
        "OPR": 24.316249999999997,
        "T4": 1352.7343749999998,
        "Thermal Efficiency": 0.43268101748538185,
        "SFC": 0.053748172472747935,
        "TSFC": 7.676800049459932,
        "Air Mass Flow Rate": 189.20451022664477,
        "Fuel Mass Flow Rate": 0.7676800049459932,
        "Core EGT": 773.6988028182853,
        "Bypass EGT": 59.94203332083493,
        "FAR": 0.024750192395313706,
        "Specific Thrust": 0.5285286269350119
    },
    "Pressure Ratios": {
        "Fan": 1.6,
        "LPC": 2.0,
        "HPC": 7.75390625,
        "HPT": 2.6676139888195385,
        "LPT": 3.1926026723393512
    },
    "Mechanical Parameters": {
        "LP Shaft Speed": 5490.0,
        "Fan Power": 8.54947353332847,
        "Fan Efficiency": 0.92,
        "LPC Power": 2.5081148422826445,
        "LPC Efficiency": 0.9,
        "LPT Power": 11.283253444501138,
        "LPT Efficiency": 0.9099999999999998,
        "HP Shaft Speed": 15183.0,
        "HPC Power": 11.400425541798485,
        "HPC Efficiency": 0.89,
        "HPT Power": 11.786792889121331,
        "HPT Efficiency": 0.8999999999999999,
        "Burner Power": 5.881916601364296,
        "Burner Efficiency": 0.17818460463990576
    }
}