{
    "Stages": [
        "0. Fan Inlet",
        "1. LPC Inlet",
        "2. HPC Inlet",
        "3. Burner Inlet",
        "4. HPT Inlet",
        "5. LPT Inlet",
        "6. Core Nozz Inlet",
        "7. Core Nozz Outlet",
        "8. Byp Nozz Outlet"
    ],
    "Total Temperatures": [
        15.000057655676706,
        59.942033320834994,
        139.95697080771498,
        465.35933128613374,
        1442.9687499999998,
        1180.4460941101415,
        899.0648669790909,
        899.0648669790909,
        59.94203332083493
    ],
    "Static Temperatures": [
        1.2698087753191583,
        44.11029440122737,
        120.50659961430016,
        433.36534096391125,
        1385.5656713663961,
        1129.636232193267,
        855.9021560491963,
        741.3557772625985,
        4.4391862677623966
    ],
    "Total Pressures": [
        99.29823547694355,
        158.87717676310967,
        317.75435352621935,
        2190.767320210067,
        2015.5059345932634,
        864.3194734239255,
        303.2933264260401,
        303.2933264260401,
        158.87717676310967
    ],
    "Static Pressures": [
        84.124656235234,
        133.97926458691475,
        267.52254953831897,
        1855.212416988083,
        1721.372157749806,
        737.6750852067815,
        258.33896266753584,
        164.4723665418126,
        84.07825298491301
    ],
    "Entropies": [
        6834.413225585567,
        6845.607178771453,
        6865.411001852655,
        6917.410234982334,
        8074.732159107849,
        8101.22472025037,
        8131.478341374084,
        8131.478341374084,
        6845.607178771453
    ],
    "Specifice Volumes": [
        0.9354134467594015,
        0.6780422909737055,
        0.42158869626980144,
        0.10925757904430464,
        0.2765395157560947,
        0.5457672323212844,
        1.2543160115815217,
        1.7698721282636694,
        0.9458112098493399
    ],
    "Performance": {
        "Thrust": 99999.99999999999,
        "OPR": 21.621249999999996,
        "T4": 1442.9687499999998,
        "Thermal Efficiency": 0.3942909128969595,
        "SFC": 0.058981359176202584,
        "TSFC": 8.615311085171196,
        "Air Mass Flow Rate": 185.06057017348607,
        "Fuel Mass Flow Rate": 0.8615311085171196,
        "Core EGT": 899.0648669790909,
        "Bypass EGT": 59.94203332083493,
        "FAR": 0.028397944289417148,
        "Specific Thrust": 0.5403636220630598
    },
    "Pressure Ratios": {
        "Fan": 1.6,
        "LPC": 2.0,
        "HPC": 6.89453125,
        "HPT": 2.331899253188192,
        "LPT": 2.8497807175941765
    },
    "Mechanical Parameters": {
        "LP Shaft Speed": 5490.0,
        "Fan Power": 8.362223738036905,
        "Fan Efficiency": 0.92,
        "LPC Power": 2.4531823380817315,
        "LPC Efficiency": 0.9,
        "LPT Power": 11.036128649100649,
        "LPT Efficiency": 0.91,
        "HP Shaft Speed": 15183.0,
        "HPC Power": 10.335486181618615,
        "HPC Efficiency": 0.89,
        "HPT Power": 10.700120072611258,
        "HPT Efficiency": 0.8999999999999999,
        "Burner Power": 6.377698299417347,
        "Burner Efficiency": 0.17215694666907289
    }
}