{
    "Stages": [
        "0. Fan Inlet",
        "1. LPC Inlet",
        "2. HPC Inlet",
        "3. Burner Inlet",
        "4. HPT Inlet",
        "5. LPT Inlet",
        "6. Core Nozz Inlet",
        "7. Core Nozz Outlet",
        "8. Byp Nozz Outlet"
    ],
    "Total Temperatures": [
        15.000057655676706,
        59.94203332083493,
        139.95697080771524,
        477.6270005174788,
        1435.9374999999998,
        1162.473932608983,
        879.8907151891657,
        879.8907151891657,
        59.94203332083493
    ],
    "Static Temperatures": [
        1.2698087753191583,
        44.11029440122737,
        120.50659961430041,
        445.21883890532496,
        1378.6477388801814,
        1112.052081856809,
        837.2041895835598,
        724.0585309912473,
        4.4391862677624285
    ],
    "Total Pressures": [
        99.29823547694353,
        158.87717676310967,
        317.75435352621935,
        2321.096254273555,
        2135.408553931671,
        878.516289357696,
        303.3801751520215,
        303.38017515202154,
        158.87717676310967
    ],
    "Static Pressures": [
        84.12465623523386,
        133.97926458691458,
        267.5225495383185,
        1963.266548182828,
        1824.9329605914409,
        749.4932901296958,
        258.28267888556076,
        164.49207043551087,
        84.07825298491287
    ],
    "Entropies": [
        6834.413225585567,
        6845.607178771453,
        6865.411001852656,
        6918.610319835722,
        8050.911357902381,
        8078.760815917354,
        8109.459952598905,
        8109.459952598905,
        6845.607178771453
    ],
    "Specifice Volumes": [
        0.9354134467594029,
        0.678042290973705,
        0.4215886962698025,
        0.10503173826938672,
        0.25976834618024663,
        0.5303699645102543,
        1.2335709763638667,
        1.7397425691919344,
        0.9458112098493415
    ],
    "Performance": {
        "Thrust": 99999.99999999999,
        "OPR": 22.9075,
        "T4": 1435.9374999999998,
        "Thermal Efficiency": 0.3995721436654935,
        "SFC": 0.058201789894936344,
        "TSFC": 8.46713441606009,
        "Air Mass Flow Rate": 185.55143635352454,
        "Fuel Mass Flow Rate": 0.8467134416060088,
        "Core EGT": 879.8907151891657,
        "Bypass EGT": 59.94203332083493,
        "FAR": 0.027835688557840396,
        "Specific Thrust": 0.5389341196447197
    },
    "Pressure Ratios": {
        "Fan": 1.6,
        "LPC": 2.0,
        "HPC": 7.3046875,
        "HPT": 2.4306988724044083,
        "LPT": 2.895760373654675
    },
    "Mechanical Parameters": {
        "LP Shaft Speed": 5490.0,
        "Fan Power": 8.384404220994822,
        "Fan Efficiency": 0.92,
        "LPC Power": 2.459689311674781,
        "LPC Efficiency": 0.9,
        "LPT Power": 11.065401563948576,
        "LPT Efficiency": 0.9099999999999999,
        "HP Shaft Speed": 15183.0,
        "HPC Power": 10.76721786900335,
        "HPC Efficiency": 0.89,
        "HPT Power": 11.14066261075895,
        "HPT Efficiency": 0.9000000000000004,
        "Burner Power": 6.355031061405175,
        "Burner Efficiency": 0.17454715228372214
    }
}