{
    "Stages": [
        "0. Fan Inlet",
        "1. LPC Inlet",
        "2. HPC Inlet",
        "3. Burner Inlet",
        "4. HPT Inlet",
        "5. LPT Inlet",
        "6. Core Nozz Inlet",
        "7. Core Nozz Outlet",
        "8. Byp Nozz Outlet"
    ],
    "Total Temperatures": [
        15.000057655676706,
        59.942033320834994,
        139.95697080771498,
        517.3126944064135,
        1440.625,
        1132.8873599386466,
        848.3361597522296,
        848.3361597522296,
        59.94203332083493
    ],
    "Static Temperatures": [
        1.2698087753191583,
        44.11029440122737,
        120.50659961430016,
        483.56223973522015,
        1383.0988718201702,
        1083.1518079575444,
        806.4630172892874,
        695.5809356215943,
        4.4391862677623966
    ],
    "Total Pressures": [
        99.29823547694355,
        158.87717676310967,
        317.75435352621935,
        2792.7628727890374,
        2569.341842965917,
        937.5853201014509,
        315.886743653706,
        315.8867436537058,
        158.87717676310967
    ],
    "Static Pressures": [
        84.124656235234,
        133.97926458691475,
        267.52254953831897,
        2363.9555101850656,
        2196.078612297476,
        800.1851597663705,
        268.96591960681155,
        171.19788505599055,
        84.07825298491309
    ],
    "Entropies": [
        6834.413225585567,
        6845.607178771453,
        6865.411001852655,
        6922.117753748006,
        7997.780605665307,
        8029.758887685743,
        8061.349020364783,
        8061.349020364784,
        6845.607178771453
    ],
    "Specifice Volumes": [
        0.9354134467594015,
        0.6780422909737055,
        0.42158869626980144,
        0.09186629021698661,
        0.21644273016170903,
        0.486404653895257,
        1.1517586723530846,
        1.623653689349134,
        0.9458112098493389
    ],
    "Performance": {
        "Thrust": 99999.99999999999,
        "OPR": 27.562499999999996,
        "T4": 1440.625,
        "Thermal Efficiency": 0.4084986167246572,
        "SFC": 0.05692996989794858,
        "TSFC": 8.217502976690918,
        "Air Mass Flow Rate": 186.16141739453474,
        "Fuel Mass Flow Rate": 0.8217502976690917,
        "Core EGT": 848.3361597522296,
        "Bypass EGT": 59.94203332083493,
        "FAR": 0.02692650757572401,
        "Specific Thrust": 0.5371682349628251
    },
    "Pressure Ratios": {
        "Fan": 1.6,
        "LPC": 2.0,
        "HPC": 8.7890625,
        "HPT": 2.740381902190942,
        "LPT": 2.968105939669591
    },
    "Mechanical Parameters": {
        "LP Shaft Speed": 5490.0,
        "Fan Power": 8.41196707750233,
        "Fan Efficiency": 0.92,
        "LPC Power": 2.4677752843645147,
        "LPC Efficiency": 0.9,
        "LPT Power": 11.101777920272289,
        "LPT Efficiency": 0.9099999999999998,
        "HP Shaft Speed": 15183.0,
        "HPC Power": 12.125281905557545,
        "HPC Efficiency": 0.89,
        "HPT Power": 12.52644223989588,
        "HPT Efficiency": 0.8999999999999999,
        "Burner Power": 6.426191492792682,
        "Burner Efficiency": 0.1818634130219159
    }
}