{
    "Stages": [
        "0. Fan Inlet",
        "1. LPC Inlet",
        "2. HPC Inlet",
        "3. Burner Inlet",
        "4. HPT Inlet",
        "5. LPT Inlet",
        "6. Core Nozz Inlet",
        "7. Core Nozz Outlet",
        "8. Byp Nozz Outlet"
    ],
    "Total Temperatures": [
        15.000057655676706,
        59.942033320834994,
        139.95697080771498,
        469.6372158952086,
        1324.6093749999998,
        1051.2147308267886,
        761.026336508029,
        761.026336508029,
        59.94203332083493
    ],
    "Static Temperatures": [
        1.2698087753191583,
        44.11029440122737,
        120.50659961430016,
        437.4991715154113,
        1269.6694435507638,
        1003.4552990558011,
        721.4757281921819,
        617.0113323096416,
        4.4391862677623966
    ],
    "Total Pressures": [
        99.29823547694355,
        158.87717676310967,
        317.75435352621935,
        2234.21029823123,
        2055.4734743727336,
        803.9900606363791,
        248.50695603549818,
        248.50695603549812,
        158.87717676310967
    ],
    "Static Pressures": [
        84.124656235234,
        133.97926458691475,
        267.52254953831897,
        1892.9208937043966,
        1754.928727383512,
        685.902150784579,
        211.5855680234408,
        134.50767129127817,
        84.07825298491304
    ],
    "Entropies": [
        6834.413225585567,
        6845.607178771453,
        6865.411001852655,
        6917.828718900278,
        7960.174524504748,
        7989.772871852569,
        8024.276966130412,
        8024.276966130412,
        6845.607178771453
    ],
    "Specifice Volumes": [
        0.9354134467594015,
        0.6780422909737055,
        0.42158869626980144,
        0.10772133560410044,
        0.25232440445773996,
        0.5341212115024357,
        1.3491364809230724,
        1.89942838925264,
        0.9458112098493395
    ],
    "Performance": {
        "Thrust": 99999.99999999999,
        "OPR": 22.049999999999997,
        "T4": 1324.6093749999998,
        "Thermal Efficiency": 0.43728681628985977,
        "SFC": 0.05318206057708594,
        "TSFC": 7.5923791550897155,
        "Air Mass Flow Rate": 189.9900465249367,
        "Fuel Mass Flow Rate": 0.7592379155089715,
        "Core EGT": 761.026336508029,
        "Bypass EGT": 59.94203332083493,
        "FAR": 0.024376810097769243,
        "Specific Thrust": 0.5263433628712477
    },
    "Pressure Ratios": {
        "Fan": 1.6,
        "LPC": 2.0,
        "HPC": 7.03125,
        "HPT": 2.55659065330456,
        "LPT": 3.235281915092681
    },
    "Mechanical Parameters": {
        "LP Shaft Speed": 5490.0,
        "Fan Power": 8.584969102560256,
        "Fan Efficiency": 0.92,
        "LPC Power": 2.5185279938853085,
        "LPC Efficiency": 0.9,
        "LPT Power": 11.330099078005675,
        "LPT Efficiency": 0.9100000000000001,
        "HP Shaft Speed": 15183.0,
        "HPC Power": 10.755156426455672,
        "HPC Efficiency": 0.89,
        "HPT Power": 11.128355016322542,
        "HPT Efficiency": 0.9000000000000001,
        "Burner Power": 5.710374693311884,
        "Burner Efficiency": 0.17491145892436688
    }
}