{
    "Stages": [
        "0. Fan Inlet",
        "1. LPC Inlet",
        "2. HPC Inlet",
        "3. Burner Inlet",
        "4. HPT Inlet",
        "5. LPT Inlet",
        "6. Core Nozz Inlet",
        "7. Core Nozz Outlet",
        "8. Byp Nozz Outlet"
    ],
    "Total Temperatures": [
        15.000057655676706,
        59.942033320834994,
        139.95697080771498,
        517.3126944064134,
        1358.59375,
        1045.0630089544666,
        754.4753029953068,
        754.4753029953068,
        59.94203332083493
    ],
    "Static Temperatures": [
        1.2698087753191583,
        44.11029440122737,
        120.50659961430016,
        483.56223973521986,
        1302.7841740392323,
        997.4680274133158,
        715.079056597527,
        611.1041614662266,
        4.4391862677623966
    ],
    "Total Pressures": [
        99.29823547694355,
        158.87717676310967,
        317.75435352621935,
        2792.7628727890374,
        2569.341842965917,
        883.3007310999218,
        271.3473555249544,
        271.34735552495437,
        158.87717676310967
    ],
    "Static Pressures": [
        84.124656235234,
        133.97926458691475,
        267.52254953831897,
        2363.9555101850665,
        2195.624964116977,
        753.2235252226177,
        230.77530505476932,
        146.56725526027455,
        84.07825298491304
    ],
    "Entropies": [
        6834.413225585567,
        6845.607178771453,
        6865.411001852655,
        6922.117753748006,
        7922.770759086734,
        7957.010796181731,
        7991.77564620318,
        7991.77564620318,
        6845.607178771453
    ],
    "Specifice Volumes": [
        0.9354134467594015,
        0.6780422909737055,
        0.42158869626980144,
        0.09186629021698656,
        0.2060067603902239,
        0.4841413016033338,
        1.2288839214416403,
        1.7312271992174701,
        0.9458112098493393
    ],
    "Performance": {
        "Thrust": 99999.99999999999,
        "OPR": 27.562499999999996,
        "T4": 1358.59375,
        "Thermal Efficiency": 0.43916316095281754,
        "SFC": 0.05295483779429967,
        "TSFC": 7.527074429513433,
        "Air Mass Flow Rate": 189.61742540706672,
        "Fuel Mass Flow Rate": 0.7527074429513432,
        "Core EGT": 754.4753029953068,
        "Bypass EGT": 59.94203332083493,
        "FAR": 0.024214627912736524,
        "Specific Thrust": 0.5273776910815137
    },
    "Pressure Ratios": {
        "Fan": 1.6,
        "LPC": 2.0,
        "HPC": 8.7890625,
        "HPT": 2.90879623722995,
        "LPT": 3.255239872859896
    },
    "Mechanical Parameters": {
        "LP Shaft Speed": 5490.0,
        "Fan Power": 8.568131690062147,
        "Fan Efficiency": 0.92,
        "LPC Power": 2.5135884892447566,
        "LPC Efficiency": 0.9,
        "LPT Power": 11.307877733986638,
        "LPT Efficiency": 0.9099999999999998,
        "HP Shaft Speed": 15183.0,
        "HPC Power": 12.350382638063278,
        "HPC Efficiency": 0.89,
        "HPT Power": 12.756136864901732,
        "HPT Efficiency": 0.9000000000000001,
        "Burner Power": 5.926269631876476,
        "Burner Efficiency": 0.18309932403051365
    }
}