{
    "Stages": [
        "0. Fan Inlet",
        "1. LPC Inlet",
        "2. HPC Inlet",
        "3. Burner Inlet",
        "4. HPT Inlet",
        "5. LPT Inlet",
        "6. Core Nozz Inlet",
        "7. Core Nozz Outlet",
        "8. Byp Nozz Outlet"
    ],
    "Total Temperatures": [
        15.000057655676706,
        59.94203332083493,
        139.95697080771544,
        514.0235595972827,
        1448.8281249999998,
        1144.5566257736962,
        860.8163259326931,
        860.8163259326931,
        59.94203332083487
    ],
    "Static Temperatures": [
        1.2698087753191583,
        44.11029440122737,
        120.50659961430054,
        480.38240379744485,
        1391.1611918291708,
        1094.5776791811968,
        818.6243375642421,
        706.825036528715,
        4.4391862677623966
    ],
    "Total Pressures": [
        99.29823547694355,
        158.87717676310967,
        317.75435352621935,
        2749.3198947678743,
        2529.3743031864446,
        937.2365457568463,
        319.17988460660865,
        319.1798846066086,
        158.87717676310967
    ],
    "Static Pressures": [
        84.124656235234,
        133.97926458691455,
        267.52254953831886,
        2326.3878920608768,
        2162.0066145168917,
        800.3303851834888,
        271.86735564224074,
        173.0409010191564,
        84.07825298491301
    ],
    "Entropies": [
        6834.413225585567,
        6845.607178771453,
        6865.411001852656,
        6921.996969449503,
        8010.127237277125,
        8041.54839576546,
        8072.892422104378,
        8072.892422104378,
        6845.607178771453
    ],
    "Specifice Volumes": [
        0.9354134467594015,
        0.678042290973704,
        0.42158869626980217,
        0.09297207224362516,
        0.22092090243967544,
        0.4904643724462146,
        1.1524666717499519,
        1.6249488929374467,
        0.9458112098493399
    ],
    "Performance": {
        "Thrust": 99999.99999999999,
        "OPR": 27.13375,
        "T4": 1448.8281249999998,
        "Thermal Efficiency": 0.40481585348951504,
        "SFC": 0.05744788340926651,
        "TSFC": 8.311584428532734,
        "Air Mass Flow Rate": 185.77488265732572,
        "Fuel Mass Flow Rate": 0.8311584428532733,
        "Core EGT": 860.8163259326931,
        "Bypass EGT": 59.94203332083487,
        "FAR": 0.02729145312263255,
        "Specific Thrust": 0.5382859004920311
    },
    "Pressure Ratios": {
        "Fan": 1.6,
        "LPC": 2.0,
        "HPC": 8.65234375,
        "HPT": 2.6987576558315887,
        "LPT": 2.9363897631330884
    },
    "Mechanical Parameters": {
        "LP Shaft Speed": 5490.0,
        "Fan Power": 8.394500958425546,
        "Fan Efficiency": 0.92,
        "LPC Power": 2.4626513393259546,
        "LPC Efficiency": 0.9,
        "LPT Power": 11.078726834440305,
        "LPT Efficiency": 0.9099999999999999,
        "HP Shaft Speed": 15183.0,
        "HPC Power": 11.989939002475353,
        "HPC Efficiency": 0.89,
        "HPT Power": 12.388337236750786,
        "HPT Efficiency": 0.9000000000000006,
        "Burner Power": 6.474609064291371,
        "Burner Efficiency": 0.1811595672466874
    }
}