{
    "Stages": [
        "0. Fan Inlet",
        "1. LPC Inlet",
        "2. HPC Inlet",
        "3. Burner Inlet",
        "4. HPT Inlet",
        "5. LPT Inlet",
        "6. Core Nozz Inlet",
        "7. Core Nozz Outlet",
        "8. Byp Nozz Outlet"
    ],
    "Total Temperatures": [
        15.000057655676706,
        59.942033320834994,
        139.95697080771498,
        487.8845485168301,
        1321.0937499999998,
        1031.3052801025046,
        739.6797285880778,
        739.6797285880778,
        59.94203332083493
    ],
    "Static Temperatures": [
        1.2698087753191583,
        44.11029440122737,
        120.50659961430016,
        455.120360197748,
        1266.1695202270844,
        984.0199068892288,
        700.6923342759673,
        597.8279977779051,
        4.4391862677623966
    ],
    "Total Pressures": [
        99.29823547694355,
        158.87717676310967,
        317.75435352621935,
        2439.012908902426,
        2243.891876190232,
        826.0138596217465,
        249.527049284437,
        249.52704928443686,
        158.87717676310967
    ],
    "Static Pressures": [
        84.124656235234,
        133.97926458691475,
        267.52254953831897,
        2064.1299941370967,
        1917.2141387556073,
        703.351768210851,
        212.2392415459118,
        134.83788201736795,
        84.07825298491309
    ],
    "Entropies": [
        6834.413225585567,
        6845.607178771453,
        6865.411001852655,
        6919.478301538912,
        7929.526488842052,
        7961.355939735519,
        7996.550131142837,
        7996.550131142837,
        6845.607178771453
    ],
    "Specifice Volumes": [
        0.9354134467594015,
        0.6780422909737055,
        0.42158869626980144,
        0.10123167738155826,
        0.23043417032050098,
        0.5129299679412476,
        1.3165494919353764,
        1.8532587666764302,
        0.9458112098493389
    ],
    "Performance": {
        "Thrust": 99999.99999999999,
        "OPR": 24.071249999999996,
        "T4": 1321.0937499999998,
        "Thermal Efficiency": 0.44479030519363794,
        "SFC": 0.05228489398698569,
        "TSFC": 7.429051520015334,
        "Air Mass Flow Rate": 190.57611735920227,
        "Fuel Mass Flow Rate": 0.7429051520015334,
        "Core EGT": 739.6797285880778,
        "Bypass EGT": 59.94203332083493,
        "FAR": 0.023779062612907888,
        "Specific Thrust": 0.524724720944533
    },
    "Pressure Ratios": {
        "Fan": 1.6,
        "LPC": 2.0,
        "HPC": 7.67578125,
        "HPT": 2.7165305400780673,
        "LPT": 3.3103179073791296
    },
    "Mechanical Parameters": {
        "LP Shaft Speed": 5490.0,
        "Fan Power": 8.611451542541243,
        "Fan Efficiency": 0.92,
        "LPC Power": 2.5262970103653575,
        "LPC Efficiency": 0.9,
        "LPT Power": 11.365049543782245,
        "LPT Efficiency": 0.9099999999999999,
        "HP Shaft Speed": 15183.0,
        "HPC Power": 11.408200019792302,
        "HPC Efficiency": 0.89,
        "HPT Power": 11.794726029931354,
        "HPT Efficiency": 0.9000000000000001,
        "Burner Power": 5.699130946533554,
        "Burner Efficiency": 0.1784049129718229
    }
}