{
    "Stages": [
        "0. Fan Inlet",
        "1. LPC Inlet",
        "2. HPC Inlet",
        "3. Burner Inlet",
        "4. HPT Inlet",
        "5. LPT Inlet",
        "6. Core Nozz Inlet",
        "7. Core Nozz Outlet",
        "8. Byp Nozz Outlet"
    ],
    "Total Temperatures": [
        15.000057655676706,
        59.942033320834994,
        139.95697080771498,
        521.6313439055914,
        1449.9999999999998,
        1139.1237857896954,
        855.0194436798386,
        855.0194436798386,
        59.94203332083493
    ],
    "Static Temperatures": [
        1.2698087753191583,
        44.11029440122737,
        120.50659961430016,
        487.7374815288386,
        1392.2866846747231,
        1089.258298403389,
        812.964700350951,
        701.5924493712166,
        4.4391862677623966
    ],
    "Total Pressures": [
        99.29823547694355,
        158.87717676310967,
        317.75435352621935,
        2848.618130244818,
        2620.7286798252353,
        951.7653276106714,
        322.1647620675637,
        322.1647620675637,
        158.87717676310967
    ],
    "Static Pressures": [
        84.124656235234,
        133.97926458691475,
        267.52254953831897,
        2412.2606016108566,
        2240.835631032338,
        811.3342299061543,
        274.3534599090106,
        174.64483641775513,
        84.078252984913
    ],
    "Entropies": [
        6834.413225585567,
        6845.607178771453,
        6865.411001852655,
        6922.395843979485,
        7999.726403087578,
        8031.938550876209,
        8063.4082141752315,
        8063.4082141752315,
        6845.607178771453
    ],
    "Specifice Volumes": [
        0.9354134467594015,
        0.6780422909737055,
        0.42158869626980144,
        0.09050950584395724,
        0.2132938867732531,
        0.481898774869958,
        1.1359919268774787,
        1.6014017301543197,
        0.9458112098493399
    ],
    "Performance": {
        "Thrust": 99999.99999999999,
        "OPR": 28.11375,
        "T4": 1449.9999999999998,
        "Thermal Efficiency": 0.40647007179677214,
        "SFC": 0.05721408676089655,
        "TSFC": 8.265473280042704,
        "Air Mass Flow Rate": 185.87923221281304,
        "Fuel Mass Flow Rate": 0.8265473280042702,
        "Core EGT": 855.0194436798386,
        "Bypass EGT": 59.94203332083493,
        "FAR": 0.027124809161324353,
        "Specific Thrust": 0.5379837156068626
    },
    "Pressure Ratios": {
        "Fan": 1.6,
        "LPC": 2.0,
        "HPC": 8.96484375,
        "HPT": 2.753545021864118,
        "LPT": 2.954281286080143
    },
    "Mechanical Parameters": {
        "LP Shaft Speed": 5490.0,
        "Fan Power": 8.399216140752795,
        "Fan Efficiency": 0.92,
        "LPC Power": 2.4640346079837006,
        "LPC Efficiency": 0.9,
        "LPT Power": 11.08494974360867,
        "LPT Efficiency": 0.9099999999999999,
        "HP Shaft Speed": 15183.0,
        "HPC Power": 12.251632933125943,
        "HPC Efficiency": 0.89,
        "HPT Power": 12.655371859863637,
        "HPT Efficiency": 0.8999999999999999,
        "Burner Power": 6.488439899821259,
        "Burner Efficiency": 0.1825593599376494
    }
}