{
    "Stages": [
        "0. Fan Inlet",
        "1. LPC Inlet",
        "2. HPC Inlet",
        "3. Burner Inlet",
        "4. HPT Inlet",
        "5. LPT Inlet",
        "6. Core Nozz Inlet",
        "7. Core Nozz Outlet",
        "8. Byp Nozz Outlet"
    ],
    "Total Temperatures": [
        15.000057655676706,
        59.942033320834994,
        139.95697080771498,
        521.6313439055914,
        1420.703125,
        1107.7449904414575,
        821.5203110496009,
        821.5203110496009,
        59.94203332083493
    ],
    "Static Temperatures": [
        1.2698087753191583,
        44.11029440122737,
        120.50659961430016,
        487.7374815288386,
        1363.5846223259878,
        1058.6297656858094,
        780.3394802025792,
        671.3972213623144,
        4.4391862677623966
    ],
    "Total Pressures": [
        99.29823547694355,
        158.87717676310967,
        317.75435352621935,
        2848.618130244818,
        2620.7286798252353,
        931.2503800383087,
        306.1533319954519,
        306.153331995452,
        158.87717676310967
    ],
    "Static Pressures": [
        84.124656235234,
        133.97926458691475,
        267.52254953831897,
        2412.2606016108584,
        2240.5683191812695,
        794.8809925342126,
        260.4501132970094,
        165.59473321361045,
        84.07825298491309
    ],
    "Entropies": [
        6834.413225585567,
        6845.607178771453,
        6865.411001852655,
        6922.395843979485,
        7973.298979872977,
        8006.286046041271,
        8038.788702412895,
        8038.788702412894,
        6845.607178771453
    ],
    "Specifice Volumes": [
        0.9354134467594015,
        0.6780422909737055,
        0.42158869626980144,
        0.09050950584395717,
        0.20964712145403233,
        0.4808367882264903,
        1.1607077547393363,
        1.636589307338885,
        0.9458112098493389
    ],
    "Performance": {
        "Thrust": 99999.99999999999,
        "OPR": 28.11375,
        "T4": 1420.703125,
        "Thermal Efficiency": 0.41671761653756056,
        "SFC": 0.055807129409879946,
        "TSFC": 8.017527244821274,
        "Air Mass Flow Rate": 187.06255519071,
        "Fuel Mass Flow Rate": 0.8017527244821272,
        "Core EGT": 821.5203110496009,
        "Bypass EGT": 59.94203332083493,
        "FAR": 0.026144685206266557,
        "Specific Thrust": 0.5345805305505965
    },
    "Pressure Ratios": {
        "Fan": 1.6,
        "LPC": 2.0,
        "HPC": 8.96484375,
        "HPT": 2.814204145309907,
        "LPT": 3.0417777065125753
    },
    "Mechanical Parameters": {
        "LP Shaft Speed": 5490.0,
        "Fan Power": 8.452686264000864,
        "Fan Efficiency": 0.92,
        "LPC Power": 2.479720861554094,
        "LPC Efficiency": 0.9,
        "LPT Power": 11.15551747505608,
        "LPT Efficiency": 0.9099999999999999,
        "HP Shaft Speed": 15183.0,
        "HPC Power": 12.329627868837363,
        "HPC Efficiency": 0.89,
        "HPT Power": 12.734958528956925,
        "HPT Efficiency": 0.8999999999999998,
        "Burner Power": 6.306645576549858,
        "Burner Efficiency": 0.1829319336502029
    }
}