{
    "Stages": [
        "0. Fan Inlet",
        "1. LPC Inlet",
        "2. HPC Inlet",
        "3. Burner Inlet",
        "4. HPT Inlet",
        "5. LPT Inlet",
        "6. Core Nozz Inlet",
        "7. Core Nozz Outlet",
        "8. Byp Nozz Outlet"
    ],
    "Total Temperatures": [
        15.000057655676706,
        59.942033320834994,
        139.95697080771498,
        531.9597218177287,
        1410.15625,
        1087.239812861748,
        799.5906467925496,
        799.5906467925496,
        59.94203332083493
    ],
    "Static Temperatures": [
        1.2698087753191583,
        44.11029440122737,
        120.50659961430016,
        497.7233602113603,
        1353.2015651529741,
        1038.6082025052172,
        759.012617224697,
        651.6969020024337,
        4.4391862677623966
    ],
    "Total Pressures": [
        99.29823547694355,
        158.87717676310967,
        317.75435352621935,
        2978.9470643083064,
        2740.6312991636423,
        932.8925272349042,
        300.22815594586524,
        300.22815594586524,
        158.87717676310967
    ],
    "Static Pressures": [
        84.124656235234,
        133.97926458691475,
        267.52254953831897,
        2524.9856317544168,
        2340.0777663232134,
        796.0796604589226,
        255.4178966687122,
        162.3669888133013,
        84.07825298491285
    ],
    "Entropies": [
        6834.413225585567,
        6845.607178771453,
        6865.411001852655,
        6923.388821917921,
        7950.202383637649,
        7984.679880073722,
        8017.862980110691,
        8017.862980110691,
        6845.607178771453
    ],
    "Specifice Volumes": [
        0.9354134467594015,
        0.6780422909737034,
        0.42158869626980144,
        0.08759234947602401,
        0.1994538017594538,
        0.47286820585096406,
        1.1596924871195864,
        1.6348039954449975,
        0.9458112098493415
    ],
    "Performance": {
        "Thrust": 99999.99999999999,
        "OPR": 29.4,
        "T4": 1410.15625,
        "Thermal Efficiency": 0.4236394797044819,
        "SFC": 0.05489529438972715,
        "TSFC": 7.854025600418928,
        "Air Mass Flow Rate": 187.7598077845399,
        "Fuel Mass Flow Rate": 0.7854025600418927,
        "Core EGT": 799.5906467925496,
        "Bypass EGT": 59.94203332083493,
        "FAR": 0.025516406694202166,
        "Specific Thrust": 0.532595347108328
    },
    "Pressure Ratios": {
        "Fan": 1.6,
        "LPC": 2.0,
        "HPC": 9.375,
        "HPT": 2.9377781675292205,
        "LPT": 3.1072786104814543
    },
    "Mechanical Parameters": {
        "LP Shaft Speed": 5490.0,
        "Fan Power": 8.484192609118393,
        "Fan Efficiency": 0.92,
        "LPC Power": 2.4889637151061055,
        "LPC Efficiency": 0.9,
        "LPT Power": 11.197098290024998,
        "LPT Efficiency": 0.9099999999999999,
        "HP Shaft Speed": 15183.0,
        "HPC Power": 12.725221426892187,
        "HPC Efficiency": 0.89,
        "HPT Power": 13.138625424931227,
        "HPT Efficiency": 0.9000000000000002,
        "Burner Power": 6.246719983117888,
        "Burner Efficiency": 0.18496572985346382
    }
}