{
    "Stages": [
        "0. Fan Inlet",
        "1. LPC Inlet",
        "2. HPC Inlet",
        "3. Burner Inlet",
        "4. HPT Inlet",
        "5. LPT Inlet",
        "6. Core Nozz Inlet",
        "7. Core Nozz Outlet",
        "8. Byp Nozz Outlet"
    ],
    "Total Temperatures": [
        15.000057655676706,
        59.9420333208348,
        139.95697080771498,
        478.6812425631708,
        1441.7968749999998,
        1167.7863596161203,
        885.5587515390113,
        885.5587515390113,
        59.9420333208348
    ],
    "Static Temperatures": [
        1.2698087753191583,
        44.11029440122724,
        120.50659961430016,
        446.23009159399163,
        1384.3722938826195,
        1117.2371653148098,
        842.7191928322256,
        729.1600361935506,
        4.4391862677623335
    ],
    "Total Pressures": [
        99.29823547694353,
        158.87717676310967,
        317.75435352621935,
        2333.508533708173,
        2146.827851011522,
        883.4300228102992,
        306.6668326889925,
        306.6668326889925,
        158.87717676310967
    ],
    "Static Pressures": [
        84.12465623523386,
        133.97926458691467,
        267.5225495383192,
        1973.0733837784035,
        1834.545987047477,
        753.709498826873,
        261.09111302791445,
        166.27733913280434,
        84.07825298491306
    ],
    "Entropies": [
        6834.413225585567,
        6845.607178771453,
        6865.411001852655,
        6918.713451166558,
        8054.561611589037,
        8082.452649845394,
        8112.9597463885475,
        8112.9597463885475,
        6845.607178771453
    ],
    "Specifice Volumes": [
        0.9354134467594029,
        0.6780422909737033,
        0.4215886962698013,
        0.1046503598919687,
        0.25929419563349565,
        0.5293766742384748,
        1.2263619292736432,
        1.7296877743460688,
        0.9458112098493389
    ],
    "Performance": {
        "Thrust": 99999.99999999999,
        "OPR": 23.03,
        "T4": 1441.7968749999998,
        "Thermal Efficiency": 0.39795937244642726,
        "SFC": 0.05843765862461007,
        "TSFC": 8.508871551513185,
        "Air Mass Flow Rate": 185.34608637151803,
        "Fuel Mass Flow Rate": 0.8508871551513184,
        "Core EGT": 885.5587515390113,
        "Bypass EGT": 59.9420333208348,
        "FAR": 0.028003891250334208,
        "Specific Thrust": 0.5395312194483266
    },
    "Pressure Ratios": {
        "Fan": 1.6,
        "LPC": 2.0,
        "HPC": 7.34375,
        "HPT": 2.4301051533001545,
        "LPT": 2.8807485148100795
    },
    "Mechanical Parameters": {
        "LP Shaft Speed": 5490.0,
        "Fan Power": 8.37512519147204,
        "Fan Efficiency": 0.92,
        "LPC Power": 2.456967170764309,
        "LPC Efficiency": 0.9,
        "LPT Power": 11.053155471669745,
        "LPT Efficiency": 0.9099999999999999,
        "HP Shaft Speed": 15183.0,
        "HPC Power": 10.790009003401412,
        "HPC Efficiency": 0.89,
        "HPT Power": 11.163918870348809,
        "HPT Efficiency": 0.9000000000000002,
        "Burner Power": 6.390761475203821,
        "Burner Efficiency": 0.1746675325731419
    }
}