{
    "Stages": [
        "0. Fan Inlet",
        "1. LPC Inlet",
        "2. HPC Inlet",
        "3. Burner Inlet",
        "4. HPT Inlet",
        "5. LPT Inlet",
        "6. Core Nozz Inlet",
        "7. Core Nozz Outlet",
        "8. Byp Nozz Outlet"
    ],
    "Total Temperatures": [
        15.000057655676706,
        59.94203332083493,
        139.95697080771544,
        476.57275839292697,
        1349.21875,
        1071.259013429102,
        782.481113185233,
        782.481113185233,
        59.94203332083487
    ],
    "Static Temperatures": [
        1.2698087753191583,
        44.11029440122737,
        120.50659961430054,
        444.20142795306356,
        1293.7167111425842,
        1023.012710035486,
        742.3361892598372,
        636.2665854256327,
        4.4391862677623966
    ],
    "Total Pressures": [
        99.29823547694355,
        158.87717676310967,
        317.75435352621935,
        2308.6839748389375,
        2123.9892568518226,
        826.7158777213335,
        261.61594253795374,
        261.61594253795363,
        158.87717676310967
    ],
    "Static Pressures": [
        84.124656235234,
        133.97926458691455,
        267.52254953831886,
        1954.0585361484334,
        1813.9237092838366,
        704.4265766066741,
        222.4645598571668,
        141.31787886407983,
        84.078252984913
    ],
    "Entropies": [
        6834.413225585567,
        6845.607178771453,
        6865.411001852656,
        6918.507188506357,
        7973.160674944598,
        8002.959542335463,
        8036.605699463285,
        8036.605699463285,
        6845.607178771453
    ],
    "Specifice Volumes": [
        0.9354134467594015,
        0.678042290973704,
        0.42158869626980217,
        0.10537249429621352,
        0.24789929488670262,
        0.5280604994957773,
        1.3097985789534212,
        1.8463654915030245,
        0.9458112098493398
    ],
    "Performance": {
        "Thrust": 99999.99999999999,
        "OPR": 22.784999999999997,
        "T4": 1349.21875,
        "Thermal Efficiency": 0.4298137739312025,
        "SFC": 0.05410672101264669,
        "TSFC": 7.747416220635947,
        "Air Mass Flow Rate": 189.07781403565005,
        "Fuel Mass Flow Rate": 0.7747416220635946,
        "Core EGT": 782.481113185233,
        "Bypass EGT": 59.94203332083487,
        "FAR": 0.02499459769350236,
        "Specific Thrust": 0.5288827804046079
    },
    "Pressure Ratios": {
        "Fan": 1.6,
        "LPC": 2.0,
        "HPC": 7.265625,
        "HPT": 2.5691889004311212,
        "LPT": 3.1600363101013933
    },
    "Mechanical Parameters": {
        "LP Shaft Speed": 5490.0,
        "Fan Power": 8.543748586653637,
        "Fan Efficiency": 0.92,
        "LPC Power": 2.506435344279605,
        "LPC Efficiency": 0.9,
        "LPT Power": 11.275697888707391,
        "LPT Efficiency": 0.9099999999999999,
        "HP Shaft Speed": 15183.0,
        "HPC Power": 10.936441240600676,
        "HPC Efficiency": 0.89,
        "HPT Power": 11.313339520552137,
        "HPT Efficiency": 0.9,
        "Burner Power": 5.853966810776253,
        "Burner Efficiency": 0.17572150400115363
    }
}