{
    "Stages": [
        "0. Fan Inlet",
        "1. LPC Inlet",
        "2. HPC Inlet",
        "3. Burner Inlet",
        "4. HPT Inlet",
        "5. LPT Inlet",
        "6. Core Nozz Inlet",
        "7. Core Nozz Outlet",
        "8. Byp Nozz Outlet"
    ],
    "Total Temperatures": [
        15.000057655676706,
        59.942033320834994,
        139.95697080771498,
        496.6651701031613,
        1366.7968749999998,
        1072.2030031438098,
        783.5024722683837,
        783.5024722683837,
        59.94203332083493
    ],
    "Static Temperatures": [
        1.2698087753191583,
        44.11029440122737,
        120.50659961430016,
        463.60765519740545,
        1310.85898669805,
        1023.9375349772013,
        743.3301844972938,
        637.1862905993345,
        4.4391862677623966
    ],
    "Total Pressures": [
        99.29823547694355,
        158.87717676310967,
        317.75435352621935,
        2538.311144379369,
        2335.24625282902,
        864.7595314051912,
        273.56334944507444,
        273.56334944507427,
        158.87717676310967
    ],
    "Static Pressures": [
        84.124656235234,
        133.97926458691475,
        267.52254953831897,
        2150.1582767599384,
        1993.3808253214493,
        737.2834372522224,
        232.7673812952752,
        147.93119138424197,
        84.07825298491285
    ],
    "Entropies": [
        6834.413225585567,
        6845.607178771453,
        6865.411001852655,
        6920.330551481513,
        7959.845416124695,
        7991.458292455795,
        8025.066215915123,
        8025.066215915124,
        6845.607178771453
    ],
    "Specifice Volumes": [
        0.9354134467594015,
        0.6780422909737055,
        0.42158869626980144,
        0.0983051622400377,
        0.22805492964624258,
        0.5048941159500321,
        1.2530633001600884,
        1.765617613772618,
        0.9458112098493415
    ],
    "Performance": {
        "Thrust": 99999.99999999999,
        "OPR": 25.051249999999996,
        "T4": 1366.7968749999998,
        "Thermal Efficiency": 0.4292890112539574,
        "SFC": 0.0541728610419305,
        "TSFC": 7.746689204787108,
        "Air Mass Flow Rate": 188.75899839122124,
        "Fuel Mass Flow Rate": 0.7746689204787106,
        "Core EGT": 783.5024722683837,
        "Bypass EGT": 59.94203332083493,
        "FAR": 0.025034464344455363,
        "Specific Thrust": 0.5297760681731333
    },
    "Pressure Ratios": {
        "Fan": 1.6,
        "LPC": 2.0,
        "HPC": 7.98828125,
        "HPT": 2.700457373432312,
        "LPT": 3.161094251694765
    },
    "Mechanical Parameters": {
        "LP Shaft Speed": 5490.0,
        "Fan Power": 8.529342450611809,
        "Fan Efficiency": 0.92,
        "LPC Power": 2.5022090906412067,
        "LPC Efficiency": 0.9,
        "LPT Power": 11.256685246176549,
        "LPT Efficiency": 0.91,
        "HP Shaft Speed": 15183.0,
        "HPC Power": 11.59605290941904,
        "HPC Efficiency": 0.89,
        "HPT Power": 11.98641265199945,
        "HPT Efficiency": 0.8999999999999999,
        "Burner Power": 5.967757365174883,
        "Burner Efficiency": 0.17915402481656825
    }
}