{
    "Stages": [
        "0. Fan Inlet",
        "1. LPC Inlet",
        "2. HPC Inlet",
        "3. Burner Inlet",
        "4. HPT Inlet",
        "5. LPT Inlet",
        "6. Core Nozz Inlet",
        "7. Core Nozz Outlet",
        "8. Byp Nozz Outlet"
    ],
    "Total Temperatures": [
        15.000057655676706,
        59.94203332083493,
        139.95697080771544,
        488.9821265748788,
        1399.6093749999998,
        1113.9413886444995,
        828.1210755878324,
        828.1210755878324,
        59.94203332083487
    ],
    "Static Temperatures": [
        1.2698087753191583,
        44.11029440122737,
        120.50659961430054,
        456.18124497821134,
        1343.0222893100986,
        1064.6870988529986,
        786.7889368916506,
        677.3539877532797,
        4.4391862677623966
    ],
    "Total Pressures": [
        99.29823547694355,
        158.87717676310967,
        317.75435352621935,
        2451.425188337044,
        2255.3111732700827,
        876.595649333454,
        288.5691980267288,
        288.5691980267288,
        158.87717676310967
    ],
    "Static Pressures": [
        84.124656235234,
        133.97926458691455,
        267.5225495383194,
        2074.8832318902305,
        1927.9191395340158,
        747.9013792574275,
        245.78815550242226,
        156.39806307823366,
        84.07825298491292
    ],
    "Entropies": [
        6834.413225585567,
        6845.607178771453,
        6865.411001852656,
        6919.584832782046,
        8000.604432987288,
        8030.527469845605,
        8062.840041093281,
        8062.840041093281,
        6845.607178771453
    ],
    "Specifice Volumes": [
        0.9354134467594015,
        0.678042290973704,
        0.4215886962698011,
        0.10085114421657976,
        0.24059094367589567,
        0.5133913861581395,
        1.2376555494391743,
        1.7438954674619487,
        0.9458112098493406
    ],
    "Performance": {
        "Thrust": 99999.99999999999,
        "OPR": 24.193749999999998,
        "T4": 1399.6093749999998,
        "Thermal Efficiency": 0.4149281303393457,
        "SFC": 0.0560478122668347,
        "TSFC": 8.077504518484789,
        "Air Mass Flow Rate": 187.21114324387875,
        "Fuel Mass Flow Rate": 0.8077504518484788,
        "Core EGT": 828.1210755878324,
        "Bypass EGT": 59.94203332083487,
        "FAR": 0.026319361502199618,
        "Specific Thrust": 0.5341562380703515
    },
    "Pressure Ratios": {
        "Fan": 1.6,
        "LPC": 2.0,
        "HPC": 7.71484375,
        "HPT": 2.572806715370965,
        "LPT": 3.037731176188316
    },
    "Mechanical Parameters": {
        "LP Shaft Speed": 5490.0,
        "Fan Power": 8.459400425446649,
        "Fan Efficiency": 0.92,
        "LPC Power": 2.4816905603794277,
        "LPC Efficiency": 0.9,
        "LPT Power": 11.164378556965387,
        "LPT Efficiency": 0.9099999999999997,
        "HP Shaft Speed": 15183.0,
        "HPC Power": 11.243541658654836,
        "HPC Efficiency": 0.89,
        "HPT Power": 11.626707294076796,
        "HPT Efficiency": 0.9000000000000002,
        "Burner Power": 6.15468650514574,
        "Burner Efficiency": 0.17719859391990067
    }
}