{
    "Stages": [
        "0. Fan Inlet",
        "1. LPC Inlet",
        "2. HPC Inlet",
        "3. Burner Inlet",
        "4. HPT Inlet",
        "5. LPT Inlet",
        "6. Core Nozz Inlet",
        "7. Core Nozz Outlet",
        "8. Byp Nozz Outlet"
    ],
    "Total Temperatures": [
        15.000057655676706,
        59.942033320834994,
        139.95697080771498,
        508.3455912287868,
        1371.4843749999998,
        1066.8544932474585,
        777.7657457971663,
        777.7657457971663,
        59.94203332083493
    ],
    "Static Temperatures": [
        1.2698087753191583,
        44.11029440122737,
        120.50659961430016,
        474.8986579826449,
        1315.3984069799335,
        1018.7037165981696,
        737.7524524922693,
        632.0378312936606,
        4.4391862677623966
    ],
    "Total Pressures": [
        99.29823547694355,
        158.87717676310967,
        317.75435352621935,
        2674.8462181601667,
        2460.858520707354,
        879.3772748736988,
        276.4022881537684,
        276.4022881537681,
        158.87717676310967
    ],
    "Static Pressures": [
        84.124656235234,
        133.97926458691475,
        267.52254953831897,
        2264.605941250411,
        2101.390158987959,
        749.6540896517095,
        235.23028481478664,
        149.5027123132151,
        84.07825298491304
    ],
    "Entropies": [
        6834.413225585567,
        6845.607178771453,
        6865.411001852655,
        6921.464258140945,
        7948.322323411514,
        7981.138763190059,
        8014.972996028751,
        8014.972996028751,
        6845.607178771453
    ],
    "Specifice Volumes": [
        0.9354134467594015,
        0.6780422909737055,
        0.42158869626980144,
        0.09479537177610697,
        0.21694729326033627,
        0.49452895974125094,
        1.233092091663029,
        1.7371637516396927,
        0.9458112098493395
    ],
    "Performance": {
        "Thrust": 99999.99999999999,
        "OPR": 26.39875,
        "T4": 1371.4843749999998,
        "Thermal Efficiency": 0.431124413919206,
        "SFC": 0.053942233848641614,
        "TSFC": 7.701503347684519,
        "Air Mass Flow Rate": 188.8513933408216,
        "Fuel Mass Flow Rate": 0.7701503347684518,
        "Core EGT": 777.7657457971663,
        "Bypass EGT": 59.94203332083493,
        "FAR": 0.024876263600603608,
        "Specific Thrust": 0.52951687689976
    },
    "Pressure Ratios": {
        "Fan": 1.6,
        "LPC": 2.0,
        "HPC": 8.41796875,
        "HPT": 2.798410410435949,
        "LPT": 3.181512283228577
    },
    "Mechanical Parameters": {
        "LP Shaft Speed": 5490.0,
        "Fan Power": 8.533517447155367,
        "Fan Efficiency": 0.92,
        "LPC Power": 2.5034338877888387,
        "LPC Efficiency": 0.9,
        "LPT Power": 11.262195239738984,
        "LPT Efficiency": 0.9100000000000001,
        "HP Shaft Speed": 15183.0,
        "HPC Power": 11.996512759339106,
        "HPC Efficiency": 0.89,
        "HPT Power": 12.395045151917879,
        "HPT Efficiency": 0.8999999999999996,
        "Burner Power": 6.001418261967697,
        "Burner Efficiency": 0.18122158785966094
    }
}