{
    "Stages": [
        "0. Fan Inlet",
        "1. LPC Inlet",
        "2. HPC Inlet",
        "3. Burner Inlet",
        "4. HPT Inlet",
        "5. LPT Inlet",
        "6. Core Nozz Inlet",
        "7. Core Nozz Outlet",
        "8. Byp Nozz Outlet"
    ],
    "Total Temperatures": [
        15.000057655676706,
        59.942033320834994,
        139.95697080771498,
        495.01880405681385,
        1442.9687499999998,
        1154.8471697343782,
        871.7719440800926,
        871.7719440800926,
        59.94203332083493
    ],
    "Static Temperatures": [
        1.2698087753191583,
        44.11029440122737,
        120.50659961430016,
        462.0162496443472,
        1385.469976417602,
        1104.6197063615668,
        829.305926307912,
        716.7372214118433,
        4.4391862677623966
    ],
    "Total Pressures": [
        99.29823547694355,
        158.87717676310967,
        317.75435352621935,
        2519.6927252274427,
        2318.1173072092497,
        909.2928828716281,
        312.1584227775087,
        312.1584227775087,
        158.87717676310967
    ],
    "Static Pressures": [
        84.124656235234,
        133.97926458691475,
        267.52254953831897,
        2134.0275592686653,
        1979.5521167946276,
        776.1954543982802,
        265.8927601979904,
        169.32665519331928,
        84.07825298491305
    ],
    "Entropies": [
        6834.413225585567,
        6845.607178771453,
        6865.411001852655,
        6920.170754617703,
        8031.484877133059,
        8061.018511437539,
        8091.992236481131,
        8091.992236481131,
        6845.607178771453
    ],
    "Specifice Volumes": [
        0.9354134467594015,
        0.6780422909737055,
        0.42158869626980144,
        0.09883393473395127,
        0.24045888680991537,
        0.5094022482855893,
        1.1898448289073564,
        1.6777071824962744,
        0.9458112098493391
    ],
    "Performance": {
        "Thrust": 99999.99999999999,
        "OPR": 24.867499999999996,
        "T4": 1442.9687499999998,
        "Thermal Efficiency": 0.4017674604215277,
        "SFC": 0.057883766716918195,
        "TSFC": 8.399160588242685,
        "Air Mass Flow Rate": 185.60039311867249,
        "Fuel Mass Flow Rate": 0.8399160588242683,
        "Core EGT": 871.7719440800926,
        "Bypass EGT": 59.94203332083493,
        "FAR": 0.027604941308244372,
        "Specific Thrust": 0.5387919622350165
    },
    "Pressure Ratios": {
        "Fan": 1.6,
        "LPC": 2.0,
        "HPC": 7.9296875,
        "HPT": 2.549362643077584,
        "LPT": 2.91292118527818
    },
    "Mechanical Parameters": {
        "LP Shaft Speed": 5490.0,
        "Fan Power": 8.386616401705579,
        "Fan Efficiency": 0.92,
        "LPC Power": 2.460338287690992,
        "LPC Efficiency": 0.9,
        "LPT Power": 11.068321111629155,
        "LPT Efficiency": 0.9099999999999998,
        "HP Shaft Speed": 15183.0,
        "HPC Power": 11.347322771252902,
        "HPC Efficiency": 0.89,
        "HPT Power": 11.732606388564609,
        "HPT Efficiency": 0.9000000000000001,
        "Burner Power": 6.418478560385509,
        "Burner Efficiency": 0.1777165011867093
    }
}