{
    "Stages": [
        "0. Fan Inlet",
        "1. LPC Inlet",
        "2. HPC Inlet",
        "3. Burner Inlet",
        "4. HPT Inlet",
        "5. LPT Inlet",
        "6. Core Nozz Inlet",
        "7. Core Nozz Outlet",
        "8. Byp Nozz Outlet"
    ],
    "Total Temperatures": [
        15.000057655676706,
        59.942033320834994,
        139.95697080771498,
        482.39665668477534,
        1318.7499999999998,
        1033.703070904575,
        742.2543961683839,
        742.2543961683839,
        59.94203332083493
    ],
    "Static Temperatures": [
        1.2698087753191583,
        44.11029440122737,
        120.50659961430016,
        449.81605240115726,
        1263.8886726351163,
        986.3656833495604,
        703.1948997874753,
        600.1359995387954,
        4.4391862677623966
    ],
    "Total Pressures": [
        99.29823547694355,
        158.87717676310967,
        317.75435352621935,
        2376.9515117293363,
        2186.795390790989,
        816.8793623664181,
        247.5759217958575,
        247.5759217958574,
        158.87717676310967
    ],
    "Static Pressures": [
        84.124656235234,
        133.97926458691475,
        267.52254953831897,
        2010.365080543054,
        1867.842232745091,
        695.959526297387,
        210.7302859225096,
        133.87691828798265,
        84.07825298491305
    ],
    "Entropies": [
        6834.413225585567,
        6845.607178771453,
        6865.411001852655,
        6918.94564532194,
        7935.617085262924,
        7966.867297094097,
        8001.952314217974,
        8001.952314217974,
        6845.607178771453
    ],
    "Specifice Volumes": [
        0.9354134467594015,
        0.6780422909737055,
        0.42158869626980144,
        0.10320168733968038,
        0.23616863172710753,
        0.5193574352799074,
        1.3293791653113458,
        1.8715002057633303,
        0.9458112098493391
    ],
    "Performance": {
        "Thrust": 99999.99999999999,
        "OPR": 23.45875,
        "T4": 1318.7499999999998,
        "Thermal Efficiency": 0.4439008308237482,
        "SFC": 0.05238966079503047,
        "TSFC": 7.4500495156967474,
        "Air Mass Flow Rate": 190.55265126071302,
        "Fuel Mass Flow Rate": 0.7450049515696746,
        "Core EGT": 742.2543961683839,
        "Bypass EGT": 59.94203332083493,
        "FAR": 0.023849210045139783,
        "Specific Thrust": 0.5247893395258015
    },
    "Pressure Ratios": {
        "Fan": 1.6,
        "LPC": 2.0,
        "HPC": 7.48046875,
        "HPT": 2.6770114309854276,
        "LPT": 3.299510535761979
    },
    "Mechanical Parameters": {
        "LP Shaft Speed": 5490.0,
        "Fan Power": 8.610391193674696,
        "Fan Efficiency": 0.92,
        "LPC Power": 2.5259859413013013,
        "LPC Efficiency": 0.9,
        "LPT Power": 11.36365013773061,
        "LPT Efficiency": 0.9099999999999999,
        "HP Shaft Speed": 15183.0,
        "HPC Power": 11.21964074500023,
        "HPC Efficiency": 0.89,
        "HPT Power": 11.602318606674135,
        "HPT Efficiency": 0.8999999999999999,
        "Burner Power": 5.683812708463488,
        "Burner Efficiency": 0.17742390921832388
    }
}