{
    "Stages": [
        "0. Fan Inlet",
        "1. LPC Inlet",
        "2. HPC Inlet",
        "3. Burner Inlet",
        "4. HPT Inlet",
        "5. LPT Inlet",
        "6. Core Nozz Inlet",
        "7. Core Nozz Outlet",
        "8. Byp Nozz Outlet"
    ],
    "Total Temperatures": [
        15.000057655676706,
        59.942033320834994,
        139.95697080771498,
        500.5066899785812,
        1403.125,
        1107.5690898195476,
        821.3234545899503,
        821.3234545899503,
        59.94203332083493
    ],
    "Static Temperatures": [
        1.2698087753191583,
        44.11029440122737,
        120.50659961430016,
        467.3210025677773,
        1346.418965446862,
        1058.4566100024276,
        780.147102300084,
        671.2173194460921,
        4.4391862677623966
    ],
    "Total Pressures": [
        99.29823547694355,
        158.87717676310967,
        317.75435352621935,
        2581.754122400532,
        2375.2137926084897,
        891.0554509828595,
        291.8194144364282,
        291.8194144364282,
        158.87717676310967
    ],
    "Static Pressures": [
        84.124656235234,
        133.97926458691475,
        267.52254953831897,
        2187.797361623,
        2028.3081807585709,
        760.2033667198683,
        248.08697914634496,
        157.86698851560487,
        84.07825298491285
    ],
    "Entropies": [
        6834.413225585567,
        6845.607178771453,
        6865.411001852655,
        6920.703410829637,
        7988.186408970482,
        8019.289596256854,
        8051.792787227185,
        8051.792787227185,
        6845.607178771453
    ],
    "Specifice Volumes": [
        0.9354134467594015,
        0.6780422909737034,
        0.42158869626980144,
        0.09710520174408138,
        0.22915781151682646,
        0.502704226136823,
        1.2183240776429807,
        1.7163730369972616,
        0.9458112098493415
    ],
    "Performance": {
        "Thrust": 99999.99999999999,
        "OPR": 25.479999999999997,
        "T4": 1403.125,
        "Thermal Efficiency": 0.4169561685161548,
        "SFC": 0.05577520063140003,
        "TSFC": 8.024252926470336,
        "Air Mass Flow Rate": 187.34041076830627,
        "Fuel Mass Flow Rate": 0.8024252926470334,
        "Core EGT": 821.3234545899503,
        "Bypass EGT": 59.94203332083493,
        "FAR": 0.02612780801041668,
        "Specific Thrust": 0.5337876627359125
    },
    "Pressure Ratios": {
        "Fan": 1.6,
        "LPC": 2.0,
        "HPC": 8.125,
        "HPT": 2.665618385464744,
        "LPT": 3.053448149444397
    },
    "Mechanical Parameters": {
        "LP Shaft Speed": 5490.0,
        "Fan Power": 8.465241561461276,
        "Fan Efficiency": 0.92,
        "LPC Power": 2.4834041442482833,
        "LPC Efficiency": 0.9,
        "LPT Power": 11.172087454805673,
        "LPT Efficiency": 0.9099999999999999,
        "HP Shaft Speed": 15183.0,
        "HPC Power": 11.637704374156561,
        "HPC Efficiency": 0.89,
        "HPT Power": 12.028914146629566,
        "HPT Efficiency": 0.9,
        "Burner Power": 6.186125597000771,
        "Burner Efficiency": 0.17928570708705713
    }
}