{
    "Stages": [
        "0. Fan Inlet",
        "1. LPC Inlet",
        "2. HPC Inlet",
        "3. Burner Inlet",
        "4. HPT Inlet",
        "5. LPT Inlet",
        "6. Core Nozz Inlet",
        "7. Core Nozz Outlet",
        "8. Byp Nozz Outlet"
    ],
    "Total Temperatures": [
        15.000057655676706,
        59.942033320834994,
        139.95697080771498,
        491.17728238261174,
        1323.4375,
        1030.8627731496629,
        739.2055115706828,
        739.2055115706828,
        59.94203332083493
    ],
    "Static Temperatures": [
        1.2698087753191583,
        44.11029440122737,
        120.50659961430016,
        458.30303776194665,
        1268.4570339943762,
        983.5871162133201,
        700.2314957585756,
        597.4032168894992,
        4.4391862677623966
    ],
    "Total Pressures": [
        99.29823547694355,
        158.87717676310967,
        317.75435352621935,
        2476.2497472062796,
        2278.1497674297775,
        832.0828470347159,
        251.24376378363377,
        251.24376378363345,
        158.87717676310967
    ],
    "Static Pressures": [
        84.124656235234,
        133.97926458691475,
        267.52254953831897,
        2096.389962449138,
        1946.8945391533082,
        708.5653747245073,
        213.5172191454556,
        135.65665151691906,
        84.07825298491309
    ],
    "Entropies": [
        6834.413225585567,
        6845.607178771453,
        6865.411001852655,
        6919.797895268045,
        7926.7501678259505,
        7958.901106689922,
        7994.115360112582,
        7994.115360112582,
        6845.607178771453
    ],
    "Specifice Volumes": [
        0.9354134467594015,
        0.6780422909737055,
        0.42158869626980144,
        0.10010300840288604,
        0.22726523239246174,
        0.50897876518139,
        1.308052972676307,
        1.8411789764143565,
        0.9458112098493389
    ],
    "Performance": {
        "Thrust": 99999.99999999999,
        "OPR": 24.43875,
        "T4": 1323.4375,
        "Thermal Efficiency": 0.4449322752577092,
        "SFC": 0.05226821079684178,
        "TSFC": 7.424317669641137,
        "Air Mass Flow Rate": 190.54855119473402,
        "Fuel Mass Flow Rate": 0.7424317669641135,
        "Core EGT": 739.2055115706828,
        "Bypass EGT": 59.94203332083493,
        "FAR": 0.023767348269432817,
        "Specific Thrust": 0.5248006315083626
    },
    "Pressure Ratios": {
        "Fan": 1.6,
        "LPC": 2.0,
        "HPC": 7.79296875,
        "HPT": 2.737888150859489,
        "LPT": 3.311854728268158
    },
    "Mechanical Parameters": {
        "LP Shaft Speed": 5490.0,
        "Fan Power": 8.61020592639153,
        "Fan Efficiency": 0.92,
        "LPC Power": 2.5259315903964317,
        "LPC Efficiency": 0.9,
        "LPT Power": 11.363405629375471,
        "LPT Efficiency": 0.9100000000000004,
        "HP Shaft Speed": 15183.0,
        "HPC Power": 11.51884018091231,
        "HPC Efficiency": 0.89,
        "HPT Power": 11.907624153523193,
        "HPT Efficiency": 0.8999999999999997,
        "Burner Power": 5.713555265686487,
        "Burner Efficiency": 0.17897049154444575
    }
}