{
    "Stages": [
        "0. Fan Inlet",
        "1. LPC Inlet",
        "2. HPC Inlet",
        "3. Burner Inlet",
        "4. HPT Inlet",
        "5. LPT Inlet",
        "6. Core Nozz Inlet",
        "7. Core Nozz Outlet",
        "8. Byp Nozz Outlet"
    ],
    "Total Temperatures": [
        15.000057655676706,
        59.942033320834994,
        139.95697080771498,
        486.7869703559949,
        1342.1874999999998,
        1054.7314077656235,
        764.7891929350047,
        764.7891929350047,
        59.94203332083493
    ],
    "Static Temperatures": [
        1.2698087753191583,
        44.11029440122737,
        120.50659961430016,
        454.05948315794546,
        1286.790282253467,
        1006.8802517874097,
        725.1346930141725,
        620.3894559987612,
        4.4391862677623966
    ],
    "Total Pressures": [
        99.29823547694355,
        158.87717676310967,
        317.75435352621935,
        2426.6006294678077,
        2232.472579110385,
        837.9850465640288,
        260.19402258264347,
        260.19402258264347,
        158.87717676310967
    ],
    "Static Pressures": [
        84.124656235234,
        133.97926458691475,
        267.52254953831886,
        2053.3768413984444,
        1907.0626906569644,
        713.9506675819748,
        221.2826266385097,
        140.53330536724937,
        84.07825298491304
    ],
    "Entropies": [
        6834.413225585567,
        6845.607178771453,
        6865.411001852655,
        6919.371770295694,
        7950.913998851427,
        7982.026367247645,
        8016.379816958893,
        8016.379816958893,
        6845.607178771453
    ],
    "Specifice Volumes": [
        0.9354134467594015,
        0.6780422909737055,
        0.42158869626980155,
        0.10161660854548964,
        0.2347450400816027,
        0.5144999554872002,
        1.2946326854894388,
        1.8246567818304595,
        0.9458112098493393
    ],
    "Performance": {
        "Thrust": 99999.99999999999,
        "OPR": 23.948749999999997,
        "T4": 1342.1874999999998,
        "Thermal Efficiency": 0.4358025180278537,
        "SFC": 0.05336319316998992,
        "TSFC": 7.61289247491265,
        "Air Mass Flow Rate": 189.5960764810771,
        "Fuel Mass Flow Rate": 0.7612892474912648,
        "Core EGT": 764.7891929350047,
        "Bypass EGT": 59.94203332083493,
        "FAR": 0.024493462606860448,
        "Specific Thrust": 0.5274370749437983
    },
    "Pressure Ratios": {
        "Fan": 1.6,
        "LPC": 2.0,
        "HPC": 7.63671875,
        "HPT": 2.6640959624090454,
        "LPT": 3.220616055074309
    },
    "Mechanical Parameters": {
        "LP Shaft Speed": 5490.0,
        "Fan Power": 8.567167008630957,
        "Fan Efficiency": 0.92,
        "LPC Power": 2.5133054856415282,
        "LPC Efficiency": 0.9,
        "LPT Power": 11.306604585992327,
        "LPT Efficiency": 0.9099999999999999,
        "HP Shaft Speed": 15183.0,
        "HPC Power": 11.312290152126943,
        "HPC Efficiency": 0.89,
        "HPT Power": 11.696858818027918,
        "HPT Efficiency": 0.8999999999999999,
        "Burner Power": 5.819295463166782,
        "Burner Efficiency": 0.1777674557702701
    }
}