{
    "Stages": [
        "0. Fan Inlet",
        "1. LPC Inlet",
        "2. HPC Inlet",
        "3. Burner Inlet",
        "4. HPT Inlet",
        "5. LPT Inlet",
        "6. Core Nozz Inlet",
        "7. Core Nozz Outlet",
        "8. Byp Nozz Outlet"
    ],
    "Total Temperatures": [
        15.000057655676706,
        59.94203332083493,
        139.95697080771524,
        481.8478673602371,
        1301.1718749999998,
        1015.4542593680943,
        722.7160199125271,
        722.7160199125271,
        59.94203332083493
    ],
    "Static Temperatures": [
        1.2698087753191583,
        44.11029440122737,
        120.50659961430041,
        449.2856322639022,
        1246.6709609155405,
        968.5776758461268,
        684.1953789424858,
        582.6210633278278,
        4.4391862677624285
    ],
    "Total Pressures": [
        99.29823547694353,
        158.87717676310967,
        317.75435352621935,
        2370.7453720120275,
        2181.0857422510653,
        805.0248995272029,
        239.4448762512921,
        239.4448762512921,
        158.87717676310967
    ],
    "Static Pressures": [
        84.12465623523386,
        133.97926458691458,
        267.5225495383185,
        2004.9887060675921,
        1862.1302402730491,
        686.6136982710337,
        203.71147461893088,
        129.34282631008472,
        84.07825298491291
    ],
    "Entropies": [
        6834.413225585567,
        6845.607178771453,
        6865.411001852656,
        6918.892379700123,
        7919.89095273694,
        7951.532148598636,
        7987.445803708693,
        7987.445803708693,
        6845.607178771453
    ],
    "Specifice Volumes": [
        0.9354134467594029,
        0.6780422909737053,
        0.4215886962698025,
        0.10340507120949566,
        0.2342287884685405,
        0.518991980330844,
        1.3487800081059829,
        1.8989751907992183,
        0.9458112098493411
    ],
    "Performance": {
        "Thrust": 99999.99999999999,
        "OPR": 23.3975,
        "T4": 1301.1718749999998,
        "Thermal Efficiency": 0.45116509505873675,
        "SFC": 0.05154612847534386,
        "TSFC": 7.307392277677199,
        "Air Mass Flow Rate": 191.33404990611194,
        "Fuel Mass Flow Rate": 0.7307392277677198,
        "Core EGT": 722.7160199125271,
        "Bypass EGT": 59.94203332083493,
        "FAR": 0.023296999627459933,
        "Specific Thrust": 0.5226461262335178
    },
    "Pressure Ratios": {
        "Fan": 1.6,
        "LPC": 2.0,
        "HPC": 7.4609375,
        "HPT": 2.7093394794766277,
        "LPT": 3.362046881647816
    },
    "Mechanical Parameters": {
        "LP Shaft Speed": 5490.0,
        "Fan Power": 8.645699797205408,
        "Fan Efficiency": 0.92,
        "LPC Power": 2.5363442437430277,
        "LPC Efficiency": 0.9,
        "LPT Power": 11.410249021375954,
        "LPT Efficiency": 0.9099999999999998,
        "HP Shaft Speed": 15183.0,
        "HPC Power": 11.246856887825047,
        "HPC Efficiency": 0.89,
        "HPT Power": 11.630090180985166,
        "HPT Efficiency": 0.8999999999999998,
        "Burner Power": 5.583354859185924,
        "Burner Efficiency": 0.1776905589675105
    }
}