{
    "Stages": [
        "0. Fan Inlet",
        "1. LPC Inlet",
        "2. HPC Inlet",
        "3. Burner Inlet",
        "4. HPT Inlet",
        "5. LPT Inlet",
        "6. Core Nozz Inlet",
        "7. Core Nozz Outlet",
        "8. Byp Nozz Outlet"
    ],
    "Total Temperatures": [
        15.000057655676706,
        59.9420333208348,
        139.95697080771498,
        480.77907232499314,
        1363.28125,
        1082.5032396723352,
        794.5164604760301,
        794.5164604760301,
        59.9420333208348
    ],
    "Static Temperatures": [
        1.2698087753191583,
        44.11029440122724,
        120.50659961430016,
        448.25261771754975,
        1307.4765148791826,
        1033.9925293233343,
        754.075989311997,
        647.1078962466601,
        4.4391862677623335
    ],
    "Total Pressures": [
        99.29823547694353,
        158.87717676310967,
        317.75435352621935,
        2358.3330925774094,
        2169.6664451712168,
        842.2525540669659,
        269.4320982838425,
        269.43209828384244,
        158.87717676310967
    ],
    "Static Pressures": [
        84.12465623523386,
        133.97926458691467,
        267.5225495383192,
        1994.237241243563,
        1853.6702201364615,
        717.9908291408638,
        229.35606681996273,
        145.76073313053757,
        84.07825298491295
    ],
    "Entropies": [
        6834.413225585567,
        6845.607178771453,
        6865.411001852655,
        6918.826679817172,
        7979.594739066105,
        8009.495228989519,
        8042.87064222973,
        8042.87064222973,
        6845.607178771453
    ],
    "Specifice Volumes": [
        0.9354134467594029,
        0.6780422909737033,
        0.4215886962698013,
        0.10381923040477688,
        0.2447269906831434,
        0.5224801293628367,
        1.2854608674573016,
        1.8117951379416695,
        0.9458112098493401
    ],
    "Performance": {
        "Thrust": 99999.99999999999,
        "OPR": 23.275000000000002,
        "T4": 1363.28125,
        "Thermal Efficiency": 0.42575547071638553,
        "SFC": 0.054622466540142446,
        "TSFC": 7.833293880260202,
        "Air Mass Flow Rate": 188.54624249497354,
        "Fuel Mass Flow Rate": 0.7833293880260201,
        "Core EGT": 794.5164604760301,
        "Bypass EGT": 59.9420333208348,
        "FAR": 0.02534290370218387,
        "Specific Thrust": 0.5303738683769627
    },
    "Pressure Ratios": {
        "Fan": 1.6,
        "LPC": 2.0,
        "HPC": 7.421875,
        "HPT": 2.576028335786864,
        "LPT": 3.126029004828188
    },
    "Mechanical Parameters": {
        "LP Shaft Speed": 5490.0,
        "Fan Power": 8.5197287743741,
        "Fan Efficiency": 0.92,
        "LPC Power": 2.499388776154402,
        "LPC Efficiency": 0.9,
        "LPT Power": 11.24399750053929,
        "LPT Efficiency": 0.9099999999999998,
        "HP Shaft Speed": 15183.0,
        "HPC Power": 11.046920539013083,
        "HPC Efficiency": 0.89,
        "HPT Power": 11.42607349852398,
        "HPT Efficiency": 0.9000000000000001,
        "Burner Power": 5.9366217000931805,
        "Burner Efficiency": 0.17624893420317178
    }
}