{
    "Stages": [
        "0. Fan Inlet",
        "1. LPC Inlet",
        "2. HPC Inlet",
        "3. Burner Inlet",
        "4. HPT Inlet",
        "5. LPT Inlet",
        "6. Core Nozz Inlet",
        "7. Core Nozz Outlet",
        "8. Byp Nozz Outlet"
    ],
    "Total Temperatures": [
        15.000057655676706,
        59.942033320834994,
        139.95697080771498,
        484.0430245042095,
        1430.078125,
        1150.6820108935087,
        867.3306137683583,
        867.3306137683583,
        59.94203332083493
    ],
    "Static Temperatures": [
        1.2698087753191583,
        44.11029440122737,
        120.50659961430016,
        451.40732442245366,
        1372.9032819570068,
        1100.5600641790238,
        824.9845562135728,
        712.7157205746156,
        4.4391862677623966
    ],
    "Total Pressures": [
        99.29823547694355,
        158.87717676310967,
        317.75435352621935,
        2395.5699308812627,
        2203.924336410762,
        886.3942041500576,
        302.84511819719967,
        302.8451181971995,
        158.87717676310967
    ],
    "Static Pressures": [
        84.124656235234,
        133.97926458691475,
        267.52254953831897,
        2026.494331475218,
        1884.3239949612735,
        756.5295342455568,
        257.8807102746616,
        164.10123689794625,
        84.07825298491282
    ],
    "Entropies": [
        6834.413225585567,
        6845.607178771453,
        6865.411001852655,
        6919.105442187261,
        8035.679595313164,
        8064.356416101954,
        8095.480610000176,
        8095.480610000176,
        6845.607178771453
    ],
    "Specifice Volumes": [
        0.9354134467594015,
        0.6780422909737055,
        0.42158869626980144,
        0.10259862498206124,
        0.2507202675846416,
        0.5211311180661299,
        1.2221133424343427,
        1.723921585893129,
        0.9458112098493421
    ],
    "Performance": {
        "Thrust": 99999.99999999999,
        "OPR": 23.6425,
        "T4": 1430.078125,
        "Thermal Efficiency": 0.4031397826761423,
        "SFC": 0.05768672543084309,
        "TSFC": 8.370695073561764,
        "Air Mass Flow Rate": 185.89419524920186,
        "Fuel Mass Flow Rate": 0.8370695073561762,
        "Core EGT": 867.3306137683583,
        "Bypass EGT": 59.94203332083493,
        "FAR": 0.02746790446053263,
        "Specific Thrust": 0.5379404121034776
    },
    "Pressure Ratios": {
        "Fan": 1.6,
        "LPC": 2.0,
        "HPC": 7.5390625,
        "HPT": 2.4863929909425035,
        "LPT": 2.9268895250042504
    },
    "Mechanical Parameters": {
        "LP Shaft Speed": 5490.0,
        "Fan Power": 8.399892266725853,
        "Fan Efficiency": 0.92,
        "LPC Power": 2.4642329595642587,
        "LPC Efficiency": 0.9,
        "LPT Power": 11.085842067642972,
        "LPT Efficiency": 0.91,
        "HP Shaft Speed": 15183.0,
        "HPC Power": 11.000127036053014,
        "HPC Efficiency": 0.89,
        "HPT Power": 11.378325026115752,
        "HPT Efficiency": 0.9,
        "Burner Power": 6.328824839538058,
        "Burner Efficiency": 0.17583004961843207
    }
}