{
    "Stages": [
        "0. Fan Inlet",
        "1. LPC Inlet",
        "2. HPC Inlet",
        "3. Burner Inlet",
        "4. HPT Inlet",
        "5. LPT Inlet",
        "6. Core Nozz Inlet",
        "7. Core Nozz Outlet",
        "8. Byp Nozz Outlet"
    ],
    "Total Temperatures": [
        15.000057655676706,
        59.942033320834994,
        139.95697080771498,
        520.6476883519672,
        1357.4218749999998,
        1040.8105035702588,
        749.9084925480325,
        749.9084925480325,
        59.94203332083493
    ],
    "Static Temperatures": [
        1.2698087753191583,
        44.11029440122737,
        120.50659961430016,
        486.78647967584544,
        1301.6245720343911,
        993.3218960900331,
        710.6372213120878,
        607.0057925142121,
        4.4391862677623966
    ],
    "Total Pressures": [
        99.29823547694355,
        158.87717676310967,
        317.75435352621935,
        2836.2058508102,
        2609.309382745384,
        886.9777902081389,
        271.2717346754138,
        271.2717346754137,
        158.87717676310967
    ],
    "Static Pressures": [
        84.124656235234,
        133.97926458691475,
        267.52254953831897,
        2401.525305082471,
        2230.007926361896,
        756.3940526914815,
        230.70704236681067,
        146.50747195414363,
        84.07825298491296
    ],
    "Entropies": [
        6834.413225585567,
        6845.607178771453,
        6865.411001852655,
        6922.301274658845,
        7916.671807319952,
        7951.339732210542,
        7986.122662562413,
        7986.122662562413,
        6845.607178771453
    ],
    "Specifice Volumes": [
        0.9354134467594015,
        0.6780422909737055,
        0.42158869626980144,
        0.09080317968411859,
        0.20267826429693453,
        0.480553687869161,
        1.2236060871866206,
        1.7237316323870422,
        0.9458112098493401
    ],
    "Performance": {
        "Thrust": 99999.99999999999,
        "OPR": 27.991249999999997,
        "T4": 1357.4218749999998,
        "Thermal Efficiency": 0.4407608544030184,
        "SFC": 0.05276288427425535,
        "TSFC": 7.4925171660428065,
        "Air Mass Flow Rate": 189.74974217329773,
        "Fuel Mass Flow Rate": 0.7492517166042806,
        "Core EGT": 749.9084925480325,
        "Bypass EGT": 59.94203332083493,
        "FAR": 0.024086649177694007,
        "Specific Thrust": 0.5270099387469541
    },
    "Pressure Ratios": {
        "Fan": 1.6,
        "LPC": 2.0,
        "HPC": 8.92578125,
        "HPT": 2.9417978798917632,
        "LPT": 3.2697022093711268
    },
    "Mechanical Parameters": {
        "LP Shaft Speed": 5490.0,
        "Fan Power": 8.574110610382558,
        "Fan Efficiency": 0.92,
        "LPC Power": 2.515342494182955,
        "LPC Efficiency": 0.9,
        "LPT Power": 11.315768474046443,
        "LPT Efficiency": 0.9099999999999998,
        "HP Shaft Speed": 15183.0,
        "HPC Power": 12.47309355976184,
        "HPC Efficiency": 0.89,
        "HPT Power": 12.881352091124752,
        "HPT Efficiency": 0.8999999999999998,
        "Burner Power": 5.91963674194303,
        "Burner Efficiency": 0.18373794506175264
    }
}