{
    "Stages": [
        "0. Fan Inlet",
        "1. LPC Inlet",
        "2. HPC Inlet",
        "3. Burner Inlet",
        "4. HPT Inlet",
        "5. LPT Inlet",
        "6. Core Nozz Inlet",
        "7. Core Nozz Outlet",
        "8. Byp Nozz Outlet"
    ],
    "Total Temperatures": [
        15.000057655676706,
        59.942033320834994,
        139.95697080771498,
        480.2559217723921,
        1328.125,
        1045.5724865885722,
        755.0044871911016,
        755.0044871911016,
        59.94203332083493
    ],
    "Static Temperatures": [
        1.2698087753191583,
        44.11029440122737,
        120.50659961430016,
        447.7469835762422,
        1273.067872028243,
        997.9622567279957,
        715.5952850323439,
        611.5770338102569,
        4.4391862677623966
    ],
    "Total Pressures": [
        99.29823547694355,
        158.87717676310967,
        317.75435352621935,
        2352.1269528601,
        2163.9567966312925,
        819.5448998948785,
        251.95064448301105,
        251.95064448301113,
        158.87717676310967
    ],
    "Static Pressures": [
        84.124656235234,
        133.97926458691475,
        267.52254953831897,
        1988.8620155025872,
        1848.276806113693,
        698.2304042304952,
        214.0601371518634,
        136.04032309573034,
        84.07825298491306
    ],
    "Entropies": [
        6834.413225585567,
        6845.607178771453,
        6865.411001852655,
        6918.809784410792,
        7947.713763913407,
        7978.451826062153,
        8013.196213398102,
        8013.196213398102,
        6845.607178771453
    ],
    "Specifice Volumes": [
        0.9354134467594015,
        0.6780422909737055,
        0.42158869626980144,
        0.10402961967407535,
        0.240098402668271,
        0.5224714731948216,
        1.325553375615472,
        1.8662160149076001,
        0.9458112098493391
    ],
    "Performance": {
        "Thrust": 99999.99999999999,
        "OPR": 23.213749999999997,
        "T4": 1328.125,
        "Thermal Efficiency": 0.43932637810664393,
        "SFC": 0.05293516417956392,
        "TSFC": 7.544243313518934,
        "Air Mass Flow Rate": 190.0847053033233,
        "Fuel Mass Flow Rate": 0.7544243313518934,
        "Core EGT": 755.0044871911016,
        "Bypass EGT": 59.94203332083493,
        "FAR": 0.02421019836342452,
        "Specific Thrust": 0.5260812533045586
    },
    "Pressure Ratios": {
        "Fan": 1.6,
        "LPC": 2.0,
        "HPC": 7.40234375,
        "HPT": 2.6404371461635097,
        "LPT": 3.2527993789281227
    },
    "Mechanical Parameters": {
        "LP Shaft Speed": 5490.0,
        "Fan Power": 8.589246393411004,
        "Fan Efficiency": 0.92,
        "LPC Power": 2.5197828005848915,
        "LPC Efficiency": 0.9,
        "LPT Power": 11.335744075506016,
        "LPT Efficiency": 0.9100000000000003,
        "HP Shaft Speed": 15183.0,
        "HPC Power": 11.119261762442093,
        "HPC Efficiency": 0.89,
        "HPT Power": 11.499891073451543,
        "HPT Efficiency": 0.9,
        "Burner Power": 5.736166100465912,
        "Burner Efficiency": 0.17682252029132858
    }
}