{
    "Stages": [
        "0. Fan Inlet",
        "1. LPC Inlet",
        "2. HPC Inlet",
        "3. Burner Inlet",
        "4. HPT Inlet",
        "5. LPT Inlet",
        "6. Core Nozz Inlet",
        "7. Core Nozz Outlet",
        "8. Byp Nozz Outlet"
    ],
    "Total Temperatures": [
        15.000057655676706,
        59.942033320834994,
        139.95697080771498,
        519.6640327088859,
        1336.3281249999998,
        1019.0686094362079,
        726.5957889671776,
        726.5957889671776,
        59.94203332083493
    ],
    "Static Temperatures": [
        1.2698087753191583,
        44.11029440122737,
        120.50659961430016,
        485.83548377216005,
        1280.9517994899272,
        972.0977287757678,
        687.9758523778853,
        586.1028706771875,
        4.4391862677623966
    ],
    "Total Pressures": [
        99.29823547694355,
        158.87717676310967,
        317.75435352621935,
        2823.793571375582,
        2597.8900856655355,
        870.4407879995255,
        259.42856397681885,
        259.42856397681885,
        158.87717676310967
    ],
    "Static Pressures": [
        84.124656235234,
        133.97926458691475,
        267.52254953831897,
        2390.79008169933,
        2218.9960353400375,
        741.7361716113056,
        220.53505915636853,
        139.90310820642344,
        84.07825298491305
    ],
    "Entropies": [
        6834.413225585567,
        6845.607178771453,
        6865.411001852655,
        6922.206705339395,
        7898.520370527128,
        7933.72470797087,
        7969.473228657316,
        7969.473228657316,
        6845.607178771453
    ],
    "Specifice Volumes": [
        0.9354134467594015,
        0.6780422909737055,
        0.42158869626980144,
        0.09109976033032811,
        0.20099399980668425,
        0.4817691695453258,
        1.2507588202622555,
        1.7625317925726822,
        0.9458112098493391
    ],
    "Performance": {
        "Thrust": 99999.99999999999,
        "OPR": 27.86875,
        "T4": 1336.3281249999998,
        "Thermal Efficiency": 0.44932295096436087,
        "SFC": 0.05175745842400328,
        "TSFC": 7.323424598870724,
        "Air Mass Flow Rate": 190.69629187557248,
        "Fuel Mass Flow Rate": 0.7323424598870724,
        "Core EGT": 726.5957889671776,
        "Bypass EGT": 59.94203332083493,
        "FAR": 0.023426197548854305,
        "Specific Thrust": 0.5243940457177271
    },
    "Pressure Ratios": {
        "Fan": 1.6,
        "LPC": 2.0,
        "HPC": 8.88671875,
        "HPT": 2.984568418072513,
        "LPT": 3.3552233981347688
    },
    "Mechanical Parameters": {
        "LP Shaft Speed": 5490.0,
        "Fan Power": 8.616881798119488,
        "Fan Efficiency": 0.92,
        "LPC Power": 2.527890056365218,
        "LPC Efficiency": 0.9,
        "LPT Power": 11.372216178045617,
        "LPT Efficiency": 0.9099999999999998,
        "HP Shaft Speed": 15183.0,
        "HPC Power": 12.5014949955399,
        "HPC Efficiency": 0.89,
        "HPT Power": 12.910333148041142,
        "HPT Efficiency": 0.9,
        "Burner Power": 5.792617508379227,
        "Burner Efficiency": 0.1839467768936398
    }
}