{
    "Stages": [
        "0. Fan Inlet",
        "1. LPC Inlet",
        "2. HPC Inlet",
        "3. Burner Inlet",
        "4. HPT Inlet",
        "5. LPT Inlet",
        "6. Core Nozz Inlet",
        "7. Core Nozz Outlet",
        "8. Byp Nozz Outlet"
    ],
    "Total Temperatures": [
        15.000057655676706,
        59.942033320834994,
        139.95697080771498,
        514.0235595972823,
        1446.4843749999998,
        1142.0484441246292,
        858.1443632715662,
        858.1443632715662,
        59.94203332083493
    ],
    "Static Temperatures": [
        1.2698087753191583,
        44.11029440122737,
        120.50659961430016,
        480.3824037974446,
        1388.8601893228151,
        1092.1217028813946,
        816.0099516882085,
        704.4074578820728,
        4.4391862677623966
    ],
    "Total Pressures": [
        99.29823547694355,
        158.87717676310967,
        317.75435352621935,
        2749.3198947678743,
        2529.3743031864446,
        935.8007085015237,
        317.96150904907535,
        317.9615090490756,
        158.87717676310967
    ],
    "Static Pressures": [
        84.124656235234,
        133.97926458691475,
        267.52254953831897,
        2326.387892060868,
        2161.883139427559,
        798.9957852649082,
        270.74548905346614,
        172.32484088683623,
        84.07825298491308
    ],
    "Entropies": [
        6834.413225585567,
        6845.607178771453,
        6865.411001852655,
        6921.996969449502,
        8008.0298643242695,
        8039.50893281461,
        8070.943293375653,
        8070.943293375653,
        6845.607178771453
    ],
    "Specifice Volumes": [
        0.9354134467594015,
        0.6780422909737055,
        0.42158869626980144,
        0.09297207224362544,
        0.22062786620553027,
        0.49038455799893166,
        1.1544107543386823,
        1.6276514043219037,
        0.9458112098493389
    ],
    "Performance": {
        "Thrust": 99999.99999999999,
        "OPR": 27.13375,
        "T4": 1446.4843749999998,
        "Thermal Efficiency": 0.4056054087082019,
        "SFC": 0.05733605483111031,
        "TSFC": 8.291725670921148,
        "Air Mass Flow Rate": 185.86811512727755,
        "Fuel Mass Flow Rate": 0.8291725670921147,
        "Core EGT": 858.1443632715662,
        "Bypass EGT": 59.94203332083493,
        "FAR": 0.02721258918345596,
        "Specific Thrust": 0.5380158933205011
    },
    "Pressure Ratios": {
        "Fan": 1.6,
        "LPC": 2.0,
        "HPC": 8.65234375,
        "HPT": 2.702898469949439,
        "LPT": 2.9431257616691218
    },
    "Mechanical Parameters": {
        "LP Shaft Speed": 5490.0,
        "Fan Power": 8.398713799511354,
        "Fan Efficiency": 0.92,
        "LPC Power": 2.4638872387312376,
        "LPC Efficiency": 0.9,
        "LPT Power": 11.08428677371693,
        "LPT Efficiency": 0.9099999999999998,
        "HP Shaft Speed": 15183.0,
        "HPC Power": 11.99595624017607,
        "HPC Efficiency": 0.89,
        "HPT Power": 12.394477275220911,
        "HPT Efficiency": 0.9,
        "Burner Power": 6.460058261598256,
        "Burner Efficiency": 0.18118533948523013
    }
}