{
    "Stages": [
        "0. Fan Inlet",
        "1. LPC Inlet",
        "2. HPC Inlet",
        "3. Burner Inlet",
        "4. HPT Inlet",
        "5. LPT Inlet",
        "6. Core Nozz Inlet",
        "7. Core Nozz Outlet",
        "8. Byp Nozz Outlet"
    ],
    "Total Temperatures": [
        15.000057655676706,
        59.942033320834994,
        139.95697080771498,
        531.9597218177287,
        1360.9374999999998,
        1034.4003448692567,
        743.0239630035426,
        743.0239630035426,
        59.94203332083493
    ],
    "Static Temperatures": [
        1.2698087753191583,
        44.11029440122737,
        120.50659961430016,
        497.7233602113603,
        1305.0301588187083,
        987.0503745563244,
        703.9449846885093,
        600.8325797531347,
        4.4391862677623966
    ],
    "Total Pressures": [
        99.29823547694355,
        158.87717676310967,
        317.75435352621935,
        2978.9470643083064,
        2740.6312991636423,
        898.3026774738098,
        272.6874851854259,
        272.6874851854259,
        158.87717676310967
    ],
    "Static Pressures": [
        84.124656235234,
        133.97926458691475,
        267.52254953831897,
        2524.9856317544168,
        2339.988659252522,
        765.8538531927467,
        231.94060969860362,
        147.27565475873902,
        84.07825298491292
    ],
    "Entropies": [
        6834.413225585567,
        6845.607178771453,
        6865.411001852655,
        6923.388821917921,
        7904.995335886167,
        7940.90401847064,
        7975.955408284751,
        7975.955408284751,
        6845.607178771453
    ],
    "Specifice Volumes": [
        0.9354134467594015,
        0.6780422909737055,
        0.42158869626980144,
        0.08759234947602401,
        0.19357169796332124,
        0.47221941921438576,
        1.208740560805402,
        1.7025956366203898,
        0.9458112098493409
    ],
    "Performance": {
        "Thrust": 99999.99999999999,
        "OPR": 29.4,
        "T4": 1360.9374999999998,
        "Thermal Efficiency": 0.44313732076460255,
        "SFC": 0.05247992634283676,
        "TSFC": 7.439947499476874,
        "Air Mass Flow Rate": 189.91195747464116,
        "Fuel Mass Flow Rate": 0.7439947499476873,
        "Core EGT": 743.0239630035426,
        "Bypass EGT": 59.94203332083493,
        "FAR": 0.023897220770245062,
        "Specific Thrust": 0.5265597876497742
    },
    "Pressure Ratios": {
        "Fan": 1.6,
        "LPC": 2.0,
        "HPC": 9.375,
        "HPT": 3.050899622019155,
        "LPT": 3.2942570755052043
    },
    "Mechanical Parameters": {
        "LP Shaft Speed": 5490.0,
        "Fan Power": 8.58144053832072,
        "Fan Efficiency": 0.92,
        "LPC Power": 2.5174928372400918,
        "LPC Efficiency": 0.9,
        "LPT Power": 11.325442219960012,
        "LPT Efficiency": 0.9099999999999999,
        "HP Shaft Speed": 15183.0,
        "HPC Power": 12.871081084896224,
        "HPC Efficiency": 0.89,
        "HPT Power": 13.287461810649623,
        "HPT Efficiency": 0.9000000000000002,
        "Burner Power": 5.942595099369793,
        "Burner Efficiency": 0.18575384576513873
    }
}