{
    "Stages": [
        "0. Fan Inlet",
        "1. LPC Inlet",
        "2. HPC Inlet",
        "3. Burner Inlet",
        "4. HPT Inlet",
        "5. LPT Inlet",
        "6. Core Nozz Inlet",
        "7. Core Nozz Outlet",
        "8. Byp Nozz Outlet"
    ],
    "Total Temperatures": [
        15.000057655676706,
        59.942033320834994,
        139.95697080771538,
        525.565965225527,
        1370.3124999999998,
        1050.194839689815,
        759.959552991281,
        759.959552991281,
        59.942033320834994
    ],
    "Static Temperatures": [
        1.2698087753191583,
        44.1102944012275,
        120.50659961430048,
        491.54154843680766,
        1314.2005990586492,
        1002.4649947250062,
        720.4408938207558,
        616.0571684663707,
        4.43918626776246
    ],
    "Total Pressures": [
        99.29823547694352,
        158.87717676310965,
        317.7543535262193,
        2898.267247983289,
        2666.4058681446263,
        900.6512059284445,
        278.11708082512575,
        278.11708082512575,
        158.87717676310965
    ],
    "Static Pressures": [
        84.124656235234,
        133.97926458691427,
        267.5225495383182,
        2455.202519213013,
        2275.858550925257,
        768.0906693597742,
        236.75487511370932,
        150.43836071965538,
        84.0782529849128
    ],
    "Entropies": [
        6834.413225585567,
        6845.607178771453,
        6865.411001852656,
        6922.774121273919,
        7921.825073396258,
        7956.712167473859,
        7991.257860987589,
        7991.257860987589,
        6845.607178771453
    ],
    "Specifice Volumes": [
        0.9354134467594013,
        0.6780422909737036,
        0.4215886962698031,
        0.0893631360407171,
        0.20016637677749416,
        0.47660317898170984,
        1.204494960253536,
        1.696434324330047,
        0.9458112098493423
    ],
    "Performance": {
        "Thrust": 99999.99999999999,
        "OPR": 28.60375,
        "T4": 1370.3124999999998,
        "Thermal Efficiency": 0.4371379598210412,
        "SFC": 0.05320017040617797,
        "TSFC": 7.564486099325374,
        "Air Mass Flow Rate": 189.29986691312322,
        "Fuel Mass Flow Rate": 0.7564486099325374,
        "Core EGT": 759.959552991281,
        "Bypass EGT": 59.942033320834994,
        "FAR": 0.024375804356515977,
        "Specific Thrust": 0.5282623893544189
    },
    "Pressure Ratios": {
        "Fan": 1.6,
        "LPC": 2.0,
        "HPC": 9.12109375,
        "HPT": 2.9605310586283715,
        "LPT": 3.2383886733211495
    },
    "Mechanical Parameters": {
        "LP Shaft Speed": 5490.0,
        "Fan Power": 8.553782360143945,
        "Fan Efficiency": 0.92,
        "LPC Power": 2.5093789005251415,
        "LPC Efficiency": 0.9,
        "LPT Power": 11.288940061907232,
        "LPT Efficiency": 0.9100000000000001,
        "HP Shaft Speed": 15183.0,
        "HPC Power": 12.611380406444244,
        "HPC Efficiency": 0.89,
        "HPT Power": 13.022461118351703,
        "HPT Efficiency": 0.9000000000000001,
        "Burner Power": 5.998386331814075,
        "Burner Efficiency": 0.18441088359757385
    }
}