{
    "Stages": [
        "0. Fan Inlet",
        "1. LPC Inlet",
        "2. HPC Inlet",
        "3. Burner Inlet",
        "4. HPT Inlet",
        "5. LPT Inlet",
        "6. Core Nozz Inlet",
        "7. Core Nozz Outlet",
        "8. Byp Nozz Outlet"
    ],
    "Total Temperatures": [
        15.000057655676706,
        59.942033320834994,
        139.95697080771498,
        508.8189432336985,
        1424.21875,
        1122.813501450712,
        837.5875229242027,
        837.5875229242027,
        59.94203332083493
    ],
    "Static Temperatures": [
        1.2698087753191583,
        44.11029440122737,
        120.50659961430016,
        475.3562476365862,
        1367.0762013478477,
        1073.331645136262,
        796.0072022836878,
        685.9153754108952,
        4.4391862677623966
    ],
    "Total Pressures": [
        99.29823547694355,
        158.87717676310967,
        317.75435352621935,
        2681.0523578774755,
        2466.568169247275,
        913.9715248545821,
        304.48123408274637,
        304.4812340827462,
        158.87717676310967
    ],
    "Static Pressures": [
        84.124656235234,
        133.97926458691475,
        267.52254953831886,
        2269.244169003599,
        2107.8497410775026,
        779.9613533972679,
        259.17317165248187,
        164.93168394339713,
        84.07825298491292
    ],
    "Entropies": [
        6834.413225585567,
        6845.607178771453,
        6865.411001852655,
        6921.510201949659,
        7995.805607231483,
        8027.2826902260995,
        8059.257005983768,
        8059.257005983768,
        6845.607178771453
    ],
    "Specifice Volumes": [
        0.9354134467594015,
        0.6780422909737034,
        0.42158869626980155,
        0.09466155412617823,
        0.22332852311694315,
        0.49541576874961113,
        1.1837968741431697,
        1.6689295685641263,
        0.9458112098493409
    ],
    "Performance": {
        "Thrust": 99999.99999999999,
        "OPR": 26.459999999999997,
        "T4": 1424.21875,
        "Thermal Efficiency": 0.4118324112216065,
        "SFC": 0.0564691202533218,
        "TSFC": 8.141170111053109,
        "Air Mass Flow Rate": 186.64677387963377,
        "Fuel Mass Flow Rate": 0.8141170111053108,
        "Core EGT": 837.5875229242027,
        "Bypass EGT": 59.94203332083493,
        "FAR": 0.026607016368496047,
        "Specific Thrust": 0.5357713820678667
    },
    "Pressure Ratios": {
        "Fan": 1.6,
        "LPC": 2.0,
        "HPC": 8.4375,
        "HPT": 2.6987363415284946,
        "LPT": 3.0017335144083113
    },
    "Mechanical Parameters": {
        "LP Shaft Speed": 5490.0,
        "Fan Power": 8.433898597097782,
        "Fan Efficiency": 0.92,
        "LPC Power": 2.4742092208632633,
        "LPC Efficiency": 0.9,
        "LPT Power": 11.13072226322556,
        "LPT Efficiency": 0.9099999999999997,
        "HP Shaft Speed": 15183.0,
        "HPC Power": 11.8722794425418,
        "HPC Efficiency": 0.89,
        "HPT Power": 12.268276461308382,
        "HPT Efficiency": 0.9000000000000002,
        "Burner Power": 6.319546950457557,
        "Burner Efficiency": 0.18052221750119507
    }
}