{
    "Stages": [
        "0. Fan Inlet",
        "1. LPC Inlet",
        "2. HPC Inlet",
        "3. Burner Inlet",
        "4. HPT Inlet",
        "5. LPT Inlet",
        "6. Core Nozz Inlet",
        "7. Core Nozz Outlet",
        "8. Byp Nozz Outlet"
    ],
    "Total Temperatures": [
        15.000057655676706,
        59.94203332083493,
        139.95697080771524,
        493.9212265640978,
        1321.0937499999998,
        1025.908676352465,
        733.8986794266685,
        733.8986794266685,
        59.94203332083493
    ],
    "Static Temperatures": [
        1.2698087753191583,
        44.11029440122737,
        120.50659961430041,
        460.9553222865354,
        1266.1511526854615,
        978.7547795587858,
        695.0731394296231,
        592.6456412936295,
        4.4391862677624285
    ],
    "Total Pressures": [
        99.29823547694353,
        158.87717676310967,
        317.75435352621935,
        2507.2804457928246,
        2306.698010129401,
        832.7102548250522,
        249.9060660379478,
        249.90606603794765,
        158.87717676310967
    ],
    "Static Pressures": [
        84.12465623523386,
        133.97926458691458,
        267.5225495383185,
        2123.273853894975,
        1968.4561694731967,
        709.0653334978587,
        212.5305816211575,
        135.00857066759843,
        84.07825298491304
    ],
    "Entropies": [
        6834.413225585567,
        6845.607178771453,
        6865.411001852656,
        6920.064223375053,
        7920.910002780381,
        7953.431960643198,
        7988.871312205295,
        7988.871312205295,
        6845.607178771453
    ],
    "Specifice Volumes": [
        0.9354134467594029,
        0.6780422909737053,
        0.4215886962698025,
        0.0991914265805759,
        0.2244329960344482,
        0.5066525759409174,
        1.307232422824703,
        1.840012804224802,
        0.9458112098493395
    ],
    "Performance": {
        "Thrust": 99999.99999999999,
        "OPR": 24.745,
        "T4": 1321.0937499999998,
        "Thermal Efficiency": 0.44686155868846283,
        "SFC": 0.052042547633195636,
        "TSFC": 7.384843037188074,
        "Air Mass Flow Rate": 190.72887950960654,
        "Fuel Mass Flow Rate": 0.7384843037188072,
        "Core EGT": 733.8986794266685,
        "Bypass EGT": 59.94203332083493,
        "FAR": 0.023618626944525364,
        "Specific Thrust": 0.524304448582278
    },
    "Pressure Ratios": {
        "Fan": 1.6,
        "LPC": 2.0,
        "HPC": 7.890625,
        "HPT": 2.7701088064706805,
        "LPT": 3.3320930060910086
    },
    "Mechanical Parameters": {
        "LP Shaft Speed": 5490.0,
        "Fan Power": 8.618354316477284,
        "Fan Efficiency": 0.92,
        "LPC Power": 2.5283220414616596,
        "LPC Efficiency": 0.9,
        "LPT Power": 11.37415954891729,
        "LPT Efficiency": 0.9099999999999999,
        "HP Shaft Speed": 15183.0,
        "HPC Power": 11.623405018627402,
        "HPC Efficiency": 0.89,
        "HPT Power": 12.014322967518183,
        "HPT Efficiency": 0.8999999999999996,
        "Burner Power": 5.700929969765841,
        "Burner Efficiency": 0.17952956626309408
    }
}