{
    "Stages": [
        "0. Fan Inlet",
        "1. LPC Inlet",
        "2. HPC Inlet",
        "3. Burner Inlet",
        "4. HPT Inlet",
        "5. LPT Inlet",
        "6. Core Nozz Inlet",
        "7. Core Nozz Outlet",
        "8. Byp Nozz Outlet"
    ],
    "Total Temperatures": [
        15.000057655676706,
        59.942033320834994,
        139.95697080771498,
        513.0791107822114,
        1331.640625,
        1020.0041766163167,
        727.5933747914233,
        727.5933747914233,
        59.94203332083493
    ],
    "Static Temperatures": [
        1.2698087753191583,
        44.11029440122737,
        120.50659961430016,
        479.473891331439,
        1276.3982960087571,
        973.0080891018437,
        688.9451996375192,
        586.9961201949143,
        4.4391862677623966
    ],
    "Total Pressures": [
        99.29823547694355,
        158.87717676310967,
        317.75435352621935,
        2736.9076153332567,
        2517.9550061066006,
        858.3889951188786,
        256.0141032411324,
        256.0141032411323,
        158.87717676310967
    ],
    "Static Pressures": [
        84.124656235234,
        133.97926458691475,
        267.52254953831886,
        2315.9861552852763,
        2150.366904035091,
        731.323538517614,
        217.5879511629038,
        138.0149738004721,
        84.07825298491296
    ],
    "Entropies": [
        6834.413225585567,
        6845.607178771453,
        6865.411001852655,
        6921.923696226899,
        7904.1436161669135,
        7938.6809411074855,
        7974.387297861554,
        7974.387297861554,
        6845.607178771453
    ],
    "Specifice Volumes": [
        0.9354134467594015,
        0.6780422909737055,
        0.42158869626980155,
        0.09328179608622002,
        0.2068070192003338,
        0.4889830723979307,
        1.2689414892041506,
        1.7884468326623326,
        0.9458112098493401
    ],
    "Performance": {
        "Thrust": 99999.99999999999,
        "OPR": 27.011249999999997,
        "T4": 1331.640625,
        "Thermal Efficiency": 0.44901567958369115,
        "SFC": 0.05179287719985683,
        "TSFC": 7.3334738282065635,
        "Air Mass Flow Rate": 190.7573209832541,
        "Fuel Mass Flow Rate": 0.7333473828206561,
        "Core EGT": 727.5933747914233,
        "Bypass EGT": 59.94203332083493,
        "FAR": 0.023450838018419788,
        "Specific Thrust": 0.5242262760063539
    },
    "Pressure Ratios": {
        "Fan": 1.6,
        "LPC": 2.0,
        "HPC": 8.61328125,
        "HPT": 2.9333495890844783,
        "LPT": 3.352897298436666
    },
    "Mechanical Parameters": {
        "LP Shaft Speed": 5490.0,
        "Fan Power": 8.6196394847109,
        "Fan Efficiency": 0.92,
        "LPC Power": 2.5286990646209104,
        "LPC Efficiency": 0.9,
        "LPT Power": 11.37585566258348,
        "LPT Efficiency": 0.9100000000000001,
        "HP Shaft Speed": 15183.0,
        "HPC Power": 12.279185948736066,
        "HPC Efficiency": 0.89,
        "HPT Power": 12.68348718191478,
        "HPT Efficiency": 0.8999999999999994,
        "Burner Power": 5.76519661598703,
        "Burner Efficiency": 0.18282514269156896
    }
}