{
    "Stages": [
        "0. Fan Inlet",
        "1. LPC Inlet",
        "2. HPC Inlet",
        "3. Burner Inlet",
        "4. HPT Inlet",
        "5. LPT Inlet",
        "6. Core Nozz Inlet",
        "7. Core Nozz Outlet",
        "8. Byp Nozz Outlet"
    ],
    "Total Temperatures": [
        15.000057655676706,
        59.942033320834994,
        139.95697080771498,
        508.8189432336985,
        1338.671875,
        1031.3444235905827,
        739.7303085137326,
        739.7303085137326,
        59.94203332083493
    ],
    "Static Temperatures": [
        1.2698087753191583,
        44.11029440122737,
        120.50659961430016,
        475.3562476365862,
        1283.275691146227,
        984.0592429532232,
        700.7423360901378,
        597.8760590025614,
        4.4391862677623966
    ],
    "Total Pressures": [
        99.29823547694355,
        158.87717676310967,
        317.75435352621935,
        2681.0523578774755,
        2466.568169247275,
        857.7315211621687,
        259.26189447980113,
        259.261894479801,
        158.87717676310967
    ],
    "Static Pressures": [
        84.124656235234,
        133.97926458691475,
        267.52254953831897,
        2269.244169003599,
        2105.7118746111737,
        730.7120472784795,
        220.36631127898764,
        139.83703426644678,
        84.07825298491302
    ],
    "Entropies": [
        6834.413225585567,
        6845.607178771453,
        6865.411001852655,
        6921.510201949659,
        7917.2023687854435,
        7951.00094012736,
        7986.192583563131,
        7986.192583563131,
        6845.607178771453
    ],
    "Specifice Volumes": [
        0.9354134467594015,
        0.6780422909737055,
        0.42158869626980144,
        0.09466155412617823,
        0.21212191700042926,
        0.4937397212968019,
        1.2680601454137028,
        1.7871031559155865,
        0.9458112098493398
    ],
    "Performance": {
        "Thrust": 99999.99999999999,
        "OPR": 26.459999999999997,
        "T4": 1338.671875,
        "Thermal Efficiency": 0.44456719284513985,
        "SFC": 0.052311133902292424,
        "TSFC": 7.423458259436916,
        "Air Mass Flow Rate": 190.33298237474983,
        "Fuel Mass Flow Rate": 0.7423458259436915,
        "Core EGT": 739.7303085137326,
        "Bypass EGT": 59.94203332083493,
        "FAR": 0.023791512546893497,
        "Specific Thrust": 0.525395014318161
    },
    "Pressure Ratios": {
        "Fan": 1.6,
        "LPC": 2.0,
        "HPC": 8.4375,
        "HPT": 2.8756879144481484,
        "LPT": 3.308359382635746
    },
    "Mechanical Parameters": {
        "LP Shaft Speed": 5490.0,
        "Fan Power": 8.600465144214308,
        "Fan Efficiency": 0.92,
        "LPC Power": 2.523073987497388,
        "LPC Efficiency": 0.9,
        "LPT Power": 11.35055013439969,
        "LPT Efficiency": 0.91,
        "HP Shaft Speed": 15183.0,
        "HPC Power": 12.106752808610862,
        "HPC Efficiency": 0.89,
        "HPT Power": 12.507534998113547,
        "HPT Efficiency": 0.8999999999999997,
        "Burner Power": 5.806901404324371,
        "Burner Efficiency": 0.18191550889849192
    }
}