{
    "Stages": [
        "0. Fan Inlet",
        "1. LPC Inlet",
        "2. HPC Inlet",
        "3. Burner Inlet",
        "4. HPT Inlet",
        "5. LPT Inlet",
        "6. Core Nozz Inlet",
        "7. Core Nozz Outlet",
        "8. Byp Nozz Outlet"
    ],
    "Total Temperatures": [
        15.000057655676706,
        59.942033320835186,
        139.9569708077155,
        476.04563730107856,
        1376.1718749999998,
        1100.3586108616441,
        813.5817441744404,
        813.5817441744404,
        59.942033320835186
    ],
    "Static Temperatures": [
        1.2698087753191583,
        44.11029440122762,
        120.50659961430067,
        443.69202578732444,
        1320.093351231252,
        1051.3970952881718,
        772.6165288527305,
        664.2570589576685,
        4.439186267762586
    ],
    "Total Pressures": [
        99.29823547694356,
        158.87717676310973,
        317.75435352621946,
        2302.477835121629,
        2118.2796083119006,
        841.8806459362193,
        274.18521572494814,
        274.18521572494797,
        158.87717676310973
    ],
    "Static Pressures": [
        84.12465623523386,
        133.97926458691438,
        267.52254953831897,
        1949.4117873994917,
        1809.0814692543552,
        717.4900487132696,
        233.39752720873418,
        148.44551917688472,
        84.07825298491278
    ],
    "Entropies": [
        6834.413225585567,
        6845.607178771454,
        6865.411001852656,
        6918.455622842225,
        7998.9691562655435,
        8028.067018086645,
        8060.72288846601,
        8060.72288846601,
        6845.607178771454
    ],
    "Specifice Volumes": [
        0.9354134467594029,
        0.6780422909737052,
        0.4215886962698021,
        0.10554514073123682,
        0.2527425829417137,
        0.529769697955925,
        1.2856548661138287,
        1.8118710250159251,
        0.9458112098493429
    ],
    "Performance": {
        "Thrust": 99999.99999999999,
        "OPR": 22.723750000000003,
        "T4": 1376.1718749999998,
        "Thermal Efficiency": 0.41960595734773853,
        "SFC": 0.05542298326859946,
        "TSFC": 7.976122131048715,
        "Air Mass Flow Rate": 187.91951327397587,
        "Fuel Mass Flow Rate": 0.7976122131048715,
        "Core EGT": 813.5817441744404,
        "Bypass EGT": 59.942033320835186,
        "FAR": 0.025891055245796598,
        "Specific Thrust": 0.5321427150261172
    },
    "Pressure Ratios": {
        "Fan": 1.6,
        "LPC": 2.0,
        "HPC": 7.24609375,
        "HPT": 2.516128169161381,
        "LPT": 3.070481549161137
    },
    "Mechanical Parameters": {
        "LP Shaft Speed": 5490.0,
        "Fan Power": 8.491409127653972,
        "Fan Efficiency": 0.92,
        "LPC Power": 2.491080787833232,
        "LPC Efficiency": 0.9,
        "LPT Power": 11.206622362742044,
        "LPT Efficiency": 0.9100000000000003,
        "HP Shaft Speed": 15183.0,
        "HPC Power": 10.851849460508157,
        "HPC Efficiency": 0.89,
        "HPT Power": 11.227021377600586,
        "HPT Efficiency": 0.9000000000000001,
        "Burner Power": 6.006997408968964,
        "Burner Efficiency": 0.17514477821028704
    }
}