{
    "Stages": [
        "0. Fan Inlet",
        "1. LPC Inlet",
        "2. HPC Inlet",
        "3. Burner Inlet",
        "4. HPT Inlet",
        "5. LPT Inlet",
        "6. Core Nozz Inlet",
        "7. Core Nozz Outlet",
        "8. Byp Nozz Outlet"
    ],
    "Total Temperatures": [
        15.000057655676706,
        59.94203332083493,
        139.95697080771524,
        501.6042668545721,
        1330.4687499999998,
        1029.0458208143289,
        737.2571009713082,
        737.2571009713082,
        59.94203332083493
    ],
    "Static Temperatures": [
        1.2698087753191583,
        44.11029440122737,
        120.50659961430041,
        468.3819763807965,
        1275.2899666933506,
        981.8099293694976,
        698.3379455708504,
        595.6575844719557,
        4.4391862677624285
    ],
    "Total Pressures": [
        99.29823547694353,
        158.87717676310967,
        317.75435352621935,
        2594.1664018351503,
        2386.6330896883405,
        844.9800322041624,
        254.6087623265504,
        254.60876232655045,
        158.87717676310967
    ],
    "Static Pressures": [
        84.12465623523386,
        133.97926458691458,
        267.5225495383185,
        2198.551577207049,
        2037.2133333352504,
        719.6028614229425,
        216.35731962904745,
        137.2597820650654,
        84.078252984913
    ],
    "Entropies": [
        6834.413225585567,
        6845.607178771453,
        6865.411001852656,
        6920.809942071761,
        7919.591012179352,
        7952.770835926257,
        7988.067570955193,
        7988.067570955193,
        6845.607178771453
    ],
    "Specifice Volumes": [
        0.9354134467594029,
        0.6780422909737053,
        0.4215886962698025,
        0.09677081085109801,
        0.21813955502853588,
        0.5004571982984277,
        1.2883884333266784,
        1.8160518458850583,
        0.9458112098493399
    ],
    "Performance": {
        "Thrust": 99999.99999999999,
        "OPR": 25.6025,
        "T4": 1330.4687499999998,
        "Thermal Efficiency": 0.44554798151372643,
        "SFC": 0.0521959809457063,
        "TSFC": 7.4078287468882085,
        "Air Mass Flow Rate": 190.52447955373745,
        "Fuel Mass Flow Rate": 0.7407828746888208,
        "Core EGT": 737.2571009713082,
        "Bypass EGT": 59.94203332083493,
        "FAR": 0.02371755874198457,
        "Specific Thrust": 0.5248669369638402
    },
    "Pressure Ratios": {
        "Fan": 1.6,
        "LPC": 2.0,
        "HPC": 8.1640625,
        "HPT": 2.824484601680718,
        "LPT": 3.318739011504044
    },
    "Mechanical Parameters": {
        "LP Shaft Speed": 5490.0,
        "Fan Power": 8.609118215229891,
        "Fan Efficiency": 0.92,
        "LPC Power": 2.525612494197363,
        "LPC Efficiency": 0.9,
        "LPT Power": 11.361970111660467,
        "LPT Efficiency": 0.9099999999999999,
        "HP Shaft Speed": 15183.0,
        "HPC Power": 11.872926110806603,
        "HPC Efficiency": 0.89,
        "HPT Power": 12.26893632688471,
        "HPT Efficiency": 0.8999999999999995,
        "Burner Power": 5.7578474760541205,
        "Burner Efficiency": 0.18075934832041815
    }
}