{
    "Stages": [
        "0. Fan Inlet",
        "1. LPC Inlet",
        "2. HPC Inlet",
        "3. Burner Inlet",
        "4. HPT Inlet",
        "5. LPT Inlet",
        "6. Core Nozz Inlet",
        "7. Core Nozz Outlet",
        "8. Byp Nozz Outlet"
    ],
    "Total Temperatures": [
        15.000057655676706,
        59.942033320834994,
        139.95697080771498,
        508.3455912287868,
        1401.953125,
        1099.435680320969,
        812.6046728200787,
        812.6046728200787,
        59.94203332083493
    ],
    "Static Temperatures": [
        1.2698087753191583,
        44.11029440122737,
        120.50659961430016,
        474.8986579826449,
        1345.2498639448092,
        1050.4951605337144,
        771.6676474437782,
        663.3836662581525,
        4.4391862677623966
    ],
    "Total Pressures": [
        99.29823547694355,
        158.87717676310967,
        317.75435352621935,
        2674.8462181601667,
        2460.858520707354,
        899.3346759654851,
        292.15766159430535,
        292.1576615943054,
        158.87717676310967
    ],
    "Static Pressures": [
        84.124656235234,
        133.97926458691475,
        267.52254953831897,
        2264.605941250412,
        2102.223751741974,
        767.0093988902714,
        248.40951498170782,
        158.04532891200512,
        84.0782529849129
    ],
    "Entropies": [
        6834.413225585567,
        6845.607178771453,
        6865.411001852655,
        6921.464258140945,
        7976.288636998054,
        8008.286054038903,
        8040.978253184754,
        8040.978253184754,
        6845.607178771453
    ],
    "Specifice Volumes": [
        0.9354134467594015,
        0.6780422909737034,
        0.42158869626980144,
        0.0947953717761069,
        0.22094280442048908,
        0.4952269031725041,
        1.2068618395125428,
        1.7002457747523485,
        0.9458112098493411
    ],
    "Performance": {
        "Thrust": 99999.99999999999,
        "OPR": 26.39875,
        "T4": 1401.953125,
        "Thermal Efficiency": 0.419643353442768,
        "SFC": 0.05541804430523419,
        "TSFC": 7.957743884024005,
        "Air Mass Flow Rate": 187.5678284660374,
        "Fuel Mass Flow Rate": 0.7957743884024004,
        "Core EGT": 812.6046728200787,
        "Bypass EGT": 59.94203332083493,
        "FAR": 0.02587983135995834,
        "Specific Thrust": 0.533140468799034
    },
    "Pressure Ratios": {
        "Fan": 1.6,
        "LPC": 2.0,
        "HPC": 8.41796875,
        "HPT": 2.7363100595064758,
        "LPT": 3.0782512122318213
    },
    "Mechanical Parameters": {
        "LP Shaft Speed": 5490.0,
        "Fan Power": 8.475517751946557,
        "Fan Efficiency": 0.92,
        "LPC Power": 2.4864188171141364,
        "LPC Efficiency": 0.9,
        "LPT Power": 11.185649560266013,
        "LPT Efficiency": 0.91,
        "HP Shaft Speed": 15183.0,
        "HPC Power": 11.914976149386757,
        "HPC Efficiency": 0.89,
        "HPT Power": 12.311844529517524,
        "HPT Efficiency": 0.9000000000000001,
        "Burner Power": 6.184717469803001,
        "Burner Efficiency": 0.18074298561101323
    }
}