{
    "Stages": [
        "0. Fan Inlet",
        "1. LPC Inlet",
        "2. HPC Inlet",
        "3. Burner Inlet",
        "4. HPT Inlet",
        "5. LPT Inlet",
        "6. Core Nozz Inlet",
        "7. Core Nozz Outlet",
        "8. Byp Nozz Outlet"
    ],
    "Total Temperatures": [
        15.000057655676706,
        59.942033320834994,
        139.95697080771498,
        472.6928470099278,
        1353.90625,
        1079.6379389748017,
        791.4560202214777,
        791.4560202214777,
        59.94203332083493
    ],
    "Static Temperatures": [
        1.2698087753191583,
        44.11029440122737,
        120.50659961430016,
        440.45198221511174,
        1298.3255203135413,
        1031.2015371602556,
        751.0812309842712,
        644.3413185618382,
        4.4391862677623966
    ],
    "Total Pressures": [
        99.29823547694355,
        158.87717676310967,
        317.75435352621935,
        2265.2409968177744,
        2084.0217170723527,
        823.8978319322241,
        263.03699835433923,
        263.03699835433906,
        158.87717676310967
    ],
    "Static Pressures": [
        84.124656235234,
        133.97926458691475,
        267.52254953831897,
        1919.8562543391756,
        1779.7300335050602,
        702.2154849993392,
        223.7568474160844,
        142.16214275011654,
        84.07825298491285
    ],
    "Entropies": [
        6834.413225585567,
        6845.607178771453,
        6865.411001852655,
        6918.1276359839785,
        7983.314543425022,
        8012.551217222229,
        8046.042176773007,
        8046.042176773007,
        6845.607178771453
    ],
    "Specifice Volumes": [
        0.9354134467594015,
        0.6780422909737055,
        0.42158869626980144,
        0.10666557877622067,
        0.25341436326560274,
        0.533100284889788,
        1.3136664881047797,
        1.851926725499855,
        0.9458112098493415
    ],
    "Performance": {
        "Thrust": 99999.99999999999,
        "OPR": 22.356249999999996,
        "T4": 1353.90625,
        "Thermal Efficiency": 0.42684256342408333,
        "SFC": 0.05448335275407595,
        "TSFC": 7.814837956835891,
        "Air Mass Flow Rate": 188.7915521549079,
        "Fuel Mass Flow Rate": 0.781483795683589,
        "Core EGT": 791.4560202214777,
        "Bypass EGT": 59.94203332083493,
        "FAR": 0.025250341444083346,
        "Specific Thrust": 0.5296847176612418
    },
    "Pressure Ratios": {
        "Fan": 1.6,
        "LPC": 2.0,
        "HPC": 7.12890625,
        "HPT": 2.529466198721335,
        "LPT": 3.132250736918556
    },
    "Mechanical Parameters": {
        "LP Shaft Speed": 5490.0,
        "Fan Power": 8.530813438490037,
        "Fan Efficiency": 0.92,
        "LPC Power": 2.50264062674876,
        "LPC Efficiency": 0.9,
        "LPT Power": 11.258626597182444,
        "LPT Efficiency": 0.9099999999999999,
        "HP Shaft Speed": 15183.0,
        "HPC Power": 10.789776673335437,
        "HPC Efficiency": 0.89,
        "HPT Power": 11.163681798852913,
        "HPT Efficiency": 0.8999999999999998,
        "Burner Power": 5.877690389877003,
        "Burner Efficiency": 0.174911463216737
    }
}