{
    "Stages": [
        "0. Fan Inlet",
        "1. LPC Inlet",
        "2. HPC Inlet",
        "3. Burner Inlet",
        "4. HPT Inlet",
        "5. LPT Inlet",
        "6. Core Nozz Inlet",
        "7. Core Nozz Outlet",
        "8. Byp Nozz Outlet"
    ],
    "Total Temperatures": [
        15.000057655676706,
        59.94203332083493,
        139.95697080771544,
        482.3966566847756,
        1426.5624999999998,
        1148.378321120947,
        864.8758272042788,
        864.8758272042788,
        59.94203332083487
    ],
    "Static Temperatures": [
        1.2698087753191583,
        44.11029440122737,
        120.50659961430054,
        449.8160524011575,
        1369.4609209757507,
        1098.3149620691,
        822.5950991281785,
        710.4938955438241,
        4.4391862677623966
    ],
    "Total Pressures": [
        99.29823547694355,
        158.87717676310967,
        317.75435352621935,
        2376.9515117293363,
        2186.795390790989,
        881.7607818951938,
        300.5479862320173,
        300.5479862320173,
        158.87717676310967
    ],
    "Static Pressures": [
        84.124656235234,
        133.97926458691455,
        267.5225495383194,
        2010.3650805430525,
        1869.4443036294867,
        752.580307687638,
        255.90419860889557,
        162.79109096957882,
        84.07825298491304
    ],
    "Entropies": [
        6834.413225585567,
        6845.607178771453,
        6865.411001852656,
        6918.945645321941,
        8034.982335222503,
        8063.569243738795,
        8094.776504336053,
        8094.776504336053,
        6845.607178771453
    ],
    "Specifice Volumes": [
        0.9354134467594015,
        0.678042290973704,
        0.4215886962698011,
        0.10320168733968053,
        0.25218066135952766,
        0.5230284313928488,
        1.2289348506077868,
        1.733807106548861,
        0.9458112098493398
    ],
    "Performance": {
        "Thrust": 99999.99999999999,
        "OPR": 23.45875,
        "T4": 1426.5624999999998,
        "Thermal Efficiency": 0.4038694856023475,
        "SFC": 0.05758249826377376,
        "TSFC": 8.353320384203956,
        "Air Mass Flow Rate": 186.00521443215558,
        "Fuel Mass Flow Rate": 0.8353320384203955,
        "Core EGT": 864.8758272042788,
        "Bypass EGT": 59.94203332083487,
        "FAR": 0.027394530040032717,
        "Specific Thrust": 0.5376193366690505
    },
    "Pressure Ratios": {
        "Fan": 1.6,
        "LPC": 2.0,
        "HPC": 7.48046875,
        "HPT": 2.4800324937233507,
        "LPT": 2.93384358667601
    },
    "Mechanical Parameters": {
        "LP Shaft Speed": 5490.0,
        "Fan Power": 8.404908825608173,
        "Fan Efficiency": 0.92,
        "LPC Power": 2.465704641503625,
        "LPC Efficiency": 0.9,
        "LPT Power": 11.09246272154265,
        "LPT Efficiency": 0.9100000000000001,
        "HP Shaft Speed": 15183.0,
        "HPC Power": 10.951890035737238,
        "HPC Efficiency": 0.89,
        "HPT Power": 11.329103597222096,
        "HPT Efficiency": 0.9,
        "Burner Power": 6.306272788162371,
        "Burner Efficiency": 0.17556791785309514
    }
}