{
    "Stages": [
        "0. Fan Inlet",
        "1. LPC Inlet",
        "2. HPC Inlet",
        "3. Burner Inlet",
        "4. HPT Inlet",
        "5. LPT Inlet",
        "6. Core Nozz Inlet",
        "7. Core Nozz Outlet",
        "8. Byp Nozz Outlet"
    ],
    "Total Temperatures": [
        15.000057655676706,
        59.942033320834994,
        139.95697080771498,
        495.56759276462645,
        1333.984375,
        1038.16846211231,
        747.0587858439432,
        747.0587858439432,
        59.94203332083493
    ],
    "Static Temperatures": [
        1.2698087753191583,
        44.11029440122737,
        120.50659961430016,
        462.5467162264951,
        1278.738711348167,
        990.7354857152563,
        707.8658552161745,
        604.4464297296287,
        4.4391862677623966
    ],
    "Total Pressures": [
        99.29823547694355,
        158.87717676310967,
        317.75435352621935,
        2525.8988649447515,
        2323.8269557491712,
        842.3261520437757,
        256.7511972292697,
        256.7511972292697,
        158.87717676310967
    ],
    "Static Pressures": [
        84.124656235234,
        133.97926458691475,
        267.52254953831897,
        2139.4044438413785,
        1982.8437704214148,
        717.7520623806126,
        218.18730665855006,
        138.4632998883278,
        84.07825298491302
    ],
    "Entropies": [
        6834.413225585567,
        6845.607178771453,
        6865.411001852655,
        6920.224020238995,
        7930.835381776169,
        7963.208053273614,
        7998.08883196589,
        7998.08883196589,
        6845.607178771453
    ],
    "Specifice Volumes": [
        0.9354134467594015,
        0.6780422909737055,
        0.42158869626980144,
        0.09865668914212716,
        0.22461392926315518,
        0.5053670151198332,
        1.2901234120862133,
        1.818495781832647,
        0.9458112098493398
    ],
    "Performance": {
        "Thrust": 99999.99999999999,
        "OPR": 24.928749999999997,
        "T4": 1333.984375,
        "Thermal Efficiency": 0.44202789645293095,
        "SFC": 0.05261164315670006,
        "TSFC": 7.480614052178698,
        "Air Mass Flow Rate": 190.1917208982632,
        "Fuel Mass Flow Rate": 0.7480614052178698,
        "Core EGT": 747.0587858439432,
        "Bypass EGT": 59.94203332083493,
        "FAR": 0.023992498465639975,
        "Specific Thrust": 0.5257852420058373
    },
    "Pressure Ratios": {
        "Fan": 1.6,
        "LPC": 2.0,
        "HPC": 7.94921875,
        "HPT": 2.7588208559247036,
        "LPT": 3.2807097343020697
    },
    "Mechanical Parameters": {
        "LP Shaft Speed": 5490.0,
        "Fan Power": 8.594082044503553,
        "Fan Efficiency": 0.92,
        "LPC Power": 2.5212014105414027,
        "LPC Efficiency": 0.9,
        "LPT Power": 11.34212597453567,
        "LPT Efficiency": 0.9099999999999999,
        "HP Shaft Speed": 15183.0,
        "HPC Power": 11.646709501057833,
        "HPC Efficiency": 0.89,
        "HPT Power": 12.038103051630868,
        "HPT Efficiency": 0.8999999999999998,
        "Burner Power": 5.77610983201404,
        "Burner Efficiency": 0.1795683278020619
    }
}