{
    "Stages": [
        "0. Fan Inlet",
        "1. LPC Inlet",
        "2. HPC Inlet",
        "3. Burner Inlet",
        "4. HPT Inlet",
        "5. LPT Inlet",
        "6. Core Nozz Inlet",
        "7. Core Nozz Outlet",
        "8. Byp Nozz Outlet"
    ],
    "Total Temperatures": [
        15.000057655676706,
        59.942033320834994,
        139.95697080771498,
        481.3022228533447,
        1359.765625,
        1078.3055906953487,
        790.037801853753,
        790.037801853753,
        59.94203332083493
    ],
    "Static Temperatures": [
        1.2698087753191583,
        44.11029440122737,
        120.50659961430016,
        448.7582536166868,
        1304.0431922717717,
        1029.9043355268495,
        749.6939996355655,
        643.0610722849254,
        4.4391862677623966
    ],
    "Total Pressures": [
        99.29823547694355,
        158.87717676310967,
        317.75435352621935,
        2364.539232294718,
        2175.376093711143,
        841.0118013183404,
        267.9239211409792,
        267.92392114097913,
        158.87717676310967
    ],
    "Static Pressures": [
        84.124656235234,
        133.97926458691475,
        267.52254953831897,
        1999.6124862970246,
        1858.782628092941,
        717.0035580312264,
        227.93362234781543,
        144.84006475125724,
        84.07825298491288
    ],
    "Entropies": [
        6834.413225585567,
        6845.607178771453,
        6865.411001852655,
        6918.84357522388,
        7975.50430866244,
        8005.5578457161855,
        8039.102125165334,
        8039.102125165334,
        6845.607178771453
    ],
    "Specifice Volumes": [
        0.9354134467594015,
        0.6780422909737034,
        0.42158869626980144,
        0.10361006578208082,
        0.24353372433518533,
        0.5215980481122637,
        1.2878006885210884,
        1.8150954831334827,
        0.9458112098493415
    ],
    "Performance": {
        "Thrust": 99999.99999999999,
        "OPR": 23.336249999999996,
        "T4": 1359.765625,
        "Thermal Efficiency": 0.4272394587844748,
        "SFC": 0.05443273900695581,
        "TSFC": 7.80025443059227,
        "Air Mass Flow Rate": 188.71115463273804,
        "Fuel Mass Flow Rate": 0.7800254430592269,
        "Core EGT": 790.037801853753,
        "Bypass EGT": 59.94203332083493,
        "FAR": 0.025213958400717808,
        "Specific Thrust": 0.5299103817928299
    },
    "Pressure Ratios": {
        "Fan": 1.6,
        "LPC": 2.0,
        "HPC": 7.44140625,
        "HPT": 2.58661779811068,
        "LPT": 3.1389948226228266
    },
    "Mechanical Parameters": {
        "LP Shaft Speed": 5490.0,
        "Fan Power": 8.527180562682197,
        "Fan Efficiency": 0.92,
        "LPC Power": 2.5015748687581323,
        "LPC Efficiency": 0.9,
        "LPT Power": 11.253832072898298,
        "LPT Efficiency": 0.9099999999999999,
        "HP Shaft Speed": 15183.0,
        "HPC Power": 11.074251416251272,
        "HPC Efficiency": 0.89,
        "HPT Power": 11.453962148767028,
        "HPT Efficiency": 0.8999999999999999,
        "Burner Power": 5.91701307762137,
        "Burner Efficiency": 0.17641085495088388
    }
}