{
    "Stages": [
        "0. Fan Inlet",
        "1. LPC Inlet",
        "2. HPC Inlet",
        "3. Burner Inlet",
        "4. HPT Inlet",
        "5. LPT Inlet",
        "6. Core Nozz Inlet",
        "7. Core Nozz Outlet",
        "8. Byp Nozz Outlet"
    ],
    "Total Temperatures": [
        15.000057655676706,
        59.94203332083493,
        139.95697080771544,
        490.0797045301386,
        1369.140625,
        1080.5167180812296,
        792.4005165715838,
        792.4005165715838,
        59.94203332083487
    ],
    "Static Temperatures": [
        1.2698087753191583,
        44.11029440122737,
        120.50659961430054,
        457.24213749954066,
        1313.167170822558,
        1032.0582149153588,
        752.0060724713289,
        645.1971323229446,
        4.4391862677623966
    ],
    "Total Pressures": [
        99.29823547694355,
        158.87717676310967,
        317.75435352621935,
        2463.8374677716615,
        2266.7304703499262,
        859.6362437569697,
        274.22588952701534,
        274.2258895270153,
        158.87717676310967
    ],
    "Static Pressures": [
        84.124656235234,
        133.97926458691455,
        267.52254953831886,
        2085.636554660164,
        1937.0467154012072,
        733.0244247064546,
        233.43352909896234,
        148.37363991496704,
        84.07825298491306
    ],
    "Entropies": [
        6834.413225585567,
        6845.607178771453,
        6865.411001852656,
        6919.691364025088,
        7970.935114391607,
        8001.736691015372,
        8035.191735502209,
        8035.191735502209,
        6845.607178771453
    ],
    "Specifice Volumes": [
        0.9354134467594015,
        0.6780422909737039,
        0.42158869626980217,
        0.10047494283850697,
        0.23502541243842331,
        0.5110221683136716,
        1.260380285706936,
        1.7760927532419588,
        0.9458112098493389
    ],
    "Performance": {
        "Thrust": 99999.99999999999,
        "OPR": 24.316249999999997,
        "T4": 1369.140625,
        "Thermal Efficiency": 0.42637472269363863,
        "SFC": 0.05454313474909787,
        "TSFC": 7.813777070578226,
        "Air Mass Flow Rate": 188.49404314222582,
        "Fuel Mass Flow Rate": 0.7813777070578225,
        "Core EGT": 792.4005165715838,
        "Bypass EGT": 59.94203332083487,
        "FAR": 0.025286762030226527,
        "Specific Thrust": 0.5305207439608383
    },
    "Pressure Ratios": {
        "Fan": 1.6,
        "LPC": 2.0,
        "HPC": 7.75390625,
        "HPT": 2.6368484190980204,
        "LPT": 3.1347742010780597
    },
    "Mechanical Parameters": {
        "LP Shaft Speed": 5490.0,
        "Fan Power": 8.517370072754156,
        "Fan Efficiency": 0.92,
        "LPC Power": 2.4986968160566994,
        "LPC Efficiency": 0.9,
        "LPT Power": 11.240884580419241,
        "LPT Efficiency": 0.9099999999999999,
        "HP Shaft Speed": 15183.0,
        "HPC Power": 11.357616693922091,
        "HPC Efficiency": 0.89,
        "HPT Power": 11.74311039128828,
        "HPT Efficiency": 0.9000000000000001,
        "Burner Power": 5.976853786885432,
        "Burner Efficiency": 0.17788656937549946
    }
}