{
    "Stages": [
        "0. Fan Inlet",
        "1. LPC Inlet",
        "2. HPC Inlet",
        "3. Burner Inlet",
        "4. HPT Inlet",
        "5. LPT Inlet",
        "6. Core Nozz Inlet",
        "7. Core Nozz Outlet",
        "8. Byp Nozz Outlet"
    ],
    "Total Temperatures": [
        15.000057655676706,
        59.94203332083493,
        139.95697080771544,
        483.4942352567625,
        1419.53125,
        1139.9512752657865,
        855.8915969230175,
        855.8915969230175,
        59.94203332083487
    ],
    "Static Temperatures": [
        1.2698087753191583,
        44.11029440122737,
        120.50659961430054,
        450.8768984804079,
        1362.556509640177,
        1090.0669193665772,
        813.8114871018427,
        702.3714575291065,
        4.4391862677623966
    ],
    "Total Pressures": [
        99.29823547694355,
        158.87717676310967,
        317.75435352621935,
        2389.363791163954,
        2198.2146878708354,
        879.606972915068,
        297.4030180312614,
        297.4030180312613,
        158.87717676310967
    ],
    "Static Pressures": [
        84.124656235234,
        133.97926458691455,
        267.52254953831886,
        2021.1178932465943,
        1878.9427685631667,
        750.4453359890263,
        252.99146739881903,
        160.93482023091093,
        84.07825298491282
    ],
    "Entropies": [
        6834.413225585567,
        6845.607178771453,
        6865.411001852656,
        6919.052176565511,
        8026.963854164489,
        8055.83994603896,
        8087.309446265527,
        8087.309446265529,
        6845.607178771453
    ],
    "Specifice Volumes": [
        0.9354134467594015,
        0.678042290973704,
        0.42158869626980217,
        0.10279847342711801,
        0.2498370917405949,
        0.5213121870565829,
        1.2328867458937984,
        1.7392120066864445,
        0.9458112098493419
    ],
    "Performance": {
        "Thrust": 99999.99999999999,
        "OPR": 23.581249999999997,
        "T4": 1419.53125,
        "Thermal Efficiency": 0.40651278467240715,
        "SFC": 0.057208075195542336,
        "TSFC": 8.286207288818751,
        "Air Mass Flow Rate": 186.30896018195372,
        "Fuel Mass Flow Rate": 0.828620728881875,
        "Core EGT": 855.8915969230175,
        "Bypass EGT": 59.94203332083487,
        "FAR": 0.027130130731463527,
        "Specific Thrust": 0.5367428378234607
    },
    "Pressure Ratios": {
        "Fan": 1.6,
        "LPC": 2.0,
        "HPC": 7.51953125,
        "HPT": 2.4990873828408,
        "LPT": 2.9576262498540222
    },
    "Mechanical Parameters": {
        "LP Shaft Speed": 5490.0,
        "Fan Power": 8.418634007136083,
        "Fan Efficiency": 0.92,
        "LPC Power": 2.469731127037381,
        "LPC Efficiency": 0.9,
        "LPT Power": 11.110576667523944,
        "LPT Efficiency": 0.9100000000000003,
        "HP Shaft Speed": 15183.0,
        "HPC Power": 11.006371735413317,
        "HPC Efficiency": 0.89,
        "HPT Power": 11.384697168320137,
        "HPT Efficiency": 0.8999999999999999,
        "Burner Power": 6.266416654598146,
        "Burner Efficiency": 0.17587131819767726
    }
}