{
    "Stages": [
        "0. Fan Inlet",
        "1. LPC Inlet",
        "2. HPC Inlet",
        "3. Burner Inlet",
        "4. HPT Inlet",
        "5. LPT Inlet",
        "6. Core Nozz Inlet",
        "7. Core Nozz Outlet",
        "8. Byp Nozz Outlet"
    ],
    "Total Temperatures": [
        15.000057655676706,
        59.942033320834994,
        139.95697080771498,
        521.1395161399606,
        1396.09375,
        1081.8105042742754,
        793.7932573915542,
        793.7932573915542,
        59.94203332083493
    ],
    "Static Temperatures": [
        1.2698087753191583,
        44.11029440122737,
        120.50659961430016,
        487.26197985866867,
        1339.4877236711818,
        1033.3197540804965,
        753.3700776464872,
        646.45990844526,
        4.4391862677623966
    ],
    "Total Pressures": [
        99.29823547694355,
        158.87717676310967,
        317.75435352621935,
        2842.411990527509,
        2615.019031285311,
        914.2194031112832,
        291.9004927596821,
        291.90049275968215,
        158.87717676310967
    ],
    "Static Pressures": [
        84.124656235234,
        133.97926458691475,
        267.52254953831897,
        2406.892944203399,
        2235.5114062706025,
        780.0799216869215,
        248.22915066315383,
        157.85298423765818,
        84.078252984913
    ],
    "Entropies": [
        6834.413225585567,
        6845.607178771453,
        6865.411001852655,
        6922.348559319015,
        7951.561379210736,
        7985.178176368871,
        8018.58015907307,
        8018.58015907307,
        6845.607178771453
    ],
    "Specifice Volumes": [
        0.9354134467594015,
        0.6780422909737055,
        0.42158869626980144,
        0.09065598178048223,
        0.2070415204853703,
        0.48065124562233486,
        1.186882330735158,
        1.6717915193976116,
        0.9458112098493399
    ],
    "Performance": {
        "Thrust": 99999.99999999999,
        "OPR": 28.052499999999995,
        "T4": 1396.09375,
        "Thermal Efficiency": 0.4256393989228159,
        "SFC": 0.05463736207771853,
        "TSFC": 7.814193559752216,
        "Air Mass Flow Rate": 188.08326378051126,
        "Fuel Mass Flow Rate": 0.7814193559752215,
        "Core EGT": 793.7932573915542,
        "Bypass EGT": 59.94203332083493,
        "FAR": 0.025343339835975143,
        "Specific Thrust": 0.5316794168177432
    },
    "Pressure Ratios": {
        "Fan": 1.6,
        "LPC": 2.0,
        "HPC": 8.9453125,
        "HPT": 2.8603845229994507,
        "LPT": 3.1319556690983315
    },
    "Mechanical Parameters": {
        "LP Shaft Speed": 5490.0,
        "Fan Power": 8.498808426011133,
        "Fan Efficiency": 0.92,
        "LPC Power": 2.493251481731485,
        "LPC Efficiency": 0.9,
        "LPT Power": 11.216387660961855,
        "LPT Efficiency": 0.9099999999999998,
        "HP Shaft Speed": 15183.0,
        "HPC Power": 12.380226565210918,
        "HPC Efficiency": 0.89,
        "HPT Power": 12.786589851787085,
        "HPT Efficiency": 0.9000000000000002,
        "Burner Power": 6.155128730239763,
        "Burner Efficiency": 0.18318272706667638
    }
}