{
    "Stages": [
        "0. Fan Inlet",
        "1. LPC Inlet",
        "2. HPC Inlet",
        "3. Burner Inlet",
        "4. HPT Inlet",
        "5. LPT Inlet",
        "6. Core Nozz Inlet",
        "7. Core Nozz Outlet",
        "8. Byp Nozz Outlet"
    ],
    "Total Temperatures": [
        15.000057655676706,
        59.942033320834994,
        139.95697080771498,
        487.8845485168301,
        1343.3593749999998,
        1055.0070384017758,
        765.0840242818307,
        765.0840242818307,
        59.94203332083493
    ],
    "Static Temperatures": [
        1.2698087753191583,
        44.11029440122737,
        120.50659961430016,
        455.120360197748,
        1287.936040337705,
        1007.1486851765334,
        725.4213800440135,
        620.6541307089128,
        4.4391862677623966
    ],
    "Total Pressures": [
        99.29823547694355,
        158.87717676310967,
        317.75435352621935,
        2439.012908902426,
        2243.891876190232,
        840.3218449138278,
        260.9882384128844,
        260.98823841288436,
        158.87717676310967
    ],
    "Static Pressures": [
        84.124656235234,
        133.97926458691475,
        267.52254953831897,
        2064.1299941370967,
        1916.9746774784599,
        715.9610199534404,
        221.96691956005373,
        140.97283559570192,
        84.07825298491287
    ],
    "Entropies": [
        6834.413225585567,
        6845.607178771453,
        6865.411001852655,
        6919.478301538912,
        7950.341197374869,
        7981.549566094025,
        8015.891214492267,
        8015.891214492268,
        6845.607178771453
    ],
    "Specifice Volumes": [
        0.9354134467594015,
        0.6780422909737055,
        0.42158869626980144,
        0.10123167738155826,
        0.23370298590549576,
        0.5131620733078882,
        1.2910036325299186,
        1.8194908275434447,
        0.9458112098493416
    ],
    "Performance": {
        "Thrust": 99999.99999999999,
        "OPR": 24.071249999999996,
        "T4": 1343.3593749999998,
        "Thermal Efficiency": 0.4356890142665136,
        "SFC": 0.05337709511138294,
        "TSFC": 7.614557490584802,
        "Air Mass Flow Rate": 189.56776950153696,
        "Fuel Mass Flow Rate": 0.76145574905848,
        "Core EGT": 765.0840242818307,
        "Bypass EGT": 59.94203332083493,
        "FAR": 0.02450247782874856,
        "Specific Thrust": 0.5275158338516465
    },
    "Pressure Ratios": {
        "Fan": 1.6,
        "LPC": 2.0,
        "HPC": 7.67578125,
        "HPT": 2.670276739527502,
        "LPT": 3.219769021102151
    },
    "Mechanical Parameters": {
        "LP Shaft Speed": 5490.0,
        "Fan Power": 8.56588791770391,
        "Fan Efficiency": 0.92,
        "LPC Power": 2.51293024535027,
        "LPC Efficiency": 0.9,
        "LPT Power": 11.304916492912426,
        "LPT Efficiency": 0.91,
        "HP Shaft Speed": 15183.0,
        "HPC Power": 11.347838657575585,
        "HPC Efficiency": 0.89,
        "HPT Power": 11.733132803179593,
        "HPT Efficiency": 0.9000000000000002,
        "Burner Power": 5.8265648190871,
        "Burner Efficiency": 0.1779506000029211
    }
}