{
    "Stages": [
        "0. Fan Inlet",
        "1. LPC Inlet",
        "2. HPC Inlet",
        "3. Burner Inlet",
        "4. HPT Inlet",
        "5. LPT Inlet",
        "6. Core Nozz Inlet",
        "7. Core Nozz Outlet",
        "8. Byp Nozz Outlet"
    ],
    "Total Temperatures": [
        15.000057655676706,
        59.942033320834994,
        139.95697080771498,
        473.91509928107104,
        1312.890625,
        1034.9926247013027,
        743.6368595457513,
        743.6368595457513,
        59.94203332083493
    ],
    "Static Temperatures": [
        1.2698087753191583,
        44.11029440122737,
        120.50659961430016,
        441.6331239009111,
        1258.1704889613047,
        987.6270150361977,
        704.5384518607926,
        601.3746465685495,
        4.4391862677623966
    ],
    "Total Pressures": [
        99.29823547694355,
        158.87717676310967,
        317.75435352621935,
        2277.6532762523925,
        2095.4410141522035,
        801.2773126884065,
        243.46243214832364,
        243.46243214832353,
        158.87717676310967
    ],
    "Static Pressures": [
        84.124656235234,
        133.97926458691475,
        267.52254953831897,
        1930.6305699673503,
        1788.7172692350598,
        683.4214614232914,
        207.17999583357096,
        131.60258582510718,
        84.07825298491304
    ],
    "Entropies": [
        6834.413225585567,
        6845.607178771453,
        6865.411001852655,
        6918.247202817331,
        7943.350876780066,
        7973.773004592583,
        8008.799497993375,
        8008.799497993376,
        6845.607178771453
    ],
    "Specifice Volumes": [
        0.9354134467594015,
        0.6780422909737055,
        0.42158869626980144,
        0.10625260782579227,
        0.2456873980155112,
        0.529423389420751,
        1.3540250543036771,
        1.9065504940909639,
        0.9458112098493393
    ],
    "Performance": {
        "Thrust": 99999.99999999999,
        "OPR": 22.478749999999998,
        "T4": 1312.890625,
        "Thermal Efficiency": 0.4434788560152839,
        "SFC": 0.05243951010978275,
        "TSFC": 7.464012960266404,
        "Air Mass Flow Rate": 190.6319229712682,
        "Fuel Mass Flow Rate": 0.7464012960266403,
        "Core EGT": 743.6368595457513,
        "Bypass EGT": 59.94203332083493,
        "FAR": 0.023883974073160535,
        "Specific Thrust": 0.524571112966593
    },
    "Pressure Ratios": {
        "Fan": 1.6,
        "LPC": 2.0,
        "HPC": 7.16796875,
        "HPT": 2.6151258509013338,
        "LPT": 3.2911743533402618
    },
    "Mechanical Parameters": {
        "LP Shaft Speed": 5490.0,
        "Fan Power": 8.613973198091616,
        "Fan Efficiency": 0.92,
        "LPC Power": 2.527036775415025,
        "LPC Efficiency": 0.9,
        "LPT Power": 11.36837752398637,
        "LPT Efficiency": 0.9099999999999999,
        "HP Shaft Speed": 15183.0,
        "HPC Power": 10.93634306709887,
        "HPC Efficiency": 0.89,
        "HPT Power": 11.313239343509483,
        "HPT Efficiency": 0.8999999999999999,
        "Burner Power": 5.6475758042159825,
        "Burner Efficiency": 0.17596294766666865
    }
}