{
    "Stages": [
        "0. Fan Inlet",
        "1. LPC Inlet",
        "2. HPC Inlet",
        "3. Burner Inlet",
        "4. HPT Inlet",
        "5. LPT Inlet",
        "6. Core Nozz Inlet",
        "7. Core Nozz Outlet",
        "8. Byp Nozz Outlet"
    ],
    "Total Temperatures": [
        15.000057655676706,
        59.942033320834994,
        139.95697080771498,
        516.842818069261,
        1346.8749999999998,
        1032.9402847139195,
        741.4486488570504,
        741.4486488570504,
        59.94203332083493
    ],
    "Static Temperatures": [
        1.2698087753191583,
        44.11029440122737,
        120.50659961430016,
        483.1079733883114,
        1291.2944142818792,
        985.6210557298343,
        702.4130217005611,
        599.4179376220588,
        4.4391862677623966
    ],
    "Total Pressures": [
        99.29823547694355,
        158.87717676310967,
        317.75435352621935,
        2786.556733071728,
        2563.63219442599,
        874.5796884397739,
        264.94270150729693,
        264.94270150729704,
        158.87717676310967
    ],
    "Static Pressures": [
        84.124656235234,
        133.97926458691475,
        267.52254953831897,
        2358.588657524791,
        2189.9355450767007,
        745.3211692405105,
        225.26315388842,
        142.98520254780564,
        84.07825298491294
    ],
    "Entropies": [
        6834.413225585567,
        6845.607178771453,
        6865.411001852655,
        6922.100498847442,
        7912.633904771587,
        7947.147933598462,
        7982.26648880003,
        7982.26648880003,
        6845.607178771453
    ],
    "Specifice Volumes": [
        0.9354134467594015,
        0.6780422909737055,
        0.42158869626980144,
        0.09202191863904109,
        0.2050157806698431,
        0.48467032584141556,
        1.2426178626445739,
        1.7508425235927423,
        0.9458112098493409
    ],
    "Performance": {
        "Thrust": 99999.99999999999,
        "OPR": 27.501249999999995,
        "T4": 1346.8749999999998,
        "Thermal Efficiency": 0.44385934468747046,
        "SFC": 0.05239455749177303,
        "TSFC": 7.4325120483868075,
        "Air Mass Flow Rate": 190.14152619944463,
        "Fuel Mass Flow Rate": 0.7432512048386807,
        "Core EGT": 741.4486488570504,
        "Bypass EGT": 59.94203332083493,
        "FAR": 0.023844514347488157,
        "Specific Thrust": 0.5259240419428802
    },
    "Pressure Ratios": {
        "Fan": 1.6,
        "LPC": 2.0,
        "HPC": 8.76953125,
        "HPT": 2.9312734200349873,
        "LPT": 3.301014458840213
    },
    "Mechanical Parameters": {
        "LP Shaft Speed": 5490.0,
        "Fan Power": 8.591813926008127,
        "Fan Efficiency": 0.92,
        "LPC Power": 2.520536024346539,
        "LPC Efficiency": 0.9,
        "LPT Power": 11.339132602402719,
        "LPT Efficiency": 0.9100000000000001,
        "HP Shaft Speed": 15183.0,
        "HPC Power": 12.368410959748779,
        "HPC Efficiency": 0.89,
        "HPT Power": 12.774533111519593,
        "HPT Efficiency": 0.9000000000000001,
        "Burner Power": 5.856023517745303,
        "Burner Efficiency": 0.1832309084053163
    }
}