{
    "Stages": [
        "0. Fan Inlet",
        "1. LPC Inlet",
        "2. HPC Inlet",
        "3. Burner Inlet",
        "4. HPT Inlet",
        "5. LPT Inlet",
        "6. Core Nozz Inlet",
        "7. Core Nozz Outlet",
        "8. Byp Nozz Outlet"
    ],
    "Total Temperatures": [
        15.000057655676706,
        59.942033320834994,
        139.95697080771538,
        522.6149993697595,
        1357.4218749999998,
        1039.0414301276785,
        748.0080065232028,
        748.0080065232028,
        59.942033320834994
    ],
    "Static Temperatures": [
        1.2698087753191583,
        44.1102944012275,
        120.50659961430048,
        488.6884893312862,
        1301.618417185664,
        991.5909917507106,
        708.7897277727006,
        605.3013613732626,
        4.43918626776246
    ],
    "Total Pressures": [
        99.29823547694352,
        158.87717676310965,
        317.7543535262193,
        2861.0304096794353,
        2632.1479769050807,
        889.3599100873391,
        271.4502866785907,
        271.4502866785907,
        158.87717676310965
    ],
    "Static Pressures": [
        84.124656235234,
        133.97926458691427,
        267.5225495383182,
        2422.9959712863397,
        2249.699049276196,
        758.3634909399894,
        230.8644319368546,
        146.60192383756285,
        84.07825298491288
    ],
    "Entropies": [
        6834.413225585567,
        6845.607178771453,
        6865.411001852656,
        6922.490413301311,
        7913.8008049121945,
        7948.701708169001,
        7983.5416470395685,
        7983.5416470395685,
        6845.607178771453
    ],
    "Specifice Volumes": [
        0.9354134467594013,
        0.6780422909737056,
        0.4215886962698031,
        0.09021870118796557,
        0.2009034975509984,
        0.47863474993801336,
        1.2204422669798833,
        1.7192350331370376,
        0.9458112098493415
    ],
    "Performance": {
        "Thrust": 99999.99999999999,
        "OPR": 28.236250000000002,
        "T4": 1357.4218749999998,
        "Thermal Efficiency": 0.4414244842387382,
        "SFC": 0.052683561478458436,
        "TSFC": 7.478021896785086,
        "Air Mass Flow Rate": 189.79957729013208,
        "Fuel Mass Flow Rate": 0.7478021896785085,
        "Core EGT": 748.0080065232028,
        "Bypass EGT": 59.942033320834994,
        "FAR": 0.02403373823149249,
        "Specific Thrust": 0.5268715632972019
    },
    "Pressure Ratios": {
        "Fan": 1.6,
        "LPC": 2.0,
        "HPC": 9.00390625,
        "HPT": 2.9595981846794666,
        "LPT": 3.2763270248170273
    },
    "Mechanical Parameters": {
        "LP Shaft Speed": 5490.0,
        "Fan Power": 8.57636248065719,
        "Fan Efficiency": 0.92,
        "LPC Power": 2.5160031137213137,
        "LPC Efficiency": 0.9,
        "LPT Power": 11.318740402427045,
        "LPT Efficiency": 0.9099999999999999,
        "HP Shaft Speed": 15183.0,
        "HPC Power": 12.543690346410362,
        "HPC Efficiency": 0.89,
        "HPT Power": 12.953389628521201,
        "HPT Efficiency": 0.9000000000000002,
        "Burner Power": 5.91985934145838,
        "Burner Efficiency": 0.18410102213656687
    }
}