{
    "Stages": [
        "0. Fan Inlet",
        "1. LPC Inlet",
        "2. HPC Inlet",
        "3. Burner Inlet",
        "4. HPT Inlet",
        "5. LPT Inlet",
        "6. Core Nozz Inlet",
        "7. Core Nozz Outlet",
        "8. Byp Nozz Outlet"
    ],
    "Total Temperatures": [
        15.000057655676706,
        59.942033320834994,
        139.95697080771498,
        498.86032447186795,
        1426.5624999999998,
        1134.0406498428547,
        849.5647646057286,
        849.5647646057286,
        59.94203332083493
    ],
    "Static Temperatures": [
        1.2698087753191583,
        44.11029440122737,
        120.50659961430016,
        465.7295563664126,
        1369.4081774582692,
        1084.2802177890644,
        807.6573690544532,
        696.6831841678863,
        4.4391862677623966
    ],
    "Total Pressures": [
        99.29823547694355,
        158.87717676310967,
        317.75435352621935,
        2563.1357032486053,
        2358.0848469887173,
        903.950380482799,
        304.3074214600736,
        304.3074214600738,
        158.87717676310967
    ],
    "Static Pressures": [
        84.124656235234,
        133.97926458691475,
        267.52254953831897,
        2171.666197697677,
        2014.4519185992522,
        771.2171520891807,
        258.9729963748565,
        164.78313646633464,
        84.0782529849129
    ],
    "Entropies": [
        6834.413225585567,
        6845.607178771453,
        6865.411001852655,
        6920.543613966286,
        8011.597504238021,
        8041.944166768624,
        8073.490703365441,
        8073.49070336544,
        6845.607178771453
    ],
    "Specifice Volumes": [
        0.9354134467594015,
        0.6780422909737055,
        0.42158869626980144,
        0.09761376640273318,
        0.2340203774953231,
        0.5050966392397245,
        1.197527983181132,
        1.6887538157329078,
        0.9458112098493411
    ],
    "Performance": {
        "Thrust": 99999.99999999999,
        "OPR": 25.296249999999997,
        "T4": 1426.5624999999998,
        "Thermal Efficiency": 0.40827721731005884,
        "SFC": 0.056960841720999494,
        "TSFC": 8.233392042692403,
        "Air Mass Flow Rate": 186.33992347700186,
        "Fuel Mass Flow Rate": 0.8233392042692401,
        "Core EGT": 849.5647646057286,
        "Bypass EGT": 59.94203332083493,
        "FAR": 0.026952727318588967,
        "Specific Thrust": 0.5366536495993679
    },
    "Pressure Ratios": {
        "Fan": 1.6,
        "LPC": 2.0,
        "HPC": 8.06640625,
        "HPT": 2.608644122401128,
        "LPT": 2.970517038807746
    },
    "Mechanical Parameters": {
        "LP Shaft Speed": 5490.0,
        "Fan Power": 8.42003312743826,
        "Fan Efficiency": 0.92,
        "LPC Power": 2.470141579725747,
        "LPC Efficiency": 0.9,
        "LPT Power": 11.112423170575514,
        "LPT Efficiency": 0.9100000000000004,
        "HP Shaft Speed": 15183.0,
        "HPC Power": 11.520648387423098,
        "HPC Efficiency": 0.89,
        "HPT Power": 11.909469262207661,
        "HPT Efficiency": 0.8999999999999999,
        "Burner Power": 6.324828096829787,
        "Burner Efficiency": 0.17864936437494103
    }
}