{
    "Stages": [
        "0. Fan Inlet",
        "1. LPC Inlet",
        "2. HPC Inlet",
        "3. Burner Inlet",
        "4. HPT Inlet",
        "5. LPT Inlet",
        "6. Core Nozz Inlet",
        "7. Core Nozz Outlet",
        "8. Byp Nozz Outlet"
    ],
    "Total Temperatures": [
        15.000057655676706,
        59.942033320834994,
        139.95697080771498,
        525.5659652255264,
        1319.921875,
        996.1480207533186,
        701.9779193021941,
        701.9779193021941,
        59.94203332083493
    ],
    "Static Temperatures": [
        1.2698087753191583,
        44.11029440122737,
        120.50659961430016,
        491.54154843680703,
        1264.90539657488,
        949.7357860623374,
        664.0241985886498,
        564.0288869009623,
        4.4391862677623966
    ],
    "Total Pressures": [
        99.29823547694355,
        158.87717676310967,
        317.75435352621935,
        2898.2672479832895,
        2666.4058681446263,
        864.0818921033796,
        250.0996532244746,
        250.09965322447468,
        158.87717676310967
    ],
    "Static Pressures": [
        84.124656235234,
        133.97926458691475,
        267.52254953831897,
        2455.202519213013,
        2275.6732607933745,
        735.9228036660098,
        212.5900821287836,
        134.9467105693277,
        84.07825298491295
    ],
    "Entropies": [
        6834.413225585567,
        6845.607178771453,
        6865.411001852655,
        6922.774121273919,
        7874.815879654148,
        7911.252913919916,
        7947.894262800908,
        7947.894262800908,
        6845.607178771453
    ],
    "Specifice Volumes": [
        0.9354134467594015,
        0.6780422909737055,
        0.42158869626980144,
        0.08936313604071704,
        0.19397505908414614,
        0.47685757407932605,
        1.2648845387189833,
        1.7798525944303762,
        0.9458112098493406
    ],
    "Performance": {
        "Thrust": 99999.99999999999,
        "OPR": 28.603749999999998,
        "T4": 1319.921875,
        "Thermal Efficiency": 0.45869346886491985,
        "SFC": 0.05070012008463315,
        "TSFC": 7.143976453072777,
        "Air Mass Flow Rate": 191.64322703060057,
        "Fuel Mass Flow Rate": 0.7143976453072776,
        "Core EGT": 701.9779193021941,
        "Bypass EGT": 59.94203332083493,
        "FAR": 0.02273926245083818,
        "Specific Thrust": 0.5218029436752937
    },
    "Pressure Ratios": {
        "Fan": 1.6,
        "LPC": 2.0,
        "HPC": 9.12109375,
        "HPT": 3.0858254206137388,
        "LPT": 3.454950380630199
    },
    "Mechanical Parameters": {
        "LP Shaft Speed": 5490.0,
        "Fan Power": 8.659670403084524,
        "Fan Efficiency": 0.92,
        "LPC Power": 2.5404427281496287,
        "LPC Efficiency": 0.9,
        "LPT Power": 11.428686868606276,
        "LPT Efficiency": 0.9100000000000003,
        "HP Shaft Speed": 15183.0,
        "HPC Power": 12.767497821383358,
        "HPC Efficiency": 0.89,
        "HPT Power": 13.181764602983456,
        "HPT Efficiency": 0.9000000000000002,
        "Burner Power": 5.693826238705078,
        "Burner Efficiency": 0.18535134397575104
    }
}