{
    "Stages": [
        "0. Fan Inlet",
        "1. LPC Inlet",
        "2. HPC Inlet",
        "3. Burner Inlet",
        "4. HPT Inlet",
        "5. LPT Inlet",
        "6. Core Nozz Inlet",
        "7. Core Nozz Outlet",
        "8. Byp Nozz Outlet"
    ],
    "Total Temperatures": [
        15.000057655676706,
        59.94203332083493,
        139.95697080771524,
        479.2083635564449,
        1438.2812499999998,
        1163.6002085957196,
        881.0911677366196,
        881.0911677366196,
        59.94203332083493
    ],
    "Static Temperatures": [
        1.2698087753191583,
        44.11029440122737,
        120.50659961430041,
        446.7357205416485,
        1380.9322124362566,
        1113.1498420147655,
        838.3722679238307,
        725.139113920546,
        4.4391862677624285
    ],
    "Total Pressures": [
        99.29823547694353,
        158.87717676310967,
        317.75435352621935,
        2339.7146734254825,
        2152.5374995514444,
        882.6658814056048,
        305.1731265112346,
        305.1731265112345,
        158.87717676310967
    ],
    "Static Pressures": [
        84.12465623523386,
        133.97926458691458,
        267.5225495383184,
        1978.192643615788,
        1839.577031677995,
        753.0495942532917,
        259.8235662388862,
        165.47726748335396,
        84.07825298491284
    ],
    "Entropies": [
        6834.413225585567,
        6845.607178771453,
        6865.411001852656,
        6918.765016832529,
        8050.557287727852,
        8078.52871509271,
        8109.187164324846,
        8109.187164324846,
        6845.607178771453
    ],
    "Specifice Volumes": [
        0.9354134467594029,
        0.678042290973705,
        0.4215886962698028,
        0.10444983311124006,
        0.2580527506235721,
        0.5282822364597392,
        1.2275399778342944,
        1.731213084042434,
        0.9458112098493421
    ],
    "Performance": {
        "Thrust": 99999.99999999999,
        "OPR": 23.091250000000002,
        "T4": 1438.2812499999998,
        "Thermal Efficiency": 0.39921886502629633,
        "SFC": 0.058253294097102656,
        "TSFC": 8.47524760942289,
        "Air Mass Flow Rate": 185.4871058739763,
        "Fuel Mass Flow Rate": 0.8475247609422889,
        "Core EGT": 881.0911677366196,
        "Bypass EGT": 59.94203332083493,
        "FAR": 0.027872023865963474,
        "Specific Thrust": 0.5391210323155401
    },
    "Pressure Ratios": {
        "Fan": 1.6,
        "LPC": 2.0,
        "HPC": 7.36328125,
        "HPT": 2.438677584459659,
        "LPT": 2.8923447208353625
    },
    "Mechanical Parameters": {
        "LP Shaft Speed": 5490.0,
        "Fan Power": 8.381497357243926,
        "Fan Efficiency": 0.92,
        "LPC Power": 2.4588365400871868,
        "LPC Efficiency": 0.9,
        "LPT Power": 11.061565201358281,
        "LPT Efficiency": 0.9099999999999999,
        "HP Shaft Speed": 15183.0,
        "HPC Power": 10.815585336246707,
        "HPC Efficiency": 0.89,
        "HPT Power": 11.190017169170535,
        "HPT Efficiency": 0.8999999999999997,
        "Burner Power": 6.370698563733637,
        "Burner Efficiency": 0.17480997297025697
    }
}