{
    "Stages": [
        "0. Fan Inlet",
        "1. LPC Inlet",
        "2. HPC Inlet",
        "3. Burner Inlet",
        "4. HPT Inlet",
        "5. LPT Inlet",
        "6. Core Nozz Inlet",
        "7. Core Nozz Outlet",
        "8. Byp Nozz Outlet"
    ],
    "Total Temperatures": [
        15.000057655676706,
        59.942033320834994,
        139.95697080771498,
        472.6928470099278,
        1399.6093749999998,
        1128.1660300251551,
        843.2803386992734,
        843.2803386992734,
        59.94203332083493
    ],
    "Static Temperatures": [
        1.2698087753191583,
        44.11029440122737,
        120.50659961430016,
        440.45198221511174,
        1343.0735156198828,
        1078.5450255015621,
        801.5430439666771,
        691.0283365299233,
        4.4391862677623966
    ],
    "Total Pressures": [
        99.29823547694355,
        158.87717676310967,
        317.75435352621935,
        2265.2409968177744,
        2084.0217170723527,
        850.4656667411532,
        284.0610713128309,
        284.06107131283085,
        158.87717676310967
    ],
    "Static Pressures": [
        84.124656235234,
        133.97926458691475,
        267.52254953831897,
        1919.8562543391756,
        1780.2269241690562,
        725.0767786020402,
        242.01378619309713,
        154.10158124500992,
        84.07825298491291
    ],
    "Entropies": [
        6834.413225585567,
        6845.607178771453,
        6865.411001852655,
        6918.1276359839785,
        8025.417224221974,
        8053.551747836605,
        8085.323339235446,
        8085.323339235446,
        6845.607178771453
    ],
    "Specifice Volumes": [
        0.9354134467594015,
        0.6780422909737055,
        0.42158869626980144,
        0.10666557877622067,
        0.2605588344905397,
        0.5349657826529198,
        1.274211000333398,
        1.795469015462538,
        0.9458112098493411
    ],
    "Performance": {
        "Thrust": 99999.99999999999,
        "OPR": 22.356249999999996,
        "T4": 1399.6093749999998,
        "Thermal Efficiency": 0.41038498275309454,
        "SFC": 0.05666828692774092,
        "TSFC": 8.19719978254981,
        "Air Mass Flow Rate": 186.894289586926,
        "Fuel Mass Flow Rate": 0.8197199782549809,
        "Core EGT": 843.2803386992734,
        "Bypass EGT": 59.94203332083493,
        "FAR": 0.026754653009500903,
        "Specific Thrust": 0.5350618267739486
    },
    "Pressure Ratios": {
        "Fan": 1.6,
        "LPC": 2.0,
        "HPC": 7.12890625,
        "HPT": 2.450447794157272,
        "LPT": 2.993953598818023
    },
    "Mechanical Parameters": {
        "LP Shaft Speed": 5490.0,
        "Fan Power": 8.44508294458529,
        "Fan Efficiency": 0.92,
        "LPC Power": 2.4774903150529,
        "LPC Efficiency": 0.9,
        "LPT Power": 11.14548291799815,
        "LPT Efficiency": 0.91,
        "HP Shaft Speed": 15183.0,
        "HPC Power": 10.681344706091444,
        "HPC Efficiency": 0.89,
        "HPT Power": 11.05303693431823,
        "HPT Efficiency": 0.9000000000000001,
        "Burner Power": 6.138113538116244,
        "Burner Efficiency": 0.17414096307826843
    }
}