{
    "Stages": [
        "0. Fan Inlet",
        "1. LPC Inlet",
        "2. HPC Inlet",
        "3. Burner Inlet",
        "4. HPT Inlet",
        "5. LPT Inlet",
        "6. Core Nozz Inlet",
        "7. Core Nozz Outlet",
        "8. Byp Nozz Outlet"
    ],
    "Total Temperatures": [
        15.000057655676706,
        59.942033320834994,
        139.95697080771498,
        467.1927105540895,
        1434.7656249999998,
        1170.20028843138,
        888.138864358965,
        888.138864358965,
        59.94203332083493
    ],
    "Static Temperatures": [
        1.2698087753191583,
        44.11029440122737,
        120.50659961430016,
        435.1369677112251,
        1377.5362581304191,
        1119.6009684547143,
        845.2292050765884,
        731.48082799057,
        4.4391862677623966
    ],
    "Total Pressures": [
        99.29823547694355,
        158.87717676310967,
        317.75435352621935,
        2209.3857393619937,
        2032.6348802130344,
        862.5536504650364,
        299.90540169180696,
        299.90540169180696,
        158.87717676310967
    ],
    "Static Pressures": [
        84.124656235234,
        133.97926458691475,
        267.52254953831897,
        1871.373045848582,
        1736.3822825197112,
        735.7879822656419,
        255.24702089226014,
        162.51941110594836,
        84.07825298491298
    ],
    "Entropies": [
        6834.413225585567,
        6845.607178771453,
        6865.411001852655,
        6917.589585232991,
        8064.811143131123,
        8091.683528855555,
        8122.183011509192,
        8122.183011509192,
        6845.607178771453
    ],
    "Specifice Volumes": [
        0.9354134467594015,
        0.6780422909737034,
        0.42158869626980144,
        0.10859066915744126,
        0.2728344297870135,
        0.5431973736099296,
        1.2572821491908905,
        1.7737267679265847,
        0.9458112098493401
    ],
    "Performance": {
        "Thrust": 99999.99999999999,
        "OPR": 21.804999999999996,
        "T4": 1434.7656249999998,
        "Thermal Efficiency": 0.397319743754799,
        "SFC": 0.05853173500444118,
        "TSFC": 8.533183511337734,
        "Air Mass Flow Rate": 185.41035021538528,
        "Fuel Mass Flow Rate": 0.8533183511337734,
        "Core EGT": 888.138864358965,
        "Bypass EGT": 59.94203332083493,
        "FAR": 0.02807417134949184,
        "Specific Thrust": 0.5393442161337443
    },
    "Pressure Ratios": {
        "Fan": 1.6,
        "LPC": 2.0,
        "HPC": 6.953125,
        "HPT": 2.3565315376233826,
        "LPT": 2.8760857443688557
    },
    "Mechanical Parameters": {
        "LP Shaft Speed": 5490.0,
        "Fan Power": 8.37802904419542,
        "Fan Efficiency": 0.92,
        "LPC Power": 2.4578190590223197,
        "LPC Efficiency": 0.9,
        "LPT Power": 11.056987860426263,
        "LPT Efficiency": 0.9100000000000001,
        "HP Shaft Speed": 15183.0,
        "HPC Power": 10.415399565516635,
        "HPC Efficiency": 0.89,
        "HPT Power": 10.781664341894954,
        "HPT Efficiency": 0.9,
        "Burner Power": 6.333393154523211,
        "Burner Efficiency": 0.17260640498378135
    }
}