{
    "Stages": [
        "0. Fan Inlet",
        "1. LPC Inlet",
        "2. HPC Inlet",
        "3. Burner Inlet",
        "4. HPT Inlet",
        "5. LPT Inlet",
        "6. Core Nozz Inlet",
        "7. Core Nozz Outlet",
        "8. Byp Nozz Outlet"
    ],
    "Total Temperatures": [
        15.000057655676706,
        59.942033320834994,
        139.95697080771498,
        509.765647210475,
        1350.390625,
        1043.038372655143,
        752.2984580276424,
        752.2984580276424,
        59.94203332083493
    ],
    "Static Temperatures": [
        1.2698087753191583,
        44.11029440122737,
        120.50659961430016,
        476.27143126646433,
        1294.7636634257901,
        995.4964449929947,
        712.9602505228207,
        609.1482617139741,
        4.4391862677623966
    ],
    "Total Pressures": [
        99.29823547694355,
        158.87717676310967,
        317.75435352621935,
        2693.4646373120936,
        2477.987466327126,
        867.099973784604,
        265.8095552425084,
        265.8095552425084,
        158.87717676310967
    ],
    "Static Pressures": [
        84.124656235234,
        133.97926458691475,
        267.52254953831897,
        2278.5206719779253,
        2116.3211273560214,
        739.2885119252647,
        225.9913988086365,
        143.48960109441202,
        84.07825298491288
    ],
    "Entropies": [
        6834.413225585567,
        6845.607178771453,
        6865.411001852655,
        6921.602089567006,
        7926.618442405022,
        7960.1991589018335,
        7994.979980380258,
        7994.979980380258,
        6845.607178771453
    ],
    "Specifice Volumes": [
        0.9354134467594015,
        0.6780422909737055,
        0.42158869626980144,
        0.09439577907222603,
        0.21262134218273332,
        0.4925196704478705,
        1.2521438340467768,
        1.7643531245765152,
        0.9458112098493415
    ],
    "Performance": {
        "Thrust": 99999.99999999999,
        "OPR": 26.582499999999996,
        "T4": 1350.390625,
        "Thermal Efficiency": 0.4400108366526508,
        "SFC": 0.05285282092233278,
        "TSFC": 7.514324932948166,
        "Air Mass Flow Rate": 189.81272745329264,
        "Fuel Mass Flow Rate": 0.7514324932948164,
        "Core EGT": 752.2984580276424,
        "Bypass EGT": 59.94203332083493,
        "FAR": 0.02414874002706854,
        "Specific Thrust": 0.526835061809051
    },
    "Pressure Ratios": {
        "Fan": 1.6,
        "LPC": 2.0,
        "HPC": 8.4765625,
        "HPT": 2.8577874999944144,
        "LPT": 3.262109870329962
    },
    "Mechanical Parameters": {
        "LP Shaft Speed": 5490.0,
        "Fan Power": 8.576956689388078,
        "Fan Efficiency": 0.92,
        "LPC Power": 2.516177433664109,
        "LPC Efficiency": 0.9,
        "LPT Power": 11.319524615359375,
        "LPT Efficiency": 0.9100000000000001,
        "HP Shaft Speed": 15183.0,
        "HPC Power": 12.10582062204224,
        "HPC Efficiency": 0.89,
        "HPT Power": 12.506583787329243,
        "HPT Efficiency": 0.8999999999999999,
        "Burner Power": 5.876354841466075,
        "Burner Efficiency": 0.18186519233231885
    }
}