{
    "Stages": [
        "0. Fan Inlet",
        "1. LPC Inlet",
        "2. HPC Inlet",
        "3. Burner Inlet",
        "4. HPT Inlet",
        "5. LPT Inlet",
        "6. Core Nozz Inlet",
        "7. Core Nozz Outlet",
        "8. Byp Nozz Outlet"
    ],
    "Total Temperatures": [
        15.000057655676706,
        59.942033320834994,
        139.95697080771498,
        504.8969968658203,
        1407.8125,
        1108.7084929583775,
        822.5470286875958,
        822.5470286875958,
        59.94203332083493
    ],
    "Static Temperatures": [
        1.2698087753191583,
        44.11029440122737,
        120.50659961430016,
        471.56494428027054,
        1350.9881096264814,
        1059.5722206964829,
        781.3373785564838,
        672.3176351436198,
        4.4391862677623966
    ],
    "Total Pressures": [
        99.29823547694355,
        158.87717676310967,
        317.75435352621935,
        2631.403240139004,
        2420.890980927884,
        898.0560397546204,
        294.64457096462553,
        294.6445709646255,
        158.87717676310967
    ],
    "Static Pressures": [
        84.124656235234,
        133.97926458691475,
        267.52254953831897,
        2230.814734226649,
        2067.5365518809194,
        766.2888792418935,
        250.5195819950197,
        159.22209735843916,
        84.07825298491305
    ],
    "Entropies": [
        6834.413225585567,
        6845.607178771453,
        6865.411001852655,
        6921.129535797607,
        7986.690285491138,
        8018.15736281255,
        8050.659359535011,
        8050.659359535011,
        6845.607178771453
    ],
    "Specifice Volumes": [
        0.9354134467594015,
        0.6780422909737055,
        0.42158869626980144,
        0.09578939660549543,
        0.22543917025737778,
        0.4991380082168223,
        1.2078819454140677,
        1.7037626099132457,
        0.9458112098493391
    ],
    "Performance": {
        "Thrust": 99999.99999999999,
        "OPR": 25.97,
        "T4": 1407.8125,
        "Thermal Efficiency": 0.41653722701436063,
        "SFC": 0.05583129776942266,
        "TSFC": 8.032280892770078,
        "Air Mass Flow Rate": 187.25762499092397,
        "Fuel Mass Flow Rate": 0.8032280892770077,
        "Core EGT": 822.5470286875958,
        "Bypass EGT": 59.94203332083493,
        "FAR": 0.02616551045559413,
        "Specific Thrust": 0.5340236479280713
    },
    "Pressure Ratios": {
        "Fan": 1.6,
        "LPC": 2.0,
        "HPC": 8.28125,
        "HPT": 2.6957014637854377,
        "LPT": 3.047930042676535
    },
    "Mechanical Parameters": {
        "LP Shaft Speed": 5490.0,
        "Fan Power": 8.461500768962102,
        "Fan Efficiency": 0.92,
        "LPC Power": 2.4823067272959407,
        "LPC Efficiency": 0.9,
        "LPT Power": 11.16715050638576,
        "LPT Efficiency": 0.91,
        "HP Shaft Speed": 15183.0,
        "HPC Power": 11.779696300387386,
        "HPC Efficiency": 0.89,
        "HPT Power": 12.173803867273271,
        "HPT Efficiency": 0.9000000000000004,
        "Burner Power": 6.2178966562993985,
        "Burner Efficiency": 0.1800263832295431
    }
}