{
    "Stages": [
        "0. Fan Inlet",
        "1. LPC Inlet",
        "2. HPC Inlet",
        "3. Burner Inlet",
        "4. HPT Inlet",
        "5. LPT Inlet",
        "6. Core Nozz Inlet",
        "7. Core Nozz Outlet",
        "8. Byp Nozz Outlet"
    ],
    "Total Temperatures": [
        15.000057655676706,
        59.942033320834994,
        139.95697080771498,
        502.7018436277757,
        1357.4218749999998,
        1056.8536816998303,
        767.062310468584,
        767.062310468584,
        59.94203332083493
    ],
    "Static Temperatures": [
        1.2698087753191583,
        44.11029440122737,
        120.50659961430016,
        469.44295793707937,
        1301.68044927526,
        1008.9474948949919,
        727.3453419528374,
        622.4311269113504,
        4.4391862677623966
    ],
    "Total Pressures": [
        99.29823547694355,
        158.87717676310967,
        317.75435352621935,
        2606.578681269768,
        2398.052386768187,
        863.9486910133392,
        268.7530233332528,
        268.7530233332527,
        158.87717676310967
    ],
    "Static Pressures": [
        84.124656235234,
        133.97926458691484,
        267.52254953831897,
        2209.3058778341365,
        2047.8637090544703,
        736.3053322936685,
        228.6594085083412,
        145.27035284867628,
        84.07825298491291
    ],
    "Entropies": [
        6834.413225585567,
        6845.607178771453,
        6865.411001852655,
        6920.916473313798,
        7943.193469501172,
        7975.746785077796,
        8010.009104172215,
        8010.009104172215,
        6845.607178771453
    ],
    "Specifice Volumes": [
        0.9354134467594015,
        0.678042290973703,
        0.42158869626980144,
        0.09644008044532382,
        0.22071286221433403,
        0.4996801844784144,
        1.2555821975796333,
        1.769080226343491,
        0.9458112098493411
    ],
    "Performance": {
        "Thrust": 99999.99999999999,
        "OPR": 25.724999999999998,
        "T4": 1357.4218749999998,
        "Thermal Efficiency": 0.43486079300433256,
        "SFC": 0.053478755334139025,
        "TSFC": 7.624669935086705,
        "Air Mass Flow Rate": 189.3219088305006,
        "Fuel Mass Flow Rate": 0.7624669935086703,
        "Core EGT": 767.062310468584,
        "Bypass EGT": 59.94203332083493,
        "FAR": 0.024566880236597234,
        "Specific Thrust": 0.52820088608725
    },
    "Pressure Ratios": {
        "Fan": 1.6,
        "LPC": 2.0,
        "HPC": 8.203125,
        "HPT": 2.775688431167681,
        "LPT": 3.214656640130316
    },
    "Mechanical Parameters": {
        "LP Shaft Speed": 5490.0,
        "Fan Power": 8.554778355371628,
        "Fan Efficiency": 0.92,
        "LPC Power": 2.5096710904949164,
        "LPC Efficiency": 0.9,
        "LPT Power": 11.290254536598516,
        "LPT Efficiency": 0.9100000000000004,
        "HP Shaft Speed": 15183.0,
        "HPC Power": 11.835174586637882,
        "HPC Efficiency": 0.89,
        "HPT Power": 12.23041436344724,
        "HPT Efficiency": 0.8999999999999999,
        "Burner Power": 5.915927921084048,
        "Burner Efficiency": 0.1804402292378226
    }
}