{
    "Stages": [
        "0. Fan Inlet",
        "1. LPC Inlet",
        "2. HPC Inlet",
        "3. Burner Inlet",
        "4. HPT Inlet",
        "5. LPT Inlet",
        "6. Core Nozz Inlet",
        "7. Core Nozz Outlet",
        "8. Byp Nozz Outlet"
    ],
    "Total Temperatures": [
        15.000057655676706,
        59.942033320834994,
        139.95697080771498,
        488.4333375587027,
        1441.796875,
        1159.3232159311415,
        876.5380138645868,
        876.5380138645868,
        59.94203332083493
    ],
    "Static Temperatures": [
        1.2698087753191583,
        44.11029440122737,
        120.50659961430016,
        455.6508016203843,
        1384.3406116990454,
        1108.9817462714213,
        833.9426424239524,
        721.0430626519934,
        4.4391862677623966
    ],
    "Total Pressures": [
        99.29823547694355,
        158.87717676310967,
        317.75435352621935,
        2445.219048619735,
        2249.601524730156,
        900.1093330194893,
        310.16087732683644,
        310.1608773268362,
        158.87717676310967
    ],
    "Static Pressures": [
        84.124656235234,
        133.97926458691475,
        267.52254953831897,
        2069.5066023867043,
        1923.1606634785878,
        768.1826354630022,
        264.1471821907826,
        168.2657463624477,
        84.078252984913
    ],
    "Entropies": [
        6834.413225585567,
        6845.607178771453,
        6865.411001852655,
        6919.531567160489,
        8039.65747000294,
        8068.516302506438,
        8099.328794826428,
        8099.328794826428,
        6845.607178771453
    ],
    "Specifice Volumes": [
        0.9354134467594015,
        0.6780422909737055,
        0.42158869626980144,
        0.10104086521992114,
        0.24734197576625772,
        0.5163265476921424,
        1.2026690578269221,
        1.6957278357413674,
        0.9458112098493399
    ],
    "Performance": {
        "Thrust": 99999.99999999999,
        "OPR": 24.1325,
        "T4": 1441.796875,
        "Thermal Efficiency": 0.4004476579892554,
        "SFC": 0.0580745410530341,
        "TSFC": 8.436816264328376,
        "Air Mass Flow Rate": 185.5093502536451,
        "Fuel Mass Flow Rate": 0.8436816264328376,
        "Core EGT": 876.5380138645868,
        "Bypass EGT": 59.94203332083493,
        "FAR": 0.02774231010029203,
        "Specific Thrust": 0.5390563864477503
    },
    "Pressure Ratios": {
        "Fan": 1.6,
        "LPC": 2.0,
        "HPC": 7.6953125,
        "HPT": 2.499253637537216,
        "LPT": 2.902072436656755
    },
    "Mechanical Parameters": {
        "LP Shaft Speed": 5490.0,
        "Fan Power": 8.382502501016754,
        "Fan Efficiency": 0.92,
        "LPC Power": 2.4591314139183447,
        "LPC Efficiency": 0.9,
        "LPT Power": 11.062891749933772,
        "LPT Efficiency": 0.9100000000000003,
        "HP Shaft Speed": 15183.0,
        "HPC Power": 11.123115121466224,
        "HPC Efficiency": 0.89,
        "HPT Power": 11.503823072455758,
        "HPT Efficiency": 0.9000000000000002,
        "Burner Power": 6.4030654474799675,
        "Burner Efficiency": 0.17649844931221573
    }
}