{
    "Stages": [
        "0. Fan Inlet",
        "1. LPC Inlet",
        "2. HPC Inlet",
        "3. Burner Inlet",
        "4. HPT Inlet",
        "5. LPT Inlet",
        "6. Core Nozz Inlet",
        "7. Core Nozz Outlet",
        "8. Byp Nozz Outlet"
    ],
    "Total Temperatures": [
        15.000057655676706,
        59.942033320834994,
        139.95697080771498,
        524.5823100297268,
        1312.8906249999998,
        989.4816763099315,
        694.8322301102751,
        694.8322301102751,
        59.94203332083493
    ],
    "Static Temperatures": [
        1.2698087753191583,
        44.11029440122737,
        120.50659961430016,
        490.59052278512473,
        1258.0163515143963,
        943.2400471890487,
        657.0806266940884,
        557.629397578782,
        4.4391862677623966
    ],
    "Total Pressures": [
        99.29823547694355,
        158.87717676310967,
        317.75435352621935,
        2885.854968548672,
        2654.986571064778,
        857.9325885746158,
        246.33709503774747,
        246.33709503774747,
        158.87717676310967
    ],
    "Static Pressures": [
        84.124656235234,
        133.97926458691475,
        267.52254953831897,
        2444.466930085633,
        2266.6884684239503,
        730.6233841386355,
        209.59772143954342,
        132.99371067167962,
        84.07825298491295
    ],
    "Entropies": [
        6834.413225585567,
        6845.607178771453,
        6865.411001852655,
        6922.679551948527,
        7869.456840497755,
        7906.031255194364,
        7942.994957136713,
        7942.994957136713,
        6845.607178771453
    ],
    "Specifice Volumes": [
        0.9354134467594015,
        0.6780422909737034,
        0.42158869626980144,
        0.08964555226698054,
        0.19386104962983805,
        0.4777508871026262,
        1.2735926524788947,
        1.7923298638061667,
        0.9458112098493403
    ],
    "Performance": {
        "Thrust": 99999.99999999999,
        "OPR": 28.481249999999996,
        "T4": 1312.8906249999998,
        "Thermal Efficiency": 0.4615362767132794,
        "SFC": 0.050387835424550165,
        "TSFC": 7.092277254221685,
        "Air Mass Flow Rate": 191.94611169894088,
        "Fuel Mass Flow Rate": 0.7092277254221685,
        "Core EGT": 694.8322301102751,
        "Bypass EGT": 59.94203332083493,
        "FAR": 0.022539081864084973,
        "Specific Thrust": 0.5209795557455502
    },
    "Pressure Ratios": {
        "Fan": 1.6,
        "LPC": 2.0,
        "HPC": 9.08203125,
        "HPT": 3.094633082391496,
        "LPT": 3.4827584064963917
    },
    "Mechanical Parameters": {
        "LP Shaft Speed": 5490.0,
        "Fan Power": 8.673356675428268,
        "Fan Efficiency": 0.92,
        "LPC Power": 2.54445779909722,
        "LPC Efficiency": 0.9,
        "LPT Power": 11.446749463801519,
        "LPT Efficiency": 0.9099999999999999,
        "HP Shaft Speed": 15183.0,
        "HPC Power": 12.753635221436653,
        "HPC Efficiency": 0.89,
        "HPT Power": 13.167619092833746,
        "HPT Efficiency": 0.9000000000000001,
        "Burner Power": 5.651482891577974,
        "Burner Efficiency": 0.18531401125023153
    }
}