{
    "Stages": [
        "0. Fan Inlet",
        "1. LPC Inlet",
        "2. HPC Inlet",
        "3. Burner Inlet",
        "4. HPT Inlet",
        "5. LPT Inlet",
        "6. Core Nozz Inlet",
        "7. Core Nozz Outlet",
        "8. Byp Nozz Outlet"
    ],
    "Total Temperatures": [
        15.000057655676706,
        59.942033320834994,
        139.95697080771498,
        517.7825707221816,
        1379.6875,
        1067.2418269478949,
        778.1853062250407,
        778.1853062250407,
        59.94203332083493
    ],
    "Static Temperatures": [
        1.2698087753191583,
        44.11029440122737,
        120.50659961430016,
        484.0165074388656,
        1323.4114794690681,
        1019.0832301292338,
        738.1608024323997,
        632.4157263763697,
        4.4391862677623966
    ],
    "Total Pressures": [
        99.29823547694355,
        158.87717676310967,
        317.75435352621935,
        2798.969012506346,
        2575.051491505841,
        898.6821843520132,
        282.43788739755144,
        282.43788739755144,
        158.87717676310967
    ],
    "Static Pressures": [
        84.124656235234,
        133.97926458691475,
        267.52254953831897,
        2369.322379536263,
        2200.245242702499,
        766.322855824582,
        240.4352829556825,
        152.8435702404438,
        84.07825298491295
    ],
    "Entropies": [
        6834.413225585567,
        6845.607178771453,
        6865.411001852655,
        6922.135008648827,
        7941.532584312089,
        7975.206160501204,
        8009.023432274728,
        8009.023432274729,
        6845.607178771453
    ],
    "Specifice Volumes": [
        0.9354134467594015,
        0.6780422909737055,
        0.42158869626980144,
        0.09171142809998173,
        0.20824344232927944,
        0.48391581375307735,
        1.2068860130597372,
        1.6998993729996763,
        0.9458112098493406
    ],
    "Performance": {
        "Thrust": 99999.99999999999,
        "OPR": 27.623749999999998,
        "T4": 1379.6875,
        "Thermal Efficiency": 0.4308958098740584,
        "SFC": 0.0539708519335232,
        "TSFC": 7.700840513106084,
        "Air Mass Flow Rate": 188.70606829319277,
        "Fuel Mass Flow Rate": 0.7700840513106083,
        "Core EGT": 778.1853062250407,
        "Bypass EGT": 59.94203332083493,
        "FAR": 0.024893278501760638,
        "Specific Thrust": 0.5299246648742101
    },
    "Pressure Ratios": {
        "Fan": 1.6,
        "LPC": 2.0,
        "HPC": 8.80859375,
        "HPT": 2.865363903216307,
        "LPT": 3.1818754651958354
    },
    "Mechanical Parameters": {
        "LP Shaft Speed": 5490.0,
        "Fan Power": 8.526950729232286,
        "Fan Efficiency": 0.92,
        "LPC Power": 2.5015074437073697,
        "LPC Efficiency": 0.9,
        "LPT Power": 11.253528747897608,
        "LPT Efficiency": 0.91,
        "HP Shaft Speed": 15183.0,
        "HPC Power": 12.307009481168025,
        "HPC Efficiency": 0.89,
        "HPT Power": 12.711878541539226,
        "HPT Efficiency": 0.9000000000000002,
        "Burner Power": 6.053819225630651,
        "Burner Efficiency": 0.1828196459590515
    }
}