{
    "Stages": [
        "0. Fan Inlet",
        "1. LPC Inlet",
        "2. HPC Inlet",
        "3. Burner Inlet",
        "4. HPT Inlet",
        "5. LPT Inlet",
        "6. Core Nozz Inlet",
        "7. Core Nozz Outlet",
        "8. Byp Nozz Outlet"
    ],
    "Total Temperatures": [
        15.000057655676706,
        59.942033320834994,
        139.95697080771498,
        492.27486013229566,
        1377.34375,
        1087.3264272640338,
        799.6673817076908,
        799.6673817076908,
        59.94203332083493
    ],
    "Static Temperatures": [
        1.2698087753191583,
        44.11029440122737,
        120.50659961430016,
        459.3639457656355,
        1321.1921558490483,
        1038.690671698765,
        759.085566918496,
        651.7603646103327,
        4.4391862677623966
    ],
    "Total Pressures": [
        99.29823547694355,
        158.87717676310967,
        317.75435352621935,
        2488.6620266408977,
        2289.569064509626,
        867.5257771470076,
        278.47426092388963,
        278.47426092388963,
        158.87717676310967
    ],
    "Static Pressures": [
        84.124656235234,
        133.97926458691475,
        267.52254953831897,
        2107.1434552594596,
        1955.6132866494668,
        739.6953930316129,
        237.1404618174415,
        150.8490822633586,
        84.07825298491287
    ],
    "Entropies": [
        6834.413225585567,
        6845.607178771453,
        6865.411001852655,
        6919.904426510913,
        7975.367488808474,
        8006.199110271258,
        8039.380014909671,
        8039.380014909671,
        6845.607178771453
    ],
    "Specifice Volumes": [
        0.9354134467594015,
        0.6780422909737055,
        0.42158869626980144,
        0.09973527739805094,
        0.23396636403289944,
        0.5089449753729153,
        1.249161359206311,
        1.759744318179532,
        0.9458112098493416
    ],
    "Performance": {
        "Thrust": 99999.99999999999,
        "OPR": 24.561249999999998,
        "T4": 1377.34375,
        "Thermal Efficiency": 0.42396009312155736,
        "SFC": 0.0548537806524646,
        "TSFC": 7.866239567153757,
        "Air Mass Flow Rate": 188.19007030707755,
        "Fuel Mass Flow Rate": 0.7866239567153755,
        "Core EGT": 799.6673817076908,
        "Bypass EGT": 59.94203332083493,
        "FAR": 0.025497658447834325,
        "Specific Thrust": 0.5313776642775351
    },
    "Pressure Ratios": {
        "Fan": 1.6,
        "LPC": 2.0,
        "HPC": 7.83203125,
        "HPT": 2.639194275055696,
        "LPT": 3.115281729337681
    },
    "Mechanical Parameters": {
        "LP Shaft Speed": 5490.0,
        "Fan Power": 8.503634630053371,
        "Fan Efficiency": 0.92,
        "LPC Power": 2.494667320255697,
        "LPC Efficiency": 0.9,
        "LPT Power": 11.22275709215211,
        "LPT Efficiency": 0.9100000000000003,
        "HP Shaft Speed": 15183.0,
        "HPC Power": 11.413234601298576,
        "HPC Efficiency": 0.89,
        "HPT Power": 11.799863357998978,
        "HPT Efficiency": 0.9000000000000002,
        "Burner Power": 6.026178501202644,
        "Burner Efficiency": 0.17815842611718008
    }
}