{
    "Stages": [
        "0. Fan Inlet",
        "1. LPC Inlet",
        "2. HPC Inlet",
        "3. Burner Inlet",
        "4. HPT Inlet",
        "5. LPT Inlet",
        "6. Core Nozz Inlet",
        "7. Core Nozz Outlet",
        "8. Byp Nozz Outlet"
    ],
    "Total Temperatures": [
        15.000057655676706,
        59.942033320834994,
        139.95697080771498,
        507.8722392128601,
        1403.1249999999998,
        1101.0992219529935,
        814.3883593433991,
        814.3883593433991,
        59.94203332083493
    ],
    "Static Temperatures": [
        1.2698087753191583,
        44.11029440122737,
        120.50659961430016,
        474.441069769347,
        1346.3956812528227,
        1052.1235439069178,
        773.4023653904678,
        664.9862365528109,
        4.4391862677623966
    ],
    "Total Pressures": [
        99.29823547694355,
        158.87717676310967,
        317.75435352621935,
        2668.640078442858,
        2455.1488721674314,
        899.2858750665172,
        292.7037085350441,
        292.7037085350441,
        158.87717676310967
    ],
    "Static Pressures": [
        84.124656235234,
        133.97926458691475,
        267.52254953831897,
        2259.9677293196337,
        2097.2277017641236,
        767.0357671418053,
        248.87416525941688,
        158.3024815799539,
        84.07825298491302
    ],
    "Entropies": [
        6834.413225585567,
        6845.607178771453,
        6865.411001852655,
        6921.418314332206,
        7978.081957394223,
        8009.997188856645,
        8042.622013435042,
        8042.622013435042,
        6845.607178771453
    ],
    "Specifice Volumes": [
        0.9354134467594015,
        0.6780422909737034,
        0.42158869626980144,
        0.09492981440050113,
        0.22162413935717687,
        0.4958238731239416,
        1.2066130981534786,
        1.7003630114508819,
        0.9458112098493398
    ],
    "Performance": {
        "Thrust": 99999.99999999999,
        "OPR": 26.337499999999995,
        "T4": 1403.1249999999998,
        "Thermal Efficiency": 0.4190802100711133,
        "SFC": 0.05549251287609623,
        "TSFC": 7.97108797376494,
        "Air Mass Flow Rate": 187.51059608023445,
        "Fuel Mass Flow Rate": 0.7971087973764939,
        "Core EGT": 814.3883593433991,
        "Bypass EGT": 59.94203332083493,
        "FAR": 0.02593114077625801,
        "Specific Thrust": 0.5333031950749636
    },
    "Pressure Ratios": {
        "Fan": 1.6,
        "LPC": 2.0,
        "HPC": 8.3984375,
        "HPT": 2.730109457113215,
        "LPT": 3.072341924082078
    },
    "Mechanical Parameters": {
        "LP Shaft Speed": 5490.0,
        "Fan Power": 8.47293162560588,
        "Fan Efficiency": 0.92,
        "LPC Power": 2.4856601386020865,
        "LPC Efficiency": 0.9,
        "LPT Power": 11.182236494089764,
        "LPT Efficiency": 0.91,
        "HP Shaft Speed": 15183.0,
        "HPC Power": 11.89545540583496,
        "HPC Efficiency": 0.89,
        "HPT Power": 12.291925403444266,
        "HPT Efficiency": 0.9000000000000002,
        "Burner Power": 6.191522248930067,
        "Burner Efficiency": 0.18063894161488234
    }
}