{
    "Stages": [
        "0. Fan Inlet",
        "1. LPC Inlet",
        "2. HPC Inlet",
        "3. Burner Inlet",
        "4. HPT Inlet",
        "5. LPT Inlet",
        "6. Core Nozz Inlet",
        "7. Core Nozz Outlet",
        "8. Byp Nozz Outlet"
    ],
    "Total Temperatures": [
        15.000057655676706,
        59.942033320834994,
        139.95697080771498,
        500.5066899785812,
        1317.5781249999998,
        1016.2431978163263,
        723.5671212665926,
        723.5671212665928,
        59.94203332083493
    ],
    "Static Temperatures": [
        1.2698087753191583,
        44.11029440122737,
        120.50659961430016,
        467.3210025677773,
        1262.6848057409638,
        969.3465403864142,
        685.0287583036488,
        583.3861337261076,
        4.4391862677623966
    ],
    "Total Pressures": [
        99.29823547694355,
        158.87717676310967,
        317.75435352621935,
        2581.754122400532,
        2375.2137926084897,
        834.9726310512176,
        247.7571007981942,
        247.7571007981941,
        158.87717676310967
    ],
    "Static Pressures": [
        84.124656235234,
        133.97926458691475,
        267.52254953831897,
        2187.797361623,
        2027.2783414352866,
        711.1951387632573,
        210.9049858226592,
        133.945231944603,
        84.07825298491304
    ],
    "Entropies": [
        6834.413225585567,
        6845.607178771453,
        6865.411001852655,
        6920.703410829637,
        7908.899149068179,
        7942.323767153934,
        7978.201010093503,
        7978.201010093502,
        6845.607178771453
    ],
    "Specifice Volumes": [
        0.9354134467594015,
        0.6780422909737055,
        0.42158869626980144,
        0.09710520174408138,
        0.21742247304258064,
        0.5013597658183888,
        1.3039500055185138,
        1.8353036655438402,
        0.9458112098493395
    ],
    "Performance": {
        "Thrust": 99999.99999999999,
        "OPR": 25.479999999999997,
        "T4": 1317.5781249999998,
        "Thermal Efficiency": 0.4506552524302466,
        "SFC": 0.051604444479625707,
        "TSFC": 7.307836774221971,
        "Air Mass Flow Rate": 191.0688062965009,
        "Fuel Mass Flow Rate": 0.730783677422197,
        "Core EGT": 723.5671212665928,
        "Bypass EGT": 59.94203332083493,
        "FAR": 0.02333075983820096,
        "Specific Thrust": 0.5233716687632403
    },
    "Pressure Ratios": {
        "Fan": 1.6,
        "LPC": 2.0,
        "HPC": 8.125,
        "HPT": 2.8446606562638252,
        "LPT": 3.3701259352858193
    },
    "Mechanical Parameters": {
        "LP Shaft Speed": 5490.0,
        "Fan Power": 8.63371438936531,
        "Fan Efficiency": 0.92,
        "LPC Power": 2.532828146619915,
        "LPC Efficiency": 0.9,
        "LPT Power": 11.394431159168594,
        "LPT Efficiency": 0.9099999999999998,
        "HP Shaft Speed": 15183.0,
        "HPC Power": 11.869314653909385,
        "HPC Efficiency": 0.89,
        "HPT Power": 12.265251166785509,
        "HPT Efficiency": 0.8999999999999998,
        "Burner Power": 5.681869130729115,
        "Burner Efficiency": 0.18081478212322682
    }
}