{
    "Stages": [
        "0. Fan Inlet",
        "1. LPC Inlet",
        "2. HPC Inlet",
        "3. Burner Inlet",
        "4. HPT Inlet",
        "5. LPT Inlet",
        "6. Core Nozz Inlet",
        "7. Core Nozz Outlet",
        "8. Byp Nozz Outlet"
    ],
    "Total Temperatures": [
        15.000057655676706,
        59.942033320834994,
        139.95697080771498,
        485.68939209237175,
        1318.75,
        1030.76961660109,
        739.1031629015364,
        739.1031629015364,
        59.94203332083493
    ],
    "Static Temperatures": [
        1.2698087753191583,
        44.11029440122737,
        120.50659961430016,
        452.99861385859305,
        1263.8786663571054,
        983.495701231683,
        700.1317859963085,
        597.3107334071352,
        4.4391862677623966
    ],
    "Total Pressures": [
        99.29823547694355,
        158.87717676310967,
        317.75435352621935,
        2414.18835003319,
        2221.0532820305352,
        821.4769632964678,
        247.97151915831304,
        247.97151915831307,
        158.87717676310967
    ],
    "Static Pressures": [
        84.124656235234,
        133.97926458691484,
        267.52254953831897,
        2042.623773672,
        1897.3795478915918,
        699.4127324503461,
        211.07652764750168,
        134.09008901054298,
        84.07825298491304
    ],
    "Entropies": [
        6834.413225585567,
        6845.607178771453,
        6865.411001852655,
        6919.265239052387,
        7930.645478798208,
        7962.282344770508,
        7997.501047096058,
        7997.501047096058,
        6845.607178771453
    ],
    "Specifice Volumes": [
        0.9354134467594015,
        0.678042290973703,
        0.42158869626980144,
        0.10200600532390308,
        0.23249062263656575,
        0.5156015002839657,
        1.3230432456016126,
        1.8624924814338324,
        0.9458112098493395
    ],
    "Performance": {
        "Thrust": 99999.99999999999,
        "OPR": 23.826249999999998,
        "T4": 1318.75,
        "Thermal Efficiency": 0.44502377619157063,
        "SFC": 0.0522574639775592,
        "TSFC": 7.425677955887046,
        "Air Mass Flow Rate": 190.62997800841978,
        "Fuel Mass Flow Rate": 0.7425677955887046,
        "Core EGT": 739.1031629015364,
        "Bypass EGT": 59.94203332083493,
        "FAR": 0.023761548946362624,
        "Specific Thrust": 0.5245764650698495
    },
    "Pressure Ratios": {
        "Fan": 1.6,
        "LPC": 2.0,
        "HPC": 7.59765625,
        "HPT": 2.7037316702318352,
        "LPT": 3.3127875575582135
    },
    "Mechanical Parameters": {
        "LP Shaft Speed": 5490.0,
        "Fan Power": 8.613885312193041,
        "Fan Efficiency": 0.92,
        "LPC Power": 2.5270109927834064,
        "LPC Efficiency": 0.9,
        "LPT Power": 11.368261535690252,
        "LPT Efficiency": 0.91,
        "HP Shaft Speed": 15183.0,
        "HPC Power": 11.336532005582416,
        "HPC Efficiency": 0.89,
        "HPT Power": 11.72159540318657,
        "HPT Efficiency": 0.9000000000000002,
        "Burner Power": 5.684997522881112,
        "Burner Efficiency": 0.17804333220962063
    }
}