{
    "Stages": [
        "0. Fan Inlet",
        "1. LPC Inlet",
        "2. HPC Inlet",
        "3. Burner Inlet",
        "4. HPT Inlet",
        "5. LPT Inlet",
        "6. Core Nozz Inlet",
        "7. Core Nozz Outlet",
        "8. Byp Nozz Outlet"
    ],
    "Total Temperatures": [
        15.000057655676706,
        59.942033320834994,
        139.95697080771498,
        529.500585114162,
        1410.1562499999998,
        1089.433168687748,
        801.930013849892,
        801.930013849892,
        59.94203332083493
    ],
    "Static Temperatures": [
        1.2698087753191583,
        44.11029440122737,
        120.50659961430016,
        495.3457105453464,
        1353.2093962886952,
        1040.7443800348801,
        761.2874178291557,
        653.7975447506334,
        4.4391862677623966
    ],
    "Total Pressures": [
        99.29823547694355,
        158.87717676310967,
        317.75435352621935,
        2947.9163657217614,
        2712.0830564640232,
        931.1148112909541,
        300.2800904910033,
        300.2800904910031,
        158.87717676310967
    ],
    "Static Pressures": [
        84.124656235234,
        133.97926458691475,
        267.52254953831897,
        2498.14560728241,
        2315.4647096003546,
        794.5031899791334,
        255.45411381577767,
        162.38970157025256,
        84.07825298491285
    ],
    "Entropies": [
        6834.413225585567,
        6845.607178771453,
        6865.411001852655,
        6923.152398587364,
        7953.337574805703,
        7987.533103439697,
        8020.627968511223,
        8020.627968511223,
        6845.607178771453
    ],
    "Specifice Volumes": [
        0.9354134467594015,
        0.6780422909737034,
        0.42158869626980144,
        0.08826038221360012,
        0.20157490226621647,
        0.4745705118013094,
        1.1620291844168793,
        1.638166961402529,
        0.9458112098493415
    ],
    "Performance": {
        "Thrust": 99999.99999999999,
        "OPR": 29.093749999999993,
        "T4": 1410.1562499999998,
        "Thermal Efficiency": 0.4228978479668047,
        "SFC": 0.05499156371993133,
        "TSFC": 7.871777839465864,
        "Air Mass Flow Rate": 187.69689927994577,
        "Fuel Mass Flow Rate": 0.7871777839465863,
        "Core EGT": 801.930013849892,
        "Bypass EGT": 59.94203332083493,
        "FAR": 0.02558265214020622,
        "Specific Thrust": 0.5327738517984371
    },
    "Pressure Ratios": {
        "Fan": 1.6,
        "LPC": 2.0,
        "HPC": 9.27734375,
        "HPT": 2.9127267911236214,
        "LPT": 3.1008210027124776
    },
    "Mechanical Parameters": {
        "LP Shaft Speed": 5490.0,
        "Fan Power": 8.481349999318,
        "Fan Efficiency": 0.92,
        "LPC Power": 2.4881297933677216,
        "LPC Efficiency": 0.9,
        "LPT Power": 11.19334672723033,
        "LPT Efficiency": 0.9099999999999999,
        "HP Shaft Speed": 15183.0,
        "HPC Power": 12.637739001331797,
        "HPC Efficiency": 0.89,
        "HPT Power": 13.049357643747152,
        "HPT Efficiency": 0.9,
        "Burner Power": 6.245597076468293,
        "Burner Efficiency": 0.1845154253599377
    }
}