{
    "Stages": [
        "0. Fan Inlet",
        "1. LPC Inlet",
        "2. HPC Inlet",
        "3. Burner Inlet",
        "4. HPT Inlet",
        "5. LPT Inlet",
        "6. Core Nozz Inlet",
        "7. Core Nozz Outlet",
        "8. Byp Nozz Outlet"
    ],
    "Total Temperatures": [
        15.000057655676706,
        59.942033320834994,
        139.95697080771498,
        470.24834216807875,
        1331.640625,
        1058.1430983284783,
        768.4264928099745,
        768.4264928099745,
        59.94203332083493
    ],
    "Static Temperatures": [
        1.2698087753191583,
        44.11029440122737,
        120.50659961430016,
        438.08972868238277,
        1276.5286472472283,
        1010.2014393014335,
        728.6703408721219,
        623.6509046596792,
        4.4391862677623966
    ],
    "Total Pressures": [
        99.29823547694355,
        158.87717676310967,
        317.75435352621935,
        2240.4164379485387,
        2061.183122912656,
        808.3166644757769,
        252.00580691852474,
        252.00580691852468,
        158.87717676310967
    ],
    "Static Pressures": [
        84.124656235234,
        133.97926458691475,
        267.52254953831897,
        1898.3079168687777,
        1759.4736394365727,
        689.519915048346,
        214.21047825455176,
        136.1761719701113,
        84.07825298491291
    ],
    "Entropies": [
        6834.413225585567,
        6845.607178771453,
        6865.411001852655,
        6917.8885023170515,
        7965.936778292713,
        7995.410725327287,
        8029.619113368239,
        8029.619113368239,
        6845.607178771453
    ],
    "Specifice Volumes": [
        0.9354134467594015,
        0.6780422909737055,
        0.42158869626980144,
        0.10750747428275927,
        0.2527723792305699,
        0.5341047251228842,
        1.342017456462171,
        1.8897330146842006,
        0.9458112098493411
    ],
    "Performance": {
        "Thrust": 99999.99999999999,
        "OPR": 22.11125,
        "T4": 1331.640625,
        "Thermal Efficiency": 0.4346861056322386,
        "SFC": 0.053500246849766356,
        "TSFC": 7.6469867164467225,
        "Air Mass Flow Rate": 189.7065551495246,
        "Fuel Mass Flow Rate": 0.7646986716446721,
        "Core EGT": 768.4264928099745,
        "Bypass EGT": 59.94203332083493,
        "FAR": 0.024588828221333018,
        "Specific Thrust": 0.5271299134665173
    },
    "Pressure Ratios": {
        "Fan": 1.6,
        "LPC": 2.0,
        "HPC": 7.05078125,
        "HPT": 2.54996984906826,
        "LPT": 3.2075318992038593
    },
    "Mechanical Parameters": {
        "LP Shaft Speed": 5490.0,
        "Fan Power": 8.572159143600453,
        "Fan Efficiency": 0.92,
        "LPC Power": 2.5147700024638646,
        "LPC Efficiency": 0.9,
        "LPT Power": 11.313193006188076,
        "LPT Efficiency": 0.91,
        "HP Shaft Speed": 15183.0,
        "HPC Power": 10.759700746704356,
        "HPC Efficiency": 0.89,
        "HPT Power": 11.132992077800791,
        "HPT Efficiency": 0.9,
        "Burner Power": 5.750429711667927,
        "Burner Efficiency": 0.17488054901356104
    }
}