{
    "Stages": [
        "0. Fan Inlet",
        "1. LPC Inlet",
        "2. HPC Inlet",
        "3. Burner Inlet",
        "4. HPT Inlet",
        "5. LPT Inlet",
        "6. Core Nozz Inlet",
        "7. Core Nozz Outlet",
        "8. Byp Nozz Outlet"
    ],
    "Total Temperatures": [
        15.000057655676706,
        59.94203332083493,
        139.95697080771544,
        491.72607127030307,
        1337.4999999999998,
        1045.3294641642458,
        754.7495606376639,
        754.7495606376639,
        59.94203332083487
    ],
    "Static Temperatures": [
        1.2698087753191583,
        44.11029440122737,
        120.50659961430054,
        458.8334907961186,
        1282.1808982932882,
        997.7262010786214,
        715.3463412374003,
        611.3483941617034,
        4.4391862677623966
    ],
    "Total Pressures": [
        99.29823547694355,
        158.87717676310967,
        317.75435352621935,
        2482.4558869235884,
        2283.859415969699,
        841.4385313460158,
        258.59189822358894,
        258.59189822358877,
        158.87717676310967
    ],
    "Static Pressures": [
        84.124656235234,
        133.97926458691455,
        267.5225495383194,
        2101.7666982264973,
        1950.61387165279,
        717.1098298866672,
        219.78106466181455,
        139.51279997443427,
        84.07825298491292
    ],
    "Entropies": [
        6834.413225585567,
        6845.607178771453,
        6865.411001852656,
        6919.8511608894905,
        7939.191695787241,
        7971.015227533341,
        8005.769586662603,
        8005.769586662603,
        6845.607178771453
    ],
    "Specifice Volumes": [
        0.9354134467594015,
        0.678042290973704,
        0.4215886962698011,
        0.09991862138996636,
        0.22882763900264153,
        0.5086238305624318,
        1.2907153159735147,
        1.8192825913781356,
        0.9458112098493405
    ],
    "Performance": {
        "Thrust": 99999.99999999999,
        "OPR": 24.499999999999996,
        "T4": 1337.4999999999998,
        "Thermal Efficiency": 0.4393082927723955,
        "SFC": 0.052937343401202645,
        "TSFC": 7.537505619033972,
        "Air Mass Flow Rate": 189.92456405597324,
        "Fuel Mass Flow Rate": 0.7537505619033971,
        "Core EGT": 754.7495606376639,
        "Bypass EGT": 59.94203332083487,
        "FAR": 0.024208971864511784,
        "Specific Thrust": 0.5265248363056855
    },
    "Pressure Ratios": {
        "Fan": 1.6,
        "LPC": 2.0,
        "HPC": 7.8125,
        "HPT": 2.7142320334633356,
        "LPT": 3.2539245704382984
    },
    "Mechanical Parameters": {
        "LP Shaft Speed": 5490.0,
        "Fan Power": 8.582010184537465,
        "Fan Efficiency": 0.92,
        "LPC Power": 2.5176599514051525,
        "LPC Efficiency": 0.9,
        "LPT Power": 11.326194016267978,
        "LPT Efficiency": 0.91,
        "HP Shaft Speed": 15183.0,
        "HPC Power": 11.499773334952609,
        "HPC Efficiency": 0.89,
        "HPT Power": 11.888168188258186,
        "HPT Efficiency": 0.8999999999999999,
        "Burner Power": 5.794505948139108,
        "Burner Efficiency": 0.17878056626852049
    }
}