{
    "Stages": [
        "0. Fan Inlet",
        "1. LPC Inlet",
        "2. HPC Inlet",
        "3. Burner Inlet",
        "4. HPT Inlet",
        "5. LPT Inlet",
        "6. Core Nozz Inlet",
        "7. Core Nozz Outlet",
        "8. Byp Nozz Outlet"
    ],
    "Total Temperatures": [
        15.000057655676706,
        59.942033320834994,
        139.95697080771498,
        494.4700153233035,
        1396.0937499999998,
        1105.3886695024194,
        818.9828941305478,
        818.9828941305478,
        59.94203332083493
    ],
    "Static Temperatures": [
        1.2698087753191583,
        44.11029440122737,
        120.50659961430016,
        461.48578499770184,
        1339.5720513544134,
        1056.3218563052874,
        777.8703752206101,
        669.113003588111,
        4.4391862677623966
    ],
    "Total Pressures": [
        99.29823547694355,
        158.87717676310967,
        317.75435352621935,
        2513.4865855101334,
        2312.4076586693227,
        881.1736107667751,
        287.66215277775274,
        287.6621527777526,
        158.87717676310967
    ],
    "Static Pressures": [
        84.124656235234,
        133.97926458691475,
        267.52254953831897,
        2128.650695953297,
        1974.5961122491235,
        751.5896629972497,
        244.99254878258265,
        155.88648831492924,
        84.07825298491287
    ],
    "Entropies": [
        6834.413225585567,
        6845.607178771453,
        6865.411001852655,
        6920.117488996389,
        7989.687309256426,
        8020.304832536144,
        8052.810268550884,
        8052.810268550884,
        6845.607178771453
    ],
    "Specifice Volumes": [
        0.9354134467594015,
        0.6780422909737034,
        0.42158869626980144,
        0.09901217809663683,
        0.2344107563227169,
        0.5076364398080008,
        1.2310064649713262,
        1.7342909298489766,
        0.9458112098493416
    ],
    "Performance": {
        "Thrust": 99999.99999999999,
        "OPR": 24.806249999999995,
        "T4": 1396.0937499999998,
        "Thermal Efficiency": 0.4177409784412203,
        "SFC": 0.05567041576880076,
        "TSFC": 8.00835396054572,
        "Air Mass Flow Rate": 187.4777325236913,
        "Fuel Mass Flow Rate": 0.800835396054572,
        "Core EGT": 818.9828941305478,
        "Bypass EGT": 59.94203332083493,
        "FAR": 0.026056939403806618,
        "Specific Thrust": 0.5333966794555889
    },
    "Pressure Ratios": {
        "Fan": 1.6,
        "LPC": 2.0,
        "HPC": 7.91015625,
        "HPT": 2.6242361668742253,
        "LPT": 3.0632240016905077
    },
    "Mechanical Parameters": {
        "LP Shaft Speed": 5490.0,
        "Fan Power": 8.471446639299051,
        "Fan Efficiency": 0.92,
        "LPC Power": 2.4852244958479197,
        "LPC Efficiency": 0.9,
        "LPT Power": 11.180276668517315,
        "LPT Efficiency": 0.9099999999999998,
        "HP Shaft Speed": 15183.0,
        "HPC Power": 11.443686969928288,
        "HPC Efficiency": 0.89,
        "HPT Power": 11.830937203539499,
        "HPT Efficiency": 0.9000000000000002,
        "Burner Power": 6.139025318916744,
        "Burner Efficiency": 0.17827387672404238
    }
}