{
    "Stages": [
        "0. Fan Inlet",
        "1. LPC Inlet",
        "2. HPC Inlet",
        "3. Burner Inlet",
        "4. HPT Inlet",
        "5. LPT Inlet",
        "6. Core Nozz Inlet",
        "7. Core Nozz Outlet",
        "8. Byp Nozz Outlet"
    ],
    "Total Temperatures": [
        15.000057655676706,
        59.942033320834994,
        139.95697080771498,
        515.9030653308052,
        1353.9062499999998,
        1041.3119765435104,
        750.4455080749843,
        750.4455080749843,
        59.94203332083493
    ],
    "Static Temperatures": [
        1.2698087753191583,
        44.11029440122737,
        120.50659961430016,
        482.1994447646428,
        1298.1919970663055,
        993.8123481972874,
        711.1590979083998,
        607.4868750622169,
        4.4391862677623966
    ],
    "Total Pressures": [
        99.29823547694355,
        158.87717676310967,
        317.75435352621935,
        2774.14445363711,
        2552.212897346144,
        878.0957822524869,
        268.69135723681063,
        268.69135723681035,
        158.87717676310967
    ],
    "Static Pressures": [
        84.124656235234,
        133.97926458691475,
        267.52254953831897,
        2347.855002276114,
        2180.548935768755,
        748.7570031698302,
        228.48037155943427,
        145.0804028737808,
        84.07825298491292
    ],
    "Entropies": [
        6834.413225585567,
        6845.607178771453,
        6865.411001852655,
        6922.065989047093,
        7920.57457475083,
        7954.779609971312,
        7989.562108115804,
        7989.562108115806,
        6845.607178771453
    ],
    "Specifice Volumes": [
        0.9354134467594015,
        0.6780422909737055,
        0.42158869626980144,
        0.09233549496946344,
        0.20681571010980934,
        0.4856480770109813,
        1.2361974074674318,
        1.7416551579079889,
        0.9458112098493406
    ],
    "Performance": {
        "Thrust": 99999.99999999999,
        "OPR": 27.378749999999997,
        "T4": 1353.9062499999998,
        "Thermal Efficiency": 0.44061427361935473,
        "SFC": 0.05278043709854709,
        "TSFC": 7.498288656775545,
        "Air Mass Flow Rate": 189.7956395692755,
        "Fuel Mass Flow Rate": 0.7498288656775545,
        "Core EGT": 750.4455080749843,
        "Bypass EGT": 59.94203332083493,
        "FAR": 0.0240993738897968,
        "Specific Thrust": 0.5268824943868109
    },
    "Pressure Ratios": {
        "Fan": 1.6,
        "LPC": 2.0,
        "HPC": 8.73046875,
        "HPT": 2.9065313248621005,
        "LPT": 3.26804624935732
    },
    "Mechanical Parameters": {
        "LP Shaft Speed": 5490.0,
        "Fan Power": 8.57618454916811,
        "Fan Efficiency": 0.92,
        "LPC Power": 2.5159509148804116,
        "LPC Efficiency": 0.9,
        "LPT Power": 11.318505575559715,
        "LPT Efficiency": 0.91,
        "HP Shaft Speed": 15183.0,
        "HPC Power": 12.313754134829926,
        "HPC Efficiency": 0.89,
        "HPT Power": 12.718760841194241,
        "HPT Efficiency": 0.9000000000000001,
        "Burner Power": 5.897969249038944,
        "Burner Efficiency": 0.1829245069608035
    }
}