{
    "Stages": [
        "0. Fan Inlet",
        "1. LPC Inlet",
        "2. HPC Inlet",
        "3. Burner Inlet",
        "4. HPT Inlet",
        "5. LPT Inlet",
        "6. Core Nozz Inlet",
        "7. Core Nozz Outlet",
        "8. Byp Nozz Outlet"
    ],
    "Total Temperatures": [
        15.000057655676706,
        59.942033320834994,
        139.95697080771498,
        479.2083635564447,
        1425.3906249999998,
        1149.90545365112,
        866.5015493126576,
        866.5015493126576,
        59.94203332083493
    ],
    "Static Temperatures": [
        1.2698087753191583,
        44.11029440122737,
        120.50659961430016,
        446.7357205416482,
        1368.3210440606517,
        1099.803088269662,
        824.177780726476,
        711.9646886638801,
        4.4391862677623966
    ],
    "Total Pressures": [
        99.29823547694355,
        158.87717676310967,
        317.75435352621935,
        2339.714673425482,
        2152.537499551444,
        875.4901243838383,
        298.7515404508151,
        298.7515404508151,
        158.87717676310967
    ],
    "Static Pressures": [
        84.124656235234,
        133.97926458691475,
        267.52254953831897,
        1978.192643615775,
        1839.8485041554518,
        747.1401558550933,
        254.35375172054324,
        161.82226638949862,
        84.07825298491292
    ],
    "Entropies": [
        6834.413225585567,
        6845.607178771453,
        6865.411001852655,
        6918.765016832529,
        8038.8814461054235,
        8067.15649821671,
        8098.308819442452,
        8098.308819442452,
        6845.607178771453
    ],
    "Specifice Volumes": [
        0.9354134467594015,
        0.6780422909737055,
        0.42158869626980144,
        0.10444983311124069,
        0.25605635095964935,
        0.5273955507484877,
        1.23817429135704,
        1.7468414981983855,
        0.9458112098493406
    ],
    "Performance": {
        "Thrust": 99999.99999999999,
        "OPR": 23.091249999999995,
        "T4": 1425.3906249999998,
        "Thermal Efficiency": 0.40341903605661994,
        "SFC": 0.05764679371804461,
        "TSFC": 8.367038502765125,
        "Air Mass Flow Rate": 185.9962317536993,
        "Fuel Mass Flow Rate": 0.8367038502765124,
        "Core EGT": 866.5015493126576,
        "Bypass EGT": 59.94203332083493,
        "FAR": 0.0274408434975469,
        "Specific Thrust": 0.5376453009672927
    },
    "Pressure Ratios": {
        "Fan": 1.6,
        "LPC": 2.0,
        "HPC": 7.36328125,
        "HPT": 2.4586656543571856,
        "LPT": 2.9304957660225828
    },
    "Mechanical Parameters": {
        "LP Shaft Speed": 5490.0,
        "Fan Power": 8.404502930570969,
        "Fan Efficiency": 0.92,
        "LPC Power": 2.465585566175371,
        "LPC Efficiency": 0.9,
        "LPT Power": 11.091927037496266,
        "LPT Efficiency": 0.9100000000000001,
        "HP Shaft Speed": 15183.0,
        "HPC Power": 10.845272005695183,
        "HPC Efficiency": 0.89,
        "HPT Power": 11.220309689015924,
        "HPT Efficiency": 0.9,
        "Burner Power": 6.295589765298999,
        "Burner Efficiency": 0.17498313681823507
    }
}