{
    "Stages": [
        "0. Fan Inlet",
        "1. LPC Inlet",
        "2. HPC Inlet",
        "3. Burner Inlet",
        "4. HPT Inlet",
        "5. LPT Inlet",
        "6. Core Nozz Inlet",
        "7. Core Nozz Outlet",
        "8. Byp Nozz Outlet"
    ],
    "Total Temperatures": [
        15.000057655676706,
        59.942033320834994,
        139.95697080771498,
        498.86032447186795,
        1343.3593749999998,
        1045.2369740129025,
        754.6536543720198,
        754.6536543720198,
        59.94203332083493
    ],
    "Static Temperatures": [
        1.2698087753191583,
        44.11029440122737,
        120.50659961430016,
        465.7295563664126,
        1287.902457147008,
        997.6365023045073,
        715.2527984215726,
        611.2627440004685,
        4.4391862677623966
    ],
    "Total Pressures": [
        99.29823547694355,
        158.87717676310967,
        317.75435352621935,
        2563.1357032486053,
        2358.0848469887173,
        851.1904326858818,
        261.554968168049,
        261.554968168049,
        158.87717676310967
    ],
    "Static Pressures": [
        84.124656235234,
        133.97926458691475,
        267.52254953831897,
        2171.6661976976775,
        2012.4838854831332,
        725.5232205731588,
        222.33406624800344,
        141.1508328274889,
        84.07825298491302
    ],
    "Entropies": [
        6834.413225585567,
        6845.607178771453,
        6865.411001852655,
        6920.543613966286,
        7935.225921429592,
        7967.72299821927,
        8002.481058807857,
        8002.481058807857,
        6845.607178771453
    ],
    "Specifice Volumes": [
        0.9354134467594015,
        0.6780422909737055,
        0.42158869626980144,
        0.09761376640273318,
        0.22260722627550103,
        0.5026909414637819,
        1.2757704496736482,
        1.7979912263675761,
        0.9458112098493398
    ],
    "Performance": {
        "Thrust": 99999.99999999999,
        "OPR": 25.296249999999997,
        "T4": 1343.3593749999998,
        "Thermal Efficiency": 0.43927496292260965,
        "SFC": 0.05294136000549962,
        "TSFC": 7.534909931364834,
        "Air Mass Flow Rate": 189.85123462909652,
        "Fuel Mass Flow Rate": 0.7534909931364833,
        "Core EGT": 754.6536543720198,
        "Bypass EGT": 59.94203332083493,
        "FAR": 0.02420998244816324,
        "Specific Thrust": 0.5267282048250321
    },
    "Pressure Ratios": {
        "Fan": 1.6,
        "LPC": 2.0,
        "HPC": 8.06640625,
        "HPT": 2.77033758420888,
        "LPT": 3.2543462609320115
    },
    "Mechanical Parameters": {
        "LP Shaft Speed": 5490.0,
        "Fan Power": 8.57869669061735,
        "Fan Efficiency": 0.92,
        "LPC Power": 2.5166878888274256,
        "LPC Efficiency": 0.9,
        "LPT Power": 11.321820999433443,
        "LPT Efficiency": 0.91,
        "HP Shaft Speed": 15183.0,
        "HPC Power": 11.737738640586759,
        "HPC Efficiency": 0.89,
        "HPT Power": 12.130989928701199,
        "HPT Efficiency": 0.9000000000000001,
        "Burner Power": 5.8318249414438625,
        "Burner Efficiency": 0.1799939708409567
    }
}