{
    "Stages": [
        "0. Fan Inlet",
        "1. LPC Inlet",
        "2. HPC Inlet",
        "3. Burner Inlet",
        "4. HPT Inlet",
        "5. LPT Inlet",
        "6. Core Nozz Inlet",
        "7. Core Nozz Outlet",
        "8. Byp Nozz Outlet"
    ],
    "Total Temperatures": [
        15.000057655676706,
        59.942033320834994,
        139.95697080771498,
        503.250631975832,
        1393.75,
        1095.171517296318,
        808.0426832074025,
        808.0426832074025,
        59.94203332083493
    ],
    "Static Temperatures": [
        1.2698087753191583,
        44.11029440122737,
        120.50659961430016,
        469.9734516190097,
        1337.2526159839524,
        1046.3323796621803,
        767.2307628370957,
        659.2844866678295,
        4.4391862677623966
    ],
    "Total Pressures": [
        99.29823547694355,
        158.87717676310967,
        317.75435352621935,
        2612.7848209870767,
        2403.7620353081084,
        888.0788937900219,
        286.8840861358677,
        286.8840861358677,
        158.87717676310967
    ],
    "Static Pressures": [
        84.124656235234,
        133.97926458691475,
        267.52254953831897,
        2214.6830600395406,
        2053.4174284759765,
        757.2699610016426,
        244.36813958345402,
        155.4860629052299,
        84.07825298491301
    ],
    "Entropies": [
        6834.413225585567,
        6845.607178771453,
        6865.411001852655,
        6920.969738934783,
        7975.951668702094,
        8007.5903327068445,
        8040.454915142043,
        8040.454915142043,
        6845.607178771453
    ],
    "Specifice Volumes": [
        0.9354134467594015,
        0.6780422909737055,
        0.42158869626980144,
        0.09627607183186959,
        0.22509112808037784,
        0.500013292472978,
        1.2216303611022699,
        1.720778460782366,
        0.9458112098493399
    ],
    "Performance": {
        "Thrust": 99999.99999999999,
        "OPR": 25.786249999999995,
        "T4": 1393.75,
        "Thermal Efficiency": 0.4211470534293729,
        "SFC": 0.055220174910682145,
        "TSFC": 7.925573214528911,
        "Air Mass Flow Rate": 187.78559657905043,
        "Fuel Mass Flow Rate": 0.792557321452891,
        "Core EGT": 808.0426832074025,
        "Bypass EGT": 59.94203332083493,
        "FAR": 0.025745316727885763,
        "Specific Thrust": 0.5325222052262346
    },
    "Pressure Ratios": {
        "Fan": 1.6,
        "LPC": 2.0,
        "HPC": 8.22265625,
        "HPT": 2.706698754037111,
        "LPT": 3.0956018012425526
    },
    "Mechanical Parameters": {
        "LP Shaft Speed": 5490.0,
        "Fan Power": 8.485357912291452,
        "Fan Efficiency": 0.92,
        "LPC Power": 2.489305574072359,
        "LPC Efficiency": 0.9,
        "LPT Power": 11.198636210575318,
        "LPT Efficiency": 0.9100000000000001,
        "HP Shaft Speed": 15183.0,
        "HPC Power": 11.75757801975569,
        "HPC Efficiency": 0.89,
        "HPT Power": 12.15123419315929,
        "HPT Efficiency": 0.8999999999999998,
        "Burner Power": 6.132146531460599,
        "Burner Efficiency": 0.1799340628255785
    }
}