{
    "Stages": [
        "0. Fan Inlet",
        "1. LPC Inlet",
        "2. HPC Inlet",
        "3. Burner Inlet",
        "4. HPT Inlet",
        "5. LPT Inlet",
        "6. Core Nozz Inlet",
        "7. Core Nozz Outlet",
        "8. Byp Nozz Outlet"
    ],
    "Total Temperatures": [
        15.000057655676706,
        59.94203332083506,
        139.95697080771544,
        483.49423525676275,
        1391.40625,
        1110.0344440330514,
        823.9538476766734,
        823.9538476766734,
        59.94203332083506
    ],
    "Static Temperatures": [
        1.2698087753191583,
        44.11029440122756,
        120.50659961430061,
        450.87689848040816,
        1335.015610577606,
        1060.8692690888436,
        782.7113796212785,
        673.5851692221091,
        4.439186267762523
    ],
    "Total Pressures": [
        99.29823547694357,
        158.87717676310973,
        317.75435352621946,
        2389.363791163955,
        2198.2146878708363,
        863.3282082140335,
        283.36468735603233,
        283.36468735603233,
        158.87717676310973
    ],
    "Static Pressures": [
        84.12465623523391,
        133.9792645869146,
        267.52254953831863,
        2021.1178932465841,
        1878.8087181951942,
        736.3889438574877,
        241.31580321639004,
        153.5274057500937,
        84.0782529849129
    ],
    "Entropies": [
        6834.413225585567,
        6845.607178771454,
        6865.411001852656,
        6919.052176565512,
        8001.366859337665,
        8030.894572444061,
        8063.355880189209,
        8063.355880189209,
        6845.607178771454
    ],
    "Specifice Volumes": [
        0.9354134467594023,
        0.6780422909737042,
        0.42158869626980255,
        0.10279847342711855,
        0.245661472739502,
        0.5199212064473645,
        1.2556182187519396,
        1.7693515063112988,
        0.9458112098493413
    ],
    "Performance": {
        "Thrust": 99999.99999999999,
        "OPR": 23.58125,
        "T4": 1391.40625,
        "Thermal Efficiency": 0.41627426428218,
        "SFC": 0.055866566705944476,
        "TSFC": 8.048990917956203,
        "Air Mass Flow Rate": 187.43495966995022,
        "Fuel Mass Flow Rate": 0.8048990917956201,
        "Core EGT": 823.9538476766734,
        "Bypass EGT": 59.94203332083506,
        "FAR": 0.026195137068340837,
        "Specific Thrust": 0.5335184011354531
    },
    "Pressure Ratios": {
        "Fan": 1.6,
        "LPC": 2.0,
        "HPC": 7.51953125,
        "HPT": 2.5462097345553913,
        "LPT": 3.0467035828261424
    },
    "Mechanical Parameters": {
        "LP Shaft Speed": 5490.0,
        "Fan Power": 8.46951388737594,
        "Fan Efficiency": 0.92,
        "LPC Power": 2.484657494410246,
        "LPC Efficiency": 0.9,
        "LPT Power": 11.177725899781825,
        "LPT Efficiency": 0.91,
        "HP Shaft Speed": 15183.0,
        "HPC Power": 11.07289118207156,
        "HPC Efficiency": 0.89,
        "HPT Power": 11.452574154706099,
        "HPT Efficiency": 0.9000000000000001,
        "Burner Power": 6.101787788955573,
        "Burner Efficiency": 0.17629792734273542
    }
}