{
    "Stages": [
        "0. Fan Inlet",
        "1. LPC Inlet",
        "2. HPC Inlet",
        "3. Burner Inlet",
        "4. HPT Inlet",
        "5. LPT Inlet",
        "6. Core Nozz Inlet",
        "7. Core Nozz Outlet",
        "8. Byp Nozz Outlet"
    ],
    "Total Temperatures": [
        15.000057655676706,
        59.942033320834994,
        139.95697080771498,
        469.6372158952086,
        1442.9687499999998,
        1176.783247151204,
        895.1667892178749,
        895.1667892178749,
        59.94203332083493
    ],
    "Static Temperatures": [
        1.2698087753191583,
        44.11029440122737,
        120.50659961430016,
        437.4991715154113,
        1385.5519968618041,
        1126.048711045942,
        852.0878925092292,
        737.8267792794072,
        4.4391862677623966
    ],
    "Total Pressures": [
        99.29823547694355,
        158.87717676310967,
        317.75435352621935,
        2234.21029823123,
        2055.4734743727336,
        869.7549411622555,
        304.23745588721727,
        304.23745588721727,
        158.87717676310967
    ],
    "Static Pressures": [
        84.124656235234,
        133.97926458691475,
        267.52254953831897,
        1892.9208937043975,
        1755.8319718794899,
        742.2331107083487,
        259.05788278798656,
        164.94470364193296,
        84.07825298491305
    ],
    "Entropies": [
        6834.413225585567,
        6845.607178771453,
        6865.411001852655,
        6917.828718900278,
        8068.890682927533,
        8095.823374341771,
        8126.202075771832,
        8126.202075771832,
        6845.607178771453
    ],
    "Specifice Volumes": [
        0.9354134467594015,
        0.6780422909737055,
        0.42158869626980144,
        0.1077213356041004,
        0.27111001311844735,
        0.5410023124414534,
        1.2465025429700558,
        1.7586338027911126,
        0.9458112098493391
    ],
    "Performance": {
        "Thrust": 99999.99999999999,
        "OPR": 22.049999999999997,
        "T4": 1442.9687499999998,
        "Thermal Efficiency": 0.39533959010171343,
        "SFC": 0.05882490531116575,
        "TSFC": 8.584690734223607,
        "Air Mass Flow Rate": 185.14503460024235,
        "Fuel Mass Flow Rate": 0.8584690734223605,
        "Core EGT": 895.1667892178749,
        "Bypass EGT": 59.94203332083493,
        "FAR": 0.028284103644384443,
        "Specific Thrust": 0.5401171044954888
    },
    "Pressure Ratios": {
        "Fan": 1.6,
        "LPC": 2.0,
        "HPC": 7.03125,
        "HPT": 2.363278869822803,
        "LPT": 2.858802965683091
    },
    "Mechanical Parameters": {
        "LP Shaft Speed": 5490.0,
        "Fan Power": 8.36604038268346,
        "Fan Efficiency": 0.92,
        "LPC Power": 2.4543020073863295,
        "LPC Efficiency": 0.9,
        "LPT Power": 11.041165704152846,
        "LPT Efficiency": 0.9100000000000003,
        "HP Shaft Speed": 15183.0,
        "HPC Power": 10.480884894387325,
        "HPC Efficiency": 0.89,
        "HPT Power": 10.848486106048725,
        "HPT Efficiency": 0.9000000000000001,
        "Burner Power": 6.384814853008006,
        "Burner Efficiency": 0.1729637921108549
    }
}