{
    "Stages": [
        "0. Fan Inlet",
        "1. LPC Inlet",
        "2. HPC Inlet",
        "3. Burner Inlet",
        "4. HPT Inlet",
        "5. LPT Inlet",
        "6. Core Nozz Inlet",
        "7. Core Nozz Outlet",
        "8. Byp Nozz Outlet"
    ],
    "Total Temperatures": [
        15.000057655676706,
        59.942033320834994,
        139.95697080771498,
        484.5918137259602,
        1396.09375,
        1114.0538254649027,
        828.2392609424253,
        828.2392609424253,
        59.94203332083493
    ],
    "Static Temperatures": [
        1.2698087753191583,
        44.11029440122737,
        120.50659961430016,
        451.9377522994827,
        1339.6032356323415,
        1064.7964452533306,
        786.9043848058258,
        677.4602378818668,
        4.4391862677623966
    ],
    "Total Pressures": [
        99.29823547694355,
        158.87717676310967,
        317.75435352621935,
        2401.776070598572,
        2209.633984950686,
        867.7513647611744,
        285.7475767147404,
        285.7475767147404,
        158.87717676310967
    ],
    "Static Pressures": [
        84.124656235234,
        133.97926458691475,
        267.52254953831897,
        2031.8707909554782,
        1888.7238128443273,
        740.2704411641004,
        243.47796258166952,
        154.91555609771484,
        84.07825298491292
    ],
    "Entropies": [
        6834.413225585567,
        6845.607178771453,
        6865.411001852655,
        6919.158707808991,
        8004.01419332353,
        8033.5432736732,
        8065.851702390266,
        8065.851702390266,
        6845.607178771453
    ],
    "Specifice Volumes": [
        0.9354134467594015,
        0.6780422909737055,
        0.42158869626980144,
        0.10239993677284939,
        0.245072894794188,
        0.5187250197129287,
        1.249538997747739,
        1.7607848121010918,
        0.9458112098493406
    ],
    "Performance": {
        "Thrust": 99999.99999999999,
        "OPR": 23.70375,
        "T4": 1396.09375,
        "Thermal Efficiency": 0.41492760126440864,
        "SFC": 0.0560478837335018,
        "TSFC": 8.080155966762085,
        "Air Mass Flow Rate": 187.26457113638165,
        "Fuel Mass Flow Rate": 0.8080155966762084,
        "Core EGT": 828.2392609424253,
        "Bypass EGT": 59.94203332083493,
        "FAR": 0.026320489293915818,
        "Specific Thrust": 0.5340038395579464
    },
    "Pressure Ratios": {
        "Fan": 1.6,
        "LPC": 2.0,
        "HPC": 7.55859375,
        "HPT": 2.5463906767335707,
        "LPT": 3.036775936082369
    },
    "Mechanical Parameters": {
        "LP Shaft Speed": 5490.0,
        "Fan Power": 8.461814640373932,
        "Fan Efficiency": 0.92,
        "LPC Power": 2.482398806129041,
        "LPC Efficiency": 0.9,
        "LPT Power": 11.167564741329565,
        "LPT Efficiency": 0.9099999999999999,
        "HP Shaft Speed": 15183.0,
        "HPC Power": 11.099610346304532,
        "HPC Efficiency": 0.89,
        "HPT Power": 11.479838608005053,
        "HPT Efficiency": 0.9000000000000004,
        "Burner Power": 6.130061669679126,
        "Burner Efficiency": 0.17643171035298114
    }
}