{
    "Stages": [
        "0. Fan Inlet",
        "1. LPC Inlet",
        "2. HPC Inlet",
        "3. Burner Inlet",
        "4. HPT Inlet",
        "5. LPT Inlet",
        "6. Core Nozz Inlet",
        "7. Core Nozz Outlet",
        "8. Byp Nozz Outlet"
    ],
    "Total Temperatures": [
        15.000057655676706,
        59.942033320834994,
        139.95697080771498,
        468.41496327457554,
        1300.0,
        1026.1658499029525,
        734.1633141869895,
        734.1633141869895,
        59.94203332083493
    ],
    "Static Temperatures": [
        1.2698087753191583,
        44.11029440122737,
        120.50659961430016,
        436.3180646406533,
        1245.568065095315,
        979.0038679384013,
        695.3293562305546,
        592.8795972169622,
        4.4391862677623966
    ],
    "Total Pressures": [
        99.29823547694355,
        158.87717676310967,
        317.75435352621935,
        2221.798018796612,
        2044.0541772928837,
        789.8310350539622,
        237.54620215067033,
        237.54620215067038,
        158.87717676310967
    ],
    "Static Pressures": [
        84.124656235234,
        133.97926458691475,
        267.52254953831897,
        1882.146920816904,
        1744.0421255941683,
        673.3376171128311,
        202.09209780711672,
        128.3105825371044,
        84.07825298491296
    ],
    "Entropies": [
        6834.413225585567,
        6845.607178771453,
        6865.411001852655,
        6917.709152066669,
        7938.729986371646,
        7968.80050340286,
        8004.229112376854,
        8004.229112376854,
        6845.607178771453
    ],
    "Specifice Volumes": [
        0.9354134467594015,
        0.6780422909737055,
        0.42158869626980144,
        0.10815320170461458,
        0.2499079652762945,
        0.5336423554638808,
        1.3751121121117367,
        1.9365791179839673,
        0.9458112098493401
    ],
    "Performance": {
        "Thrust": 99999.99999999999,
        "OPR": 21.9275,
        "T4": 1300.0,
        "Thermal Efficiency": 0.4470146851689099,
        "SFC": 0.052024720272223005,
        "TSFC": 7.396378299767759,
        "Air Mass Flow Rate": 191.07437089463878,
        "Fuel Mass Flow Rate": 0.7396378299767759,
        "Core EGT": 734.1633141869895,
        "Bypass EGT": 59.94203332083493,
        "FAR": 0.023612746920130913,
        "Specific Thrust": 0.5233564267765741
    },
    "Pressure Ratios": {
        "Fan": 1.6,
        "LPC": 2.0,
        "HPC": 6.9921875,
        "HPT": 2.587963863882902,
        "LPT": 3.324957536273258
    },
    "Mechanical Parameters": {
        "LP Shaft Speed": 5490.0,
        "Fan Power": 8.633965833606497,
        "Fan Efficiency": 0.92,
        "LPC Power": 2.5329019115167677,
        "LPC Efficiency": 0.9,
        "LPT Power": 11.394763005227825,
        "LPT Efficiency": 0.9099999999999998,
        "HP Shaft Speed": 15183.0,
        "HPC Power": 10.775057053907496,
        "HPC Efficiency": 0.89,
        "HPT Power": 11.148661779028489,
        "HPT Efficiency": 0.9,
        "Burner Power": 5.572554794085594,
        "Burner Efficiency": 0.1752131817553781
    }
}