{
    "Stages": [
        "0. Fan Inlet",
        "1. LPC Inlet",
        "2. HPC Inlet",
        "3. Burner Inlet",
        "4. HPT Inlet",
        "5. LPT Inlet",
        "6. Core Nozz Inlet",
        "7. Core Nozz Outlet",
        "8. Byp Nozz Outlet"
    ],
    "Total Temperatures": [
        15.000057655676706,
        59.9420333208348,
        139.95697080771538,
        466.5815841564018,
        1333.984375,
        1063.8599142017738,
        774.5345602626122,
        774.5345602626122,
        59.9420333208348
    ],
    "Static Temperatures": [
        1.2698087753191583,
        44.11029440122724,
        120.50659961430054,
        434.5464229759155,
        1278.8267849675165,
        1015.7711023825209,
        734.6089629510665,
        629.1319713906473,
        4.4391862677623335
    ],
    "Total Pressures": [
        99.29823547694355,
        158.8771767631097,
        317.7543535262194,
        2203.1795996446854,
        2026.9252316731126,
        806.1860628538938,
        252.8835424766337,
        252.88354247663358,
        158.8771767631097
    ],
    "Static Pressures": [
        84.12465623523384,
        133.97926458691475,
        267.5225495383193,
        1865.986145083205,
        1729.81101822165,
        687.6237394417299,
        214.95208236388376,
        136.59426133017132,
        84.07825298491287
    ],
    "Entropies": [
        6834.413225585567,
        6845.607178771453,
        6865.411001852656,
        6917.529801816124,
        7973.144938002508,
        8002.220760440339,
        8036.18500800279,
        8036.18500800279,
        6845.607178771453
    ],
    "Specifice Volumes": [
        0.9354134467594031,
        0.6780422909737032,
        0.4215886962698013,
        0.10881153267247033,
        0.2574837891806673,
        0.5379061811172081,
        1.3452308756453806,
        1.8952714883311164,
        0.9458112098493411
    ],
    "Performance": {
        "Thrust": 99999.99999999999,
        "OPR": 21.743750000000002,
        "T4": 1333.984375,
        "Thermal Efficiency": 0.43260860633824316,
        "SFC": 0.05375716898083479,
        "TSFC": 7.693196444039033,
        "Air Mass Flow Rate": 189.52010874449743,
        "Fuel Mass Flow Rate": 0.7693196444039031,
        "Core EGT": 774.5345602626122,
        "Bypass EGT": 59.9420333208348,
        "FAR": 0.024761751467705727,
        "Specific Thrust": 0.5276484942018239
    },
    "Pressure Ratios": {
        "Fan": 1.6,
        "LPC": 2.0,
        "HPC": 6.93359375,
        "HPT": 2.5142151732291294,
        "LPT": 3.187973622001854
    },
    "Mechanical Parameters": {
        "LP Shaft Speed": 5490.0,
        "Fan Power": 8.563734298953472,
        "Fan Efficiency": 0.92,
        "LPC Power": 2.5122984493535516,
        "LPC Efficiency": 0.9,
        "LPT Power": 11.302074232966348,
        "LPT Efficiency": 0.9100000000000001,
        "HP Shaft Speed": 15183.0,
        "HPC Power": 10.625692395903775,
        "HPC Efficiency": 0.89,
        "HPT Power": 10.996248862698158,
        "HPT Efficiency": 0.9,
        "Burner Power": 5.760766422121375,
        "Burner Efficiency": 0.1741425857468691
    }
}