{
    "Stages": [
        "0. Fan Inlet",
        "1. LPC Inlet",
        "2. HPC Inlet",
        "3. Burner Inlet",
        "4. HPT Inlet",
        "5. LPT Inlet",
        "6. Core Nozz Inlet",
        "7. Core Nozz Outlet",
        "8. Byp Nozz Outlet"
    ],
    "Total Temperatures": [
        15.000057655676706,
        59.942033320834994,
        139.95697080771498,
        493.3724377791942,
        1384.375,
        1093.8714930916017,
        806.6516077662039,
        806.6516077662039,
        59.94203332083493
    ],
    "Static Temperatures": [
        1.2698087753191583,
        44.11029440122737,
        120.50659961430016,
        460.42486151081897,
        1328.0864150831299,
        1045.065640864544,
        765.8775233794877,
        658.0335235310547,
        4.4391862677623966
    ],
    "Total Pressures": [
        99.29823547694355,
        158.87717676310967,
        317.75435352621935,
        2501.074306075516,
        2300.9883615894746,
        873.1358940395909,
        281.9540525835578,
        281.9540525835578,
        158.87717676310967
    ],
    "Static Pressures": [
        84.124656235234,
        133.97926458691475,
        267.52254953831897,
        2117.8970330934258,
        1964.475146753371,
        744.4061358810038,
        240.12001946945654,
        152.76003039244108,
        84.07825298491304
    ],
    "Entropies": [
        6834.413225585567,
        6845.607178771453,
        6865.411001852655,
        6920.010957753695,
        7980.372017899609,
        8011.13968068539,
        8044.056961285251,
        8044.056961285251,
        6845.607178771453
    ],
    "Specifice Volumes": [
        0.9354134467594015,
        0.6780422909737055,
        0.42158869626980144,
        0.09937168761139129,
        0.23392290511079353,
        0.5081659039244054,
        1.2416408001327464,
        1.7491840993342975,
        0.9458112098493393
    ],
    "Performance": {
        "Thrust": 99999.99999999999,
        "OPR": 24.68375,
        "T4": 1384.375,
        "Thermal Efficiency": 0.42167971232997703,
        "SFC": 0.05515042169088277,
        "TSFC": 7.917621803494565,
        "Air Mass Flow Rate": 187.92845677711148,
        "Fuel Mass Flow Rate": 0.7917621803494563,
        "Core EGT": 806.6516077662039,
        "Bypass EGT": 59.94203332083493,
        "FAR": 0.025699935938174087,
        "Specific Thrust": 0.5321173903886353
    },
    "Pressure Ratios": {
        "Fan": 1.6,
        "LPC": 2.0,
        "HPC": 7.87109375,
        "HPT": 2.6353152782940565,
        "LPT": 3.0967311377120015
    },
    "Mechanical Parameters": {
        "LP Shaft Speed": 5490.0,
        "Fan Power": 8.491813252498861,
        "Fan Efficiency": 0.92,
        "LPC Power": 2.491199343849301,
        "LPC Efficiency": 0.9,
        "LPT Power": 11.207155710559348,
        "LPT Efficiency": 0.91,
        "HP Shaft Speed": 15183.0,
        "HPC Power": 11.43428385782805,
        "HPC Efficiency": 0.89,
        "HPT Power": 11.821342191192317,
        "HPT Efficiency": 0.9000000000000002,
        "Burner Power": 6.068704683133223,
        "Burner Efficiency": 0.1782513367679658
    }
}