{
    "Stages": [
        "0. Fan Inlet",
        "1. LPC Inlet",
        "2. HPC Inlet",
        "3. Burner Inlet",
        "4. HPT Inlet",
        "5. LPT Inlet",
        "6. Core Nozz Inlet",
        "7. Core Nozz Outlet",
        "8. Byp Nozz Outlet"
    ],
    "Total Temperatures": [
        15.000057655676706,
        59.94203332083493,
        139.95697080771544,
        527.0414478514955,
        1440.6249999999998,
        1124.2882900752331,
        839.166859599711,
        839.166859599711,
        59.94203332083487
    ],
    "Static Temperatures": [
        1.2698087753191583,
        44.11029440122737,
        120.50659961430054,
        492.96809807069275,
        1383.0674009985823,
        1074.7693184139846,
        797.5441869874724,
        687.3377666490122,
        4.4391862677623966
    ],
    "Total Pressures": [
        99.29823547694355,
        158.87717676310967,
        317.75435352621935,
        2916.8856671352164,
        2683.5348137643964,
        951.0439612684617,
        317.4831192651237,
        317.4831192651239,
        158.87717676310967
    ],
    "Static Pressures": [
        84.124656235234,
        133.97926458691455,
        267.5225495383194,
        2471.306040068776,
        2291.3314839370796,
        810.5691026218187,
        270.38133572524725,
        172.12154676684816,
        84.07825298491302
    ],
    "Entropies": [
        6834.413225585567,
        6845.607178771453,
        6865.411001852656,
        6922.915975264234,
        7984.108734871824,
        8017.182411635722,
        8049.100006971274,
        8049.100006971273,
        6845.607178771453
    ],
    "Specifice Volumes": [
        0.9354134467594015,
        0.678042290973704,
        0.4215886962698011,
        0.08894461073318208,
        0.20744121359985795,
        0.4772125581016875,
        1.1363290493526284,
        1.6015098846794749,
        0.9458112098493398
    ],
    "Performance": {
        "Thrust": 99999.99999999999,
        "OPR": 28.787499999999994,
        "T4": 1440.6249999999998,
        "Thermal Efficiency": 0.41119938222314567,
        "SFC": 0.056556052754155484,
        "TSFC": 8.146275437886315,
        "Air Mass Flow Rate": 186.37172969870173,
        "Fuel Mass Flow Rate": 0.8146275437886314,
        "Core EGT": 839.166859599711,
        "Bypass EGT": 59.94203332083487,
        "FAR": 0.026662992424570858,
        "Specific Thrust": 0.5365620642232876
    },
    "Pressure Ratios": {
        "Fan": 1.6,
        "LPC": 2.0,
        "HPC": 9.1796875,
        "HPT": 2.8216727333878557,
        "LPT": 2.9955733188896385
    },
    "Mechanical Parameters": {
        "LP Shaft Speed": 5490.0,
        "Fan Power": 8.421470336573973,
        "Fan Efficiency": 0.92,
        "LPC Power": 2.470563206338292,
        "LPC Efficiency": 0.9,
        "LPT Power": 11.114319941747208,
        "LPT Efficiency": 0.91,
        "HP Shaft Speed": 15183.0,
        "HPC Power": 12.465883249532839,
        "HPC Efficiency": 0.89,
        "HPT Power": 12.873994631707397,
        "HPT Efficiency": 0.9000000000000001,
        "Burner Power": 6.433656125397313,
        "Burner Efficiency": 0.18366664745598404
    }
}