{
    "Stages": [
        "0. Fan Inlet",
        "1. LPC Inlet",
        "2. HPC Inlet",
        "3. Burner Inlet",
        "4. HPT Inlet",
        "5. LPT Inlet",
        "6. Core Nozz Inlet",
        "7. Core Nozz Outlet",
        "8. Byp Nozz Outlet"
    ],
    "Total Temperatures": [
        15.000057655676706,
        59.94203332083493,
        139.95697080771524,
        467.1927105540905,
        1406.6406249999998,
        1140.362651932098,
        856.3262645867846,
        856.3262645867846,
        59.94203332083493
    ],
    "Static Temperatures": [
        1.2698087753191583,
        44.11029440122737,
        120.50659961430036,
        435.136967711226,
        1349.956854731445,
        1090.4690577586766,
        814.2336359291411,
        702.7601113200733,
        4.4391862677623966
    ],
    "Total Pressures": [
        99.29823547694355,
        158.8771767631097,
        317.7543535262194,
        2209.385739361994,
        2032.6348802130349,
        847.4171931122978,
        286.2840247552266,
        286.2840247552266,
        158.8771767631097
    ],
    "Static Pressures": [
        84.12465623523384,
        133.97926458691464,
        267.52254953831846,
        1871.373045848585,
        1735.544682995404,
        722.6956677651177,
        243.88454807644294,
        155.28424434726386,
        84.07825298491294
    ],
    "Entropies": [
        6834.413225585567,
        6845.607178771453,
        6865.411001852656,
        6917.589585232992,
        8039.352922913607,
        8066.81182605761,
        8098.281199418745,
        8098.281199418745,
        6845.607178771453
    ],
    "Specifice Volumes": [
        0.9354134467594031,
        0.6780422909737047,
        0.42158869626980255,
        0.10859066915744121,
        0.26839313732771014,
        0.5414913254151575,
        1.2794285882565661,
        1.803217538651265,
        0.9458112098493405
    ],
    "Performance": {
        "Thrust": 99999.99999999999,
        "OPR": 21.805,
        "T4": 1406.6406249999998,
        "Thermal Efficiency": 0.40651194837968635,
        "SFC": 0.05720819288629421,
        "TSFC": 8.29633063662123,
        "Air Mass Flow Rate": 186.50811308363154,
        "Fuel Mass Flow Rate": 0.8296330636621229,
        "Core EGT": 856.3262645867846,
        "Bypass EGT": 59.94203332083493,
        "FAR": 0.02713427102267486,
        "Specific Thrust": 0.5361697051492837
    },
    "Pressure Ratios": {
        "Fan": 1.6,
        "LPC": 2.0,
        "HPC": 6.953125,
        "HPT": 2.3986236020864804,
        "LPT": 2.9600575646400147
    },
    "Mechanical Parameters": {
        "LP Shaft Speed": 5490.0,
        "Fan Power": 8.427633012814864,
        "Fan Efficiency": 0.92,
        "LPC Power": 2.4723711188006963,
        "LPC Efficiency": 0.9,
        "LPT Power": 11.122453195526083,
        "LPT Efficiency": 0.9099999999999999,
        "HP Shaft Speed": 15183.0,
        "HPC Power": 10.477066235622669,
        "HPC Efficiency": 0.89,
        "HPT Power": 10.844589515472542,
        "HPT Efficiency": 0.9,
        "Burner Power": 6.171328347332622,
        "Burner Efficiency": 0.17299125381761077
    }
}