{
    "Stages": [
        "0. Fan Inlet",
        "1. LPC Inlet",
        "2. HPC Inlet",
        "3. Burner Inlet",
        "4. HPT Inlet",
        "5. LPT Inlet",
        "6. Core Nozz Inlet",
        "7. Core Nozz Outlet",
        "8. Byp Nozz Outlet"
    ],
    "Total Temperatures": [
        15.000057655676706,
        59.94203332083493,
        139.95697080771544,
        488.9821265748788,
        1376.171875,
        1088.9819808515665,
        801.432598723615,
        801.432598723615,
        59.94203332083487
    ],
    "Static Temperatures": [
        1.2698087753191583,
        44.11029440122737,
        120.50659961430054,
        456.18124497821134,
        1320.0528534351658,
        1040.3030029185209,
        760.8019974487219,
        653.3452279347338,
        4.4391862677623966
    ],
    "Total Pressures": [
        99.29823547694355,
        158.87717676310967,
        317.75435352621935,
        2451.425188337044,
        2255.3111732700827,
        862.4788696560317,
        277.3726401251604,
        277.3726401251604,
        158.87717676310967
    ],
    "Static Pressures": [
        84.124656235234,
        133.97926458691455,
        267.5225495383194,
        2074.8832318902305,
        1927.2335970092656,
        735.309638960648,
        236.1846680142632,
        150.23537130740328,
        84.0782529849129
    ],
    "Entropies": [
        6834.413225585567,
        6845.607178771453,
        6865.411001852656,
        6919.584832782046,
        7979.080078888609,
        8009.568829166512,
        8042.6831828701615,
        8042.6831828701615,
        6845.607178771453
    ],
    "Specifice Volumes": [
        0.9354134467594015,
        0.6780422909737039,
        0.4215886962698011,
        0.10085114421657976,
        0.2372419975443703,
        0.5126035093290244,
        1.256256845170708,
        1.7698606629405265,
        0.9458112098493411
    ],
    "Performance": {
        "Thrust": 99999.99999999999,
        "OPR": 24.193749999999998,
        "T4": 1376.171875,
        "Thermal Efficiency": 0.42341154638022616,
        "SFC": 0.05492484593843482,
        "TSFC": 7.880516407544028,
        "Air Mass Flow Rate": 188.16832184039043,
        "Fuel Mass Flow Rate": 0.7880516407544027,
        "Core EGT": 801.432598723615,
        "Bypass EGT": 59.94203332083487,
        "FAR": 0.02554688781610852,
        "Specific Thrust": 0.5314390808290396
    },
    "Pressure Ratios": {
        "Fan": 1.6,
        "LPC": 2.0,
        "HPC": 7.71484375,
        "HPT": 2.614917596960411,
        "LPT": 3.109459062966162
    },
    "Mechanical Parameters": {
        "LP Shaft Speed": 5490.0,
        "Fan Power": 8.502651894810368,
        "Fan Efficiency": 0.92,
        "LPC Power": 2.49437902029907,
        "LPC Efficiency": 0.9,
        "LPT Power": 11.221460117458609,
        "LPT Efficiency": 0.9099999999999999,
        "HP Shaft Speed": 15183.0,
        "HPC Power": 11.301027966564577,
        "HPC Efficiency": 0.89,
        "HPT Power": 11.68536679194387,
        "HPT Efficiency": 0.9000000000000001,
        "Burner Power": 6.016958702428113,
        "Burner Efficiency": 0.1775635820205089
    }
}