{
    "Stages": [
        "0. Fan Inlet",
        "1. LPC Inlet",
        "2. HPC Inlet",
        "3. Burner Inlet",
        "4. HPT Inlet",
        "5. LPT Inlet",
        "6. Core Nozz Inlet",
        "7. Core Nozz Outlet",
        "8. Byp Nozz Outlet"
    ],
    "Total Temperatures": [
        15.000057655676706,
        59.942033320834994,
        139.95697080771498,
        494.4700153233035,
        1425.390625,
        1136.620483841706,
        852.3271067035739,
        852.3271067035739,
        59.94203332083493
    ],
    "Static Temperatures": [
        1.2698087753191583,
        44.11029440122737,
        120.50659961430016,
        461.48578499770184,
        1368.272025226493,
        1086.80602152466,
        810.344362579215,
        699.1669138959679,
        4.4391862677623966
    ],
    "Total Pressures": [
        99.29823547694355,
        158.87717676310967,
        317.75435352621935,
        2513.4865855101334,
        2312.4076586693227,
        898.7759122950832,
        303.27386444516526,
        303.2738644451653,
        158.87717676310967
    ],
    "Static Pressures": [
        84.124656235234,
        133.97926458691475,
        267.52254953831897,
        2128.6506959532935,
        1975.003898527652,
        766.8522971847906,
        258.07005915620124,
        164.19934681112346,
        84.07825298491306
    ],
    "Entropies": [
        6834.413225585567,
        6845.607178771453,
        6865.411001852655,
        6920.117488996389,
        8016.313997551163,
        8046.219966171498,
        8077.692491520103,
        8077.692491520103,
        6845.607178771453
    ],
    "Specifice Volumes": [
        0.9354134467594015,
        0.6780422909737055,
        0.42158869626980144,
        0.09901217809663702,
        0.23852665124974928,
        0.5089238744579586,
        1.204723747187241,
        1.6990560664930139,
        0.9458112098493391
    ],
    "Performance": {
        "Thrust": 99999.99999999999,
        "OPR": 24.806249999999995,
        "T4": 1425.390625,
        "Thermal Efficiency": 0.4074857429771125,
        "SFC": 0.05707147882912457,
        "TSFC": 8.25511047652987,
        "Air Mass Flow Rate": 186.28765369801425,
        "Fuel Mass Flow Rate": 0.8255110476529869,
        "Core EGT": 852.3271067035739,
        "Bypass EGT": 59.94203332083493,
        "FAR": 0.027031407024140842,
        "Specific Thrust": 0.5368042273059449
    },
    "Pressure Ratios": {
        "Fan": 1.6,
        "LPC": 2.0,
        "HPC": 7.91015625,
        "HPT": 2.5728411576634693,
        "LPT": 2.9635785264232353
    },
    "Mechanical Parameters": {
        "LP Shaft Speed": 5490.0,
        "Fan Power": 8.417671243509002,
        "Fan Efficiency": 0.92,
        "LPC Power": 2.469448686050408,
        "LPC Efficiency": 0.9,
        "LPT Power": 11.109306050570822,
        "LPT Efficiency": 0.9099999999999998,
        "HP Shaft Speed": 15183.0,
        "HPC Power": 11.371044265286727,
        "HPC Efficiency": 0.89,
        "HPT Power": 11.756811994721577,
        "HPT Efficiency": 0.8999999999999999,
        "Burner Power": 6.313035276407145,
        "Burner Efficiency": 0.17784713395095458
    }
}