{
    "Stages": [
        "0. Fan Inlet",
        "1. LPC Inlet",
        "2. HPC Inlet",
        "3. Burner Inlet",
        "4. HPT Inlet",
        "5. LPT Inlet",
        "6. Core Nozz Inlet",
        "7. Core Nozz Outlet",
        "8. Byp Nozz Outlet"
    ],
    "Total Temperatures": [
        15.000057655676706,
        59.942033320834994,
        139.95697080771498,
        496.1163814467416,
        1372.65625,
        1078.9227678214959,
        790.7021799272446,
        790.7021799272446,
        59.94203332083493
    ],
    "Static Temperatures": [
        1.2698087753191583,
        44.11029440122737,
        120.50659961430016,
        463.07718474417237,
        1316.5819697130164,
        1030.506117201667,
        750.3446487169981,
        643.6633839944163,
        4.4391862677623966
    ],
    "Total Pressures": [
        99.29823547694355,
        158.87717676310967,
        317.75435352621935,
        2532.1050046620603,
        2329.5366042890932,
        867.8391679856796,
        276.3119058181257,
        276.31190581812587,
        158.87717676310967
    ],
    "Static Pressures": [
        84.124656235234,
        133.97926458691475,
        267.52254953831897,
        2144.7813496717135,
        1988.1363031527871,
        740.131444840441,
        235.1867668803734,
        149.4958132832044,
        84.07825298491291
    ],
    "Entropies": [
        6834.413225585567,
        6845.607178771453,
        6865.411001852655,
        6920.277285860263,
        7966.004919478505,
        7997.39899601996,
        8030.917971003464,
        8030.917971003464,
        6845.607178771453
    ],
    "Specifice Volumes": [
        0.9354134467594015,
        0.6780422909737055,
        0.42158869626980144,
        0.09848043404506629,
        0.22947525647207934,
        0.5055266951780955,
        1.248899568791812,
        1.7597481199630558,
        0.9458112098493411
    ],
    "Performance": {
        "Thrust": 99999.99999999999,
        "OPR": 24.99,
        "T4": 1372.65625,
        "Thermal Efficiency": 0.426886484454054,
        "SFC": 0.0544777471304351,
        "TSFC": 7.799650498838453,
        "Air Mass Flow Rate": 188.49483417998186,
        "Fuel Mass Flow Rate": 0.7799650498838452,
        "Core EGT": 790.7021799272446,
        "Bypass EGT": 59.94203332083493,
        "FAR": 0.025240940023579347,
        "Specific Thrust": 0.5305185175765416
    },
    "Pressure Ratios": {
        "Fan": 1.6,
        "LPC": 2.0,
        "HPC": 7.96875,
        "HPT": 2.6842953051959197,
        "LPT": 3.140795418916583
    },
    "Mechanical Parameters": {
        "LP Shaft Speed": 5490.0,
        "Fan Power": 8.517405816914554,
        "Fan Efficiency": 0.92,
        "LPC Power": 2.4987073021361876,
        "LPC Efficiency": 0.9,
        "LPT Power": 11.240931754133412,
        "LPT Efficiency": 0.9100000000000003,
        "HP Shaft Speed": 15183.0,
        "HPC Power": 11.561311136039379,
        "HPC Efficiency": 0.89,
        "HPT Power": 11.950961862836525,
        "HPT Efficiency": 0.9000000000000006,
        "Burner Power": 6.001662702483156,
        "Burner Efficiency": 0.178948468577309
    }
}