{
    "Stages": [
        "0. Fan Inlet",
        "1. LPC Inlet",
        "2. HPC Inlet",
        "3. Burner Inlet",
        "4. HPT Inlet",
        "5. LPT Inlet",
        "6. Core Nozz Inlet",
        "7. Core Nozz Outlet",
        "8. Byp Nozz Outlet"
    ],
    "Total Temperatures": [
        15.000057655676706,
        59.942033320834994,
        139.95697080771498,
        505.9788310390005,
        1440.6249999999998,
        1142.7987351035347,
        858.9406627306183,
        858.9406627306183,
        59.94203332083493
    ],
    "Static Temperatures": [
        1.2698087753191583,
        44.11029440122737,
        120.50659961430016,
        472.6107313222528,
        1383.1356442293422,
        1092.8560503173014,
        816.7887312830994,
        705.1267572444747,
        4.4391862677623966
    ],
    "Total Pressures": [
        99.29823547694355,
        158.87717676310967,
        317.75435352621935,
        2643.8155195736217,
        2432.310278007732,
        919.2205338957792,
        312.28247759467797,
        312.28247759467797,
        158.87717676310967
    ],
    "Static Pressures": [
        84.124656235234,
        133.97926458691475,
        267.52254953831886,
        2241.4150398168767,
        2077.9259251711114,
        784.7232492182545,
        265.8681467432861,
        169.1937321261226,
        84.07825298491304
    ],
    "Entropies": [
        6834.413225585567,
        6845.607178771453,
        6865.411001852655,
        6921.23453909699,
        8014.937015939938,
        8045.700001929255,
        8077.107574668764,
        8077.107574668764,
        6845.607178771453
    ],
    "Specifice Volumes": [
        0.9354134467594015,
        0.6780422909737055,
        0.42158869626980155,
        0.0954739092589057,
        0.2287547475354592,
        0.49957705868145974,
        1.1764458082312594,
        1.6589978926887836,
        0.9458112098493393
    ],
    "Performance": {
        "Thrust": 99999.99999999999,
        "OPR": 26.092499999999994,
        "T4": 1440.6249999999998,
        "Thermal Efficiency": 0.4054327878435929,
        "SFC": 0.05736046676733002,
        "TSFC": 8.301086930856151,
        "Air Mass Flow Rate": 185.946587939531,
        "Fuel Mass Flow Rate": 0.830108693085615,
        "Core EGT": 858.9406627306183,
        "Bypass EGT": 59.94203332083493,
        "FAR": 0.027231814705139582,
        "Specific Thrust": 0.5377888409144648
    },
    "Pressure Ratios": {
        "Fan": 1.6,
        "LPC": 2.0,
        "HPC": 8.3203125,
        "HPT": 2.646057380484394,
        "LPT": 2.9435546335355602
    },
    "Mechanical Parameters": {
        "LP Shaft Speed": 5490.0,
        "Fan Power": 8.40225970457801,
        "Fan Efficiency": 0.92,
        "LPC Power": 2.46492748256524,
        "LPC Efficiency": 0.9,
        "LPT Power": 11.088966517493109,
        "LPT Efficiency": 0.9099999999999999,
        "HP Shaft Speed": 15183.0,
        "HPC Power": 11.733225968891452,
        "HPC Efficiency": 0.89,
        "HPT Power": 12.126385161665178,
        "HPT Efficiency": 0.9000000000000001,
        "Burner Power": 6.4170886000269505,
        "Burner Efficiency": 0.17977720248965792
    }
}