{
    "Stages": [
        "0. Fan Inlet",
        "1. LPC Inlet",
        "2. HPC Inlet",
        "3. Burner Inlet",
        "4. HPT Inlet",
        "5. LPT Inlet",
        "6. Core Nozz Inlet",
        "7. Core Nozz Outlet",
        "8. Byp Nozz Outlet"
    ],
    "Total Temperatures": [
        15.000057655676706,
        59.94203332083493,
        139.95697080771544,
        510.712351143191,
        1448.8281249999998,
        1147.4457472688164,
        863.8929000410036,
        863.8929000410036,
        59.94203332083487
    ],
    "Static Temperatures": [
        1.2698087753191583,
        44.11029440122737,
        120.50659961430054,
        477.18662040466074,
        1391.1720025247005,
        1097.4065907192132,
        821.6345541977419,
        709.6085046725542,
        4.4391862677623966
    ],
    "Total Pressures": [
        99.29823547694355,
        158.87717676310967,
        317.75435352621935,
        2705.8769167467117,
        2489.406763406975,
        931.8787212296643,
        318.0922790611943,
        318.0922790611943,
        158.87717676310967
    ],
    "Static Pressures": [
        84.124656235234,
        133.97926458691455,
        267.5225495383194,
        2289.154183424484,
        2127.5457721988178,
        795.8198536362736,
        271.01102473091066,
        172.48703318755054,
        84.07825298491304
    ],
    "Entropies": [
        6834.413225585567,
        6845.607178771453,
        6865.411001852656,
        6921.69397718425,
        8015.132263120544,
        8046.199017648142,
        8077.439058144572,
        8077.439058144572,
        6845.607178771453
    ],
    "Specifice Volumes": [
        0.9354134467594015,
        0.6780422909737039,
        0.4215886962698011,
        0.09407666104666051,
        0.2245006815564441,
        0.49428805408137205,
        1.1593822259160713,
        1.6348498771993947,
        0.9458112098493393
    ],
    "Performance": {
        "Thrust": 99999.99999999999,
        "OPR": 26.705,
        "T4": 1448.8281249999998,
        "Thermal Efficiency": 0.4039376948569429,
        "SFC": 0.057572774835298705,
        "TSFC": 8.335807454917909,
        "Air Mass Flow Rate": 185.71020296417274,
        "Fuel Mass Flow Rate": 0.8335807454917908,
        "Core EGT": 863.8929000410036,
        "Bypass EGT": 59.94203332083487,
        "FAR": 0.02738052334410993,
        "Specific Thrust": 0.5384733762812807
    },
    "Pressure Ratios": {
        "Fan": 1.6,
        "LPC": 2.0,
        "HPC": 8.515625,
        "HPT": 2.671384920263088,
        "LPT": 2.929586106207848
    },
    "Mechanical Parameters": {
        "LP Shaft Speed": 5490.0,
        "Fan Power": 8.391578314963757,
        "Fan Efficiency": 0.92,
        "LPC Power": 2.461793938526169,
        "LPC Efficiency": 0.9,
        "LPT Power": 11.074869646418293,
        "LPT Efficiency": 0.9100000000000003,
        "HP Shaft Speed": 15183.0,
        "HPC Power": 11.875636248304046,
        "HPC Efficiency": 0.89,
        "HPT Power": 12.271701773310685,
        "HPT Efficiency": 0.9,
        "Burner Power": 6.471768585695877,
        "Burner Efficiency": 0.18055388994161461
    }
}