{
    "Stages": [
        "0. Fan Inlet",
        "1. LPC Inlet",
        "2. HPC Inlet",
        "3. Burner Inlet",
        "4. HPT Inlet",
        "5. LPT Inlet",
        "6. Core Nozz Inlet",
        "7. Core Nozz Outlet",
        "8. Byp Nozz Outlet"
    ],
    "Total Temperatures": [
        15.000057655676706,
        59.94203332083493,
        139.95697080771544,
        473.30397315798217,
        1414.8437499999998,
        1143.7990246223214,
        859.9940765491243,
        859.9940765491243,
        59.94203332083487
    ],
    "Static Temperatures": [
        1.2698087753191583,
        44.11029440122737,
        120.50659961430054,
        441.04255181469443,
        1357.9884891030183,
        1093.834161886459,
        817.8180115889799,
        706.0751598929882,
        4.4391862677623966
    ],
    "Total Pressures": [
        99.29823547694355,
        158.87717676310967,
        317.75435352621935,
        2271.4471365350837,
        2089.731365612279,
        859.3479462129319,
        291.2914841319525,
        291.2914841319525,
        158.87717676310967
    ],
    "Static Pressures": [
        84.124656235234,
        133.97926458691455,
        267.52254953831886,
        1925.2433999118693,
        1785.174869029767,
        733.1182004923186,
        247.8224551029337,
        157.80668173628302,
        84.07825298491304
    ],
    "Entropies": [
        6834.413225585567,
        6845.607178771453,
        6865.411001852656,
        6918.187419400665,
        8038.432140074736,
        8066.33878546153,
        8097.711277442894,
        8097.711277442894,
        6845.607178771453
    ],
    "Specifice Volumes": [
        0.9354134467594015,
        0.678042290973704,
        0.42158869626980217,
        0.10645843752384816,
        0.26222085373712417,
        0.5351332379455862,
        1.2633289900381106,
        1.7804431657829245,
        0.9458112098493391
    ],
    "Performance": {
        "Thrust": 99999.99999999999,
        "OPR": 22.4175,
        "T4": 1414.8437499999998,
        "Thermal Efficiency": 0.40537680926299563,
        "SFC": 0.057368387687912206,
        "TSFC": 8.321758601083804,
        "Air Mass Flow Rate": 186.31541633644815,
        "Fuel Mass Flow Rate": 0.8321758601083803,
        "Core EGT": 859.9940765491243,
        "Bypass EGT": 59.94203332083487,
        "FAR": 0.02724558625623546,
        "Specific Thrust": 0.5367242387469435
    },
    "Pressure Ratios": {
        "Fan": 1.6,
        "LPC": 2.0,
        "HPC": 7.1484375,
        "HPT": 2.4317639610608657,
        "LPT": 2.9501306870462947
    },
    "Mechanical Parameters": {
        "LP Shaft Speed": 5490.0,
        "Fan Power": 8.418925737612863,
        "Fan Efficiency": 0.92,
        "LPC Power": 2.4698167104988547,
        "LPC Efficiency": 0.9,
        "LPT Power": 11.110961681746653,
        "LPT Efficiency": 0.9100000000000003,
        "HP Shaft Speed": 15183.0,
        "HPC Power": 10.668485451740844,
        "HPC Efficiency": 0.89,
        "HPT Power": 11.039915246205368,
        "HPT Efficiency": 0.9,
        "Burner Power": 6.227305949982991,
        "Burner Efficiency": 0.17402700023693854
    }
}