{
    "Stages": [
        "0. Fan Inlet",
        "1. LPC Inlet",
        "2. HPC Inlet",
        "3. Burner Inlet",
        "4. HPT Inlet",
        "5. LPT Inlet",
        "6. Core Nozz Inlet",
        "7. Core Nozz Outlet",
        "8. Byp Nozz Outlet"
    ],
    "Total Temperatures": [
        15.000057655676706,
        59.942033320834994,
        139.95697080771498,
        505.9788310390005,
        1304.6874999999998,
        997.5389879426073,
        703.4665484228921,
        703.4665484228921,
        59.94203332083493
    ],
    "Static Temperatures": [
        1.2698087753191583,
        44.11029440122737,
        120.50659961430016,
        472.6107313222528,
        1250.0326096189042,
        951.0954736310426,
        665.4700147928507,
        565.3597948314352,
        4.4391862677623966
    ],
    "Total Pressures": [
        99.29823547694355,
        158.87717676310967,
        317.75435352621935,
        2643.8155195736217,
        2432.310278007732,
        829.7773975587947,
        241.15574608080232,
        241.15574608080226,
        158.87717676310967
    ],
    "Static Pressures": [
        84.124656235234,
        133.97926458691475,
        267.52254953831897,
        2241.4150398168767,
        2075.5997494636845,
        706.4054368112128,
        205.12001046516923,
        130.15980603203298,
        84.078252984913
    ],
    "Entropies": [
        6834.413225585567,
        6845.607178771453,
        6865.411001852655,
        6921.23453909699,
        7889.522834080115,
        7923.990660152277,
        7960.565223916566,
        7960.565223916566,
        6845.607178771453
    ],
    "Specifice Volumes": [
        0.9354134467594015,
        0.6780422909737055,
        0.42158869626980144,
        0.0954739092589057,
        0.21060191634043196,
        0.49734230034536325,
        1.312956371647297,
        1.8482400115924484,
        0.9458112098493399
    ],
    "Performance": {
        "Thrust": 99999.99999999999,
        "OPR": 26.092499999999994,
        "T4": 1304.6874999999998,
        "Thermal Efficiency": 0.4583154950283903,
        "SFC": 0.05074193258957521,
        "TSFC": 7.161406149531205,
        "Air Mass Flow Rate": 191.8467565706958,
        "Fuel Mass Flow Rate": 0.7161406149531203,
        "Core EGT": 703.4665484228921,
        "Bypass EGT": 59.94203332083493,
        "FAR": 0.02277055827943722,
        "Specific Thrust": 0.5212493647926222
    },
    "Pressure Ratios": {
        "Fan": 1.6,
        "LPC": 2.0,
        "HPC": 8.3203125,
        "HPT": 2.9312804677056636,
        "LPT": 3.440836102991993
    },
    "Mechanical Parameters": {
        "LP Shaft Speed": 5490.0,
        "Fan Power": 8.66886717336347,
        "Fan Efficiency": 0.92,
        "LPC Power": 2.543140737091087,
        "LPC Efficiency": 0.9,
        "LPT Power": 11.440824398423015,
        "LPT Efficiency": 0.9100000000000001,
        "HP Shaft Speed": 15183.0,
        "HPC Power": 12.105526491160425,
        "HPC Efficiency": 0.89,
        "HPT Power": 12.506283653776375,
        "HPT Efficiency": 0.9000000000000002,
        "Burner Power": 5.607025937330995,
        "Burner Efficiency": 0.1820814925285159
    }
}