{
    "Stages": [
        "0. Fan Inlet",
        "1. LPC Inlet",
        "2. HPC Inlet",
        "3. Burner Inlet",
        "4. HPT Inlet",
        "5. LPT Inlet",
        "6. Core Nozz Inlet",
        "7. Core Nozz Outlet",
        "8. Byp Nozz Outlet"
    ],
    "Total Temperatures": [
        15.000057655676706,
        59.942033320834994,
        139.95697080771498,
        508.8189432336985,
        1302.34375,
        992.4729402654718,
        698.0278399993263,
        698.0278399993263,
        59.94203332083493
    ],
    "Static Temperatures": [
        1.2698087753191583,
        44.11029440122737,
        120.50659961430016,
        475.3562476365862,
        1247.7327551290205,
        946.1502666718671,
        660.1851599828453,
        560.4890595118221,
        4.4391862677623966
    ],
    "Total Pressures": [
        99.29823547694355,
        158.87717676310967,
        317.75435352621935,
        2681.0523578774755,
        2466.568169247275,
        831.6471757982902,
        240.20218389051013,
        240.20218389051,
        158.87717676310967
    ],
    "Static Pressures": [
        84.124656235234,
        133.97926458691475,
        267.52254953831897,
        2269.244169003599,
        2105.1420192460973,
        707.897947806524,
        204.3028003501179,
        129.6103144925925,
        84.07825298491282
    ],
    "Entropies": [
        6834.413225585567,
        6845.607178771453,
        6865.411001852655,
        6921.510201949659,
        7883.002184957289,
        7917.913004064702,
        7954.732890070878,
        7954.732890070878,
        6845.607178771453
    ],
    "Specifice Volumes": [
        0.9354134467594015,
        0.6780422909737055,
        0.42158869626980144,
        0.09466155412617823,
        0.20733435015521218,
        0.4942708039391455,
        1.3108720370562832,
        1.845354581815384,
        0.9458112098493421
    ],
    "Performance": {
        "Thrust": 99999.99999999999,
        "OPR": 26.459999999999997,
        "T4": 1302.34375,
        "Thermal Efficiency": 0.4604317749889605,
        "SFC": 0.050508707732097695,
        "TSFC": 7.120939818862009,
        "Air Mass Flow Rate": 192.0319878792095,
        "Fuel Mass Flow Rate": 0.7120939818862008,
        "Core EGT": 698.0278399993263,
        "Bypass EGT": 59.94203332083493,
        "FAR": 0.022620050635720715,
        "Specific Thrust": 0.5207465751117528
    },
    "Pressure Ratios": {
        "Fan": 1.6,
        "LPC": 2.0,
        "HPC": 8.4375,
        "HPT": 2.965882938133758,
        "LPT": 3.46227982746974
    },
    "Mechanical Parameters": {
        "LP Shaft Speed": 5490.0,
        "Fan Power": 8.677237112155016,
        "Fan Efficiency": 0.92,
        "LPC Power": 2.5455961827545237,
        "LPC Efficiency": 0.9,
        "LPT Power": 11.451870709091368,
        "LPT Efficiency": 0.91,
        "HP Shaft Speed": 15183.0,
        "HPC Power": 12.214823619073252,
        "HPC Efficiency": 0.89,
        "HPT Power": 12.617811335320072,
        "HPT Efficiency": 0.9000000000000002,
        "Burner Power": 5.592689939865821,
        "Burner Efficiency": 0.18264802125774854
    }
}