{
    "Stages": [
        "0. Fan Inlet",
        "1. LPC Inlet",
        "2. HPC Inlet",
        "3. Burner Inlet",
        "4. HPT Inlet",
        "5. LPT Inlet",
        "6. Core Nozz Inlet",
        "7. Core Nozz Outlet",
        "8. Byp Nozz Outlet"
    ],
    "Total Temperatures": [
        15.000057655676706,
        59.94203332083493,
        139.95697080771544,
        518.7223232895647,
        1359.765625,
        1045.0507720370165,
        754.4628058132405,
        754.4628058132405,
        59.94203332083487
    ],
    "Static Temperatures": [
        1.2698087753191583,
        44.11029440122737,
        120.50659961430054,
        484.9250469164313,
        1303.9274623095935,
        997.4561820720013,
        715.0668876471582,
        611.0930664788394,
        4.4391862677623966
    ],
    "Total Pressures": [
        99.29823547694355,
        158.87717676310967,
        317.75435352621935,
        2811.3812919409643,
        2586.470788585689,
        886.0866723413991,
        272.1977259108925,
        272.19772591089225,
        158.87717676310967
    ],
    "Static Pressures": [
        84.124656235234,
        133.97926458691455,
        267.5225495383194,
        2380.0561683121036,
        2210.4297399932343,
        755.6267882903059,
        231.50842848089005,
        147.0376812015795,
        84.07825298491287
    ],
    "Entropies": [
        6834.413225585567,
        6845.607178771453,
        6865.411001852656,
        6922.169518451246,
        7921.7101077226025,
        7956.084059453381,
        7990.84938294271,
        7990.849382942711,
        6845.607178771453
    ],
    "Specifice Volumes": [
        0.9354134467594015,
        0.678042290973704,
        0.4215886962698011,
        0.09140398248959361,
        0.20477694745693756,
        0.4825970910836018,
        1.2249769060230618,
        1.725666150193302,
        0.9458112098493416
    ],
    "Performance": {
        "Thrust": 99999.99999999999,
        "OPR": 27.746249999999996,
        "T4": 1359.765625,
        "Thermal Efficiency": 0.43915412239684887,
        "SFC": 0.05295592769700309,
        "TSFC": 7.526421142479077,
        "Air Mass Flow Rate": 189.597895165669,
        "Fuel Mass Flow Rate": 0.7526421142479075,
        "Core EGT": 754.4628058132405,
        "Bypass EGT": 59.94203332083487,
        "FAR": 0.02421502038775566,
        "Specific Thrust": 0.5274320155960637
    },
    "Pressure Ratios": {
        "Fan": 1.6,
        "LPC": 2.0,
        "HPC": 8.84765625,
        "HPT": 2.918981708359509,
        "LPT": 3.2553051991017417
    },
    "Mechanical Parameters": {
        "LP Shaft Speed": 5490.0,
        "Fan Power": 8.567249188467802,
        "Fan Efficiency": 0.92,
        "LPC Power": 2.5133295943153424,
        "LPC Efficiency": 0.9,
        "LPT Power": 11.306713043656272,
        "LPT Efficiency": 0.9100000000000001,
        "HP Shaft Speed": 15183.0,
        "HPC Power": 12.39729647068438,
        "HPC Efficiency": 0.89,
        "HPT Power": 12.804008122678361,
        "HPT Efficiency": 0.8999999999999999,
        "Burner Power": 5.933506829543504,
        "Burner Efficiency": 0.1833388383501555
    }
}