{
    "Stages": [
        "0. Fan Inlet",
        "1. LPC Inlet",
        "2. HPC Inlet",
        "3. Burner Inlet",
        "4. HPT Inlet",
        "5. LPT Inlet",
        "6. Core Nozz Inlet",
        "7. Core Nozz Outlet",
        "8. Byp Nozz Outlet"
    ],
    "Total Temperatures": [
        15.000057655676706,
        59.942033320834994,
        139.95697080771498,
        516.842818069261,
        1348.0468749999998,
        1034.1947825877512,
        742.7968595873494,
        742.7968595873494,
        59.94203332083493
    ],
    "Static Temperatures": [
        1.2698087753191583,
        44.11029440122737,
        120.50659961430016,
        483.1079733883114,
        1292.4435024292077,
        986.8484916697428,
        703.7236086757139,
        600.6269431345231,
        4.4391862677623966
    ],
    "Total Pressures": [
        99.29823547694355,
        158.87717676310967,
        317.75435352621935,
        2786.556733071728,
        2563.63219442599,
        875.3853523003927,
        265.59615372738597,
        265.59615372738574,
        158.87717676310967
    ],
    "Static Pressures": [
        84.124656235234,
        133.97926458691475,
        267.52254953831897,
        2358.588657524791,
        2190.0119154309436,
        746.0763834942297,
        225.8243219883238,
        143.34983072791732,
        84.07825298491308
    ],
    "Entropies": [
        6834.413225585567,
        6845.607178771453,
        6865.411001852655,
        6922.100498847442,
        7913.718546076295,
        7948.199631366072,
        7983.2609556535035,
        7983.2609556535035,
        6845.607178771453
    ],
    "Specifice Volumes": [
        0.9354134467594015,
        0.6780422909737034,
        0.42158869626980144,
        0.09202191863904109,
        0.20516024228430907,
        0.4846585140027059,
        1.2411965345426768,
        1.7488109336163395,
        0.9458112098493389
    ],
    "Performance": {
        "Thrust": 99999.99999999999,
        "OPR": 27.501249999999995,
        "T4": 1348.0468749999998,
        "Thermal Efficiency": 0.4433675576613381,
        "SFC": 0.05245267397587104,
        "TSFC": 7.442317755536931,
        "Air Mass Flow Rate": 190.08742056157578,
        "Fuel Mass Flow Rate": 0.7442317755536929,
        "Core EGT": 742.7968595873494,
        "Bypass EGT": 59.94203332083493,
        "FAR": 0.023882768346614118,
        "Specific Thrust": 0.5260737386228385
    },
    "Pressure Ratios": {
        "Fan": 1.6,
        "LPC": 2.0,
        "HPC": 8.76953125,
        "HPT": 2.9285756126591744,
        "LPT": 3.295926315254205
    },
    "Mechanical Parameters": {
        "LP Shaft Speed": 5490.0,
        "Fan Power": 8.589369086197442,
        "Fan Efficiency": 0.92,
        "LPC Power": 2.5198187943332195,
        "LPC Efficiency": 0.9,
        "LPT Power": 11.335906000541488,
        "LPT Efficiency": 0.91,
        "HP Shaft Speed": 15183.0,
        "HPC Power": 12.364891472039929,
        "HPC Efficiency": 0.89,
        "HPT Power": 12.77094179753097,
        "HPT Efficiency": 0.9000000000000001,
        "Burner Power": 5.863039703813392,
        "Burner Efficiency": 0.1832087328606178
    }
}