{
    "Stages": [
        "0. Fan Inlet",
        "1. LPC Inlet",
        "2. HPC Inlet",
        "3. Burner Inlet",
        "4. HPT Inlet",
        "5. LPT Inlet",
        "6. Core Nozz Inlet",
        "7. Core Nozz Outlet",
        "8. Byp Nozz Outlet"
    ],
    "Total Temperatures": [
        15.000057655676706,
        59.942033320834994,
        139.95697080771498,
        485.1406029220144,
        1365.6249999999998,
        1081.1425649377825,
        793.0663423046582,
        793.0663423046582,
        59.94203332083493
    ],
    "Static Temperatures": [
        1.2698087753191583,
        44.11029440122737,
        120.50659961430016,
        452.4681821115206,
        1309.7507847982386,
        1032.6675167221101,
        752.6573254158552,
        645.7981019595779,
        4.4391862677623966
    ],
    "Total Pressures": [
        99.29823547694355,
        158.87717676310967,
        317.75435352621935,
        2407.982210315881,
        2215.343633490613,
        850.2263926969887,
        271.51019219428616,
        271.51019219428616,
        158.87717676310967
    ],
    "Static Pressures": [
        84.124656235234,
        133.97926458691475,
        267.52254953831897,
        2037.2472716876384,
        1892.9284772003714,
        724.8955540561353,
        231.1091601128071,
        146.88318300936479,
        84.07825298491308
    ],
    "Entropies": [
        6834.413225585567,
        6845.607178771453,
        6865.411001852655,
        6919.211973430701,
        7975.137294935329,
        8005.471096618133,
        8038.901120058415,
        8038.901120058414,
        6845.607178771453
    ],
    "Specifice Volumes": [
        0.9354134467594015,
        0.6780422909737055,
        0.42158869626980144,
        0.10220239984124953,
        0.23999113194807548,
        0.5169889484733008,
        1.273890156364813,
        1.795319471039724,
        0.9458112098493389
    ],
    "Performance": {
        "Thrust": 99999.99999999999,
        "OPR": 23.764999999999997,
        "T4": 1365.6249999999998,
        "Thermal Efficiency": 0.42619736460500574,
        "SFC": 0.05456583236980257,
        "TSFC": 7.820747590767132,
        "Air Mass Flow Rate": 188.53841119631238,
        "Fuel Mass Flow Rate": 0.7820747590767131,
        "Core EGT": 793.0663423046582,
        "Bypass EGT": 59.94203332083493,
        "FAR": 0.025303363914531914,
        "Specific Thrust": 0.5303958984563454
    },
    "Pressure Ratios": {
        "Fan": 1.6,
        "LPC": 2.0,
        "HPC": 7.578125,
        "HPT": 2.6055926427587814,
        "LPT": 3.1314713669702208
    },
    "Mechanical Parameters": {
        "LP Shaft Speed": 5490.0,
        "Fan Power": 8.519374906062236,
        "Fan Efficiency": 0.92,
        "LPC Power": 2.4992849636375447,
        "LPC Efficiency": 0.9,
        "LPT Power": 11.24353047928549,
        "LPT Efficiency": 0.9099999999999999,
        "HP Shaft Speed": 15183.0,
        "HPC Power": 11.193631457862045,
        "HPC Efficiency": 0.89,
        "HPT Power": 11.575778517757614,
        "HPT Efficiency": 0.9000000000000001,
        "Burner Power": 5.953253736154021,
        "Burner Efficiency": 0.17702624934392908
    }
}