{
    "Stages": [
        "0. Fan Inlet",
        "1. LPC Inlet",
        "2. HPC Inlet",
        "3. Burner Inlet",
        "4. HPT Inlet",
        "5. LPT Inlet",
        "6. Core Nozz Inlet",
        "7. Core Nozz Outlet",
        "8. Byp Nozz Outlet"
    ],
    "Total Temperatures": [
        15.000057655676706,
        59.942033320834994,
        139.95697080771498,
        530.4842398626809,
        1401.9531249999998,
        1079.749202074186,
        791.5975977207559,
        791.5975977207559,
        59.94203332083493
    ],
    "Static Temperatures": [
        1.2698087753191583,
        44.11029440122737,
        120.50659961430016,
        496.29676594866163,
        1345.179375970893,
        1031.312641243536,
        751.222178450548,
        644.4771568228089,
        4.4391862677623966
    ],
    "Total Pressures": [
        99.29823547694355,
        158.87717676310967,
        317.75435352621935,
        2960.3286451563795,
        2723.5023535438663,
        926.2012698507234,
        295.51633105663734,
        295.51633105663717,
        158.87717676310967
    ],
    "Static Pressures": [
        84.124656235234,
        133.97926458691475,
        267.52254953831897,
        2508.881562198666,
        2325.421676931839,
        790.4557250205866,
        251.27893967788543,
        159.59735088808515,
        84.07825298491294
    ],
    "Entropies": [
        6834.413225585567,
        6845.607178771453,
        6865.411001852655,
        6923.246967918694,
        7944.589159903604,
        7979.119387986329,
        8012.6040043696985,
        8012.6040043696985,
        6845.607178771453
    ],
    "Specifice Volumes": [
        0.9354134467594015,
        0.6780422909737055,
        0.42158869626980144,
        0.0879912538402304,
        0.19972805305352018,
        0.4736284289618758,
        1.1699484776315758,
        1.6498626766540587,
        0.9458112098493409
    ],
    "Performance": {
        "Thrust": 99999.99999999999,
        "OPR": 29.216249999999995,
        "T4": 1401.9531249999998,
        "Thermal Efficiency": 0.4262842808681757,
        "SFC": 0.05455470679361036,
        "TSFC": 7.796100546236489,
        "Air Mass Flow Rate": 188.08124685475528,
        "Fuel Mass Flow Rate": 0.7796100546236487,
        "Core EGT": 791.5975977207559,
        "Bypass EGT": 59.94203332083493,
        "FAR": 0.025284930915397213,
        "Specific Thrust": 0.5316851183851649
    },
    "Pressure Ratios": {
        "Fan": 1.6,
        "LPC": 2.0,
        "HPC": 9.31640625,
        "HPT": 2.9405081186973705,
        "LPT": 3.134179645974324
    },
    "Mechanical Parameters": {
        "LP Shaft Speed": 5490.0,
        "Fan Power": 8.498717288366748,
        "Fan Efficiency": 0.92,
        "LPC Power": 2.493224745152012,
        "LPC Efficiency": 0.9,
        "LPT Power": 11.21626738114159,
        "LPT Efficiency": 0.9099999999999999,
        "HP Shaft Speed": 15183.0,
        "HPC Power": 12.696973052591927,
        "HPC Efficiency": 0.89,
        "HPT Power": 13.109800553196273,
        "HPT Efficiency": 0.9,
        "Burner Power": 6.195506395043939,
        "Burner Efficiency": 0.18481232151417495
    }
}