{
    "Stages": [
        "0. Fan Inlet",
        "1. LPC Inlet",
        "2. HPC Inlet",
        "3. Burner Inlet",
        "4. HPT Inlet",
        "5. LPT Inlet",
        "6. Core Nozz Inlet",
        "7. Core Nozz Outlet",
        "8. Byp Nozz Outlet"
    ],
    "Total Temperatures": [
        15.000057655676706,
        59.942033320834994,
        139.95697080771498,
        496.6651701031613,
        1391.4062499999998,
        1098.475697778757,
        811.570676515873,
        811.570676515873,
        59.94203332083493
    ],
    "Static Temperatures": [
        1.2698087753191583,
        44.11029440122737,
        120.50659961430016,
        463.60765519740545,
        1334.974002113493,
        1049.5549099990653,
        770.6615441541093,
        662.4530531405445,
        4.4391862677623966
    ],
    "Total Pressures": [
        99.29823547694355,
        158.87717676310967,
        317.75435352621935,
        2538.311144379369,
        2335.24625282902,
        880.5520812792315,
        285.48718525561975,
        285.4871852556195,
        158.87717676310967
    ],
    "Static Pressures": [
        84.124656235234,
        133.97926458691475,
        267.52254953831897,
        2150.158276759932,
        1994.2026056638508,
        750.7688366134383,
        243.1522980735568,
        154.7055445850577,
        84.07825298491285
    ],
    "Entropies": [
        6834.413225585567,
        6845.607178771453,
        6865.411001852655,
        6920.330551481513,
        7982.485400391991,
        8013.464554499059,
        8046.196019737515,
        8046.196019737515,
        6845.607178771453
    ],
    "Specifice Volumes": [
        0.9354134467594015,
        0.6780422909737055,
        0.42158869626980144,
        0.09830516224003799,
        0.23144047964120168,
        0.5055781412980388,
        1.2317687541717288,
        1.7352445114496913,
        0.9458112098493415
    ],
    "Performance": {
        "Thrust": 99999.99999999999,
        "OPR": 25.051249999999996,
        "T4": 1391.4062499999998,
        "Thermal Efficiency": 0.4200721854627949,
        "SFC": 0.055361470619311216,
        "TSFC": 7.9531733644132325,
        "Air Mass Flow Rate": 187.72144189147966,
        "Fuel Mass Flow Rate": 0.7953173364413232,
        "Core EGT": 811.570676515873,
        "Bypass EGT": 59.94203332083493,
        "FAR": 0.025843801876914246,
        "Specific Thrust": 0.5327041971998554
    },
    "Pressure Ratios": {
        "Fan": 1.6,
        "LPC": 2.0,
        "HPC": 7.98828125,
        "HPT": 2.652025135681316,
        "LPT": 3.0843839119771554
    },
    "Mechanical Parameters": {
        "LP Shaft Speed": 5490.0,
        "Fan Power": 8.482458991949814,
        "Fan Efficiency": 0.92,
        "LPC Power": 2.488455132801664,
        "LPC Efficiency": 0.9,
        "LPT Power": 11.194810331379058,
        "LPT Efficiency": 0.9100000000000001,
        "HP Shaft Speed": 15183.0,
        "HPC Power": 11.532312583553471,
        "HPC Efficiency": 0.89,
        "HPT Power": 11.921371503157024,
        "HPT Efficiency": 0.9000000000000001,
        "Burner Power": 6.113127053977141,
        "Burner Efficiency": 0.1787534848384605
    }
}