{
    "Stages": [
        "0. Fan Inlet",
        "1. LPC Inlet",
        "2. HPC Inlet",
        "3. Burner Inlet",
        "4. HPT Inlet",
        "5. LPT Inlet",
        "6. Core Nozz Inlet",
        "7. Core Nozz Outlet",
        "8. Byp Nozz Outlet"
    ],
    "Total Temperatures": [
        15.000057655676706,
        59.942033320834994,
        139.95697080771498,
        484.04302450421,
        1353.9062499999998,
        1069.656953278329,
        780.7643311124917,
        780.7643311124917,
        59.94203332083493
    ],
    "Static Temperatures": [
        1.2698087753191583,
        44.11029440122737,
        120.50659961430016,
        451.40732442245417,
        1298.290481838911,
        1021.445173105472,
        740.667140632474,
        634.7263425668035,
        4.4391862677623966
    ],
    "Total Pressures": [
        99.29823547694355,
        158.87717676310967,
        317.75435352621935,
        2395.5699308812627,
        2203.924336410762,
        841.5311096808264,
        265.66377276855593,
        265.6637727685558,
        158.87717676310967
    ],
    "Static Pressures": [
        84.124656235234,
        133.97926458691475,
        267.52254953831897,
        2026.494331475221,
        1883.1114379425428,
        717.1341899595924,
        225.96025484948854,
        143.55844963809545,
        84.07825298491306
    ],
    "Entropies": [
        6834.413225585567,
        6845.607178771453,
        6865.411001852655,
        6919.105442187262,
        7965.921384085556,
        7996.442427377394,
        8030.1571437714,
        8030.1571437714,
        6845.607178771453
    ],
    "Specifice Volumes": [
        0.9354134467594015,
        0.6780422909737055,
        0.42158869626980144,
        0.10259862498206113,
        0.23949689184865025,
        0.5180656948440084,
        1.2873971052123367,
        1.8144599444017209,
        0.9458112098493391
    ],
    "Performance": {
        "Thrust": 99999.99999999999,
        "OPR": 23.6425,
        "T4": 1353.9062499999998,
        "Thermal Efficiency": 0.430326515440023,
        "SFC": 0.0540422519158703,
        "TSFC": 7.7311652634079975,
        "Air Mass Flow Rate": 189.0233553123925,
        "Fuel Mass Flow Rate": 0.7731165263407996,
        "Core EGT": 780.7643311124917,
        "Bypass EGT": 59.94203332083493,
        "FAR": 0.02494935508305249,
        "Specific Thrust": 0.5290351545962845
    },
    "Pressure Ratios": {
        "Fan": 1.6,
        "LPC": 2.0,
        "HPC": 7.5390625,
        "HPT": 2.618945765708722,
        "LPT": 3.167654742349688
    },
    "Mechanical Parameters": {
        "LP Shaft Speed": 5490.0,
        "Fan Power": 8.541287792180034,
        "Fan Efficiency": 0.92,
        "LPC Power": 2.5057134337293054,
        "LPC Efficiency": 0.9,
        "LPT Power": 11.272450230519732,
        "LPT Efficiency": 0.9099999999999999,
        "HP Shaft Speed": 15183.0,
        "HPC Power": 11.185292356385373,
        "HPC Efficiency": 0.89,
        "HPT Power": 11.567269230536523,
        "HPT Efficiency": 0.8999999999999998,
        "Burner Power": 5.885297649499275,
        "Burner Efficiency": 0.17703332231876862
    }
}