{
    "Stages": [
        "0. Fan Inlet",
        "1. LPC Inlet",
        "2. HPC Inlet",
        "3. Burner Inlet",
        "4. HPT Inlet",
        "5. LPT Inlet",
        "6. Core Nozz Inlet",
        "7. Core Nozz Outlet",
        "8. Byp Nozz Outlet"
    ],
    "Total Temperatures": [
        15.000057655676706,
        59.942033320834994,
        139.95697080771498,
        526.5496203318689,
        1324.609375,
        1000.2782879060354,
        706.4226595062698,
        706.4226595062698,
        59.94203332083493
    ],
    "Static Temperatures": [
        1.2698087753191583,
        44.11029440122737,
        120.50659961430016,
        492.49258003852407,
        1269.4961962789512,
        953.7761800609388,
        668.3434849687546,
        568.010407698828,
        4.4391862677623966
    ],
    "Total Pressures": [
        99.29823547694355,
        158.87717676310967,
        317.75435352621935,
        2910.6795274179076,
        2677.825165224472,
        868.0758387307784,
        252.7369425759149,
        252.73694257591484,
        158.87717676310967
    ],
    "Static Pressures": [
        84.124656235234,
        133.97926458691475,
        267.52254953831897,
        2465.9381814946078,
        2285.2903630155433,
        739.5825141662365,
        214.64620519225906,
        136.22387237082856,
        84.07825298491308
    ],
    "Entropies": [
        6834.413225585567,
        6845.607178771453,
        6865.411001852655,
        6922.868690600496,
        7877.972455641153,
        7914.365221800558,
        7950.805957492191,
        7950.805957492191,
        6845.607178771453
    ],
    "Specifice Volumes": [
        0.9354134467594015,
        0.6780422909737055,
        0.42158869626980144,
        0.08908344504796258,
        0.19374553230761907,
        0.4760881057113574,
        1.2585155717743552,
        1.7715657559091917,
        0.9458112098493389
    ],
    "Performance": {
        "Thrust": 99999.99999999999,
        "OPR": 28.726249999999997,
        "T4": 1324.609375,
        "Thermal Efficiency": 0.4569448854236166,
        "SFC": 0.05089413339626019,
        "TSFC": 7.176025547356858,
        "Air Mass Flow Rate": 191.45246035918174,
        "Fuel Mass Flow Rate": 0.7176025547356857,
        "Core EGT": 706.4226595062698,
        "Bypass EGT": 59.94203332083493,
        "FAR": 0.022864034108913196,
        "Specific Thrust": 0.5223228775038521
    },
    "Pressure Ratios": {
        "Fan": 1.6,
        "LPC": 2.0,
        "HPC": 9.16015625,
        "HPT": 3.0847825106384077,
        "LPT": 3.4347010369092885
    },
    "Mechanical Parameters": {
        "LP Shaft Speed": 5490.0,
        "Fan Power": 8.651050341087151,
        "Fan Efficiency": 0.92,
        "LPC Power": 2.537913905134652,
        "LPC Efficiency": 0.9,
        "LPT Power": 11.417310455328371,
        "LPT Efficiency": 0.9100000000000001,
        "HP Shaft Speed": 15183.0,
        "HPC Power": 12.78874230679795,
        "HPC Efficiency": 0.89,
        "HPT Power": 13.203442649324877,
        "HPT Efficiency": 0.9000000000000001,
        "Burner Power": 5.722033426589039,
        "Burner Efficiency": 0.18543766870145842
    }
}