{
    "Stages": [
        "0. Fan Inlet",
        "1. LPC Inlet",
        "2. HPC Inlet",
        "3. Burner Inlet",
        "4. HPT Inlet",
        "5. LPT Inlet",
        "6. Core Nozz Inlet",
        "7. Core Nozz Outlet",
        "8. Byp Nozz Outlet"
    ],
    "Total Temperatures": [
        15.000057655676706,
        59.94203332083493,
        139.95697080771544,
        494.47001532330427,
        1423.046875,
        1134.1279185329172,
        849.6565814984332,
        849.6565814984332,
        59.94203332083487
    ],
    "Static Temperatures": [
        1.2698087753191583,
        44.11029440122737,
        120.50659961430054,
        461.4857849977027,
        1365.9717914550995,
        1084.3654664806706,
        807.7464961027949,
        696.7651311891334,
        4.4391862677623966
    ],
    "Total Pressures": [
        99.29823547694355,
        158.87717676310967,
        317.75435352621935,
        2513.4865855101334,
        2312.4076586693227,
        897.463579990292,
        302.0304591929004,
        302.03045919290025,
        158.87717676310967
    ],
    "Static Pressures": [
        84.124656235234,
        133.97926458691455,
        267.5225495383194,
        2128.650695953298,
        1974.8699001289876,
        765.6252365577109,
        257.0085978058044,
        163.52236115173088,
        84.07825298491298
    ],
    "Entropies": [
        6834.413225585567,
        6845.607178771453,
        6865.411001852656,
        6920.1174889963895,
        8014.19418025893,
        8044.157523177726,
        8075.700854167456,
        8075.700854167456,
        6845.607178771453
    ],
    "Specifice Volumes": [
        0.9354134467594015,
        0.6780422909737039,
        0.4215886962698011,
        0.09901217809663687,
        0.2382036052038878,
        0.5088178732251577,
        1.206780962371063,
        1.7019163626138807,
        0.9458112098493401
    ],
    "Performance": {
        "Thrust": 99999.99999999999,
        "OPR": 24.806249999999995,
        "T4": 1423.046875,
        "Thermal Efficiency": 0.40828458845484156,
        "SFC": 0.05695981335347559,
        "TSFC": 8.235317689105154,
        "Air Mass Flow Rate": 186.38095522769245,
        "Fuel Mass Flow Rate": 0.8235317689105154,
        "Core EGT": 849.6565814984332,
        "Bypass EGT": 59.94203332083487,
        "FAR": 0.02695309606186494,
        "Specific Thrust": 0.5365355053462136
    },
    "Pressure Ratios": {
        "Fan": 1.6,
        "LPC": 2.0,
        "HPC": 7.91015625,
        "HPT": 2.5766033410451445,
        "LPT": 2.9714340149286107
    },
    "Mechanical Parameters": {
        "LP Shaft Speed": 5490.0,
        "Fan Power": 8.421887205156242,
        "Fan Efficiency": 0.92,
        "LPC Power": 2.4706855009187003,
        "LPC Efficiency": 0.9,
        "LPT Power": 11.114870108239735,
        "LPT Efficiency": 0.91,
        "HP Shaft Speed": 15183.0,
        "HPC Power": 11.376739413638921,
        "HPC Efficiency": 0.89,
        "HPT Power": 11.762623370591161,
        "HPT Efficiency": 0.9000000000000001,
        "Burner Power": 6.299045867172104,
        "Burner Efficiency": 0.17787952365849988
    }
}