{
    "Stages": [
        "0. Fan Inlet",
        "1. LPC Inlet",
        "2. HPC Inlet",
        "3. Burner Inlet",
        "4. HPT Inlet",
        "5. LPT Inlet",
        "6. Core Nozz Inlet",
        "7. Core Nozz Outlet",
        "8. Byp Nozz Outlet"
    ],
    "Total Temperatures": [
        15.000057655676706,
        59.94203332083493,
        139.95697080771524,
        488.43333755870333,
        1301.1718749999998,
        1009.5485778715235,
        716.3826101491072,
        716.3826101491072,
        59.94203332083493
    ],
    "Static Temperatures": [
        1.2698087753191583,
        44.11029440122737,
        120.50659961430041,
        455.6508016203849,
        1246.6510665542608,
        962.8296870196752,
        678.021431264315,
        576.9296873921523,
        4.4391862677624285
    ],
    "Total Pressures": [
        99.29823547694353,
        158.87717676310967,
        317.75435352621935,
        2445.219048619735,
        2249.601524730156,
        812.9587423182372,
        240.2144515321684,
        240.21445153216834,
        158.87717676310967
    ],
    "Static Pressures": [
        84.12465623523386,
        133.97926458691458,
        267.5225495383184,
        2069.5066023867043,
        1921.205877195604,
        693.1505700702876,
        204.29637352415105,
        129.69236419675426,
        84.07825298491308
    ],
    "Entropies": [
        6834.413225585567,
        6845.607178771453,
        6865.411001852656,
        6919.53156716049,
        7909.9210585364735,
        7942.361427333304,
        7978.402734156164,
        7978.402734156164,
        6845.607178771453
    ],
    "Specifice Volumes": [
        0.9354134467594029,
        0.6780422909737053,
        0.4215886962698028,
        0.10104086521992121,
        0.22702361027934412,
        0.511762022959948,
        1.3360070239282633,
        1.8808585371472744,
        0.9458112098493389
    ],
    "Performance": {
        "Thrust": 99999.99999999999,
        "OPR": 24.1325,
        "T4": 1301.1718749999998,
        "Thermal Efficiency": 0.45350277222053764,
        "SFC": 0.051280422916971956,
        "TSFC": 7.258966988266651,
        "Air Mass Flow Rate": 191.4993424605446,
        "Fuel Mass Flow Rate": 0.725896698826665,
        "Core EGT": 716.3826101491072,
        "Bypass EGT": 59.94203332083493,
        "FAR": 0.023122637425008224,
        "Specific Thrust": 0.5221950045108035
    },
    "Pressure Ratios": {
        "Fan": 1.6,
        "LPC": 2.0,
        "HPC": 7.6953125,
        "HPT": 2.767177973035442,
        "LPT": 3.384304054701591
    },
    "Mechanical Parameters": {
        "LP Shaft Speed": 5490.0,
        "Fan Power": 8.653168775178953,
        "Fan Efficiency": 0.92,
        "LPC Power": 2.538535379190036,
        "LPC Efficiency": 0.9,
        "LPT Power": 11.420106279968358,
        "LPT Efficiency": 0.9100000000000003,
        "HP Shaft Speed": 15183.0,
        "HPC Power": 11.482274230173864,
        "HPC Efficiency": 0.89,
        "HPT Power": 11.870311958892128,
        "HPT Efficiency": 0.9000000000000001,
        "Burner Power": 5.584777788879602,
        "Burner Efficiency": 0.1789215372375892
    }
}