{
    "Stages": [
        "0. Fan Inlet",
        "1. LPC Inlet",
        "2. HPC Inlet",
        "3. Burner Inlet",
        "4. HPT Inlet",
        "5. LPT Inlet",
        "6. Core Nozz Inlet",
        "7. Core Nozz Outlet",
        "8. Byp Nozz Outlet"
    ],
    "Total Temperatures": [
        15.000057655676706,
        59.94203332083493,
        139.95697080771544,
        502.7018436277759,
        1403.1249999999998,
        1105.6416385611217,
        819.2573880681915,
        819.2573880681915,
        59.94203332083487
    ],
    "Static Temperatures": [
        1.2698087753191583,
        44.11029440122737,
        120.50659961430054,
        469.4429579370796,
        1346.412043260335,
        1056.569881855136,
        778.1377014943408,
        669.3608309301271,
        4.4391862677623966
    ],
    "Total Pressures": [
        99.29823547694355,
        158.87717676310967,
        317.75435352621935,
        2606.578681269768,
        2398.052386768187,
        893.1596368845795,
        291.99633423935126,
        291.9963342393514,
        158.87717676310967
    ],
    "Static Pressures": [
        84.124656235234,
        133.97926458691455,
        267.5225495383194,
        2209.3058778341474,
        2047.9991442664384,
        761.9387724944013,
        248.24682061978075,
        157.95532995847353,
        84.07825298491284
    ],
    "Entropies": [
        6834.413225585567,
        6845.607178771453,
        6865.411001852656,
        6920.916473313798,
        7985.290072331476,
        8016.635234949227,
        8049.140282398321,
        8049.140282398321,
        6845.607178771453
    ],
    "Specifice Volumes": [
        0.9354134467594015,
        0.6780422909737039,
        0.4215886962698011,
        0.09644008044532335,
        0.22695359497585224,
        0.5008362775934536,
        1.2151820988375717,
        1.7120268083978125,
        0.9458112098493419
    ],
    "Performance": {
        "Thrust": 99999.99999999999,
        "OPR": 25.724999999999998,
        "T4": 1403.1249999999998,
        "Thermal Efficiency": 0.4175858618955438,
        "SFC": 0.055691095114962605,
        "TSFC": 8.008490564240823,
        "Air Mass Flow Rate": 187.3927240292428,
        "Fuel Mass Flow Rate": 0.8008490564240823,
        "Core EGT": 819.2573880681915,
        "Bypass EGT": 59.94203332083487,
        "FAR": 0.026069204498166992,
        "Specific Thrust": 0.5336386485549721
    },
    "Pressure Ratios": {
        "Fan": 1.6,
        "LPC": 2.0,
        "HPC": 8.203125,
        "HPT": 2.684909043956361,
        "LPT": 3.058804279893632
    },
    "Mechanical Parameters": {
        "LP Shaft Speed": 5490.0,
        "Fan Power": 8.467605410183912,
        "Fan Efficiency": 0.92,
        "LPC Power": 2.4840976143249147,
        "LPC Efficiency": 0.9,
        "LPT Power": 11.175207167866152,
        "LPT Efficiency": 0.9099999999999999,
        "HP Shaft Speed": 15183.0,
        "HPC Power": 11.714574498281403,
        "HPC Efficiency": 0.89,
        "HPT Power": 12.107353048797773,
        "HPT Efficiency": 0.9,
        "Burner Power": 6.187913562226353,
        "Burner Efficiency": 0.17969049898861336
    }
}