{
    "Stages": [
        "0. Fan Inlet",
        "1. LPC Inlet",
        "2. HPC Inlet",
        "3. Burner Inlet",
        "4. HPT Inlet",
        "5. LPT Inlet",
        "6. Core Nozz Inlet",
        "7. Core Nozz Outlet",
        "8. Byp Nozz Outlet"
    ],
    "Total Temperatures": [
        15.000057655676706,
        59.942033320834994,
        139.95697080771498,
        465.35933128613374,
        1308.203125,
        1037.568998586918,
        746.4023017331789,
        746.4023017331789,
        59.94203332083493
    ],
    "Static Temperatures": [
        1.2698087753191583,
        44.11029440122737,
        120.50659961430016,
        433.36534096391125,
        1253.6010505059937,
        990.14745360523,
        707.2264503372141,
        603.8536928284241,
        4.4391862677623966
    ],
    "Total Pressures": [
        99.29823547694355,
        158.87717676310967,
        317.75435352621935,
        2190.767320210067,
        2015.5059345932634,
        791.4908851024397,
        241.182926719143,
        241.18292671914296,
        158.87717676310967
    ],
    "Static Pressures": [
        84.124656235234,
        133.97926458691475,
        267.52254953831897,
        1855.2124169880824,
        1719.5134574012525,
        675.0869891614954,
        205.2094606585178,
        130.34608349036247,
        84.07825298491298
    ],
    "Entropies": [
        6834.413225585567,
        6845.607178771453,
        6865.411001852655,
        6917.410234982334,
        7950.639082511423,
        7980.194846093768,
        8015.10408757762,
        8015.10408757762,
        6845.607178771453
    ],
    "Specifice Volumes": [
        0.9354134467594015,
        0.6780422909737055,
        0.42158869626980144,
        0.10925757904430465,
        0.254808879049212,
        0.5370507659820881,
        1.3708104392765033,
        1.9304232890940483,
        0.9458112098493401
    ],
    "Performance": {
        "Thrust": 99999.99999999999,
        "OPR": 21.621249999999996,
        "T4": 1308.203125,
        "Thermal Efficiency": 0.44255626377162766,
        "SFC": 0.0525488301878133,
        "TSFC": 7.486735387065473,
        "Air Mass Flow Rate": 190.62153567313797,
        "Fuel Mass Flow Rate": 0.7486735387065472,
        "Core EGT": 746.4023017331789,
        "Bypass EGT": 59.94203332083493,
        "FAR": 0.02395798863954645,
        "Specific Thrust": 0.5245996977564577
    },
    "Pressure Ratios": {
        "Fan": 1.6,
        "LPC": 2.0,
        "HPC": 6.89453125,
        "HPT": 2.5464676505180526,
        "LPT": 3.2817036258297385
    },
    "Mechanical Parameters": {
        "LP Shaft Speed": 5490.0,
        "Fan Power": 8.613503833326789,
        "Fan Efficiency": 0.92,
        "LPC Power": 2.52689908030099,
        "LPC Efficiency": 0.9,
        "LPT Power": 11.367758075130386,
        "LPT Efficiency": 0.9100000000000001,
        "HP Shaft Speed": 15183.0,
        "HPC Power": 10.646061697646854,
        "HPC Efficiency": 0.89,
        "HPT Power": 11.017033864476804,
        "HPT Efficiency": 0.9000000000000001,
        "Burner Power": 5.61623862349488,
        "Burner Efficiency": 0.17445547864833377
    }
}