{
    "Stages": [
        "0. Fan Inlet",
        "1. LPC Inlet",
        "2. HPC Inlet",
        "3. Burner Inlet",
        "4. HPT Inlet",
        "5. LPT Inlet",
        "6. Core Nozz Inlet",
        "7. Core Nozz Outlet",
        "8. Byp Nozz Outlet"
    ],
    "Total Temperatures": [
        15.000057655676706,
        59.94203332083493,
        139.95697080771524,
        478.68124256317117,
        1359.7656249999998,
        1080.6154888705703,
        792.5014077462041,
        792.5014077462041,
        59.94203332083493
    ],
    "Static Temperatures": [
        1.2698087753191583,
        44.11029440122737,
        120.50659961430041,
        446.23009159399174,
        1304.0513135848594,
        1032.1538786995914,
        752.1043067372494,
        645.2867319738547,
        4.4391862677624285
    ],
    "Total Pressures": [
        99.29823547694353,
        158.87717676310967,
        317.75435352621935,
        2333.508533708173,
        2146.827851011522,
        836.6033135329113,
        267.19350836460006,
        267.19350836459995,
        158.87717676310967
    ],
    "Static Pressures": [
        84.12465623523386,
        133.97926458691458,
        267.5225495383185,
        1973.073383778413,
        1834.1670119159362,
        713.155326871429,
        227.37044119567412,
        144.4829305299528,
        84.07825298491287
    ],
    "Entropies": [
        6834.413225585567,
        6845.607178771453,
        6865.411001852656,
        6918.713451166558,
        7979.638573204642,
        8009.394807320905,
        8042.846246254355,
        8042.846246254355,
        6845.607178771453
    ],
    "Specifice Volumes": [
        0.9354134467594029,
        0.6780422909737053,
        0.4215886962698025,
        0.10465035989196825,
        0.24680328793957243,
        0.5252974012830675,
        1.2941175330044368,
        1.8241027653134343,
        0.9458112098493415
    ],
    "Performance": {
        "Thrust": 99999.99999999999,
        "OPR": 23.03,
        "T4": 1359.7656249999998,
        "Thermal Efficiency": 0.42644205618809483,
        "SFC": 0.05453452260635079,
        "TSFC": 7.819624110666022,
        "Air Mass Flow Rate": 188.6583208745343,
        "Fuel Mass Flow Rate": 0.7819624110666021,
        "Core EGT": 792.5014077462041,
        "Bypass EGT": 59.94203332083493,
        "FAR": 0.02528364869036709,
        "Specific Thrust": 0.5300587831824507
    },
    "Pressure Ratios": {
        "Fan": 1.6,
        "LPC": 2.0,
        "HPC": 7.34375,
        "HPT": 2.5661240115627604,
        "LPT": 3.131076494531575
    },
    "Mechanical Parameters": {
        "LP Shaft Speed": 5490.0,
        "Fan Power": 8.524793194553974,
        "Fan Efficiency": 0.92,
        "LPC Power": 2.5008744989151297,
        "LPC Efficiency": 0.9,
        "LPT Power": 11.250681319866432,
        "LPT Efficiency": 0.91,
        "HP Shaft Speed": 15183.0,
        "HPC Power": 10.982832282320206,
        "HPC Efficiency": 0.89,
        "HPT Power": 11.36067731822513,
        "HPT Efficiency": 0.9000000000000001,
        "Burner Power": 5.915179719012791,
        "Burner Efficiency": 0.1759193499584886
    }
}