{
    "Stages": [
        "0. Fan Inlet",
        "1. LPC Inlet",
        "2. HPC Inlet",
        "3. Burner Inlet",
        "4. HPT Inlet",
        "5. LPT Inlet",
        "6. Core Nozz Inlet",
        "7. Core Nozz Outlet",
        "8. Byp Nozz Outlet"
    ],
    "Total Temperatures": [
        15.000057655676706,
        59.942033320834994,
        139.95697080771498,
        495.01880405681385,
        1419.5312499999998,
        1129.9008856457413,
        845.1384387924072,
        845.1384387924072,
        59.94203332083493
    ],
    "Static Temperatures": [
        1.2698087753191583,
        44.11029440122737,
        120.50659961430016,
        462.0162496443472,
        1362.5197570818095,
        1080.2362907088645,
        803.3514469464171,
        692.7022389936138,
        4.4391862677623966
    ],
    "Total Pressures": [
        99.29823547694355,
        158.87717676310967,
        317.75435352621935,
        2519.6927252274427,
        2318.1173072092497,
        896.0204165203437,
        300.2058781493329,
        300.2058781493329,
        158.87717676310967
    ],
    "Static Pressures": [
        84.124656235234,
        133.97926458691475,
        267.52254953831897,
        2134.0275592686644,
        1979.592009161364,
        764.3354864633271,
        255.45361159618744,
        162.53180129796206,
        84.07825298491292
    ],
    "Entropies": [
        6834.413225585567,
        6845.607178771453,
        6865.411001852655,
        6920.170754617703,
        8010.293498464214,
        8040.370575416965,
        8072.075385660544,
        8072.075385660544,
        6845.607178771453
    ],
    "Specifice Volumes": [
        0.9354134467594015,
        0.6780422909737055,
        0.42158869626980144,
        0.09883393473395129,
        0.23712932695142672,
        0.5081220689296637,
        1.209191630753217,
        1.705231839630965,
        0.9458112098493409
    ],
    "Performance": {
        "Thrust": 99999.99999999999,
        "OPR": 24.867499999999996,
        "T4": 1419.5312499999998,
        "Thermal Efficiency": 0.4096415519535846,
        "SFC": 0.05677113037625496,
        "TSFC": 8.201643068984094,
        "Air Mass Flow Rate": 186.53345121551862,
        "Fuel Mass Flow Rate": 0.8201643068984094,
        "Core EGT": 845.1384387924072,
        "Bypass EGT": 59.94203332083493,
        "FAR": 0.026820938761808917,
        "Specific Thrust": 0.5360968735010491
    },
    "Pressure Ratios": {
        "Fan": 1.6,
        "LPC": 2.0,
        "HPC": 7.9296875,
        "HPT": 2.5871255436472724,
        "LPT": 2.9846864493260585
    },
    "Mechanical Parameters": {
        "LP Shaft Speed": 5490.0,
        "Fan Power": 8.428777952159573,
        "Fan Efficiency": 0.92,
        "LPC Power": 2.4727070037359136,
        "LPC Efficiency": 0.9,
        "LPT Power": 11.123964240709679,
        "LPT Efficiency": 0.91,
        "HP Shaft Speed": 15183.0,
        "HPC Power": 11.404368509202792,
        "HPC Efficiency": 0.89,
        "HPT Power": 11.790816325248171,
        "HPT Efficiency": 0.9000000000000002,
        "Burner Power": 6.27862936413138,
        "Burner Efficiency": 0.17803095690341306
    }
}