{
    "Stages": [
        "0. Fan Inlet",
        "1. LPC Inlet",
        "2. HPC Inlet",
        "3. Burner Inlet",
        "4. HPT Inlet",
        "5. LPT Inlet",
        "6. Core Nozz Inlet",
        "7. Core Nozz Outlet",
        "8. Byp Nozz Outlet"
    ],
    "Total Temperatures": [
        15.000057655676706,
        59.942033320834994,
        139.95697080771498,
        497.7627473389082,
        1363.2812499999998,
        1067.4922655530838,
        778.4461249168916,
        778.4461249168916,
        59.94203332083493
    ],
    "Static Temperatures": [
        1.2698087753191583,
        44.11029440122737,
        120.50659961430016,
        464.66860191064177,
        1307.4239404821649,
        1019.3273525362968,
        738.4135800064686,
        632.6471512077317,
        4.4391862677623966
    ],
    "Total Pressures": [
        99.29823547694355,
        158.87717676310967,
        317.75435352621935,
        2550.723423813987,
        2346.665549908869,
        863.603625224212,
        271.76348013075426,
        271.7634801307544,
        158.87717676310967
    ],
    "Static Pressures": [
        84.124656235234,
        133.97926458691475,
        267.52254953831897,
        2160.9121947112826,
        2003.4458533180518,
        736.0767228540685,
        231.22734261568908,
        146.93491633663734,
        84.0782529849129
    ],
    "Entropies": [
        6834.413225585567,
        6845.607178771453,
        6865.411001852655,
        6920.437082723944,
        7955.136336876858,
        7986.967807577605,
        8020.775018645503,
        8020.775018645503,
        6845.607178771453
    ],
    "Specifice Volumes": [
        0.9354134467594015,
        0.6780422909737055,
        0.42158869626980144,
        0.09795754005651974,
        0.22642433896899275,
        0.5038967434076269,
        1.2552611971652132,
        1.7687075147546152,
        0.9458112098493411
    ],
    "Performance": {
        "Thrust": 99999.99999999999,
        "OPR": 25.17375,
        "T4": 1363.2812499999998,
        "Thermal Efficiency": 0.4309887883871959,
        "SFC": 0.05395920863861449,
        "TSFC": 7.709424991325087,
        "Air Mass Flow Rate": 188.9399263799363,
        "Fuel Mass Flow Rate": 0.7709424991325086,
        "Core EGT": 778.4461249168916,
        "Bypass EGT": 59.94203332083493,
        "FAR": 0.024890182476580515,
        "Specific Thrust": 0.5292687570911379
    },
    "Pressure Ratios": {
        "Fan": 1.6,
        "LPC": 2.0,
        "HPC": 8.02734375,
        "HPT": 2.7172946955840054,
        "LPT": 3.177776590175781
    },
    "Mechanical Parameters": {
        "LP Shaft Speed": 5490.0,
        "Fan Power": 8.537517937808731,
        "Fan Efficiency": 0.92,
        "LPC Power": 2.5046074910458116,
        "LPC Efficiency": 0.9,
        "LPT Power": 11.267474927402592,
        "LPT Efficiency": 0.9100000000000003,
        "HP Shaft Speed": 15183.0,
        "HPC Power": 11.644281997001585,
        "HPC Efficiency": 0.89,
        "HPT Power": 12.035626006675514,
        "HPT Efficiency": 0.9000000000000002,
        "Burner Power": 5.947894802205411,
        "Burner Efficiency": 0.17942081943939475
    }
}