{
    "Stages": [
        "0. Fan Inlet",
        "1. LPC Inlet",
        "2. HPC Inlet",
        "3. Burner Inlet",
        "4. HPT Inlet",
        "5. LPT Inlet",
        "6. Core Nozz Inlet",
        "7. Core Nozz Outlet",
        "8. Byp Nozz Outlet"
    ],
    "Total Temperatures": [
        15.000057655676706,
        59.942033320834994,
        139.95697080771498,
        521.1395161399606,
        1417.1875,
        1104.4166414799263,
        817.9509502144303,
        817.9509502144303,
        59.94203332083493
    ],
    "Static Temperatures": [
        1.2698087753191583,
        44.11029440122737,
        120.50659961430016,
        487.26197985866867,
        1360.1360993982462,
        1055.3715567504419,
        776.8678477195745,
        668.1893831663104,
        4.4391862677623966
    ],
    "Total Pressures": [
        99.29823547694355,
        158.87717676310967,
        317.75435352621935,
        2842.411990527509,
        2615.019031285311,
        928.3414994776451,
        304.13407048026806,
        304.13407048026824,
        158.87717676310967
    ],
    "Static Pressures": [
        84.124656235234,
        133.97926458691475,
        267.52254953831897,
        2406.8929442033977,
        2235.446260380634,
        792.2345260923739,
        258.72089530104876,
        164.48478199831786,
        84.07825298491309
    ],
    "Entropies": [
        6834.413225585567,
        6845.607178771453,
        6865.411001852655,
        6922.348559319015,
        7970.823747699181,
        8003.846813262894,
        8036.3527482848895,
        8036.352748284889,
        6845.607178771453
    ],
    "Specifice Volumes": [
        0.9354134467594015,
        0.6780422909737055,
        0.42158869626980144,
        0.09065598178048227,
        0.20968109870154483,
        0.4812432038687675,
        1.1645614835501288,
        1.642020100914834,
        0.9458112098493389
    ],
    "Performance": {
        "Thrust": 99999.99999999999,
        "OPR": 28.052499999999995,
        "T4": 1417.1875,
        "Thermal Efficiency": 0.4178414637818422,
        "SFC": 0.05565702777077764,
        "TSFC": 7.991499071591001,
        "Air Mass Flow Rate": 187.19630754168622,
        "Fuel Mass Flow Rate": 0.7991499071591,
        "Core EGT": 817.9509502144303,
        "Bypass EGT": 59.94203332083493,
        "FAR": 0.026041189047411907,
        "Specific Thrust": 0.5341985710788193
    },
    "Pressure Ratios": {
        "Fan": 1.6,
        "LPC": 2.0,
        "HPC": 8.9453125,
        "HPT": 2.816871843773781,
        "LPT": 3.052408755164031
    },
    "Mechanical Parameters": {
        "LP Shaft Speed": 5490.0,
        "Fan Power": 8.458730053249452,
        "Fan Efficiency": 0.92,
        "LPC Power": 2.4814938967543214,
        "LPC Efficiency": 0.9,
        "LPT Power": 11.163493826534461,
        "LPT Efficiency": 0.9100000000000003,
        "HP Shaft Speed": 15183.0,
        "HPC Power": 12.321844341458702,
        "HPC Efficiency": 0.89,
        "HPT Power": 12.727016154080735,
        "HPT Efficiency": 0.8999999999999997,
        "Burner Power": 6.284596529367114,
        "Burner Efficiency": 0.1828860972771197
    }
}