{
    "Stages": [
        "0. Fan Inlet",
        "1. LPC Inlet",
        "2. HPC Inlet",
        "3. Burner Inlet",
        "4. HPT Inlet",
        "5. LPT Inlet",
        "6. Core Nozz Inlet",
        "7. Core Nozz Outlet",
        "8. Byp Nozz Outlet"
    ],
    "Total Temperatures": [
        15.000057655676706,
        59.94203332083493,
        139.95697080771524,
        496.11638144674225,
        1323.4375,
        1026.4469123223507,
        734.4750620626979,
        734.4750620626979,
        59.94203332083493
    ],
    "Static Temperatures": [
        1.2698087753191583,
        44.11029440122737,
        120.50659961430041,
        463.07718474417277,
        1268.442038718038,
        979.2788398206628,
        695.6334837420405,
        593.1626491951763,
        4.4391862677624285
    ],
    "Total Pressures": [
        99.29823547694353,
        158.87717676310967,
        317.75435352621935,
        2532.1050046620603,
        2329.5366042890932,
        835.9805433098134,
        251.06929125295346,
        251.06929125295335,
        158.87717676310967
    ],
    "Static Pressures": [
        84.12465623523386,
        133.97926458691458,
        267.5225495383185,
        2144.7813496717154,
        1988.3123342222164,
        711.8762783323753,
        213.39507335841944,
        135.56495537802488,
        84.078252984913
    ],
    "Entropies": [
        6834.413225585567,
        6845.607178771453,
        6865.411001852656,
        6920.277285860265,
        7920.2189859270175,
        7952.938427490206,
        7988.353290241375,
        7988.353290241375,
        6845.607178771453
    ],
    "Specifice Volumes": [
        0.9354134467594029,
        0.6780422909737053,
        0.4215886962698025,
        0.09848043404506629,
        0.22252903838665142,
        0.5048637555535653,
        1.3026788912393101,
        1.8335385199045477,
        0.9458112098493399
    ],
    "Performance": {
        "Thrust": 99999.99999999999,
        "OPR": 24.990000000000002,
        "T4": 1323.4375,
        "Thermal Efficiency": 0.44662732947041456,
        "SFC": 0.052069840824706816,
        "TSFC": 7.388589661923627,
        "Air Mass Flow Rate": 190.68511811467977,
        "Fuel Mass Flow Rate": 0.7388589661923626,
        "Core EGT": 734.4750620626979,
        "Bypass EGT": 59.94203332083493,
        "FAR": 0.02363603273467223,
        "Specific Thrust": 0.5244247741444567
    },
    "Pressure Ratios": {
        "Fan": 1.6,
        "LPC": 2.0,
        "HPC": 7.96875,
        "HPT": 2.78659189251699,
        "LPT": 3.3296805799613063
    },
    "Mechanical Parameters": {
        "LP Shaft Speed": 5490.0,
        "Fan Power": 8.616376895921823,
        "Fan Efficiency": 0.92,
        "LPC Power": 2.5277419358182827,
        "LPC Efficiency": 0.9,
        "LPT Power": 11.37154982830623,
        "LPT Efficiency": 0.9100000000000001,
        "HP Shaft Speed": 15183.0,
        "HPC Power": 11.69565197437309,
        "HPC Efficiency": 0.89,
        "HPT Power": 12.088044350932151,
        "HPT Efficiency": 0.8999999999999999,
        "Burner Power": 5.71523788932587,
        "Burner Efficiency": 0.17988887613970717
    }
}