{
    "Stages": [
        "0. Fan Inlet",
        "1. LPC Inlet",
        "2. HPC Inlet",
        "3. Burner Inlet",
        "4. HPT Inlet",
        "5. LPT Inlet",
        "6. Core Nozz Inlet",
        "7. Core Nozz Outlet",
        "8. Byp Nozz Outlet"
    ],
    "Total Temperatures": [
        15.000057655676706,
        59.942033320834994,
        139.95697080771498,
        477.0998794650601,
        1383.203125,
        1106.910105288564,
        820.6076852067057,
        820.6076852067057,
        59.94203332083493
    ],
    "Static Temperatures": [
        1.2698087753191583,
        44.11029440122737,
        120.50659961430016,
        444.7108319691991,
        1326.9879757404042,
        1057.8104418684497,
        779.4499252704825,
        670.5707561357456,
        4.4391862677623966
    ],
    "Total Pressures": [
        99.29823547694355,
        158.87717676310967,
        317.75435352621935,
        2314.8901145562463,
        2129.698905391747,
        847.796448976102,
        277.8065412907961,
        277.8065412907961,
        158.87717676310967
    ],
    "Static Pressures": [
        84.124656235234,
        133.97926458691475,
        267.52254953831886,
        1958.7053031134647,
        1819.298459117559,
        722.8628355437053,
        236.49973965672902,
        150.43647327167434,
        84.07825298491292
    ],
    "Entropies": [
        6834.413225585567,
        6845.607178771453,
        6865.411001852655,
        6918.5587541708555,
        8003.7700142431095,
        8032.804200546411,
        8065.30843817129,
        8065.30843817129,
        6845.607178771453
    ],
    "Specifice Volumes": [
        0.9354134467594015,
        0.6780422909737034,
        0.42158869626980155,
        0.105200782706262,
        0.2524144868910151,
        0.5284109978457299,
        1.2771559575697895,
        1.799910161072335,
        0.9458112098493406
    ],
    "Performance": {
        "Thrust": 99999.99999999999,
        "OPR": 22.846249999999998,
        "T4": 1383.203125,
        "Thermal Efficiency": 0.41737608767883283,
        "SFC": 0.0557190855921375,
        "TSFC": 8.027305938745862,
        "Air Mass Flow Rate": 187.6489872653217,
        "Fuel Mass Flow Rate": 0.802730593874586,
        "Core EGT": 820.6076852067057,
        "Bypass EGT": 59.94203332083493,
        "FAR": 0.026094767118095163,
        "Specific Thrust": 0.5329098838066599
    },
    "Pressure Ratios": {
        "Fan": 1.6,
        "LPC": 2.0,
        "HPC": 7.28515625,
        "HPT": 2.5120403700249274,
        "LPT": 3.0517512116054335
    },
    "Mechanical Parameters": {
        "LP Shaft Speed": 5490.0,
        "Fan Power": 8.479185027138074,
        "Fan Efficiency": 0.92,
        "LPC Power": 2.48749466667408,
        "LPC Efficiency": 0.9,
        "LPT Power": 11.19048948348179,
        "LPT Efficiency": 0.9099999999999999,
        "HP Shaft Speed": 15183.0,
        "HPC Power": 10.871365765956174,
        "HPC Efficiency": 0.89,
        "HPT Power": 11.24693597499652,
        "HPT Efficiency": 0.9000000000000002,
        "Burner Power": 6.048472904551129,
        "Burner Efficiency": 0.1752295996244697
    }
}