{
    "Stages": [
        "0. Fan Inlet",
        "1. LPC Inlet",
        "2. HPC Inlet",
        "3. Burner Inlet",
        "4. HPT Inlet",
        "5. LPT Inlet",
        "6. Core Nozz Inlet",
        "7. Core Nozz Outlet",
        "8. Byp Nozz Outlet"
    ],
    "Total Temperatures": [
        15.000057655676706,
        59.942033320834994,
        139.95697080771498,
        501.055478429425,
        1432.4218749999998,
        1138.360856717925,
        854.1942610628437,
        854.1942610628437,
        59.94203332083493
    ],
    "Static Temperatures": [
        1.2698087753191583,
        44.11029440122737,
        120.50659961430016,
        467.85148850639183,
        1375.1383412391713,
        1088.5103991514227,
        812.1610399303809,
        700.8472444875497,
        4.4391862677623966
    ],
    "Total Pressures": [
        99.29823547694355,
        158.87717676310967,
        317.75435352621935,
        2587.9602621178415,
        2380.923441148414,
        909.4935592017542,
        307.57339890360583,
        307.57339890360583,
        158.87717676310967
    ],
    "Static Pressures": [
        84.124656235234,
        133.97926458691475,
        267.52254953831897,
        2193.174458784772,
        2034.1309370380989,
        776.1633686590062,
        261.7709766710408,
        166.57149877285514,
        84.0782529849129
    ],
    "Entropies": [
        6834.413225585567,
        6845.607178771453,
        6865.411001852655,
        6920.75667645071,
        8014.010144552285,
        8044.447930689761,
        8075.918671117882,
        8075.918671117882,
        6845.607178771453
    ],
    "Specifice Volumes": [
        0.9354134467594015,
        0.6780422909737055,
        0.42158869626980144,
        0.09693754548616715,
        0.23256536546183548,
        0.503455517451784,
        1.1897032619933077,
        1.6777383056176816,
        0.9458112098493411
    ],
    "Performance": {
        "Thrust": 99999.99999999999,
        "OPR": 25.541249999999998,
        "T4": 1432.4218749999998,
        "Thermal Efficiency": 0.40687784254117243,
        "SFC": 0.05715674711663633,
        "TSFC": 8.267147224472817,
        "Air Mass Flow Rate": 186.1581396052944,
        "Fuel Mass Flow Rate": 0.8267147224472816,
        "Core EGT": 854.1942610628437,
        "Bypass EGT": 59.94203332083493,
        "FAR": 0.027089655158892625,
        "Specific Thrust": 0.5371776931807926
    },
    "Pressure Ratios": {
        "Fan": 1.6,
        "LPC": 2.0,
        "HPC": 8.14453125,
        "HPT": 2.6178562971222212,
        "LPT": 2.956996809359289
    },
    "Mechanical Parameters": {
        "LP Shaft Speed": 5490.0,
        "Fan Power": 8.411818965957186,
        "Fan Efficiency": 0.92,
        "LPC Power": 2.467731833646381,
        "LPC Efficiency": 0.9,
        "LPT Power": 11.101582448575073,
        "LPT Efficiency": 0.91,
        "HP Shaft Speed": 15183.0,
        "HPC Power": 11.582544785494342,
        "HPC Efficiency": 0.89,
        "HPT Power": 11.972628852076292,
        "HPT Efficiency": 0.9000000000000002,
        "Burner Power": 6.3624034908447555,
        "Burner Efficiency": 0.17897694073005452
    }
}