{
    "Stages": [
        "0. Fan Inlet",
        "1. LPC Inlet",
        "2. HPC Inlet",
        "3. Burner Inlet",
        "4. HPT Inlet",
        "5. LPT Inlet",
        "6. Core Nozz Inlet",
        "7. Core Nozz Outlet",
        "8. Byp Nozz Outlet"
    ],
    "Total Temperatures": [
        15.000057655676706,
        59.94203332083493,
        139.95697080771524,
        480.77907232499365,
        1303.5156249999998,
        1018.9036891438398,
        726.4036087604524,
        726.4036087604524,
        59.94203332083493
    ],
    "Static Temperatures": [
        1.2698087753191583,
        44.11029440122737,
        120.50659961430041,
        448.25261771755015,
        1248.9605024667408,
        971.935261661449,
        687.7875255667719,
        585.9256514143666,
        4.4391862677624285
    ],
    "Total Pressures": [
        99.29823547694353,
        158.87717676310967,
        317.75435352621935,
        2358.3330925774094,
        2169.6664451712168,
        805.0309645225643,
        240.33465593252188,
        240.33465593252183,
        158.87717676310967
    ],
    "Static Pressures": [
        84.12465623523386,
        133.97926458691458,
        267.5225495383185,
        1994.237241243563,
        1852.1589717419872,
        686.5638392862347,
        204.51018740420162,
        129.84113233368043,
        84.0782529849131
    ],
    "Entropies": [
        6834.413225585567,
        6845.607178771453,
        6865.411001852656,
        6918.826679817173,
        7923.7863361291575,
        7955.2294968982915,
        7990.986890795569,
        7990.986890795569,
        6845.607178771453
    ],
    "Specifice Volumes": [
        0.9354134467594029,
        0.6780422909737053,
        0.4215886962698025,
        0.10381923040477696,
        0.23584247075061449,
        0.5204169873223046,
        1.3485087141214704,
        1.898738897201357,
        0.9458112098493385
    ],
    "Performance": {
        "Thrust": 99999.99999999999,
        "OPR": 23.275000000000002,
        "T4": 1303.5156249999998,
        "Thermal Efficiency": 0.4497843107379131,
        "SFC": 0.051704368957056414,
        "TSFC": 7.334878956592873,
        "Air Mass Flow Rate": 191.20532017908712,
        "Fuel Mass Flow Rate": 0.7334878956592873,
        "Core EGT": 726.4036087604524,
        "Bypass EGT": 59.94203332083493,
        "FAR": 0.023400374839627616,
        "Specific Thrust": 0.5229979997749946
    },
    "Pressure Ratios": {
        "Fan": 1.6,
        "LPC": 2.0,
        "HPC": 7.421875,
        "HPT": 2.6951341510913878,
        "LPT": 3.349624969395142
    },
    "Mechanical Parameters": {
        "LP Shaft Speed": 5490.0,
        "Fan Power": 8.63988296232746,
        "Fan Efficiency": 0.92,
        "LPC Power": 2.534637788972963,
        "LPC Efficiency": 0.9,
        "LPT Power": 11.402572195204513,
        "LPT Efficiency": 0.9100000000000003,
        "HP Shaft Speed": 15183.0,
        "HPC Power": 11.20271584681006,
        "HPC Efficiency": 0.89,
        "HPT Power": 11.585048302398452,
        "HPT Efficiency": 0.8999999999999998,
        "Burner Power": 5.596422907846275,
        "Burner Efficiency": 0.17743901531317033
    }
}