{
    "Stages": [
        "0. Fan Inlet",
        "1. LPC Inlet",
        "2. HPC Inlet",
        "3. Burner Inlet",
        "4. HPT Inlet",
        "5. LPT Inlet",
        "6. Core Nozz Inlet",
        "7. Core Nozz Outlet",
        "8. Byp Nozz Outlet"
    ],
    "Total Temperatures": [
        15.000057655676706,
        59.942033320834994,
        139.95697080771498,
        528.0251028236536,
        1413.671875,
        1094.5332053086088,
        807.3713252832881,
        807.3713252832881,
        59.94203332083493
    ],
    "Static Temperatures": [
        1.2698087753191583,
        44.11029440122737,
        120.50659961430016,
        493.91913859773615,
        1356.664019912303,
        1045.711806305192,
        766.578917518474,
        658.6848387608077,
        4.4391862677623966
    ],
    "Total Pressures": [
        99.29823547694355,
        158.87717676310967,
        317.75435352621935,
        2929.2979465698345,
        2694.954110844248,
        932.5647078103211,
        302.3856696331468,
        302.3856696331466,
        158.87717676310967
    ],
    "Static Pressures": [
        84.124656235234,
        133.97926458691475,
        267.52254953831897,
        2482.041812085024,
        2300.926253240026,
        795.653931524221,
        257.2505283559711,
        163.54162871695704,
        84.07825298491292
    ],
    "Entropies": [
        6834.413225585567,
        6845.607178771453,
        6865.411001852655,
        6923.010544592594,
        7958.409586673976,
        7992.340523677328,
        8025.230011830016,
        8025.230011830016,
        6845.607178771453
    ],
    "Specifice Volumes": [
        0.9354134467594015,
        0.6780422909737055,
        0.42158869626980144,
        0.08866894323369998,
        0.20327929215852647,
        0.4756677806998865,
        1.1597335355948448,
        1.634986561826576,
        0.9458112098493406
    ],
    "Performance": {
        "Thrust": 99999.99999999999,
        "OPR": 28.909999999999997,
        "T4": 1413.671875,
        "Thermal Efficiency": 0.4211500329305111,
        "SFC": 0.05521978424569073,
        "TSFC": 7.91210152518941,
        "Air Mass Flow Rate": 187.51213345939843,
        "Fuel Mass Flow Rate": 0.7912101525189409,
        "Core EGT": 807.3713252832881,
        "Bypass EGT": 59.94203332083493,
        "FAR": 0.02573903800956211,
        "Specific Thrust": 0.5332988226154056
    },
    "Pressure Ratios": {
        "Fan": 1.6,
        "LPC": 2.0,
        "HPC": 9.21875,
        "HPT": 2.8898306876426556,
        "LPT": 3.0840241501579686
    },
    "Mechanical Parameters": {
        "LP Shaft Speed": 5490.0,
        "Fan Power": 8.473001094258914,
        "Fan Efficiency": 0.92,
        "LPC Power": 2.485680518261614,
        "LPC Efficiency": 0.9,
        "LPT Power": 11.182328176041356,
        "LPT Efficiency": 0.9099999999999998,
        "HP Shaft Speed": 15183.0,
        "HPC Power": 12.575416444096598,
        "HPC Efficiency": 0.89,
        "HPT Power": 12.985763197588794,
        "HPT Efficiency": 0.9000000000000005,
        "Burner Power": 6.266825947541886,
        "Burner Efficiency": 0.184199024558698
    }
}