{
    "Stages": [
        "0. Fan Inlet",
        "1. LPC Inlet",
        "2. HPC Inlet",
        "3. Burner Inlet",
        "4. HPT Inlet",
        "5. LPT Inlet",
        "6. Core Nozz Inlet",
        "7. Core Nozz Outlet",
        "8. Byp Nozz Outlet"
    ],
    "Total Temperatures": [
        15.000057655676706,
        59.942033320834994,
        139.95697080771498,
        519.1921995411799,
        1323.4375,
        1005.6911926393125,
        712.2442993712376,
        712.2442993712376,
        59.94203332083493
    ],
    "Static Temperatures": [
        1.2698087753191583,
        44.11029440122737,
        120.50659961430016,
        485.37931869038374,
        1268.3711953379454,
        959.0710869408286,
        674.0007610933544,
        573.2252587142173,
        4.4391862677623966
    ],
    "Total Pressures": [
        99.29823547694355,
        158.87717676310967,
        317.75435352621935,
        2817.587431658273,
        2592.180437125614,
        860.5791599375901,
        252.29159842776784,
        252.29159842776778,
        158.87717676310967
    ],
    "Static Pressures": [
        84.124656235234,
        133.97926458691475,
        267.52254953831897,
        2385.4230877371456,
        2214.7569727822724,
        733.3981584225078,
        214.25592729948627,
        136.0353562201269,
        84.07825298491305
    ],
    "Entropies": [
        6834.413225585567,
        6845.607178771453,
        6865.411001852655,
        6922.186773352845,
        7887.091804975078,
        7922.618391390107,
        7958.79642947663,
        7958.79642947663,
        6845.607178771453
    ],
    "Specifice Volumes": [
        0.9354134467594015,
        0.6780422909737055,
        0.42158869626980144,
        0.0912513889651252,
        0.19976787892172365,
        0.4822205752472717,
        1.2684301150780444,
        1.7851602216610225,
        0.9458112098493391
    ],
    "Performance": {
        "Thrust": 99999.99999999999,
        "OPR": 27.807499999999994,
        "T4": 1323.4375,
        "Thermal Efficiency": 0.4547708082064447,
        "SFC": 0.051137437878227485,
        "TSFC": 7.219901813524066,
        "Air Mass Flow Rate": 191.29324526595983,
        "Fuel Mass Flow Rate": 0.7219901813524064,
        "Core EGT": 712.2442993712376,
        "Bypass EGT": 59.94203332083493,
        "FAR": 0.023022977628543516,
        "Specific Thrust": 0.5227576115453918
    },
    "Pressure Ratios": {
        "Fan": 1.6,
        "LPC": 2.0,
        "HPC": 8.8671875,
        "HPT": 3.012134801537142,
        "LPT": 3.4110496160020864
    },
    "Mechanical Parameters": {
        "LP Shaft Speed": 5490.0,
        "Fan Power": 8.643855981798481,
        "Fan Efficiency": 0.92,
        "LPC Power": 2.5358033331512098,
        "LPC Efficiency": 0.9,
        "LPT Power": 11.407815627499685,
        "LPT Efficiency": 0.9100000000000001,
        "HP Shaft Speed": 15183.0,
        "HPC Power": 12.52435644391037,
        "HPC Efficiency": 0.89,
        "HPT Power": 12.933661156582444,
        "HPT Efficiency": 0.8999999999999999,
        "Burner Power": 5.715852486914159,
        "Burner Efficiency": 0.18411164785131248
    }
}