{
    "Stages": [
        "0. Fan Inlet",
        "1. LPC Inlet",
        "2. HPC Inlet",
        "3. Burner Inlet",
        "4. HPT Inlet",
        "5. LPT Inlet",
        "6. Core Nozz Inlet",
        "7. Core Nozz Outlet",
        "8. Byp Nozz Outlet"
    ],
    "Total Temperatures": [
        15.000057655676706,
        59.942033320834994,
        139.95697080771498,
        514.4934360627394,
        1439.4531249999998,
        1134.118728594689,
        849.6543556208829,
        849.6543556208829,
        59.94203332083493
    ],
    "Static Temperatures": [
        1.2698087753191583,
        44.11029440122737,
        120.50659961430016,
        480.83666200426666,
        1381.9633564449807,
        1084.357343848145,
        807.7452023131458,
        696.7659934691629,
        4.4391862677623966
    ],
    "Total Pressures": [
        99.29823547694355,
        158.87717676310967,
        317.75435352621935,
        2755.526034485183,
        2535.0839517263685,
        932.3370573273182,
        314.41901642742687,
        314.41901642742687,
        158.87717676310967
    ],
    "Static Pressures": [
        84.124656235234,
        133.97926458691475,
        267.52254953831897,
        2331.7546445799176,
        2166.6132913338306,
        795.7051926368426,
        267.6944524946533,
        170.37984266916672,
        84.07825298491304
    ],
    "Entropies": [
        6834.413225585567,
        6845.607178771453,
        6865.411001852655,
        6922.014224348511,
        8001.009020224323,
        8032.712203191374,
        8064.255262868282,
        8064.255262868282,
        6845.607178771453
    ],
    "Specifice Volumes": [
        0.9354134467594015,
        0.6780422909737055,
        0.42158869626980144,
        0.0928117365713905,
        0.21923709200530123,
        0.4895800720398979,
        1.1586070795287364,
        1.6334186311913061,
        0.9458112098493393
    ],
    "Performance": {
        "Thrust": 99999.99999999999,
        "OPR": 27.194999999999997,
        "T4": 1439.4531249999998,
        "Thermal Efficiency": 0.4081257977870583,
        "SFC": 0.056981974870459445,
        "TSFC": 8.228458263695593,
        "Air Mass Flow Rate": 186.15284113700824,
        "Fuel Mass Flow Rate": 0.8228458263695592,
        "Core EGT": 849.6543556208829,
        "Bypass EGT": 59.94203332083493,
        "FAR": 0.02696364723845428,
        "Specific Thrust": 0.5371929828693838
    },
    "Pressure Ratios": {
        "Fan": 1.6,
        "LPC": 2.0,
        "HPC": 8.671875,
        "HPT": 2.7190638104551335,
        "LPT": 2.9652693018410194
    },
    "Mechanical Parameters": {
        "LP Shaft Speed": 5490.0,
        "Fan Power": 8.411579547169941,
        "Fan Efficiency": 0.92,
        "LPC Power": 2.4676615965947692,
        "LPC Efficiency": 0.9,
        "LPT Power": 11.101266473229295,
        "LPT Efficiency": 0.9099999999999999,
        "HP Shaft Speed": 15183.0,
        "HPC Power": 12.030102615127733,
        "HPC Efficiency": 0.89,
        "HPT Power": 12.429320514967504,
        "HPT Efficiency": 0.9000000000000002,
        "Burner Power": 6.416752766891889,
        "Burner Efficiency": 0.18135451836799898
    }
}