{
    "Stages": [
        "0. Fan Inlet",
        "1. LPC Inlet",
        "2. HPC Inlet",
        "3. Burner Inlet",
        "4. HPT Inlet",
        "5. LPT Inlet",
        "6. Core Nozz Inlet",
        "7. Core Nozz Outlet",
        "8. Byp Nozz Outlet"
    ],
    "Total Temperatures": [
        15.000057655676706,
        59.942033320834994,
        139.95697080771498,
        516.372941710726,
        1394.9218749999998,
        1084.8061792997592,
        796.987748763713,
        796.987748763713,
        59.94203332083493
    ],
    "Static Temperatures": [
        1.2698087753191583,
        44.11029440122737,
        120.50659961430016,
        482.65370839812533,
        1338.3586868481073,
        1036.2371678818238,
        756.480844687865,
        649.3461283512546,
        4.4391862677623966
    ],
    "Total Pressures": [
        99.29823547694355,
        158.87717676310967,
        317.75435352621935,
        2780.3505933544193,
        2557.9225458860683,
        906.6673758696705,
        290.150617283834,
        290.15061728383387,
        158.87717676310967
    ],
    "Static Pressures": [
        84.124656235234,
        133.97926458691475,
        267.52254953831897,
        2353.2218215551943,
        2186.3546069390927,
        773.5068275871819,
        246.91233912998476,
        157.07896464495718,
        84.07825298491288
    ],
    "Entropies": [
        6834.413225585567,
        6845.607178771453,
        6865.411001852655,
        6922.08324394714,
        7957.654551114688,
        7990.75650610392,
        8024.038082867484,
        8024.038082867484,
        6845.607178771453
    ],
    "Specifice Volumes": [
        0.9354134467594015,
        0.6780422909737055,
        0.42158869626980144,
        0.0921783184971535,
        0.21155117220802003,
        0.4857996210711627,
        1.1967743976517917,
        1.6854668721752188,
        0.9458112098493415
    ],
    "Performance": {
        "Thrust": 99999.99999999999,
        "OPR": 27.439999999999998,
        "T4": 1394.9218749999998,
        "Thermal Efficiency": 0.4246287221186659,
        "SFC": 0.054767406777041686,
        "TSFC": 7.839296365926418,
        "Air Mass Flow Rate": 188.0222628813039,
        "Fuel Mass Flow Rate": 0.7839296365926417,
        "Core EGT": 796.987748763713,
        "Bypass EGT": 59.94203332083493,
        "FAR": 0.025433003038762024,
        "Specific Thrust": 0.5318519119362409
    },
    "Pressure Ratios": {
        "Fan": 1.6,
        "LPC": 2.0,
        "HPC": 8.75,
        "HPT": 2.821235895283563,
        "LPT": 3.1248162914736843
    },
    "Mechanical Parameters": {
        "LP Shaft Speed": 5490.0,
        "Fan Power": 8.496052014059547,
        "Fan Efficiency": 0.92,
        "LPC Power": 2.4924428474102878,
        "LPC Efficiency": 0.9,
        "LPT Power": 11.212749858642686,
        "LPT Efficiency": 0.9100000000000001,
        "HP Shaft Speed": 15183.0,
        "HPC Power": 12.21462768732236,
        "HPC Efficiency": 0.89,
        "HPT Power": 12.617611404962021,
        "HPT Efficiency": 0.8999999999999999,
        "Burner Power": 6.145813184415694,
        "Burner Efficiency": 0.18231979164724038
    }
}