{
    "Stages": [
        "0. Fan Inlet",
        "1. LPC Inlet",
        "2. HPC Inlet",
        "3. Burner Inlet",
        "4. HPT Inlet",
        "5. LPT Inlet",
        "6. Core Nozz Inlet",
        "7. Core Nozz Outlet",
        "8. Byp Nozz Outlet"
    ],
    "Total Temperatures": [
        15.000057655676706,
        59.942033320834994,
        139.95697080771498,
        514.4934360627394,
        1316.4062499999998,
        1002.4195430841874,
        708.721796338313,
        708.721796338313,
        59.94203332083493
    ],
    "Static Temperatures": [
        1.2698087753191583,
        44.11029440122737,
        120.50659961430016,
        480.83666200426666,
        1261.493385224449,
        955.8702690614336,
        670.5773115114797,
        570.0686079780387,
        4.4391862677623966
    ],
    "Total Pressures": [
        99.29823547694355,
        158.87717676310967,
        317.75435352621935,
        2755.526034485183,
        2535.0839517263685,
        849.3352469819795,
        247.76662312036555,
        247.76662312036547,
        158.87717676310967
    ],
    "Static Pressures": [
        84.124656235234,
        133.97926458691475,
        267.52254953831897,
        2331.7546445799176,
        2165.033294050191,
        723.5291008219964,
        210.81736354807632,
        133.84059764520364,
        84.07825298491304
    ],
    "Entropies": [
        6834.413225585567,
        6845.607178771453,
        6865.411001852655,
        6922.014224348511,
        7887.643300653654,
        7922.801755964568,
        7959.13894332873,
        7959.13894332873,
        6845.607178771453
    ],
    "Specifice Volumes": [
        0.9354134467594015,
        0.6780422909737055,
        0.42158869626980144,
        0.0928117365713905,
        0.2034287409575032,
        0.48749817706613036,
        1.2844202199173058,
        1.8075634424099538,
        0.9458112098493393
    ],
    "Performance": {
        "Thrust": 99999.99999999999,
        "OPR": 27.194999999999997,
        "T4": 1316.4062499999998,
        "Thermal Efficiency": 0.4561783645214545,
        "SFC": 0.05097965129908003,
        "TSFC": 7.196154919806383,
        "Air Mass Flow Rate": 191.50425560081436,
        "Fuel Mass Flow Rate": 0.7196154919806382,
        "Core EGT": 708.721796338313,
        "Bypass EGT": 59.94203332083493,
        "FAR": 0.022921968429944522,
        "Specific Thrust": 0.5221816073291206
    },
    "Pressure Ratios": {
        "Fan": 1.6,
        "LPC": 2.0,
        "HPC": 8.671875,
        "HPT": 2.9847859967362873,
        "LPT": 3.427964736676295
    },
    "Mechanical Parameters": {
        "LP Shaft Speed": 5490.0,
        "Fan Power": 8.653390782374519,
        "Fan Efficiency": 0.92,
        "LPC Power": 2.538600508293017,
        "LPC Efficiency": 0.9,
        "LPT Power": 11.420399276191361,
        "LPT Efficiency": 0.91,
        "HP Shaft Speed": 15183.0,
        "HPC Power": 12.375937063543615,
        "HPC Efficiency": 0.89,
        "HPT Power": 12.78221280926942,
        "HPT Efficiency": 0.8999999999999999,
        "Burner Power": 5.6745942893581045,
        "Burner Efficiency": 0.183385864431043
    }
}