{
    "Stages": [
        "0. Fan Inlet",
        "1. LPC Inlet",
        "2. HPC Inlet",
        "3. Burner Inlet",
        "4. HPT Inlet",
        "5. LPT Inlet",
        "6. Core Nozz Inlet",
        "7. Core Nozz Outlet",
        "8. Byp Nozz Outlet"
    ],
    "Total Temperatures": [
        15.000057655676706,
        59.94203332083506,
        139.9569708077162,
        477.62700051748055,
        1307.03125,
        1025.4698019918292,
        733.422802057224,
        733.422802057224,
        59.94203332083506
    ],
    "Static Temperatures": [
        1.2698087753191583,
        44.11029440122756,
        120.50659961430136,
        445.2188389053267,
        1252.415668537208,
        978.326746909998,
        694.6099288317623,
        592.2169223669055,
        4.439186267762523
    ],
    "Total Pressures": [
        99.29823547694359,
        158.87717676310976,
        317.7543535262195,
        2321.0962542735565,
        2135.408553931672,
        803.0575189438183,
        241.42083253157256,
        241.42083253157242,
        158.87717676310976
    ],
    "Static Pressures": [
        84.12465623523391,
        133.97926458691464,
        267.522549538319,
        1963.2665481828199,
        1822.8221693912092,
        684.7572544320949,
        205.43540189229296,
        130.4540382300733,
        84.07825298491261
    ],
    "Entropies": [
        6834.413225585567,
        6845.607178771454,
        6865.411001852658,
        6918.610319835727,
        7932.066556083869,
        7963.025900128489,
        7998.4857434403275,
        7998.4857434403275,
        6845.607178771454
    ],
    "Specifice Volumes": [
        0.9354134467594023,
        0.6780422909737049,
        0.4215886962698026,
        0.10503173826938741,
        0.24018097962074006,
        0.5244585166073151,
        1.351744049426337,
        1.9033256270449046,
        0.9458112098493446
    ],
    "Performance": {
        "Thrust": 99999.99999999999,
        "OPR": 22.9075,
        "T4": 1307.03125,
        "Thermal Efficiency": 0.44719824070659464,
        "SFC": 0.052003366374480976,
        "TSFC": 7.38760732422831,
        "Air Mass Flow Rate": 190.977927596684,
        "Fuel Mass Flow Rate": 0.7387607324228308,
        "Core EGT": 733.422802057224,
        "Bypass EGT": 59.94203332083506,
        "FAR": 0.02359665603501666,
        "Specific Thrust": 0.5236207202498532
    },
    "Pressure Ratios": {
        "Fan": 1.6,
        "LPC": 2.0,
        "HPC": 7.3046875,
        "HPT": 2.659097889700544,
        "LPT": 3.326380372906386
    },
    "Mechanical Parameters": {
        "LP Shaft Speed": 5490.0,
        "Fan Power": 8.629607906713842,
        "Fan Efficiency": 0.92,
        "LPC Power": 2.5316234490385607,
        "LPC Efficiency": 0.9,
        "LPT Power": 11.389011587502456,
        "LPT Efficiency": 0.9100000000000001,
        "HP Shaft Speed": 15183.0,
        "HPC Power": 11.082107446942384,
        "HPC Efficiency": 0.89,
        "HPT Power": 11.46197850661511,
        "HPT Efficiency": 0.9000000000000001,
        "Burner Power": 5.6156915086612464,
        "Burner Efficiency": 0.17677912646670388
    }
}