{
    "Stages": [
        "0. Fan Inlet",
        "1. LPC Inlet",
        "2. HPC Inlet",
        "3. Burner Inlet",
        "4. HPT Inlet",
        "5. LPT Inlet",
        "6. Core Nozz Inlet",
        "7. Core Nozz Outlet",
        "8. Byp Nozz Outlet"
    ],
    "Total Temperatures": [
        15.000057655676706,
        59.94203332083493,
        139.95697080771524,
        484.04302450421,
        1310.5468749999998,
        1023.4895820227263,
        731.3081375177934,
        731.3081375177937,
        59.94203332083493
    ],
    "Static Temperatures": [
        1.2698087753191583,
        44.11029440122737,
        120.50659961430041,
        451.4073244224543,
        1255.8424089089606,
        976.3994259819866,
        692.5547195104036,
        590.3220911355733,
        4.4391862677624285
    ],
    "Total Pressures": [
        99.29823547694353,
        158.87717676310967,
        317.75435352621935,
        2395.5699308812627,
        2203.924336410762,
        813.734589393833,
        244.0078172072196,
        244.0078172072196,
        158.87717676310967
    ],
    "Static Pressures": [
        84.12465623523386,
        133.97926458691455,
        267.5225495383185,
        2026.49433147522,
        1882.1113523201893,
        693.5049986616658,
        207.67029897718277,
        131.8823988690753,
        84.07825298491287
    ],
    "Entropies": [
        6834.413225585567,
        6845.607178771453,
        6865.411001852656,
        6919.105442187262,
        7925.424515299242,
        7957.057538109632,
        7992.60693947931,
        7992.60693947931,
        6845.607178771453
    ],
    "Specifice Volumes": [
        0.9354134467594029,
        0.6780422909737044,
        0.4215886962698025,
        0.10259862498206118,
        0.23313887928685653,
        0.5170457133899232,
        1.3344094937060178,
        1.8786672716180224,
        0.9458112098493415
    ],
    "Performance": {
        "Thrust": 99999.99999999999,
        "OPR": 23.6425,
        "T4": 1310.5468749999998,
        "Thermal Efficiency": 0.4479188509575277,
        "SFC": 0.05191970354400985,
        "TSFC": 7.369331299563536,
        "Air Mass Flow Rate": 190.96089873612854,
        "Fuel Mass Flow Rate": 0.7369331299563535,
        "Core EGT": 731.3081375177937,
        "Bypass EGT": 59.94203332083493,
        "FAR": 0.023540379849936666,
        "Specific Thrust": 0.5236674139148291
    },
    "Pressure Ratios": {
        "Fan": 1.6,
        "LPC": 2.0,
        "HPC": 7.5390625,
        "HPT": 2.7084068505083225,
        "LPT": 3.3348709836734205
    },
    "Mechanical Parameters": {
        "LP Shaft Speed": 5490.0,
        "Fan Power": 8.62883843355249,
        "Fan Efficiency": 0.92,
        "LPC Power": 2.5313977126760383,
        "LPC Efficiency": 0.9,
        "LPT Power": 11.387996067580133,
        "LPT Efficiency": 0.91,
        "HP Shaft Speed": 15183.0,
        "HPC Power": 11.299944800322058,
        "HPC Efficiency": 0.89,
        "HPT Power": 11.684261520267842,
        "HPT Efficiency": 0.9000000000000002,
        "Burner Power": 5.637484313148285,
        "Burner Efficiency": 0.17790526850116054
    }
}