{
    "Stages": [
        "0. Fan Inlet",
        "1. LPC Inlet",
        "2. HPC Inlet",
        "3. Burner Inlet",
        "4. HPT Inlet",
        "5. LPT Inlet",
        "6. Core Nozz Inlet",
        "7. Core Nozz Outlet",
        "8. Byp Nozz Outlet"
    ],
    "Total Temperatures": [
        15.000057655676706,
        59.942033320834994,
        139.95697080771498,
        503.79942029819097,
        1405.46875,
        1107.1718967208014,
        820.898805460024,
        820.898805460024,
        59.94203332083493
    ],
    "Static Temperatures": [
        1.2698087753191583,
        44.11029440122737,
        120.50659961430016,
        470.5039472368338,
        1348.6972493163573,
        1058.0679405416938,
        779.7342180352883,
        670.8361316914302,
        4.4391862677623966
    ],
    "Total Pressures": [
        99.29823547694355,
        158.87717676310967,
        317.75435352621935,
        2618.990960704386,
        2409.4716838480354,
        895.5774419916074,
        293.3086829894516,
        293.3086829894516,
        158.87717676310967
    ],
    "Static Pressures": [
        84.124656235234,
        133.97926458691475,
        267.52254953831897,
        2220.060263506577,
        2057.698762766131,
        764.0874511201084,
        249.37304994218627,
        158.57883187492075,
        84.07825298491309
    ],
    "Entropies": [
        6834.413225585567,
        6845.607178771453,
        6865.411001852655,
        6921.0230045557455,
        7985.99674066112,
        8017.402943566598,
        8049.90646881569,
        8049.90646881569,
        6845.607178771453
    ],
    "Specifice Volumes": [
        0.9354134467594015,
        0.6780422909737055,
        0.42158869626980144,
        0.09611295915422693,
        0.2261995478507243,
        0.500000135360865,
        1.211557934342458,
        1.707974755973094,
        0.9458112098493389
    ],
    "Performance": {
        "Thrust": 99999.99999999999,
        "OPR": 25.847499999999997,
        "T4": 1405.46875,
        "Thermal Efficiency": 0.41706171470889963,
        "SFC": 0.0557610855499418,
        "TSFC": 8.020376625456102,
        "Air Mass Flow Rate": 187.32556980822326,
        "Fuel Mass Flow Rate": 0.80203766254561,
        "Core EGT": 820.898805460024,
        "Bypass EGT": 59.94203332083493,
        "FAR": 0.026117255356740157,
        "Specific Thrust": 0.5338299523251212
    },
    "Pressure Ratios": {
        "Fan": 1.6,
        "LPC": 2.0,
        "HPC": 8.2421875,
        "HPT": 2.690411315508117,
        "LPT": 3.0533615059183754
    },
    "Mechanical Parameters": {
        "LP Shaft Speed": 5490.0,
        "Fan Power": 8.46457095167884,
        "Fan Efficiency": 0.92,
        "LPC Power": 2.4832074109240443,
        "LPC Efficiency": 0.9,
        "LPT Power": 11.17120241081927,
        "LPT Efficiency": 0.91,
        "HP Shaft Speed": 15183.0,
        "HPC Power": 11.747173457439063,
        "HPC Efficiency": 0.89,
        "HPT Power": 12.140617292836202,
        "HPT Efficiency": 0.9000000000000004,
        "Burner Power": 6.202853604307354,
        "Burner Efficiency": 0.1798574008914367
    }
}