{
    "Stages": [
        "0. Fan Inlet",
        "1. LPC Inlet",
        "2. HPC Inlet",
        "3. Burner Inlet",
        "4. HPT Inlet",
        "5. LPT Inlet",
        "6. Core Nozz Inlet",
        "7. Core Nozz Outlet",
        "8. Byp Nozz Outlet"
    ],
    "Total Temperatures": [
        15.000057655676706,
        59.942033320834994,
        139.95697080771498,
        482.39665668477534,
        1410.1562499999998,
        1130.9395584494496,
        846.2410351651773,
        846.2410351651773,
        59.94203332083493
    ],
    "Static Temperatures": [
        1.2698087753191583,
        44.11029440122737,
        120.50659961430016,
        449.81605240115726,
        1353.3592327896108,
        1081.2477575898004,
        804.4234442730307,
        693.6918946094046,
        4.4391862677623966
    ],
    "Total Pressures": [
        99.29823547694355,
        158.87717676310967,
        317.75435352621935,
        2376.9515117293363,
        2186.795390790989,
        872.592201900222,
        292.1898574625692,
        292.1898574625691,
        158.87717676310967
    ],
    "Static Pressures": [
        84.124656235234,
        133.97926458691475,
        267.52254953831897,
        2010.365080543054,
        1868.636492345674,
        744.1066373351428,
        248.5347367194048,
        158.23706277735877,
        84.07825298491305
    ],
    "Entropies": [
        6834.413225585567,
        6845.607178771453,
        6865.411001852655,
        6918.94564532194,
        8020.144981010131,
        8049.111593417666,
        8080.7772206686595,
        8080.7772206686595,
        6845.607178771453
    ],
    "Specifice Volumes": [
        0.9354134467594015,
        0.6780422909737055,
        0.42158869626980144,
        0.10320168733968038,
        0.24979763839484379,
        0.5223258368280093,
        1.2440874176797994,
        1.7532739955126102,
        0.9458112098493391
    ],
    "Performance": {
        "Thrust": 99999.99999999999,
        "OPR": 23.45875,
        "T4": 1410.1562499999998,
        "Thermal Efficiency": 0.4094095674545425,
        "SFC": 0.05680329870666862,
        "TSFC": 8.215032519772429,
        "Air Mass Flow Rate": 186.65971255004322,
        "Fuel Mass Flow Rate": 0.8215032519772427,
        "Core EGT": 846.2410351651773,
        "Bypass EGT": 59.94203332083493,
        "FAR": 0.026846552845288953,
        "Specific Thrust": 0.5357342440629235
    },
    "Pressure Ratios": {
        "Fan": 1.6,
        "LPC": 2.0,
        "HPC": 7.48046875,
        "HPT": 2.506090916270922,
        "LPT": 2.9863877188550423
    },
    "Mechanical Parameters": {
        "LP Shaft Speed": 5490.0,
        "Fan Power": 8.434483249229437,
        "Fan Efficiency": 0.92,
        "LPC Power": 2.4743807372359674,
        "LPC Efficiency": 0.9,
        "LPT Power": 11.131493863740205,
        "LPT Efficiency": 0.9099999999999996,
        "HP Shaft Speed": 15183.0,
        "HPC Power": 10.99042654363884,
        "HPC Efficiency": 0.89,
        "HPT Power": 11.368426564468628,
        "HPT Efficiency": 0.9000000000000001,
        "Burner Power": 6.209924790242191,
        "Burner Efficiency": 0.17579584163475512
    }
}