{
    "Stages": [
        "0. Fan Inlet",
        "1. LPC Inlet",
        "2. HPC Inlet",
        "3. Burner Inlet",
        "4. HPT Inlet",
        "5. LPT Inlet",
        "6. Core Nozz Inlet",
        "7. Core Nozz Outlet",
        "8. Byp Nozz Outlet"
    ],
    "Total Temperatures": [
        15.000057655676706,
        59.942033320834994,
        139.95697080771498,
        529.500585114162,
        1315.2343749999998,
        987.5195309162309,
        692.7338204650798,
        692.7338204650798,
        59.94203332083493
    ],
    "Static Temperatures": [
        1.2698087753191583,
        44.11029440122737,
        120.50659961430016,
        495.3457105453464,
        1260.2986283876626,
        941.3308309467061,
        655.0418645579696,
        555.7510923415888,
        4.4391862677623966
    ],
    "Total Pressures": [
        99.29823547694355,
        158.87717676310967,
        317.75435352621935,
        2947.9163657217614,
        2712.0830564640232,
        862.158007957518,
        246.92060260764293,
        246.92060260764282,
        158.87717676310967
    ],
    "Static Pressures": [
        84.124656235234,
        133.97926458691475,
        267.52254953831897,
        2498.145607282413,
        2314.096519861969,
        734.3027920517515,
        210.10319245566748,
        133.30863694000638,
        84.078252984913
    ],
    "Entropies": [
        6834.413225585567,
        6845.607178771453,
        6865.411001852655,
        6923.152398587364,
        7865.385242986962,
        7902.509575737551,
        7939.567802482841,
        7939.567802482841,
        6845.607178771453
    ],
    "Specifice Volumes": [
        0.9354134467594015,
        0.6780422909737055,
        0.42158869626980144,
        0.08826038221360002,
        0.19017519617107778,
        0.47461190240187345,
        1.26781556424171,
        1.784134949732833,
        0.9458112098493399
    ],
    "Performance": {
        "Thrust": 99999.99999999999,
        "OPR": 29.093749999999993,
        "T4": 1315.2343749999998,
        "Thermal Efficiency": 0.4623242297445594,
        "SFC": 0.05030195792752964,
        "TSFC": 7.07626244311807,
        "Air Mass Flow Rate": 191.9899356955151,
        "Fuel Mass Flow Rate": 0.7076262443118069,
        "Core EGT": 692.7338204650798,
        "Bypass EGT": 59.94203332083493,
        "FAR": 0.022483053992724766,
        "Specific Thrust": 0.5208606359376784
    },
    "Pressure Ratios": {
        "Fan": 1.6,
        "LPC": 2.0,
        "HPC": 9.27734375,
        "HPT": 3.1456914294504332,
        "LPT": 3.4916406280098373
    },
    "Mechanical Parameters": {
        "LP Shaft Speed": 5490.0,
        "Fan Power": 8.675336924727752,
        "Fan Efficiency": 0.92,
        "LPC Power": 2.545038734594604,
        "LPC Efficiency": 0.9,
        "LPT Power": 11.449362917675874,
        "LPT Efficiency": 0.9099999999999998,
        "HP Shaft Speed": 15183.0,
        "HPC Power": 12.926791585318593,
        "HPC Efficiency": 0.89,
        "HPT Power": 13.344309260060221,
        "HPT Efficiency": 0.8999999999999999,
        "Burner Power": 5.664603028120531,
        "Burner Efficiency": 0.18616459635475383
    }
}