{
    "Stages": [
        "0. Fan Inlet",
        "1. LPC Inlet",
        "2. HPC Inlet",
        "3. Burner Inlet",
        "4. HPT Inlet",
        "5. LPT Inlet",
        "6. Core Nozz Inlet",
        "7. Core Nozz Outlet",
        "8. Byp Nozz Outlet"
    ],
    "Total Temperatures": [
        15.000057655676706,
        59.942033320834994,
        139.95697080771498,
        531.4678945217429,
        1350.3906249999998,
        1023.5142344257215,
        731.3538374159702,
        731.3538374159702,
        59.94203332083493
    ],
    "Static Temperatures": [
        1.2698087753191583,
        44.11029440122737,
        120.50659961430016,
        497.2478273027393,
        1294.696253675331,
        976.4257884220943,
        692.6010252231812,
        590.3691684523658,
        4.4391862677623966
    ],
    "Total Pressures": [
        99.29823547694355,
        158.87717676310967,
        317.75435352621935,
        2972.740924590997,
        2734.9216506237203,
        890.0537064522109,
        266.7676756135706,
        266.7676756135704,
        158.87717676310967
    ],
    "Static Pressures": [
        84.124656235234,
        133.97926458691475,
        267.52254953831897,
        2519.6175902780133,
        2334.4823175851016,
        758.5715142079683,
        226.8562741813451,
        143.97467277744497,
        84.07825298491291
    ],
    "Entropies": [
        6834.413225585567,
        6845.607178771453,
        6865.411001852655,
        6923.3415372512145,
        7895.836254891519,
        7932.068124571435,
        7967.614693039613,
        7967.614693039613,
        6845.607178771453
    ],
    "Specifice Volumes": [
        0.9354134467594015,
        0.6780422909737055,
        0.42158869626980144,
        0.08772468444180605,
        0.1927434907268468,
        0.47270591075062174,
        1.221611321327365,
        1.720971699725459,
        0.9458112098493411
    ],
    "Performance": {
        "Thrust": 99999.99999999999,
        "OPR": 29.338749999999997,
        "T4": 1350.3906249999998,
        "Thermal Efficiency": 0.4474315672695284,
        "SFC": 0.05197624766488435,
        "TSFC": 7.355111905542078,
        "Air Mass Flow Rate": 190.380556390529,
        "Fuel Mass Flow Rate": 0.7355111905542077,
        "Core EGT": 731.3538374159702,
        "Bypass EGT": 59.94203332083493,
        "FAR": 0.02356657816030979,
        "Specific Thrust": 0.5252637238588024
    },
    "Pressure Ratios": {
        "Fan": 1.6,
        "LPC": 2.0,
        "HPC": 9.35546875,
        "HPT": 3.072760251204644,
        "LPT": 3.3364376115099814
    },
    "Mechanical Parameters": {
        "LP Shaft Speed": 5490.0,
        "Fan Power": 8.60261484343813,
        "Fan Efficiency": 0.92,
        "LPC Power": 2.523704633642873,
        "LPC Efficiency": 0.9,
        "LPT Power": 11.353387221511225,
        "LPT Efficiency": 0.9100000000000003,
        "HP Shaft Speed": 15183.0,
        "HPC Power": 12.885958134952281,
        "HPC Efficiency": 0.89,
        "HPT Power": 13.30264247397214,
        "HPT Efficiency": 0.8999999999999996,
        "Burner Power": 5.87801734751913,
        "Burner Efficiency": 0.18585451806148603
    }
}