{
    "Stages": [
        "0. Fan Inlet",
        "1. LPC Inlet",
        "2. HPC Inlet",
        "3. Burner Inlet",
        "4. HPT Inlet",
        "5. LPT Inlet",
        "6. Core Nozz Inlet",
        "7. Core Nozz Outlet",
        "8. Byp Nozz Outlet"
    ],
    "Total Temperatures": [
        15.000057655676706,
        59.942033320834994,
        139.95697080771498,
        526.05779278988,
        1305.8593749999998,
        980.5639059416927,
        685.2857289718537,
        685.2857289718537,
        59.94203332083493
    ],
    "Static Temperatures": [
        1.2698087753191583,
        44.11029440122737,
        120.50659961430016,
        492.01706349390224,
        1251.1201166664885,
        934.5620373698098,
        647.783748427614,
        549.0837721873731,
        4.4391862677623966
    ],
    "Total Pressures": [
        99.29823547694355,
        158.87717676310967,
        317.75435352621935,
        2904.4733877005983,
        2672.1155166845506,
        852.9533094984646,
        242.594917888055,
        242.59491788805488,
        158.87717676310967
    ],
    "Static Pressures": [
        84.124656235234,
        133.97926458691475,
        267.52254953831897,
        2460.5703412094263,
        2278.935381551514,
        726.4867030275014,
        206.27776585056114,
        130.88910290022804,
        84.07825298491288
    ],
    "Entropies": [
        6834.413225585567,
        6845.607178771453,
        6865.411001852655,
        6922.821405937059,
        7860.965101837538,
        7897.945170588515,
        7935.332564857576,
        7935.332564857576,
        6845.607178771453
    ],
    "Specifice Volumes": [
        0.9354134467594015,
        0.6780422909737055,
        0.42158869626980144,
        0.08922295205582183,
        0.19194816498566084,
        0.4770670789298799,
        1.2812444841342332,
        1.8029395232282224,
        0.9458112098493415
    ],
    "Performance": {
        "Thrust": 99999.99999999999,
        "OPR": 28.664999999999996,
        "T4": 1305.8593749999998,
        "Thermal Efficiency": 0.46537813131363354,
        "SFC": 0.04997186672232245,
        "TSFC": 7.022540065536826,
        "Air Mass Flow Rate": 192.32643637921126,
        "Fuel Mass Flow Rate": 0.7022540065536825,
        "Core EGT": 685.2857289718537,
        "Bypass EGT": 59.94203332083493,
        "FAR": 0.022273326125229958,
        "Specific Thrust": 0.5199493209702557
    },
    "Pressure Ratios": {
        "Fan": 1.6,
        "LPC": 2.0,
        "HPC": 9.140625,
        "HPT": 3.13278052494544,
        "LPT": 3.5159570403369216
    },
    "Mechanical Parameters": {
        "LP Shaft Speed": 5490.0,
        "Fan Power": 8.690542184294564,
        "Fan Efficiency": 0.92,
        "LPC Power": 2.5494994229693453,
        "LPC Efficiency": 0.9,
        "LPT Power": 11.469430211493785,
        "LPT Efficiency": 0.9100000000000001,
        "HP Shaft Speed": 15183.0,
        "HPC Power": 12.830068325704282,
        "HPC Efficiency": 0.89,
        "HPT Power": 13.245612056372151,
        "HPT Efficiency": 0.9000000000000002,
        "Burner Power": 5.608472687496324,
        "Burner Efficiency": 0.18572994410344454
    }
}