{
    "Stages": [
        "0. Fan Inlet",
        "1. LPC Inlet",
        "2. HPC Inlet",
        "3. Burner Inlet",
        "4. HPT Inlet",
        "5. LPT Inlet",
        "6. Core Nozz Inlet",
        "7. Core Nozz Outlet",
        "8. Byp Nozz Outlet"
    ],
    "Total Temperatures": [
        15.000057655676706,
        59.942033320834994,
        139.95697080771498,
        500.50668997858105,
        1350.3906249999998,
        1051.2887755011102,
        761.1178076388767,
        761.1178076388767,
        59.94203332083493
    ],
    "Static Temperatures": [
        1.2698087753191583,
        44.11029440122737,
        120.50659961430016,
        467.3210025677772,
        1294.7921842230633,
        1003.5288967424017,
        721.565909159021,
        617.0974649172068,
        4.4391862677623966
    ],
    "Total Pressures": [
        99.29823547694355,
        158.87717676310967,
        317.75435352621935,
        2581.754122400532,
        2375.2137926084897,
        857.3452314605896,
        265.1536642200011,
        265.15366422000096,
        158.87717676310967
    ],
    "Static Pressures": [
        84.124656235234,
        133.97926458691484,
        267.52254953831897,
        2187.7973616229997,
        2027.7115279804286,
        730.715836123556,
        225.57015983679034,
        143.27991288652277,
        84.07825298491287
    ],
    "Entropies": [
        6834.413225585567,
        6845.607178771453,
        6865.411001852655,
        6920.703410829637,
        7939.569327765257,
        7972.062416221566,
        8006.562298289306,
        8006.562298289307,
        6845.607178771453
    ],
    "Specifice Volumes": [
        0.9354134467594015,
        0.678042290973703,
        0.42158869626980144,
        0.0971052017440814,
        0.22191666775847632,
        0.5013928067455192,
        1.2656056951420842,
        1.7833028846583154,
        0.9458112098493416
    ],
    "Performance": {
        "Thrust": 99999.99999999999,
        "OPR": 25.479999999999997,
        "T4": 1350.3906249999998,
        "Thermal Efficiency": 0.4369652795504027,
        "SFC": 0.05322119408987478,
        "TSFC": 7.581473055247352,
        "Air Mass Flow Rate": 189.57043015795145,
        "Fuel Mass Flow Rate": 0.7581473055247351,
        "Core EGT": 761.1178076388767,
        "Bypass EGT": 59.94203332083493,
        "FAR": 0.024395674788771388,
        "Specific Thrust": 0.5275084300683354
    },
    "Pressure Ratios": {
        "Fan": 1.6,
        "LPC": 2.0,
        "HPC": 8.125,
        "HPT": 2.7704286505006044,
        "LPT": 3.233390094693318
    },
    "Mechanical Parameters": {
        "LP Shaft Speed": 5490.0,
        "Fan Power": 8.566008143229029,
        "Fan Efficiency": 0.92,
        "LPC Power": 2.5129655152909036,
        "LPC Efficiency": 0.9,
        "LPT Power": 11.305075161755031,
        "LPT Efficiency": 0.9099999999999997,
        "HP Shaft Speed": 15183.0,
        "HPC Power": 11.776234583943616,
        "HPC Efficiency": 0.89,
        "HPT Power": 12.17027150355514,
        "HPT Efficiency": 0.9,
        "Burner Power": 5.873460395945415,
        "Burner Efficiency": 0.1801656501789576
    }
}