{
    "Stages": [
        "0. Fan Inlet",
        "1. LPC Inlet",
        "2. HPC Inlet",
        "3. Burner Inlet",
        "4. HPT Inlet",
        "5. LPT Inlet",
        "6. Core Nozz Inlet",
        "7. Core Nozz Outlet",
        "8. Byp Nozz Outlet"
    ],
    "Total Temperatures": [
        15.000057655676706,
        59.942033320834994,
        139.95697080771498,
        466.58158415640156,
        1432.4218749999998,
        1168.2479870703835,
        886.0485822668362,
        886.0485822668362,
        59.94203332083493
    ],
    "Static Temperatures": [
        1.2698087753191583,
        44.11029440122737,
        120.50659961430016,
        434.5464229759152,
        1375.248613197223,
        1117.688826592309,
        843.1952727216299,
        729.5991706931766,
        4.4391862677623966
    ],
    "Total Pressures": [
        99.29823547694355,
        158.87717676310967,
        317.75435352621935,
        2203.179599644685,
        2026.9252316731124,
        860.636061787267,
        298.69835845950985,
        298.69835845950985,
        158.87717676310967
    ],
    "Static Pressures": [
        84.124656235234,
        133.97926458691475,
        267.52254953831886,
        1865.9861450832054,
        1731.5846962186026,
        734.0648378739063,
        254.21557828911952,
        161.86364104132502,
        84.07825298491288
    ],
    "Entropies": [
        6834.413225585567,
        6845.607178771453,
        6865.411001852655,
        6917.529801816123,
        8063.521039728434,
        8090.385074349763,
        8120.8864015804265,
        8120.8864015804265,
        6845.607178771453
    ],
    "Specifice Volumes": [
        0.9354134467594015,
        0.6780422909737055,
        0.42158869626980155,
        0.10881153267247026,
        0.2732170859583676,
        0.5437208667362221,
        1.2600704373757037,
        1.7776197431817322,
        0.9458112098493415
    ],
    "Performance": {
        "Thrust": 99999.99999999999,
        "OPR": 21.74375,
        "T4": 1432.4218749999998,
        "Thermal Efficiency": 0.39791139629063044,
        "SFC": 0.05844470444998907,
        "TSFC": 8.51780840145637,
        "Air Mass Flow Rate": 185.48704470630278,
        "Fuel Mass Flow Rate": 0.8517808401456369,
        "Core EGT": 886.0485822668362,
        "Bypass EGT": 59.94203332083493,
        "FAR": 0.02801200015405621,
        "Specific Thrust": 0.5391212101003516
    },
    "Pressure Ratios": {
        "Fan": 1.6,
        "LPC": 2.0,
        "HPC": 6.93359375,
        "HPT": 2.3551479210199884,
        "LPT": 2.8812882207517396
    },
    "Mechanical Parameters": {
        "LP Shaft Speed": 5490.0,
        "Fan Power": 8.38149459329605,
        "Fan Efficiency": 0.92,
        "LPC Power": 2.4588357292420784,
        "LPC Efficiency": 0.9,
        "LPT Power": 11.061561553610337,
        "LPT Efficiency": 0.9100000000000001,
        "HP Shaft Speed": 15183.0,
        "HPC Power": 10.399573393721205,
        "HPC Efficiency": 0.89,
        "HPT Power": 10.765515187001661,
        "HPT Efficiency": 0.9000000000000001,
        "Burner Power": 6.318896015581387,
        "Burner Efficiency": 0.17252215969623605
    }
}