{
    "Stages": [
        "0. Fan Inlet",
        "1. LPC Inlet",
        "2. HPC Inlet",
        "3. Burner Inlet",
        "4. HPT Inlet",
        "5. LPT Inlet",
        "6. Core Nozz Inlet",
        "7. Core Nozz Outlet",
        "8. Byp Nozz Outlet"
    ],
    "Total Temperatures": [
        15.000057655676706,
        59.9420333208348,
        139.95697080771538,
        473.30397315798217,
        1351.5624999999998,
        1076.6135114367685,
        788.2277908676093,
        788.2277908676093,
        59.9420333208348
    ],
    "Static Temperatures": [
        1.2698087753191583,
        44.11029440122724,
        120.50659961430054,
        441.0425518146943,
        1296.0251739788143,
        1028.2529958884274,
        747.9241873957664,
        641.4259631743291,
        4.4391862677623335
    ],
    "Total Pressures": [
        99.29823547694355,
        158.8771767631097,
        317.7543535262194,
        2271.447136535084,
        2089.7313656122797,
        823.1334185726248,
        261.9902729452916,
        261.99027294529157,
        158.8771767631097
    ],
    "Static Pressures": [
        84.12465623523384,
        133.97926458691475,
        267.5225495383189,
        1925.243399911874,
        1784.5192707667593,
        701.5753441094851,
        222.7734874458759,
        141.52555728289641,
        84.07825298491295
    ],
    "Entropies": [
        6834.413225585567,
        6845.607178771453,
        6865.411001852656,
        6918.187419400665,
        7980.304962561718,
        8009.672837141539,
        8043.27672433931,
        8043.27672433931,
        6845.607178771453
    ],
    "Specifice Volumes": [
        0.9354134467594031,
        0.6780422909737032,
        0.4215886962698021,
        0.1064584375238479,
        0.252359235714429,
        0.5323968520655545,
        1.3152965817900761,
        1.854228756602328,
        0.9458112098493403
    ],
    "Performance": {
        "Thrust": 99999.99999999999,
        "OPR": 22.417500000000004,
        "T4": 1351.5624999999998,
        "Thermal Efficiency": 0.4279157193979834,
        "SFC": 0.05434671571824001,
        "TSFC": 7.791025001811631,
        "Air Mass Flow Rate": 188.91027888083215,
        "Fuel Mass Flow Rate": 0.7791025001811631,
        "Core EGT": 788.2277908676093,
        "Bypass EGT": 59.9420333208348,
        "FAR": 0.025157578927206336,
        "Specific Thrust": 0.5293518203055626
    },
    "Pressure Ratios": {
        "Fan": 1.6,
        "LPC": 2.0,
        "HPC": 7.1484375,
        "HPT": 2.538751699859338,
        "LPT": 3.1418472499721775
    },
    "Mechanical Parameters": {
        "LP Shaft Speed": 5490.0,
        "Fan Power": 8.536178273608225,
        "Fan Efficiency": 0.92,
        "LPC Power": 2.5042144806865574,
        "LPC Efficiency": 0.9,
        "LPT Power": 11.265706892137532,
        "LPT Efficiency": 0.9099999999999999,
        "HP Shaft Speed": 15183.0,
        "HPC Power": 10.817068182297273,
        "HPC Efficiency": 0.89,
        "HPT Power": 11.191530277385398,
        "HPT Efficiency": 0.9,
        "Burner Power": 5.865055013774548,
        "Burner Efficiency": 0.17506891351985013
    }
}