{
    "Stages": [
        "0. Fan Inlet",
        "1. LPC Inlet",
        "2. HPC Inlet",
        "3. Burner Inlet",
        "4. HPT Inlet",
        "5. LPT Inlet",
        "6. Core Nozz Inlet",
        "7. Core Nozz Outlet",
        "8. Byp Nozz Outlet"
    ],
    "Total Temperatures": [
        15.000057655676706,
        59.942033320834994,
        139.95697080771498,
        497.7627473389082,
        1341.015625,
        1043.7088594280692,
        753.0142014405266,
        753.0142014405266,
        59.94203332083493
    ],
    "Static Temperatures": [
        1.2698087753191583,
        44.11029440122737,
        120.50659961430016,
        464.6686019106419,
        1285.6076075141177,
        996.1486485982846,
        713.6556055273526,
        609.7887746675262,
        4.4391862677623966
    ],
    "Total Pressures": [
        99.29823547694355,
        158.87717676310967,
        317.75435352621935,
        2550.723423813987,
        2346.665549908869,
        848.6969077321872,
        260.3584827852851,
        260.35848278528505,
        158.87717676310967
    ],
    "Static Pressures": [
        84.124656235234,
        133.97926458691475,
        267.52254953831886,
        2160.9121947112776,
        2002.4857499072061,
        723.4018579298306,
        221.2882679514762,
        140.47392131819933,
        84.07825298491292
    ],
    "Entropies": [
        6834.413225585567,
        6845.607178771453,
        6865.411001852655,
        6920.437082723944,
        7934.501745975751,
        7966.935662157114,
        8001.716007987922,
        8001.716007987922,
        6845.607178771453
    ],
    "Specifice Volumes": [
        0.9354134467594015,
        0.6780422909737055,
        0.42158869626980155,
        0.09795754005651998,
        0.223389684000149,
        0.5035883446591052,
        1.2796778037841048,
        1.8035683166172904,
        0.9458112098493409
    ],
    "Performance": {
        "Thrust": 99999.99999999999,
        "OPR": 25.17375,
        "T4": 1341.015625,
        "Thermal Efficiency": 0.43986991685252835,
        "SFC": 0.05286975322134875,
        "TSFC": 7.523289606348344,
        "Air Mass Flow Rate": 189.9290246054375,
        "Fuel Mass Flow Rate": 0.7523289606348343,
        "Core EGT": 753.0142014405266,
        "Bypass EGT": 59.94203332083493,
        "FAR": 0.024162745369783276,
        "Specific Thrust": 0.5265124706860475
    },
    "Pressure Ratios": {
        "Fan": 1.6,
        "LPC": 2.0,
        "HPC": 8.02734375,
        "HPT": 2.7650219159857907,
        "LPT": 3.2597244332234747
    },
    "Mechanical Parameters": {
        "LP Shaft Speed": 5490.0,
        "Fan Power": 8.582211740777037,
        "Fan Efficiency": 0.92,
        "LPC Power": 2.5177190809169168,
        "LPC Efficiency": 0.9,
        "LPT Power": 11.326460022136686,
        "LPT Efficiency": 0.9099999999999997,
        "HP Shaft Speed": 15183.0,
        "HPC Power": 11.70523967217983,
        "HPC Efficiency": 0.89,
        "HPT Power": 12.09782771604108,
        "HPT Efficiency": 0.8999999999999999,
        "Burner Power": 5.817702859110316,
        "Burner Efficiency": 0.1798354475334582
    }
}