{
    "Stages": [
        "0. Fan Inlet",
        "1. LPC Inlet",
        "2. HPC Inlet",
        "3. Burner Inlet",
        "4. HPT Inlet",
        "5. LPT Inlet",
        "6. Core Nozz Inlet",
        "7. Core Nozz Outlet",
        "8. Byp Nozz Outlet"
    ],
    "Total Temperatures": [
        15.000057655676706,
        59.942033320834994,
        139.95697080771498,
        503.250631975832,
        1342.1875,
        1040.0716749238607,
        749.1073566872127,
        749.1073566872127,
        59.94203332083493
    ],
    "Static Temperatures": [
        1.2698087753191583,
        44.11029440122737,
        120.50659961430016,
        469.9734516190097,
        1286.739943404414,
        992.5981102320561,
        709.8576802289565,
        606.2848850545339,
        4.4391862677623966
    ],
    "Total Pressures": [
        99.29823547694355,
        158.87717676310967,
        317.75435352621935,
        2612.7848209870767,
        2403.7620353081084,
        853.9276587601677,
        260.9245530724588,
        260.9245530724587,
        158.87717676310967
    ],
    "Static Pressures": [
        84.124656235234,
        133.97926458691475,
        267.52254953831897,
        2214.6830600395415,
        2051.7889473093305,
        727.8507952205332,
        221.78342625031755,
        140.77810956429965,
        84.07825298491294
    ],
    "Entropies": [
        6834.413225585567,
        6845.607178771453,
        6865.411001852655,
        6920.969738934783,
        7928.358576358715,
        7961.404211550242,
        7996.197837416944,
        7996.197837416944,
        6845.607178771453
    ],
    "Specifice Volumes": [
        0.9354134467594015,
        0.6780422909737055,
        0.42158869626980144,
        0.09627607183186956,
        0.21818016994308367,
        0.4991064837538658,
        1.2718144811341903,
        1.7923907462413529,
        0.9458112098493409
    ],
    "Performance": {
        "Thrust": 99999.99999999999,
        "OPR": 25.786249999999995,
        "T4": 1342.1875,
        "Thermal Efficiency": 0.4412159801286892,
        "SFC": 0.05270845799081294,
        "TSFC": 7.493451783974577,
        "Air Mass Flow Rate": 190.0255097528474,
        "Fuel Mass Flow Rate": 0.7493451783974576,
        "Core EGT": 749.1073566872127,
        "Bypass EGT": 59.94203332083493,
        "FAR": 0.02405469452059185,
        "Specific Thrust": 0.5262451348245972
    },
    "Pressure Ratios": {
        "Fan": 1.6,
        "LPC": 2.0,
        "HPC": 8.22265625,
        "HPT": 2.8149480938445905,
        "LPT": 3.272699516794925
    },
    "Mechanical Parameters": {
        "LP Shaft Speed": 5490.0,
        "Fan Power": 8.586571558696559,
        "Fan Efficiency": 0.92,
        "LPC Power": 2.5189980981559277,
        "LPC Efficiency": 0.9,
        "LPT Power": 11.332213935563763,
        "LPT Efficiency": 0.91,
        "HP Shaft Speed": 15183.0,
        "HPC Power": 11.897822822222793,
        "HPC Efficiency": 0.89,
        "HPT Power": 12.294341134452262,
        "HPT Efficiency": 0.9000000000000001,
        "Burner Power": 5.82657781029706,
        "Burner Efficiency": 0.18082695858746292
    }
}