{
    "Stages": [
        "0. Fan Inlet",
        "1. LPC Inlet",
        "2. HPC Inlet",
        "3. Burner Inlet",
        "4. HPT Inlet",
        "5. LPT Inlet",
        "6. Core Nozz Inlet",
        "7. Core Nozz Outlet",
        "8. Byp Nozz Outlet"
    ],
    "Total Temperatures": [
        15.000057655676706,
        59.942033320834994,
        139.95697080771498,
        504.3482085948541,
        1307.0312499999998,
        1001.5120361543203,
        707.7410823415419,
        707.7410823415419,
        59.94203332083493
    ],
    "Static Temperatures": [
        1.2698087753191583,
        44.11029440122737,
        120.50659961430016,
        471.0344447905791,
        1252.334835434019,
        954.9819858035244,
        669.623853839044,
        569.1887168703655,
        4.4391862677623966
    ],
    "Total Pressures": [
        99.29823547694355,
        158.87717676310967,
        317.75435352621935,
        2625.197100421695,
        2415.1813323879596,
        830.2144284589418,
        242.44375615298713,
        242.443756152987,
        158.87717676310967
    ],
    "Static Pressures": [
        84.124656235234,
        133.97926458691475,
        267.52254953831897,
        2225.437488235511,
        2060.9955693218167,
        706.9890274960042,
        206.2269849392901,
        130.8901692891982,
        84.07825298491287
    ],
    "Entropies": [
        6834.413225585567,
        6845.607178771453,
        6865.411001852655,
        6921.076270176687,
        7893.8992755200525,
        7928.100222091579,
        7964.481886497796,
        7964.481886497796,
        6845.607178771453
    ],
    "Specifice Volumes": [
        0.9354134467594015,
        0.6780422909737055,
        0.42158869626980144,
        0.09595073614692254,
        0.21241434361051115,
        0.49853531953256486,
        1.3116784417259693,
        1.846359474096194,
        0.9458112098493416
    ],
    "Performance": {
        "Thrust": 99999.99999999999,
        "OPR": 25.908749999999998,
        "T4": 1307.0312499999998,
        "Thermal Efficiency": 0.4566641524924885,
        "SFC": 0.05092542041357385,
        "TSFC": 7.192656010159907,
        "Air Mass Flow Rate": 191.6850147619104,
        "Fuel Mass Flow Rate": 0.7192656010159906,
        "Core EGT": 707.7410823415419,
        "Bypass EGT": 59.94203332083493,
        "FAR": 0.02288921839637401,
        "Specific Thrust": 0.5216891895498913
    },
    "Pressure Ratios": {
        "Fan": 1.6,
        "LPC": 2.0,
        "HPC": 8.26171875,
        "HPT": 2.9091054667299145,
        "LPT": 3.424358876600884
    },
    "Mechanical Parameters": {
        "LP Shaft Speed": 5490.0,
        "Fan Power": 8.661558640856569,
        "Fan Efficiency": 0.92,
        "LPC Power": 2.540996670700987,
        "LPC Efficiency": 0.9,
        "LPT Power": 11.431178889344444,
        "LPT Efficiency": 0.9099999999999999,
        "HP Shaft Speed": 15183.0,
        "HPC Power": 12.039380619901193,
        "HPC Efficiency": 0.89,
        "HPT Power": 12.438787866777155,
        "HPT Efficiency": 0.9,
        "Burner Power": 5.620771535331237,
        "Burner Efficiency": 0.1817348374732304
    }
}