{
    "Stages": [
        "0. Fan Inlet",
        "1. LPC Inlet",
        "2. HPC Inlet",
        "3. Burner Inlet",
        "4. HPT Inlet",
        "5. LPT Inlet",
        "6. Core Nozz Inlet",
        "7. Core Nozz Outlet",
        "8. Byp Nozz Outlet"
    ],
    "Total Temperatures": [
        15.000057655676706,
        59.942033320834994,
        139.95697080771498,
        488.98212657487846,
        1349.21875,
        1060.2913148869718,
        770.7284575446066,
        770.7284575446066,
        59.94203332083493
    ],
    "Static Temperatures": [
        1.2698087753191583,
        44.11029440122737,
        120.50659961430016,
        456.1812449782108,
        1293.6784216741016,
        1012.2941235828234,
        730.9092318177018,
        625.7191159956826,
        4.4391862677623966
    ],
    "Total Pressures": [
        99.29823547694355,
        158.87717676310967,
        317.75435352621935,
        2451.425188337044,
        2255.3111732700827,
        845.8737038081397,
        264.1862149816742,
        264.18621498167414,
        158.87717676310967
    ],
    "Static Pressures": [
        84.124656235234,
        133.97926458691475,
        267.52254953831897,
        2074.8832318902278,
        1927.151619793995,
        720.6491040396503,
        224.71088920644948,
        142.74159200246632,
        84.07825298491285
    ],
    "Entropies": [
        6834.413225585567,
        6845.607178771453,
        6865.411001852655,
        6919.584832782045,
        7954.111742987091,
        7985.2846483443645,
        8019.400671477625,
        8019.400671477625,
        6845.607178771453
    ],
    "Specifice Volumes": [
        0.9354134467594015,
        0.6780422909737055,
        0.42158869626980144,
        0.10085114421657981,
        0.2333286888237058,
        0.5118660185444377,
        1.2821251776827318,
        1.806887560616879,
        0.9458112098493415
    ],
    "Performance": {
        "Thrust": 99999.99999999999,
        "OPR": 24.193749999999998,
        "T4": 1349.21875,
        "Thermal Efficiency": 0.4337149326896831,
        "SFC": 0.05362004441319889,
        "TSFC": 7.6554828121538785,
        "Air Mass Flow Rate": 189.33403333808982,
        "Fuel Mass Flow Rate": 0.7655482812153878,
        "Core EGT": 770.7284575446066,
        "Bypass EGT": 59.94203332083493,
        "FAR": 0.02466458054625087,
        "Specific Thrust": 0.5281670613409057
    },
    "Pressure Ratios": {
        "Fan": 1.6,
        "LPC": 2.0,
        "HPC": 7.71484375,
        "HPT": 2.666250485287139,
        "LPT": 3.2018086328494286
    },
    "Mechanical Parameters": {
        "LP Shaft Speed": 5490.0,
        "Fan Power": 8.555326218404145,
        "Fan Efficiency": 0.92,
        "LPC Power": 2.50983181423984,
        "LPC Efficiency": 0.9,
        "LPT Power": 11.290977584330598,
        "LPT Efficiency": 0.9100000000000001,
        "HP Shaft Speed": 15183.0,
        "HPC Power": 11.371038359959174,
        "HPC Efficiency": 0.89,
        "HPT Power": 11.756805968877137,
        "HPT Efficiency": 0.8999999999999998,
        "Burner Power": 5.860997021554724,
        "Burner Efficiency": 0.17804527769147635
    }
}