{
    "Stages": [
        "0. Fan Inlet",
        "1. LPC Inlet",
        "2. HPC Inlet",
        "3. Burner Inlet",
        "4. HPT Inlet",
        "5. LPT Inlet",
        "6. Core Nozz Inlet",
        "7. Core Nozz Outlet",
        "8. Byp Nozz Outlet"
    ],
    "Total Temperatures": [
        15.000057655676706,
        59.942033320834994,
        139.95697080771498,
        514.0235595972823,
        1441.7968749999998,
        1137.0319530749086,
        852.7753757204035,
        852.7753757204035,
        59.94203332083493
    ],
    "Static Temperatures": [
        1.2698087753191583,
        44.11029440122737,
        120.50659961430016,
        480.3824037974446,
        1384.2582677168598,
        1087.2097565640229,
        810.7812942738461,
        699.5728980005339,
        4.4391862677623966
    ],
    "Total Pressures": [
        99.29823547694355,
        158.87717676310967,
        317.75435352621935,
        2749.3198947678743,
        2529.3743031864446,
        932.9298700090206,
        315.52554187223603,
        315.52554187223603,
        158.87717676310967
    ],
    "Static Pressures": [
        84.124656235234,
        133.97926458691475,
        267.52254953831897,
        2326.387892060874,
        2161.6368684113886,
        796.3276940605565,
        268.6359919555512,
        170.9791787859842,
        84.078252984913
    ],
    "Entropies": [
        6834.413225585567,
        6845.607178771453,
        6865.411001852655,
        6921.996969449502,
        8003.836649854396,
        8035.431504694902,
        8066.903309556908,
        8066.903309556908,
        6845.607178771453
    ],
    "Specifice Volumes": [
        0.9354134467594015,
        0.6780422909737055,
        0.42158869626980144,
        0.09297207224362525,
        0.2200441667730904,
        0.4902333171026873,
        1.1578106498193739,
        1.632360038869872,
        0.9458112098493399
    ],
    "Performance": {
        "Thrust": 99999.99999999999,
        "OPR": 27.13375,
        "T4": 1441.7968749999998,
        "Thermal Efficiency": 0.40719728174559533,
        "SFC": 0.057111908639944954,
        "TSFC": 8.251835015875727,
        "Air Mass Flow Rate": 186.05191354164276,
        "Fuel Mass Flow Rate": 0.8251835015875726,
        "Core EGT": 852.7753757204035,
        "Bypass EGT": 59.94203332083493,
        "FAR": 0.02705491851099694,
        "Specific Thrust": 0.5374843939867227
    },
    "Pressure Ratios": {
        "Fan": 1.6,
        "LPC": 2.0,
        "HPC": 8.65234375,
        "HPT": 2.711215906465958,
        "LPT": 2.9567491255169576
    },
    "Mechanical Parameters": {
        "LP Shaft Speed": 5490.0,
        "Fan Power": 8.407018990953148,
        "Fan Efficiency": 0.92,
        "LPC Power": 2.466323689799477,
        "LPC Efficiency": 0.9,
        "LPT Power": 11.095247633421044,
        "LPT Efficiency": 0.9099999999999999,
        "HP Shaft Speed": 15183.0,
        "HPC Power": 12.007818617616273,
        "HPC Efficiency": 0.89,
        "HPT Power": 12.406581741996629,
        "HPT Efficiency": 0.9000000000000005,
        "Burner Power": 6.430823414249009,
        "Burner Efficiency": 0.18123730370491464
    }
}