{
    "Stages": [
        "0. Fan Inlet",
        "1. LPC Inlet",
        "2. HPC Inlet",
        "3. Burner Inlet",
        "4. HPT Inlet",
        "5. LPT Inlet",
        "6. Core Nozz Inlet",
        "7. Core Nozz Outlet",
        "8. Byp Nozz Outlet"
    ],
    "Total Temperatures": [
        15.000057655676706,
        59.942033320834994,
        139.95697080771498,
        475.5185161895148,
        1308.2031249999998,
        1028.5947515051018,
        736.76323098178,
        736.76323098178,
        59.94203332083493
    ],
    "Static Temperatures": [
        1.2698087753191583,
        44.11029440122737,
        120.50659961430016,
        443.1826254719568,
        1253.5707522456794,
        981.3686737573876,
        697.8568438140314,
        595.2114261720881,
        4.4391862677623966
    ],
    "Total Pressures": [
        99.29823547694355,
        158.87717676310967,
        317.75435352621935,
        2296.2716954043194,
        2112.569959771976,
        800.8636382977646,
        241.55363417119406,
        241.55363417119392,
        158.87717676310967
    ],
    "Static Pressures": [
        84.124656235234,
        133.97926458691475,
        267.52254953831897,
        1944.7650568663948,
        1803.20124474058,
        682.8154584897652,
        205.54451718958256,
        130.533407271995,
        84.0782529849129
    ],
    "Entropies": [
        6834.413225585567,
        6845.607178771453,
        6865.411001852655,
        6918.40405717846,
        7936.482162415957,
        7967.214324145481,
        8002.532512284664,
        8002.532512284664,
        6845.607178771453
    ],
    "Specifice Volumes": [
        0.9354134467594015,
        0.6780422909737055,
        0.42158869626980144,
        0.1057187284450261,
        0.2429784053437121,
        0.52723326927241,
        1.3554997205715398,
        1.9086617138305209,
        0.9458112098493411
    ],
    "Performance": {
        "Thrust": 99999.99999999999,
        "OPR": 22.662499999999998,
        "T4": 1308.2031249999998,
        "Thermal Efficiency": 0.44598696890027234,
        "SFC": 0.052144604159249854,
        "TSFC": 7.413002617569598,
        "Air Mass Flow Rate": 190.8807858095976,
        "Fuel Mass Flow Rate": 0.7413002617569596,
        "Core EGT": 736.76323098178,
        "Bypass EGT": 59.94203332083493,
        "FAR": 0.023689820730453465,
        "Specific Thrust": 0.5238871978437336
    },
    "Pressure Ratios": {
        "Fan": 1.6,
        "LPC": 2.0,
        "HPC": 7.2265625,
        "HPT": 2.6378647484386257,
        "LPT": 3.315469216787589
    },
    "Mechanical Parameters": {
        "LP Shaft Speed": 5490.0,
        "Fan Power": 8.62521841760133,
        "Fan Efficiency": 0.92,
        "LPC Power": 2.5303357273150557,
        "LPC Efficiency": 0.9,
        "LPT Power": 11.383218515220799,
        "LPT Efficiency": 0.91,
        "HP Shaft Speed": 15183.0,
        "HPC Power": 11.004983215112182,
        "HPC Efficiency": 0.89,
        "HPT Power": 11.383280310870001,
        "HPT Efficiency": 0.9,
        "Burner Power": 5.621772762634162,
        "Burner Efficiency": 0.176364299598038
    }
}