{
    "Stages": [
        "0. Fan Inlet",
        "1. LPC Inlet",
        "2. HPC Inlet",
        "3. Burner Inlet",
        "4. HPT Inlet",
        "5. LPT Inlet",
        "6. Core Nozz Inlet",
        "7. Core Nozz Outlet",
        "8. Byp Nozz Outlet"
    ],
    "Total Temperatures": [
        15.000057655676706,
        59.942033320834994,
        139.95697080771498,
        507.8722392128601,
        1405.4687499999998,
        1103.5940884594238,
        817.0637096760895,
        817.0637096760895,
        59.94203332083493
    ],
    "Static Temperatures": [
        1.2698087753191583,
        44.11029440122737,
        120.50659961430016,
        474.441069769347,
        1348.6843297038704,
        1054.5657532989933,
        776.0043515914206,
        667.3902180611425,
        4.4391862677623966
    ],
    "Total Pressures": [
        99.29823547694355,
        158.87717676310967,
        317.75435352621935,
        2668.640078442858,
        2455.1488721674314,
        900.6523471546917,
        294.0343346941181,
        294.0343346941182,
        158.87717676310967
    ],
    "Static Pressures": [
        84.124656235234,
        133.97926458691475,
        267.52254953831897,
        2259.9677293196337,
        2097.08176331475,
        768.3172107011144,
        250.01243674603649,
        158.9325564589115,
        84.07825298491304
    ],
    "Entropies": [
        6834.413225585567,
        6845.607178771453,
        6865.411001852655,
        6921.418314332206,
        7980.236435459237,
        8012.091689644476,
        8044.615426658223,
        8044.615426658223,
        6845.607178771453
    ],
    "Specifice Volumes": [
        0.9354134467594015,
        0.6780422909737055,
        0.42158869626980144,
        0.09492981440050113,
        0.2219498471057448,
        0.49591907987890094,
        1.204124965458412,
        1.6979422282440901,
        0.9458112098493395
    ],
    "Performance": {
        "Thrust": 99999.99999999999,
        "OPR": 26.337499999999995,
        "T4": 1405.4687499999998,
        "Thermal Efficiency": 0.4182334357006594,
        "SFC": 0.055604865532877114,
        "TSFC": 7.990820481115215,
        "Air Mass Flow Rate": 187.41574472114706,
        "Fuel Mass Flow Rate": 0.7990820481115213,
        "Core EGT": 817.0637096760895,
        "Bypass EGT": 59.94203332083493,
        "FAR": 0.026008489845572063,
        "Specific Thrust": 0.5335731005353281
    },
    "Pressure Ratios": {
        "Fan": 1.6,
        "LPC": 2.0,
        "HPC": 8.3984375,
        "HPT": 2.725967327930303,
        "LPT": 3.063085636211954
    },
    "Mechanical Parameters": {
        "LP Shaft Speed": 5490.0,
        "Fan Power": 8.468645632723648,
        "Fan Efficiency": 0.92,
        "LPC Power": 2.484402779032526,
        "LPC Efficiency": 0.9,
        "LPT Power": 11.176580011996094,
        "LPT Efficiency": 0.9099999999999999,
        "HP Shaft Speed": 15183.0,
        "HPC Power": 11.889438145286531,
        "HPC Efficiency": 0.89,
        "HPT Power": 12.28578534166014,
        "HPT Efficiency": 0.8999999999999999,
        "Burner Power": 6.205642308770134,
        "Burner Efficiency": 0.18060381075475385
    }
}