{
    "Stages": [
        "0. Fan Inlet",
        "1. LPC Inlet",
        "2. HPC Inlet",
        "3. Burner Inlet",
        "4. HPT Inlet",
        "5. LPT Inlet",
        "6. Core Nozz Inlet",
        "7. Core Nozz Outlet",
        "8. Byp Nozz Outlet"
    ],
    "Total Temperatures": [
        15.000057655676706,
        59.94203332083493,
        139.95697080771544,
        512.6057588764384,
        1441.7968749999998,
        1138.271047462632,
        854.1024039737135,
        854.1024039737135,
        59.94203332083487
    ],
    "Static Temperatures": [
        1.2698087753191583,
        44.11029440122737,
        120.50659961430054,
        479.0170159145302,
        1384.2628696137035,
        1088.4229536757857,
        812.0721842157178,
        700.7662821703622,
        4.4391862677623966
    ],
    "Total Pressures": [
        99.29823547694355,
        158.87717676310967,
        317.75435352621935,
        2730.7014756159474,
        2512.245357566674,
        930.6345226519888,
        315.059700708796,
        315.0597007087956,
        158.87717676310967
    ],
    "Static Pressures": [
        84.124656235234,
        133.97926458691455,
        267.52254953831886,
        2310.6642593803654,
        2146.867801931083,
        794.3951733746774,
        268.2287171457222,
        170.71578720110548,
        84.07825298491305
    ],
    "Entropies": [
        6834.413225585567,
        6845.607178771453,
        6865.411001852656,
        6921.8777524184225,
        8005.981277943436,
        8037.424210640517,
        8068.89484593814,
        8068.894845938141,
        6845.607178771453
    ],
    "Specifice Volumes": [
        0.9354134467594015,
        0.678042290973704,
        0.42158869626980217,
        0.09343831372471371,
        0.22155852228740275,
        0.49186893273714855,
        1.160964320717229,
        1.6368739983409557,
        0.9458112098493389
    ],
    "Performance": {
        "Thrust": 99999.99999999999,
        "OPR": 26.949999999999996,
        "T4": 1441.7968749999998,
        "Thermal Efficiency": 0.40681388560925646,
        "SFC": 0.05716573297064278,
        "TSFC": 8.26229864566443,
        "Air Mass Flow Rate": 186.02539809111602,
        "Fuel Mass Flow Rate": 0.8262298645664429,
        "Core EGT": 854.1024039737135,
        "Bypass EGT": 59.94203332083487,
        "FAR": 0.02709308635042774,
        "Specific Thrust": 0.5375610052505818
    },
    "Pressure Ratios": {
        "Fan": 1.6,
        "LPC": 2.0,
        "HPC": 8.59375,
        "HPT": 2.6994972746203705,
        "LPT": 2.953835481206647
    },
    "Mechanical Parameters": {
        "LP Shaft Speed": 5490.0,
        "Fan Power": 8.405820852799708,
        "Fan Efficiency": 0.92,
        "LPC Power": 2.465972198204835,
        "LPC Efficiency": 0.9,
        "LPT Power": 11.093666378576067,
        "LPT Efficiency": 0.91,
        "HP Shaft Speed": 15183.0,
        "HPC Power": 11.95882935008566,
        "HPC Efficiency": 0.89,
        "HPT Power": 12.356592693495998,
        "HPT Efficiency": 0.8999999999999999,
        "Burner Power": 6.429745616288724,
        "Burner Efficiency": 0.18097744251732178
    }
}