{
    "Stages": [
        "0. Fan Inlet",
        "1. LPC Inlet",
        "2. HPC Inlet",
        "3. Burner Inlet",
        "4. HPT Inlet",
        "5. LPT Inlet",
        "6. Core Nozz Inlet",
        "7. Core Nozz Outlet",
        "8. Byp Nozz Outlet"
    ],
    "Total Temperatures": [
        15.000057655676706,
        59.94203332083493,
        139.95697080771524,
        484.0430245042105,
        1301.1718749999998,
        1013.4863092606788,
        720.6128700392868,
        720.6128700392868,
        59.94203332083493
    ],
    "Static Temperatures": [
        1.2698087753191583,
        44.11029440122737,
        120.50659961430041,
        451.4073244224547,
        1246.6643309777735,
        966.6622431288923,
        682.1379648769805,
        580.7253336192064,
        4.4391862677624285
    ],
    "Total Pressures": [
        99.29823547694353,
        158.87717676310967,
        317.75435352621935,
        2395.5699308812627,
        2203.924336410762,
        807.5151381221771,
        239.70167409668397,
        239.70167409668372,
        158.87717676310967
    ],
    "Static Pressures": [
        84.12465623523386,
        133.97926458691458,
        267.5225495383185,
        2026.4943314752184,
        1881.8221193960128,
        688.7931787985968,
        203.8744100655727,
        129.44213822853322,
        84.0782529849131
    ],
    "Entropies": [
        6834.413225585567,
        6845.607178771453,
        6865.411001852656,
        6919.105442187263,
        7916.567681347955,
        7948.475235632972,
        7984.477960568831,
        7984.477960568832,
        6845.607178771453
    ],
    "Specifice Volumes": [
        0.9354134467594029,
        0.6780422909737053,
        0.4215886962698025,
        0.10259862498206133,
        0.23177679772685122,
        0.516564204781402,
        1.3447130577449435,
        1.8931857394227538,
        0.9458112098493385
    ],
    "Performance": {
        "Thrust": 99999.99999999999,
        "OPR": 23.6425,
        "T4": 1301.1718749999998,
        "Thermal Efficiency": 0.4519405564839278,
        "SFC": 0.051457683139608676,
        "TSFC": 7.291290233977501,
        "Air Mass Flow Rate": 191.38985978717744,
        "Fuel Mass Flow Rate": 0.7291290233977501,
        "Core EGT": 720.6128700392868,
        "Bypass EGT": 59.94203332083493,
        "FAR": 0.023238885527540658,
        "Specific Thrust": 0.5224937209902261
    },
    "Pressure Ratios": {
        "Fan": 1.6,
        "LPC": 2.0,
        "HPC": 7.5390625,
        "HPT": 2.729266898371045,
        "LPT": 3.3688339523088615
    },
    "Mechanical Parameters": {
        "LP Shaft Speed": 5490.0,
        "Fan Power": 8.64822164565657,
        "Fan Efficiency": 0.92,
        "LPC Power": 2.5370840653830027,
        "LPC Efficiency": 0.9,
        "LPT Power": 11.413577256162828,
        "LPT Efficiency": 0.9100000000000001,
        "HP Shaft Speed": 15183.0,
        "HPC Power": 11.325328196768272,
        "HPC Efficiency": 0.89,
        "HPT Power": 11.71016294521295,
        "HPT Efficiency": 0.9,
        "Burner Power": 5.583950709218485,
        "Burner Efficiency": 0.17810197461882468
    }
}