{
    "Stages": [
        "0. Fan Inlet",
        "1. LPC Inlet",
        "2. HPC Inlet",
        "3. Burner Inlet",
        "4. HPT Inlet",
        "5. LPT Inlet",
        "6. Core Nozz Inlet",
        "7. Core Nozz Outlet",
        "8. Byp Nozz Outlet"
    ],
    "Total Temperatures": [
        15.000057655676706,
        59.942033320834994,
        139.95697080771498,
        505.445785111089,
        1309.375,
        1003.0332307487124,
        709.3784430852447,
        709.3784430852447,
        59.94203332083493
    ],
    "Static Temperatures": [
        1.2698087753191583,
        44.11029440122737,
        120.50659961430016,
        472.0954457059336,
        1254.6288502036432,
        956.4701689614888,
        671.215096184886,
        570.6557670135151,
        4.4391862677623966
    ],
    "Total Pressures": [
        99.29823547694355,
        158.87717676310967,
        317.75435352621935,
        2637.609379856313,
        2426.6006294678104,
        832.6840128126458,
        243.5457703729882,
        243.54577037298802,
        158.87717676310967
    ],
    "Static Pressures": [
        84.124656235234,
        133.97926458691475,
        267.52254953831897,
        2236.1920014802467,
        2071.004971883462,
        709.1984188108719,
        207.176039859404,
        131.50693621466834,
        84.07825298491288
    ],
    "Entropies": [
        6834.413225585567,
        6845.607178771453,
        6865.411001852655,
        6921.182801418505,
        7894.654595242496,
        7928.919991454131,
        7965.227713422908,
        7965.227713422908,
        6845.607178771453
    ],
    "Specifice Volumes": [
        0.9354134467594015,
        0.6780422909737055,
        0.42158869626980144,
        0.09562893438577123,
        0.21170615124832573,
        0.49759704920037046,
        1.3078833352465944,
        1.8409362836785157,
        0.9458112098493415
    ],
    "Performance": {
        "Thrust": 99999.99999999999,
        "OPR": 26.031249999999996,
        "T4": 1309.375,
        "Thermal Efficiency": 0.4560180663754808,
        "SFC": 0.05099757151801034,
        "TSFC": 7.204229061221706,
        "Air Mass Flow Rate": 191.60532589274467,
        "Fuel Mass Flow Rate": 0.7204229061221705,
        "Core EGT": 709.3784430852447,
        "Bypass EGT": 59.94203332083493,
        "FAR": 0.022935582332430583,
        "Specific Thrust": 0.5219061606668345
    },
    "Pressure Ratios": {
        "Fan": 1.6,
        "LPC": 2.0,
        "HPC": 8.30078125,
        "HPT": 2.9141914485318647,
        "LPT": 3.4190042041682664
    },
    "Mechanical Parameters": {
        "LP Shaft Speed": 5490.0,
        "Fan Power": 8.657957786537521,
        "Fan Efficiency": 0.92,
        "LPC Power": 2.539940306688947,
        "LPC Efficiency": 0.9,
        "LPT Power": 11.426426625741295,
        "LPT Efficiency": 0.9099999999999998,
        "HP Shaft Speed": 15183.0,
        "HPC Power": 12.072013201196647,
        "HPC Efficiency": 0.89,
        "HPT Power": 12.47208641911946,
        "HPT Efficiency": 0.9000000000000001,
        "Burner Power": 5.634520523798294,
        "Burner Efficiency": 0.18188672223637453
    }
}