{
    "Stages": [
        "0. Fan Inlet",
        "1. LPC Inlet",
        "2. HPC Inlet",
        "3. Burner Inlet",
        "4. HPT Inlet",
        "5. LPT Inlet",
        "6. Core Nozz Inlet",
        "7. Core Nozz Outlet",
        "8. Byp Nozz Outlet"
    ],
    "Total Temperatures": [
        15.000057655676706,
        59.94203332083493,
        139.95697080771544,
        474.9913950582365,
        1406.640625,
        1133.629298937812,
        849.1150177632785,
        849.1150177632785,
        59.94203332083487
    ],
    "Static Temperatures": [
        1.2698087753191583,
        44.11029440122737,
        120.50659961430054,
        442.67322700693785,
        1349.9324925458918,
        1083.876437617279,
        807.2188250508779,
        696.2753028192338,
        4.4391862677623966
    ],
    "Total Pressures": [
        99.29823547694355,
        158.87717676310967,
        317.75435352621935,
        2290.0655556870106,
        2106.8603112320498,
        857.3627185160146,
        287.62158846685804,
        287.62158846685793,
        158.87717676310967
    ],
    "Static Pressures": [
        84.124656235234,
        133.97926458691455,
        267.52254953831886,
        1940.118344548915,
        1799.5421319768234,
        731.0171093260358,
        245.0556103445743,
        156.04536688688225,
        84.07825298491295
    ],
    "Entropies": [
        6834.413225585567,
        6845.607178771453,
        6865.411001852656,
        6918.352491515063,
        8028.529660981616,
        8056.815383363121,
        8088.378415818742,
        8088.378415818742,
        6845.607178771453
    ],
    "Specifice Volumes": [
        0.9354134467594015,
        0.678042290973704,
        0.42158869626980217,
        0.10589326393364228,
        0.25884449640594226,
        0.5327136346173565,
        1.2650238883000935,
        1.782575285734239,
        0.9458112098493405
    ],
    "Performance": {
        "Thrust": 99999.99999999999,
        "OPR": 22.601249999999997,
        "T4": 1406.640625,
        "Thermal Efficiency": 0.408602634597444,
        "SFC": 0.05691547724943095,
        "TSFC": 8.239948815896616,
        "Air Mass Flow Rate": 186.66731917751477,
        "Fuel Mass Flow Rate": 0.8239948815896615,
        "Core EGT": 849.1150177632785,
        "Bypass EGT": 59.94203332083487,
        "FAR": 0.0269268814693643,
        "Specific Thrust": 0.5357124130812803
    },
    "Pressure Ratios": {
        "Fan": 1.6,
        "LPC": 2.0,
        "HPC": 7.20703125,
        "HPT": 2.45737336804049,
        "LPT": 2.9808705357831875
    },
    "Mechanical Parameters": {
        "LP Shaft Speed": 5490.0,
        "Fan Power": 8.43482696545568,
        "Fan Efficiency": 0.92,
        "LPC Power": 2.4744815714879684,
        "LPC Efficiency": 0.9,
        "LPT Power": 11.13194748667719,
        "LPT Efficiency": 0.9100000000000001,
        "HP Shaft Speed": 15183.0,
        "HPC Power": 10.74458396379543,
        "HPC Efficiency": 0.89,
        "HPT Power": 11.117566789118214,
        "HPT Efficiency": 0.9000000000000001,
        "Burner Power": 6.18136413737335,
        "Burner Efficiency": 0.1744581884782953
    }
}