{
    "Stages": [
        "0. Fan Inlet",
        "1. LPC Inlet",
        "2. HPC Inlet",
        "3. Burner Inlet",
        "4. HPT Inlet",
        "5. LPT Inlet",
        "6. Core Nozz Inlet",
        "7. Core Nozz Outlet",
        "8. Byp Nozz Outlet"
    ],
    "Total Temperatures": [
        15.000057655676706,
        59.942033320834994,
        139.95697080771498,
        518.2524470165644,
        1392.5781249999998,
        1080.621628193175,
        792.5235944803758,
        792.5235944803758,
        59.94203332083493
    ],
    "Static Temperatures": [
        1.2698087753191583,
        44.11029440122737,
        120.50659961430016,
        484.4707764992631,
        1336.0552927266965,
        1032.1617299118225,
        752.1276769867842,
        645.3122024492407,
        4.4391862677623966
    ],
    "Total Pressures": [
        99.29823547694355,
        158.87717676310967,
        317.75435352621935,
        2805.1751522236555,
        2580.761140045768,
        907.9038143245613,
        289.2860609025597,
        289.2860609025597,
        158.87717676310967
    ],
    "Static Pressures": [
        84.124656235234,
        133.97926458691475,
        267.52254953831897,
        2374.6892655785427,
        2205.952991562998,
        774.6558579919955,
        246.22149659782212,
        156.5803735562912,
        84.07825298491295
    ],
    "Entropies": [
        6834.413225585567,
        6845.607178771453,
        6865.411001852655,
        6922.152263549907,
        7952.638695241775,
        7986.019219627467,
        8019.469132843166,
        8019.469132843166,
        6845.607178771453
    ],
    "Specifice Volumes": [
        0.9354134467594015,
        0.6780422909737034,
        0.42158869626980144,
        0.09155732720362515,
        0.2093680163781591,
        0.4835963482090592,
        1.1950660292578517,
        1.683219744127449,
        0.9458112098493406
    ],
    "Performance": {
        "Thrust": 99999.99999999999,
        "OPR": 27.685,
        "T4": 1392.5781249999998,
        "Thermal Efficiency": 0.4260853745711078,
        "SFC": 0.05458017416555869,
        "TSFC": 7.805858713140687,
        "Air Mass Flow Rate": 188.16604247133333,
        "Fuel Mass Flow Rate": 0.7805858713140685,
        "Core EGT": 792.5235944803758,
        "Bypass EGT": 59.94203332083493,
        "FAR": 0.02530517064863727,
        "Specific Thrust": 0.5314455184719887
    },
    "Pressure Ratios": {
        "Fan": 1.6,
        "LPC": 2.0,
        "HPC": 8.828125,
        "HPT": 2.842549066682505,
        "LPT": 3.1384291779967137
    },
    "Mechanical Parameters": {
        "LP Shaft Speed": 5490.0,
        "Fan Power": 8.502548898294059,
        "Fan Efficiency": 0.92,
        "LPC Power": 2.494348804743642,
        "LPC Efficiency": 0.9,
        "LPT Power": 11.221324186773163,
        "LPT Efficiency": 0.9100000000000003,
        "HP Shaft Speed": 15183.0,
        "HPC Power": 12.287730808169146,
        "HPC Efficiency": 0.89,
        "HPT Power": 12.69220642623425,
        "HPT Efficiency": 0.9000000000000002,
        "Burner Power": 6.132487571062011,
        "Burner Efficiency": 0.18270378092369602
    }
}