{
    "Stages": [
        "0. Fan Inlet",
        "1. LPC Inlet",
        "2. HPC Inlet",
        "3. Burner Inlet",
        "4. HPT Inlet",
        "5. LPT Inlet",
        "6. Core Nozz Inlet",
        "7. Core Nozz Outlet",
        "8. Byp Nozz Outlet"
    ],
    "Total Temperatures": [
        15.000057655676706,
        59.94203332083493,
        139.95697080771524,
        483.49423525676235,
        1303.5156249999998,
        1016.4701345753806,
        723.8028260140704,
        723.8028260140704,
        59.94203332083493
    ],
    "Static Temperatures": [
        1.2698087753191583,
        44.11029440122737,
        120.50659961430041,
        450.87689848040776,
        1248.9522884896417,
        969.5665894260527,
        685.2586798272703,
        583.595195213271,
        4.4391862677624285
    ],
    "Total Pressures": [
        99.29823547694353,
        158.87717676310967,
        317.75435352621935,
        2389.363791163954,
        2198.2146878708354,
        808.2176867229422,
        240.68489741447206,
        240.68489741447218,
        158.87717676310967
    ],
    "Static Pressures": [
        84.12465623523386,
        133.97926458691458,
        267.5225495383184,
        2021.117893246589,
        1876.77386934966,
        689.3514140380419,
        204.81134722163222,
        130.03089476184908,
        84.07825298491294
    ],
    "Entropies": [
        6834.413225585567,
        6845.607178771453,
        6865.411001852656,
        6919.052176565511,
        7919.635012574632,
        7951.407619351379,
        7987.275189648815,
        7987.275189648815,
        6845.607178771453
    ],
    "Specifice Volumes": [
        0.9354134467594029,
        0.6780422909737053,
        0.4215886962698028,
        0.10279847342711823,
        0.23274807390962635,
        0.5173370203687019,
        1.343079701057412,
        1.890996818694081,
        0.9458112098493406
    ],
    "Performance": {
        "Thrust": 99999.99999999999,
        "OPR": 23.58125,
        "T4": 1303.5156249999998,
        "Thermal Efficiency": 0.45073718185102907,
        "SFC": 0.051595064463030124,
        "TSFC": 7.314700492540838,
        "Air Mass Flow Rate": 191.26684440975419,
        "Fuel Mass Flow Rate": 0.7314700492540835,
        "Core EGT": 723.8028260140704,
        "Bypass EGT": 59.94203332083493,
        "FAR": 0.023328493311109172,
        "Specific Thrust": 0.5228297685811573
    },
    "Pressure Ratios": {
        "Fan": 1.6,
        "LPC": 2.0,
        "HPC": 7.51953125,
        "HPT": 2.7198299715311207,
        "LPT": 3.3579908644253234
    },
    "Mechanical Parameters": {
        "LP Shaft Speed": 5490.0,
        "Fan Power": 8.642663021751606,
        "Fan Efficiency": 0.92,
        "LPC Power": 2.5354533606309073,
        "LPC Efficiency": 0.9,
        "LPT Power": 11.40624120651277,
        "LPT Efficiency": 0.9099999999999998,
        "HP Shaft Speed": 15183.0,
        "HPC Power": 11.299263267731583,
        "HPC Efficiency": 0.89,
        "HPT Power": 11.683566078848981,
        "HPT Efficiency": 0.9,
        "Burner Power": 5.597044699446062,
        "Burner Efficiency": 0.17794827054424228
    }
}