{
    "Stages": [
        "0. Fan Inlet",
        "1. LPC Inlet",
        "2. HPC Inlet",
        "3. Burner Inlet",
        "4. HPT Inlet",
        "5. LPT Inlet",
        "6. Core Nozz Inlet",
        "7. Core Nozz Outlet",
        "8. Byp Nozz Outlet"
    ],
    "Total Temperatures": [
        15.000057655676706,
        59.942033320834994,
        139.95697080771498,
        530.4842398626809,
        1438.2812499999998,
        1118.730565141651,
        833.2429552183888,
        833.2429552183888,
        59.94203332083493
    ],
    "Static Temperatures": [
        1.2698087753191583,
        44.11029440122737,
        120.50659961430016,
        496.29676594866163,
        1380.7670114661248,
        1069.3547609704653,
        791.7823639022355,
        681.9918031487431,
        4.4391862677623966
    ],
    "Total Pressures": [
        99.29823547694355,
        158.87717676310967,
        317.75435352621935,
        2960.3286451563795,
        2723.5023535438663,
        952.4933842855437,
        316.2788577726716,
        316.2788577726716,
        158.87717676310967
    ],
    "Static Pressures": [
        84.124656235234,
        133.97926458691475,
        267.52254953831897,
        2508.8815621986723,
        2325.9595381144654,
        811.9489075412333,
        269.36779142659356,
        171.39244181926728,
        84.07825298491295
    ],
    "Entropies": [
        6834.413225585567,
        6845.607178771453,
        6865.411001852655,
        6923.246967918694,
        7977.611321469649,
        8011.128164321029,
        8043.257229674708,
        8043.257229674708,
        6845.607178771453
    ],
    "Specifice Volumes": [
        0.9354134467594015,
        0.6780422909737055,
        0.42158869626980144,
        0.08799125384023015,
        0.20407167588681202,
        0.4745115944235332,
        1.1345908897742494,
        1.5992838794561979,
        0.9458112098493403
    ],
    "Performance": {
        "Thrust": 99999.99999999999,
        "OPR": 29.216249999999995,
        "T4": 1438.2812499999998,
        "Thermal Efficiency": 0.4129922044916301,
        "SFC": 0.056310539764582127,
        "TSFC": 8.101758119385524,
        "Air Mass Flow Rate": 186.5542800429689,
        "Fuel Mass Flow Rate": 0.8101758119385524,
        "Core EGT": 833.2429552183888,
        "Bypass EGT": 59.94203332083493,
        "FAR": 0.026491337811637795,
        "Specific Thrust": 0.5360370181641883
    },
    "Pressure Ratios": {
        "Fan": 1.6,
        "LPC": 2.0,
        "HPC": 9.31640625,
        "HPT": 2.8593399161367814,
        "LPT": 3.011561983602954
    },
    "Mechanical Parameters": {
        "LP Shaft Speed": 5490.0,
        "Fan Power": 8.429719132202287,
        "Fan Efficiency": 0.92,
        "LPC Power": 2.4729831128583277,
        "LPC Efficiency": 0.9,
        "LPT Power": 11.12520637251083,
        "LPT Efficiency": 0.9100000000000001,
        "HP Shaft Speed": 15183.0,
        "HPC Power": 12.593890705012504,
        "HPC Efficiency": 0.89,
        "HPT Power": 13.004614484237681,
        "HPT Efficiency": 0.9000000000000005,
        "Burner Power": 6.421751717472976,
        "Burner Efficiency": 0.18433414204221252
    }
}