{
    "Stages": [
        "0. Fan Inlet",
        "1. LPC Inlet",
        "2. HPC Inlet",
        "3. Burner Inlet",
        "4. HPT Inlet",
        "5. LPT Inlet",
        "6. Core Nozz Inlet",
        "7. Core Nozz Outlet",
        "8. Byp Nozz Outlet"
    ],
    "Total Temperatures": [
        15.000057655676706,
        59.942033320834994,
        139.95697080771498,
        526.05779278988,
        1316.40625,
        991.9219977081477,
        697.4451880668264,
        697.4451880668264,
        59.94203332083493
    ],
    "Static Temperatures": [
        1.2698087753191583,
        44.11029440122737,
        120.50659961430016,
        492.01706349390224,
        1261.4578345808266,
        945.6149635600489,
        659.6196612401956,
        559.9694285666981,
        4.4391862677623966
    ],
    "Total Pressures": [
        99.29823547694355,
        158.87717676310967,
        317.75435352621935,
        2904.4733877005983,
        2672.1155166845506,
        861.4733303935224,
        247.937475664278,
        247.93747566427794,
        158.87717676310967
    ],
    "Static Pressures": [
        84.124656235234,
        133.97926458691475,
        267.52254953831897,
        2460.5703412094267,
        2279.734355068222,
        733.6344480051148,
        210.9755130108926,
        133.8897650213156,
        84.07825298491292
    ],
    "Entropies": [
        6834.413225585567,
        6845.607178771453,
        6865.411001852655,
        6922.821405937059,
        7870.880615303349,
        7907.532427142601,
        7944.378254869045,
        7944.378254869045,
        6845.607178771453
    ],
    "Specifice Volumes": [
        0.9354134467594015,
        0.6780422909737055,
        0.42158869626980144,
        0.08922295205582183,
        0.19318922501829547,
        0.4767209902574028,
        1.2686563543488933,
        1.7852722201309745,
        0.9458112098493409
    ],
    "Performance": {
        "Thrust": 99999.99999999999,
        "OPR": 28.664999999999996,
        "T4": 1316.40625,
        "Thermal Efficiency": 0.46047942063241626,
        "SFC": 0.05050348161389959,
        "TSFC": 7.111038767157141,
        "Air Mass Flow Rate": 191.8260187215701,
        "Fuel Mass Flow Rate": 0.7111038767157141,
        "Core EGT": 697.4451880668264,
        "Bypass EGT": 59.94203332083493,
        "FAR": 0.022612853443317038,
        "Specific Thrust": 0.5213057158067127
    },
    "Pressure Ratios": {
        "Fan": 1.6,
        "LPC": 2.0,
        "HPC": 9.140625,
        "HPT": 3.1017971449724664,
        "LPT": 3.4745587696472646
    },
    "Mechanical Parameters": {
        "LP Shaft Speed": 5490.0,
        "Fan Power": 8.667930104305094,
        "Fan Efficiency": 0.92,
        "LPC Power": 2.542865833986892,
        "LPC Efficiency": 0.9,
        "LPT Power": 11.439587692134676,
        "LPT Efficiency": 0.91,
        "HP Shaft Speed": 15183.0,
        "HPC Power": 12.796685537254621,
        "HPC Efficiency": 0.89,
        "HPT Power": 13.211547986525545,
        "HPT Efficiency": 0.8999999999999999,
        "Burner Power": 5.672498450733244,
        "Burner Efficiency": 0.18551237441002152
    }
}