{
    "Stages": [
        "0. Fan Inlet",
        "1. LPC Inlet",
        "2. HPC Inlet",
        "3. Burner Inlet",
        "4. HPT Inlet",
        "5. LPT Inlet",
        "6. Core Nozz Inlet",
        "7. Core Nozz Outlet",
        "8. Byp Nozz Outlet"
    ],
    "Total Temperatures": [
        15.000057655676706,
        59.942033320834994,
        139.95697080771498,
        486.7869703559949,
        1432.4218749999998,
        1150.7857788539018,
        867.4421714280451,
        867.4421714280451,
        59.94203332083493
    ],
    "Static Temperatures": [
        1.2698087753191583,
        44.11029440122737,
        120.50659961430016,
        454.05948315794546,
        1375.1838967738715,
        1100.661298090186,
        825.0932072556361,
        712.8170855701683,
        4.4391862677623966
    ],
    "Total Pressures": [
        99.29823547694355,
        158.87717676310967,
        317.75435352621935,
        2426.6006294678077,
        2232.472579110385,
        892.1502555756359,
        304.91955701857125,
        304.91955701857114,
        158.87717676310967
    ],
    "Static Pressures": [
        84.124656235234,
        133.97926458691475,
        267.52254953831897,
        2053.376841398444,
        1908.8135571676546,
        761.4922961627154,
        259.6694922107488,
        165.25125959381478,
        84.07825298491285
    ],
    "Entropies": [
        6834.413225585567,
        6845.607178771453,
        6865.411001852655,
        6919.371770295694,
        8033.6591891521675,
        8062.571843563571,
        8093.6922178585255,
        8093.6922178585255,
        6845.607178771453
    ],
    "Specifice Volumes": [
        0.9354134467594015,
        0.6780422909737055,
        0.42158869626980144,
        0.10161660854548968,
        0.24784025073804553,
        0.5177721931325867,
        1.2138114565906073,
        1.7121040852724894,
        0.9458112098493415
    ],
    "Performance": {
        "Thrust": 99999.99999999999,
        "OPR": 23.948749999999997,
        "T4": 1432.4218749999998,
        "Thermal Efficiency": 0.40308604697646194,
        "SFC": 0.05769441569096632,
        "TSFC": 8.370231292384503,
        "Air Mass Flow Rate": 185.85172497605197,
        "Fuel Mass Flow Rate": 0.8370231292384502,
        "Core EGT": 867.4421714280451,
        "Bypass EGT": 59.94203332083493,
        "FAR": 0.027472659126583098,
        "Specific Thrust": 0.53806334061675
    },
    "Pressure Ratios": {
        "Fan": 1.6,
        "LPC": 2.0,
        "HPC": 7.63671875,
        "HPT": 2.5023504338626705,
        "LPT": 2.9258544919153846
    },
    "Mechanical Parameters": {
        "LP Shaft Speed": 5490.0,
        "Fan Power": 8.397973187334918,
        "Fan Efficiency": 0.92,
        "LPC Power": 2.463669969166645,
        "LPC Efficiency": 0.9,
        "LPT Power": 11.083309343368942,
        "LPT Efficiency": 0.9100000000000001,
        "HP Shaft Speed": 15183.0,
        "HPC Power": 11.088882624700473,
        "HPC Efficiency": 0.89,
        "HPT Power": 11.468891953307036,
        "HPT Efficiency": 0.9000000000000002,
        "Burner Power": 6.345878658398366,
        "Burner Efficiency": 0.1763136146373833
    }
}