{
    "Stages": [
        "0. Fan Inlet",
        "1. LPC Inlet",
        "2. HPC Inlet",
        "3. Burner Inlet",
        "4. HPT Inlet",
        "5. LPT Inlet",
        "6. Core Nozz Inlet",
        "7. Core Nozz Outlet",
        "8. Byp Nozz Outlet"
    ],
    "Total Temperatures": [
        15.000057655676706,
        59.942033320834994,
        139.95697080771498,
        496.1163814467416,
        1369.1406249999998,
        1075.181400368529,
        786.6995000714913,
        786.6995000714913,
        59.94203332083493
    ],
    "Static Temperatures": [
        1.2698087753191583,
        44.11029440122737,
        120.50659961430016,
        463.07718474417237,
        1313.1484994862878,
        1026.8524512637837,
        746.4389827211699,
        640.0567438088178,
        4.4391862677623966
    ],
    "Total Pressures": [
        99.29823547694355,
        158.87717676310967,
        317.75435352621935,
        2532.1050046620603,
        2329.5366042890932,
        865.6922666946123,
        274.64895352564537,
        274.64895352564525,
        158.87717676310967
    ],
    "Static Pressures": [
        84.124656235234,
        133.97926458691475,
        267.52254953831897,
        2144.781349671715,
        1988.3119678070727,
        738.2208075542254,
        233.69600764439264,
        148.53235814931242,
        84.07825298491294
    ],
    "Entropies": [
        6834.413225585567,
        6845.607178771453,
        6865.411001852655,
        6920.277285860263,
        7962.744508075359,
        7994.232445911943,
        8027.837374919426,
        8027.837374919426,
        6845.607178771453
    ],
    "Specifice Volumes": [
        0.9354134467594015,
        0.6780422909737055,
        0.42158869626980144,
        0.09848043404506625,
        0.2289631206035415,
        0.5054104476795862,
        1.2519611732719547,
        1.7640733505645663,
        0.9458112098493409
    ],
    "Performance": {
        "Thrust": 99999.99999999999,
        "OPR": 24.99,
        "T4": 1369.1406249999998,
        "Thermal Efficiency": 0.42822238602072826,
        "SFC": 0.05430779593190784,
        "TSFC": 7.770287318387476,
        "Air Mass Flow Rate": 188.64575414313975,
        "Fuel Mass Flow Rate": 0.7770287318387474,
        "Core EGT": 786.6995000714913,
        "Bypass EGT": 59.94203332083493,
        "FAR": 0.02512579880605136,
        "Specific Thrust": 0.5300940933137697
    },
    "Pressure Ratios": {
        "Fan": 1.6,
        "LPC": 2.0,
        "HPC": 7.96875,
        "HPT": 2.6909523093971184,
        "LPT": 3.1519955040126453
    },
    "Mechanical Parameters": {
        "LP Shaft Speed": 5490.0,
        "Fan Power": 8.524225349013044,
        "Fan Efficiency": 0.92,
        "LPC Power": 2.500707913005029,
        "LPC Efficiency": 0.9,
        "LPT Power": 11.249931900018442,
        "LPT Efficiency": 0.9099999999999998,
        "HP Shaft Speed": 15183.0,
        "HPC Power": 11.570567796352108,
        "HPC Efficiency": 0.89,
        "HPT Power": 11.960407434584212,
        "HPT Efficiency": 0.8999999999999998,
        "Burner Power": 5.981134548656566,
        "Burner Efficiency": 0.17901030759208092
    }
}