{
    "Stages": [
        "0. Fan Inlet",
        "1. LPC Inlet",
        "2. HPC Inlet",
        "3. Burner Inlet",
        "4. HPT Inlet",
        "5. LPT Inlet",
        "6. Core Nozz Inlet",
        "7. Core Nozz Outlet",
        "8. Byp Nozz Outlet"
    ],
    "Total Temperatures": [
        15.000057655676706,
        59.942033320834994,
        139.95697080771498,
        529.008757706357,
        1440.625,
        1122.5472799466302,
        837.3114778419033,
        837.3114778419033,
        59.94203332083493
    ],
    "Static Temperatures": [
        1.2698087753191583,
        44.11029440122737,
        120.50659961430016,
        494.8701850751801,
        1383.0610861667515,
        1073.0731760045614,
        795.7395752072307,
        685.6700947790013,
        4.4391862677623966
    ],
    "Total Pressures": [
        99.29823547694355,
        158.87717676310967,
        317.75435352621935,
        2941.7102260044526,
        2706.3734079240935,
        952.8638170003915,
        317.52443053473127,
        317.5244305347308,
        158.87717676310967
    ],
    "Static Pressures": [
        84.124656235234,
        133.97926458691475,
        267.52254953831897,
        2492.7776572599178,
        2311.022195829549,
        812.179376809123,
        270.42483411702267,
        172.15271872772246,
        84.07825298491295
    ],
    "Entropies": [
        6834.413225585567,
        6845.607178771453,
        6865.411001852655,
        6923.105113922144,
        7981.607321799818,
        8014.899589325506,
        8046.883414068361,
        8046.883414068361,
        6845.607178771453
    ],
    "Specifice Volumes": [
        0.9354134467594015,
        0.6780422909737055,
        0.42158869626980144,
        0.08839591602680832,
        0.20567298772318357,
        0.47567290233089105,
        1.1342632766599454,
        1.5985303453603408,
        0.9458112098493406
    ],
    "Performance": {
        "Thrust": 99999.99999999999,
        "OPR": 29.032499999999995,
        "T4": 1440.625,
        "Thermal Efficiency": 0.4117519361058955,
        "SFC": 0.05648015689598938,
        "TSFC": 8.13205255562067,
        "Air Mass Flow Rate": 186.41898040955462,
        "Fuel Mass Flow Rate": 0.8132052555620669,
        "Core EGT": 837.3114778419033,
        "Bypass EGT": 59.94203332083493,
        "FAR": 0.026609694184736365,
        "Specific Thrust": 0.5364260644506488
    },
    "Pressure Ratios": {
        "Fan": 1.6,
        "LPC": 2.0,
        "HPC": 9.2578125,
        "HPT": 2.8402520482346962,
        "LPT": 3.0009149702141205
    },
    "Mechanical Parameters": {
        "LP Shaft Speed": 5490.0,
        "Fan Power": 8.423605426807214,
        "Fan Efficiency": 0.92,
        "LPC Power": 2.4711895667197328,
        "LPC Efficiency": 0.9,
        "LPT Power": 11.117137748496885,
        "LPT Efficiency": 0.9100000000000001,
        "HP Shaft Speed": 15183.0,
        "HPC Power": 12.535165540913825,
        "HPC Efficiency": 0.89,
        "HPT Power": 12.944690847402287,
        "HPT Efficiency": 0.9000000000000002,
        "Burner Power": 6.43513629944356,
        "Burner Efficiency": 0.18403020826736022
    }
}