{
    "Stages": [
        "0. Fan Inlet",
        "1. LPC Inlet",
        "2. HPC Inlet",
        "3. Burner Inlet",
        "4. HPT Inlet",
        "5. LPT Inlet",
        "6. Core Nozz Inlet",
        "7. Core Nozz Outlet",
        "8. Byp Nozz Outlet"
    ],
    "Total Temperatures": [
        15.000057655676706,
        59.942033320834994,
        139.95697080771498,
        517.3126944064135,
        1312.8906249999998,
        996.100632048069,
        701.9235119895093,
        701.9235119895093,
        59.94203332083493
    ],
    "Static Temperatures": [
        1.2698087753191583,
        44.11029440122737,
        120.50659961430016,
        483.56223973522015,
        1258.0386556338879,
        949.6890157631947,
        663.97100794759,
        563.9791188949589,
        4.4391862677623966
    ],
    "Total Pressures": [
        99.29823547694355,
        158.87717676310967,
        317.75435352621935,
        2792.7628727890374,
        2569.341842965917,
        850.5258085672026,
        246.2164856763343,
        246.21648567633417,
        158.87717676310967
    ],
    "Static Pressures": [
        84.124656235234,
        133.97926458691475,
        267.52254953831886,
        2363.9555101850624,
        2194.323891636164,
        724.2274115803663,
        209.48666157725566,
        132.95487917993864,
        84.07825298491294
    ],
    "Entropies": [
        6834.413225585567,
        6845.607178771453,
        6865.411001852655,
        6922.117753748006,
        7880.033863938943,
        7915.6460317545225,
        7952.289999406315,
        7952.289999406315,
        6845.607178771453
    ],
    "Specifice Volumes": [
        0.9354134467594015,
        0.6780422909737055,
        0.42158869626980155,
        0.09186629021698674,
        0.20025702548705068,
        0.4845395329396902,
        1.283550897204373,
        1.806410002361954,
        0.9458112098493409
    ],
    "Performance": {
        "Thrust": 99999.99999999999,
        "OPR": 27.562499999999996,
        "T4": 1312.8906249999998,
        "Thermal Efficiency": 0.45880210795964393,
        "SFC": 0.05068811487573625,
        "TSFC": 7.145926182755512,
        "Air Mass Flow Rate": 191.7450452717276,
        "Fuel Mass Flow Rate": 0.7145926182755511,
        "Core EGT": 701.9235119895093,
        "Bypass EGT": 59.94203332083493,
        "FAR": 0.022733390400276433,
        "Specific Thrust": 0.5215258618979542
    },
    "Pressure Ratios": {
        "Fan": 1.6,
        "LPC": 2.0,
        "HPC": 8.7890625,
        "HPT": 3.0208863941403905,
        "LPT": 3.4543820501331806
    },
    "Mechanical Parameters": {
        "LP Shaft Speed": 5490.0,
        "Fan Power": 8.664271204390387,
        "Fan Efficiency": 0.92,
        "LPC Power": 2.5417924414385977,
        "LPC Efficiency": 0.9,
        "LPT Power": 11.434758822274475,
        "LPT Efficiency": 0.9099999999999999,
        "HP Shaft Speed": 15183.0,
        "HPC Power": 12.488961249076988,
        "HPC Efficiency": 0.89,
        "HPT Power": 12.897543610834086,
        "HPT Efficiency": 0.8999999999999999,
        "Burner Power": 5.6531907194090785,
        "Burner Efficiency": 0.18397832310586393
    }
}