{
    "Stages": [
        "0. Fan Inlet",
        "1. LPC Inlet",
        "2. HPC Inlet",
        "3. Burner Inlet",
        "4. HPT Inlet",
        "5. LPT Inlet",
        "6. Core Nozz Inlet",
        "7. Core Nozz Outlet",
        "8. Byp Nozz Outlet"
    ],
    "Total Temperatures": [
        15.000057655676706,
        59.942033320834994,
        139.95697080771498,
        496.1163814467416,
        1396.0937499999998,
        1103.9434973878451,
        817.4338015581043,
        817.4338015581043,
        59.94203332083493
    ],
    "Static Temperatures": [
        1.2698087753191583,
        44.11029440122737,
        120.50659961430016,
        463.07718474417237,
        1339.5668852165463,
        1054.9072380817947,
        776.3637986476169,
        667.7211509830811,
        4.4391862677623966
    ],
    "Total Pressures": [
        99.29823547694355,
        158.87717676310967,
        317.75435352621935,
        2532.1050046620603,
        2329.5366042890932,
        882.7525003396424,
        287.79192868394307,
        287.79192868394307,
        158.87717676310967
    ],
    "Static Pressures": [
        84.124656235234,
        133.97926458691475,
        267.52254953831886,
        2144.781349671715,
        1989.3644246983738,
        752.8919431629438,
        245.09380548537797,
        155.95141114447932,
        84.0782529849129
    ],
    "Entropies": [
        6834.413225585567,
        6845.607178771453,
        6865.411001852655,
        6920.277285860263,
        7987.515556006825,
        8018.314529425166,
        8050.824493183724,
        8050.824493183724,
        6845.607178771453
    ],
    "Specifice Volumes": [
        0.9354134467594015,
        0.6780422909737055,
        0.42158869626980155,
        0.09848043404506625,
        0.23266987156546148,
        0.5062113838920341,
        1.2287145448536554,
        1.7310077552068186,
        0.9458112098493411
    ],
    "Performance": {
        "Thrust": 99999.99999999999,
        "OPR": 24.99,
        "T4": 1396.0937499999998,
        "Thermal Efficiency": 0.41821528553900367,
        "SFC": 0.055607278733286476,
        "TSFC": 7.996520242636646,
        "Air Mass Flow Rate": 187.51684771868267,
        "Fuel Mass Flow Rate": 0.7996520242636646,
        "Core EGT": 817.4338015581043,
        "Bypass EGT": 59.94203332083493,
        "FAR": 0.02601300847018432,
        "Specific Thrust": 0.5332854152391812
    },
    "Pressure Ratios": {
        "Fan": 1.6,
        "LPC": 2.0,
        "HPC": 7.96875,
        "HPT": 2.6389464809137273,
        "LPT": 3.0673289010446596
    },
    "Mechanical Parameters": {
        "LP Shaft Speed": 5490.0,
        "Fan Power": 8.473214114735706,
        "Fan Efficiency": 0.92,
        "LPC Power": 2.48574301097739,
        "LPC Efficiency": 0.9,
        "LPT Power": 11.182609311952138,
        "LPT Efficiency": 0.9099999999999999,
        "HP Shaft Speed": 15183.0,
        "HPC Power": 11.50132643770479,
        "HPC Efficiency": 0.89,
        "HPT Power": 11.889752986984915,
        "HPT Efficiency": 0.8999999999999999,
        "Burner Power": 6.1404675201858225,
        "Burner Efficiency": 0.17857963952304642
    }
}