{
    "Stages": [
        "0. Fan Inlet",
        "1. LPC Inlet",
        "2. HPC Inlet",
        "3. Burner Inlet",
        "4. HPT Inlet",
        "5. LPT Inlet",
        "6. Core Nozz Inlet",
        "7. Core Nozz Outlet",
        "8. Byp Nozz Outlet"
    ],
    "Total Temperatures": [
        15.000057655676706,
        59.942033320834994,
        139.95697080771498,
        476.04563730107816,
        1323.4375,
        1044.315315011098,
        753.6571968860547,
        753.6571968860547,
        59.94203332083493
    ],
    "Static Temperatures": [
        1.2698087753191583,
        44.11029440122737,
        120.50659961430016,
        443.6920257873239,
        1268.5031215816866,
        996.7380422788663,
        714.27984297661,
        610.3627528280911,
        4.4391862677623966
    ],
    "Total Pressures": [
        99.29823547694355,
        158.87717676310967,
        317.75435352621935,
        2302.4778351216287,
        2118.2796083119,
        809.872962722703,
        248.63089392176354,
        248.63089392176354,
        158.87717676310967
    ],
    "Static Pressures": [
        84.124656235234,
        133.97926458691475,
        267.52254953831886,
        1949.4117873994912,
        1809.0537185100006,
        691.0554888391583,
        211.55085283816933,
        134.4372440617245,
        84.07825298491292
    ],
    "Entropies": [
        6834.413225585567,
        6845.607178771453,
        6865.411001852655,
        6918.455622842224,
        7949.927687272725,
        7980.30490819093,
        8015.08502259808,
        8015.08502259808,
        6845.607178771453
    ],
    "Specifice Volumes": [
        0.9354134467594015,
        0.6780422909737055,
        0.42158869626980155,
        0.1055451407312367,
        0.24458886235412083,
        0.527398970608023,
        1.339446432879109,
        1.8858094051323901,
        0.9458112098493409
    ],
    "Performance": {
        "Thrust": 99999.99999999999,
        "OPR": 22.72375,
        "T4": 1323.4375,
        "Thermal Efficiency": 0.439847665089381,
        "SFC": 0.052872427886510615,
        "TSFC": 7.5362778174476075,
        "Air Mass Flow Rate": 190.20327770437385,
        "Fuel Mass Flow Rate": 0.7536277817447607,
        "Core EGT": 753.6571968860547,
        "Bypass EGT": 59.94203332083493,
        "FAR": 0.02416955966336287,
        "Specific Thrust": 0.5257532951426127
    },
    "Pressure Ratios": {
        "Fan": 1.6,
        "LPC": 2.0,
        "HPC": 7.24609375,
        "HPT": 2.6155702262123666,
        "LPT": 3.2573303741470885
    },
    "Mechanical Parameters": {
        "LP Shaft Speed": 5490.0,
        "Fan Power": 8.59460425514142,
        "Fan Efficiency": 0.92,
        "LPC Power": 2.521354608775953,
        "LPC Efficiency": 0.9,
        "LPT Power": 11.342815167262623,
        "LPT Efficiency": 0.91,
        "HP Shaft Speed": 15183.0,
        "HPC Power": 10.983730750376177,
        "HPC Efficiency": 0.89,
        "HPT Power": 11.361594122363872,
        "HPT Efficiency": 0.8999999999999998,
        "Burner Power": 5.707846225902529,
        "Burner Efficiency": 0.17613550498018485
    }
}