{
    "Stages": [
        "0. Fan Inlet",
        "1. LPC Inlet",
        "2. HPC Inlet",
        "3. Burner Inlet",
        "4. HPT Inlet",
        "5. LPT Inlet",
        "6. Core Nozz Inlet",
        "7. Core Nozz Outlet",
        "8. Byp Nozz Outlet"
    ],
    "Total Temperatures": [
        15.000057655676706,
        59.942033320834994,
        139.95697080771498,
        527.0414478514949,
        1301.171875,
        974.6305719338453,
        678.8924032646462,
        678.8924032646462,
        59.94203332083493
    ],
    "Static Temperatures": [
        1.2698087753191583,
        44.11029440122737,
        120.50659961430016,
        492.9680980706924,
        1246.5343105625823,
        928.7885760875644,
        641.5719897013436,
        543.3672844674551,
        4.4391862677623966
    ],
    "Total Pressures": [
        99.29823547694355,
        158.87717676310967,
        317.75435352621935,
        2916.8856671352164,
        2683.5348137643964,
        849.7777486696975,
        240.05562537012645,
        240.05562537012645,
        158.87717676310967
    ],
    "Static Pressures": [
        84.124656235234,
        133.97926458691484,
        267.52254953831897,
        2471.3060400687755,
        2288.721174312211,
        723.8536704794817,
        204.08801143244673,
        129.46573805277984,
        84.07825298491298
    ],
    "Entropies": [
        6834.413225585567,
        6845.607178771453,
        6865.411001852655,
        6922.915975264233,
        7855.274544972457,
        7892.524605396935,
        7930.0266436655875,
        7930.0266436655875,
        6845.607178771453
    ],
    "Specifice Volumes": [
        0.9354134467594015,
        0.678042290973703,
        0.42158869626980144,
        0.08894461073318204,
        0.1905550158367868,
        0.4765560958290522,
        1.286048913453916,
        1.8097881600560666,
        0.9458112098493401
    ],
    "Performance": {
        "Thrust": 99999.99999999999,
        "OPR": 28.787499999999994,
        "T4": 1301.171875,
        "Thermal Efficiency": 0.46797857057949416,
        "SFC": 0.049694185621984535,
        "TSFC": 6.976424141064534,
        "Air Mass Flow Rate": 192.5913059765369,
        "Fuel Mass Flow Rate": 0.6976424141064533,
        "Core EGT": 678.8924032646462,
        "Bypass EGT": 59.94203332083493,
        "FAR": 0.02209662946347028,
        "Specific Thrust": 0.5192342379784415
    },
    "Pressure Ratios": {
        "Fan": 1.6,
        "LPC": 2.0,
        "HPC": 9.1796875,
        "HPT": 3.1579254904772363,
        "LPT": 3.5399201637515443
    },
    "Mechanical Parameters": {
        "LP Shaft Speed": 5490.0,
        "Fan Power": 8.7025106918603,
        "Fan Efficiency": 0.92,
        "LPC Power": 2.553010562146346,
        "LPC Efficiency": 0.9,
        "LPT Power": 11.485225769394537,
        "LPT Efficiency": 0.9100000000000001,
        "HP Shaft Speed": 15183.0,
        "HPC Power": 12.881893294974814,
        "HPC Efficiency": 0.89,
        "HPT Power": 13.29849467807677,
        "HPT Efficiency": 0.8999999999999999,
        "Burner Power": 5.580057551982897,
        "Burner Efficiency": 0.1860104512780821
    }
}