{
    "Stages": [
        "0. Fan Inlet",
        "1. LPC Inlet",
        "2. HPC Inlet",
        "3. Burner Inlet",
        "4. HPT Inlet",
        "5. LPT Inlet",
        "6. Core Nozz Inlet",
        "7. Core Nozz Outlet",
        "8. Byp Nozz Outlet"
    ],
    "Total Temperatures": [
        15.000057655676706,
        59.942033320834994,
        139.95697080771498,
        482.9454459836165,
        1442.9687499999998,
        1165.34540819511,
        882.9517807535376,
        882.9517807535376,
        59.94203332083493
    ],
    "Static Temperatures": [
        1.2698087753191583,
        44.11029440122737,
        120.50659961430016,
        450.3464744733167,
        1385.5090138988428,
        1114.8509202103223,
        840.1827854927689,
        726.8142155393359,
        4.4391862677623966
    ],
    "Total Pressures": [
        99.29823547694355,
        158.87717676310967,
        317.75435352621935,
        2383.157651446645,
        2192.5050393309157,
        891.803774545131,
        308.9135710173903,
        308.9135710173903,
        158.87717676310967
    ],
    "Static Pressures": [
        84.124656235234,
        133.97926458691475,
        267.52254953831897,
        2015.7414762692974,
        1873.983958896934,
        760.8959982172775,
        263.04119794622665,
        167.53652159872698,
        84.07825298491296
    ],
    "Entropies": [
        6834.413225585567,
        6845.607178771453,
        6865.411001852655,
        6918.998910943736,
        8048.994437714665,
        8077.280866177474,
        8107.876221888549,
        8107.8762218885495,
        6845.607178771453
    ],
    "Specifice Volumes": [
        0.9354134467594015,
        0.6780422909737034,
        0.42158869626980144,
        0.10299949116239325,
        0.254010550327745,
        0.5234753023861531,
        1.2144963855797521,
        1.7127411180599434,
        0.9458112098493401
    ],
    "Performance": {
        "Thrust": 99999.99999999999,
        "OPR": 23.519999999999996,
        "T4": 1442.9687499999998,
        "Thermal Efficiency": 0.3986631890784549,
        "SFC": 0.05833449034320484,
        "TSFC": 8.48723997103363,
        "Air Mass Flow Rate": 185.37035674766247,
        "Fuel Mass Flow Rate": 0.8487239971033628,
        "Core EGT": 882.9517807535376,
        "Bypass EGT": 59.94203332083493,
        "FAR": 0.027929041477640665,
        "Specific Thrust": 0.5394605791050299
    },
    "Pressure Ratios": {
        "Fan": 1.6,
        "LPC": 2.0,
        "HPC": 7.5,
        "HPT": 2.4585061219876687,
        "LPT": 2.8869038404755827
    },
    "Mechanical Parameters": {
        "LP Shaft Speed": 5490.0,
        "Fan Power": 8.376221882762573,
        "Fan Efficiency": 0.92,
        "LPC Power": 2.457288901417357,
        "LPC Efficiency": 0.9,
        "LPT Power": 11.054602840999928,
        "LPT Efficiency": 0.9100000000000003,
        "HP Shaft Speed": 15183.0,
        "HPC Power": 10.932716413922721,
        "HPC Efficiency": 0.89,
        "HPT Power": 11.309538677003207,
        "HPT Efficiency": 0.9,
        "Burner Power": 6.403291812803161,
        "Burner Efficiency": 0.1754560535541332
    }
}