{
    "Stages": [
        "0. Fan Inlet",
        "1. LPC Inlet",
        "2. HPC Inlet",
        "3. Burner Inlet",
        "4. HPT Inlet",
        "5. LPT Inlet",
        "6. Core Nozz Inlet",
        "7. Core Nozz Outlet",
        "8. Byp Nozz Outlet"
    ],
    "Total Temperatures": [
        15.000057655676706,
        59.942033320834994,
        139.95697080771498,
        516.372941710726,
        1299.9999999999998,
        983.110877466356,
        688.009094060102,
        688.009094060102,
        59.94203332083493
    ],
    "Static Temperatures": [
        1.2698087753191583,
        44.11029440122737,
        120.50659961430016,
        482.65370839812533,
        1245.4236854090918,
        937.0400037262272,
        650.4463250720972,
        551.5195127660612,
        4.4391862677623966
    ],
    "Total Pressures": [
        99.29823547694355,
        158.87717676310967,
        317.75435352621935,
        2780.3505933544193,
        2557.9225458860683,
        839.1750873561176,
        239.6448095367125,
        239.6448095367125,
        158.87717676310967
    ],
    "Static Pressures": [
        84.124656235234,
        133.97926458691484,
        267.52254953831897,
        2353.2218215551925,
        2184.0554735814603,
        714.5568316115485,
        203.81151519649544,
        129.26332409081633,
        84.07825298491298
    ],
    "Entropies": [
        6834.413225585567,
        6845.607178771453,
        6865.411001852655,
        6922.08324394714,
        7869.301644722773,
        7905.236716405679,
        7942.508182813183,
        7942.508182813182,
        6845.607178771453
    ],
    "Specifice Volumes": [
        0.9354134467594015,
        0.678042290973703,
        0.42158869626980144,
        0.09217831849715356,
        0.1995419782741011,
        0.48601522920837864,
        1.3006249779867745,
        1.8308335040426371,
        0.9458112098493401
    ],
    "Performance": {
        "Thrust": 99999.99999999999,
        "OPR": 27.439999999999998,
        "T4": 1299.9999999999998,
        "Thermal Efficiency": 0.4643746133159298,
        "SFC": 0.05007985640607502,
        "TSFC": 7.045234738603192,
        "Air Mass Flow Rate": 192.33586726082103,
        "Fuel Mass Flow Rate": 0.704523473860319,
        "Core EGT": 688.009094060102,
        "Bypass EGT": 59.94203332083493,
        "FAR": 0.022344210945949596,
        "Specific Thrust": 0.5199238260869613
    },
    "Pressure Ratios": {
        "Fan": 1.6,
        "LPC": 2.0,
        "HPC": 8.75,
        "HPT": 3.048139279187839,
        "LPT": 3.5017453078930947
    },
    "Mechanical Parameters": {
        "LP Shaft Speed": 5490.0,
        "Fan Power": 8.690968332025514,
        "Fan Efficiency": 0.92,
        "LPC Power": 2.5496244397256214,
        "LPC Efficiency": 0.9,
        "LPT Power": 11.469992624235852,
        "LPT Efficiency": 0.9099999999999999,
        "HP Shaft Speed": 15183.0,
        "HPC Power": 12.494855521403194,
        "HPC Efficiency": 0.89,
        "HPT Power": 12.903558174432257,
        "HPT Efficiency": 0.8999999999999995,
        "Burner Power": 5.5765111826633,
        "Burner Efficiency": 0.18407662964439012
    }
}