{
    "Stages": [
        "0. Fan Inlet",
        "1. LPC Inlet",
        "2. HPC Inlet",
        "3. Burner Inlet",
        "4. HPT Inlet",
        "5. LPT Inlet",
        "6. Core Nozz Inlet",
        "7. Core Nozz Outlet",
        "8. Byp Nozz Outlet"
    ],
    "Total Temperatures": [
        15.000057655676706,
        59.94203332083493,
        139.95697080771524,
        481.8478673602371,
        1305.859375,
        1020.4489217485952,
        728.0561809488712,
        728.0561809488712,
        59.94203332083493
    ],
    "Static Temperatures": [
        1.2698087753191583,
        44.11029440122737,
        120.50659961430041,
        449.2856322639022,
        1251.254185047287,
        973.4394569763916,
        689.3937961998765,
        587.4069299807326,
        4.4391862677624285
    ],
    "Total Pressures": [
        99.29823547694353,
        158.87717676310967,
        317.75435352621935,
        2370.7453720120275,
        2181.0857422510653,
        807.7868046887778,
        241.57711696367045,
        241.57711696367033,
        158.87717676310967
    ],
    "Static Pressures": [
        84.12465623523386,
        133.97926458691458,
        267.5225495383185,
        2004.9887060675921,
        1862.1352472514823,
        688.9162816201737,
        205.57909871645694,
        130.53154002650524,
        84.07825298491296
    ],
    "Entropies": [
        6834.413225585567,
        6845.607178771453,
        6865.411001852656,
        6918.892379700123,
        7924.3349744516345,
        7955.839128385229,
        7991.526449880066,
        7991.526449880066,
        6845.607178771453
    ],
    "Specifice Volumes": [
        0.9354134467594029,
        0.6780422909737053,
        0.4215886962698025,
        0.10340507120949566,
        0.2349314925455319,
        0.5192617098620111,
        1.3436756518836386,
        1.8918572429311298,
        0.9458112098493403
    ],
    "Performance": {
        "Thrust": 99999.99999999999,
        "OPR": 23.3975,
        "T4": 1305.859375,
        "Thermal Efficiency": 0.44915371572513857,
        "SFC": 0.05177695995666629,
        "TSFC": 7.346476059127277,
        "Air Mass Flow Rate": 191.12251818831274,
        "Fuel Mass Flow Rate": 0.7346476059127276,
        "Core EGT": 728.0561809488712,
        "Bypass EGT": 59.94203332083493,
        "FAR": 0.02344752695049869,
        "Specific Thrust": 0.5232245836226903
    },
    "Pressure Ratios": {
        "Fan": 1.6,
        "LPC": 2.0,
        "HPC": 7.4609375,
        "HPT": 2.7000759725101684,
        "LPT": 3.343805137016601
    },
    "Mechanical Parameters": {
        "LP Shaft Speed": 5490.0,
        "Fan Power": 8.636141437203218,
        "Fan Efficiency": 0.92,
        "LPC Power": 2.533540157094193,
        "LPC Efficiency": 0.9,
        "LPT Power": 11.397634279895316,
        "LPT Efficiency": 0.9100000000000001,
        "HP Shaft Speed": 15183.0,
        "HPC Power": 11.234422786532091,
        "HPC Efficiency": 0.89,
        "HPT Power": 11.617402322522974,
        "HPT Efficiency": 0.8999999999999999,
        "Burner Power": 5.610064082847874,
        "Burner Efficiency": 0.17759073265578204
    }
}