{
    "Stages": [
        "0. Fan Inlet",
        "1. LPC Inlet",
        "2. HPC Inlet",
        "3. Burner Inlet",
        "4. HPT Inlet",
        "5. LPT Inlet",
        "6. Core Nozz Inlet",
        "7. Core Nozz Outlet",
        "8. Byp Nozz Outlet"
    ],
    "Total Temperatures": [
        15.000057655676706,
        59.942033320834994,
        139.95697080771498,
        468.41496327457554,
        1435.9374999999998,
        1170.3910775043112,
        888.3435609779076,
        888.3435609779076,
        59.94203332083493
    ],
    "Static Temperatures": [
        1.2698087753191583,
        44.11029440122737,
        120.50659961430016,
        436.3180646406533,
        1378.6771747386897,
        1119.7878802742741,
        845.4284368571462,
        731.6652713987384,
        4.4391862677623966
    ],
    "Total Pressures": [
        99.29823547694355,
        158.87717676310967,
        317.75435352621935,
        2221.798018796612,
        2044.0541772928837,
        864.676834147648,
        300.71118626547633,
        300.71118626547633,
        158.87717676310967
    ],
    "Static Pressures": [
        84.124656235234,
        133.97926458691475,
        267.52254953831897,
        1882.146920816904,
        1746.1654180812902,
        737.6261033644881,
        255.941108757193,
        162.96423339230694,
        84.078252984913
    ],
    "Entropies": [
        6834.413225585567,
        6845.607178771453,
        6865.411001852655,
        6917.709152066669,
        8064.204847052934,
        8091.17573457758,
        8121.675018428148,
        8121.675018428148,
        6845.607178771453
    ],
    "Specifice Volumes": [
        0.9354134467594015,
        0.6780422909737055,
        0.42158869626980144,
        0.10815320170461458,
        0.2714908348960701,
        0.5419169785126614,
        1.2540980034394724,
        1.7692065135051604,
        0.9458112098493399
    ],
    "Performance": {
        "Thrust": 99999.99999999999,
        "OPR": 21.9275,
        "T4": 1435.9374999999998,
        "Thermal Efficiency": 0.39725334801374784,
        "SFC": 0.058541517824246395,
        "TSFC": 8.534255200664353,
        "Air Mass Flow Rate": 185.38938491705008,
        "Fuel Mass Flow Rate": 0.8534255200664351,
        "Core EGT": 888.3435609779076,
        "Bypass EGT": 59.94203332083493,
        "FAR": 0.028080872455208593,
        "Specific Thrust": 0.5394052094446702
    },
    "Pressure Ratios": {
        "Fan": 1.6,
        "LPC": 2.0,
        "HPC": 6.9921875,
        "HPT": 2.36395159043182,
        "LPT": 2.8754395368062124
    },
    "Mechanical Parameters": {
        "LP Shaft Speed": 5490.0,
        "Fan Power": 8.377081697522655,
        "Fan Efficiency": 0.92,
        "LPC Power": 2.457541140827534,
        "LPC Efficiency": 0.9,
        "LPT Power": 11.055737590153258,
        "LPT Efficiency": 0.9099999999999999,
        "HP Shaft Speed": 15183.0,
        "HPC Power": 10.454469588553705,
        "HPC Efficiency": 0.89,
        "HPT Power": 10.82153171234094,
        "HPT Efficiency": 0.9,
        "Burner Power": 6.342078850446054,
        "Burner Efficiency": 0.17282141482345809
    }
}