{
    "Stages": [
        "0. Fan Inlet",
        "1. LPC Inlet",
        "2. HPC Inlet",
        "3. Burner Inlet",
        "4. HPT Inlet",
        "5. LPT Inlet",
        "6. Core Nozz Inlet",
        "7. Core Nozz Outlet",
        "8. Byp Nozz Outlet"
    ],
    "Total Temperatures": [
        15.000057655676706,
        59.942033320834994,
        139.95697080771498,
        502.7018436277757,
        1449.9999999999998,
        1155.677483426572,
        872.6593751584488,
        872.6593751584488,
        59.94203332083493
    ],
    "Static Temperatures": [
        1.2698087753191583,
        44.11029440122737,
        120.50659961430016,
        469.44295793707937,
        1392.348561155619,
        1105.4292375226282,
        830.1696492009546,
        717.5416408741722,
        4.4391862677623966
    ],
    "Total Pressures": [
        99.29823547694355,
        158.87717676310967,
        317.75435352621935,
        2606.578681269768,
        2398.052386768187,
        921.5075248994659,
        316.7334714639633,
        316.73347146396316,
        158.87717676310967
    ],
    "Static Pressures": [
        84.124656235234,
        133.97926458691475,
        267.52254953831897,
        2209.3058778341338,
        2048.841713271451,
        786.7142737567405,
        269.83479174768877,
        171.87320678661771,
        84.07825298491295
    ],
    "Entropies": [
        6834.413225585567,
        6845.607178771453,
        6865.411001852655,
        6920.916473313798,
        8027.665390584047,
        8057.846717903369,
        8088.790278889271,
        8088.790278889272,
        6845.607178771453
    ],
    "Specifice Volumes": [
        0.9354134467594015,
        0.6780422909737055,
        0.42158869626980144,
        0.0964400804453239,
        0.23328979367588765,
        0.5028823730706761,
        1.1733639509990843,
        1.6542330595790684,
        0.9458112098493406
    ],
    "Performance": {
        "Thrust": 99999.99999999999,
        "OPR": 25.724999999999998,
        "T4": 1449.9999999999998,
        "Thermal Efficiency": 0.40145297556102977,
        "SFC": 0.057929110927595985,
        "TSFC": 8.4036067161177,
        "Air Mass Flow Rate": 185.4951082665793,
        "Fuel Mass Flow Rate": 0.84036067161177,
        "Core EGT": 872.6593751584488,
        "Bypass EGT": 59.94203332083493,
        "FAR": 0.0276352306254072,
        "Specific Thrust": 0.5390977742458183
    },
    "Pressure Ratios": {
        "Fan": 1.6,
        "LPC": 2.0,
        "HPC": 8.203125,
        "HPT": 2.602314492255294,
        "LPT": 2.90940998638444
    },
    "Mechanical Parameters": {
        "LP Shaft Speed": 5490.0,
        "Fan Power": 8.381858956677696,
        "Fan Efficiency": 0.92,
        "LPC Power": 2.4589426206432776,
        "LPC Efficiency": 0.9,
        "LPT Power": 11.06204242583773,
        "LPT Efficiency": 0.91,
        "HP Shaft Speed": 15183.0,
        "HPC Power": 11.595947900925553,
        "HPC Efficiency": 0.89,
        "HPT Power": 11.986305500475483,
        "HPT Efficiency": 0.8999999999999999,
        "Burner Power": 6.47070263320213,
        "Burner Efficiency": 0.17906770470050687
    }
}