{
    "Stages": [
        "0. Fan Inlet",
        "1. LPC Inlet",
        "2. HPC Inlet",
        "3. Burner Inlet",
        "4. HPT Inlet",
        "5. LPT Inlet",
        "6. Core Nozz Inlet",
        "7. Core Nozz Outlet",
        "8. Byp Nozz Outlet"
    ],
    "Total Temperatures": [
        15.000057655676706,
        59.94203332083493,
        139.95697080771544,
        493.92122656409805,
        1410.15625,
        1120.8435038342711,
        835.4814969623684,
        835.4814969623684,
        59.94203332083487
    ],
    "Static Temperatures": [
        1.2698087753191583,
        44.11029440122737,
        120.50659961430054,
        460.95532228653553,
        1353.3227375119307,
        1071.4116551878737,
        793.9581007817605,
        684.0112835253717,
        4.4391862677623966
    ],
    "Total Pressures": [
        99.29823547694355,
        158.87717676310967,
        317.75435352621935,
        2507.2804457928246,
        2306.698010129401,
        889.0151120775334,
        295.0288419558015,
        295.02884195580134,
        158.87717676310967
    ],
    "Static Pressures": [
        84.124656235234,
        133.97926458691455,
        267.5225495383194,
        2123.273853894979,
        1969.2143641040027,
        758.4746392925647,
        251.0288854416746,
        159.67204451335277,
        84.07825298491304
    ],
    "Entropies": [
        6834.413225585567,
        6845.607178771453,
        6865.411001852656,
        6920.064223375054,
        8003.266118260728,
        8033.463364410196,
        8065.5131377536345,
        8065.5131377536345,
        6845.607178771453
    ],
    "Specifice Volumes": [
        0.9354134467594015,
        0.678042290973704,
        0.4215886962698011,
        0.09919142658057575,
        0.23703407867401138,
        0.5087326169999997,
        1.2199073129966718,
        1.7204208521883726,
        0.9458112098493398
    ],
    "Performance": {
        "Thrust": 99999.99999999999,
        "OPR": 24.744999999999997,
        "T4": 1410.15625,
        "Thermal Efficiency": 0.41260157688394955,
        "SFC": 0.05636385136751288,
        "TSFC": 8.130406842052702,
        "Air Mass Flow Rate": 186.88867405636816,
        "Fuel Mass Flow Rate": 0.8130406842052701,
        "Core EGT": 835.4814969623684,
        "Bypass EGT": 59.94203332083487,
        "FAR": 0.02653744641666343,
        "Specific Thrust": 0.535077904024503
    },
    "Pressure Ratios": {
        "Fan": 1.6,
        "LPC": 2.0,
        "HPC": 7.890625,
        "HPT": 2.594666815886734,
        "LPT": 3.0133159394996274
    },
    "Mechanical Parameters": {
        "LP Shaft Speed": 5490.0,
        "Fan Power": 8.444829198890618,
        "Fan Efficiency": 0.92,
        "LPC Power": 2.4774158749905584,
        "LPC Efficiency": 0.9,
        "LPT Power": 11.14514803457263,
        "LPT Efficiency": 0.91,
        "HP Shaft Speed": 15183.0,
        "HPC Power": 11.389375104266778,
        "HPC Efficiency": 0.89,
        "HPT Power": 11.775516932456325,
        "HPT Efficiency": 0.9,
        "Burner Power": 6.221552547126134,
        "Burner Efficiency": 0.1779582145747673
    }
}