{
    "Stages": [
        "0. Fan Inlet",
        "1. LPC Inlet",
        "2. HPC Inlet",
        "3. Burner Inlet",
        "4. HPT Inlet",
        "5. LPT Inlet",
        "6. Core Nozz Inlet",
        "7. Core Nozz Outlet",
        "8. Byp Nozz Outlet"
    ],
    "Total Temperatures": [
        15.000057655676706,
        59.94203332083512,
        139.95697080771544,
        491.1772823826129,
        1404.2968749999998,
        1117.0000760567323,
        831.3828435311505,
        831.3828435311505,
        59.94203332083512
    ],
    "Static Temperatures": [
        1.2698087753191583,
        44.11029440122756,
        120.50659961430067,
        458.3030377619479,
        1347.5926052622094,
        1067.6670577026064,
        789.9714730221662,
        680.3039484221806,
        4.439186267762555
    ],
    "Total Pressures": [
        99.29823547694353,
        158.87717676310967,
        317.75435352621935,
        2476.2497472062796,
        2278.1497674297775,
        882.7228270278549,
        291.65308023373416,
        291.65308023373404,
        158.87717676310967
    ],
    "Static Pressures": [
        84.12465623523391,
        133.9792645869145,
        267.5225495383179,
        2096.3899624491396,
        1947.3595213687636,
        753.1246195308295,
        248.1346194708376,
        157.9232723015864,
        84.07825298491267
    ],
    "Entropies": [
        6834.413225585567,
        6845.607178771454,
        6865.411001852657,
        6919.797895268047,
        8001.577670547899,
        8031.622835974625,
        8063.818969685789,
        8063.818969685789,
        6845.607178771454
    ],
    "Specifice Volumes": [
        0.9354134467594024,
        0.6780422909737049,
        0.4215886962698037,
        0.10010300840288613,
        0.2388546238838654,
        0.5109425792428567,
        1.2296417224870562,
        1.7325341730809707,
        0.9458112098493443
    ],
    "Performance": {
        "Thrust": 99999.99999999999,
        "OPR": 24.438750000000002,
        "T4": 1404.2968749999998,
        "Thermal Efficiency": 0.4138926346800299,
        "SFC": 0.056188035265394044,
        "TSFC": 8.100834535547099,
        "Air Mass Flow Rate": 187.06504882129713,
        "Fuel Mass Flow Rate": 0.8100834535547097,
        "Core EGT": 831.3828435311505,
        "Bypass EGT": 59.94203332083512,
        "FAR": 0.02641599324844666,
        "Specific Thrust": 0.5345734044392749
    },
    "Pressure Ratios": {
        "Fan": 1.6,
        "LPC": 2.0,
        "HPC": 7.79296875,
        "HPT": 2.580821179275664,
        "LPT": 3.0266192499803943
    },
    "Mechanical Parameters": {
        "LP Shaft Speed": 5490.0,
        "Fan Power": 8.452798942227645,
        "Fan Efficiency": 0.92,
        "LPC Power": 2.4797539173828436,
        "LPC Efficiency": 0.9,
        "LPT Power": 11.15566618327601,
        "LPT Efficiency": 0.91,
        "HP Shaft Speed": 15183.0,
        "HPC Power": 11.308259167003488,
        "HPC Efficiency": 0.89,
        "HPT Power": 11.692745567901948,
        "HPT Efficiency": 0.9000000000000001,
        "Burner Power": 6.184103412583649,
        "Burner Efficiency": 0.17753276875499732
    }
}