{
    "Stages": [
        "0. Fan Inlet",
        "1. LPC Inlet",
        "2. HPC Inlet",
        "3. Burner Inlet",
        "4. HPT Inlet",
        "5. LPT Inlet",
        "6. Core Nozz Inlet",
        "7. Core Nozz Outlet",
        "8. Byp Nozz Outlet"
    ],
    "Total Temperatures": [
        15.000057655676706,
        59.94203332083493,
        139.95697080771544,
        531.9597218177289,
        1380.8593749999998,
        1055.7936311186425,
        765.9419026709468,
        765.9419026709468,
        59.94203332083487
    ],
    "Static Temperatures": [
        1.2698087753191583,
        44.11029440122737,
        120.50659961430054,
        497.72336021136056,
        1324.516399797426,
        1007.9167497589438,
        726.2572369941732,
        621.4297163312444,
        4.4391862677623966
    ],
    "Total Pressures": [
        99.29823547694355,
        158.87717676310967,
        317.75435352621935,
        2978.9470643083064,
        2740.6312991636423,
        912.5142095639568,
        283.33819414823864,
        283.3381941482385,
        158.87717676310967
    ],
    "Static Pressures": [
        84.124656235234,
        133.97926458691455,
        267.52254953831886,
        2524.9856317544154,
        2339.7605919391344,
        778.2161167874807,
        241.24284402494484,
        153.34403457151316,
        84.07825298491287
    ],
    "Entropies": [
        6834.413225585567,
        6845.607178771453,
        6865.411001852656,
        6923.388821917922,
        7923.36390429622,
        7958.709191039455,
        7993.015751184391,
        7993.015751184391,
        6845.607178771453
    ],
    "Specifice Volumes": [
        0.9354134467594015,
        0.678042290973704,
        0.42158869626980217,
        0.0875923494760241,
        0.19596255601650672,
        0.47239176501208746,
        1.1888214528001955,
        1.674111795576297,
        0.9458112098493413
    ],
    "Performance": {
        "Thrust": 99999.99999999999,
        "OPR": 29.4,
        "T4": 1380.8593749999998,
        "Thermal Efficiency": 0.4349790430059319,
        "SFC": 0.0534642170178558,
        "TSFC": 7.6074236725743285,
        "Air Mass Flow Rate": 189.02125173340465,
        "Fuel Mass Flow Rate": 0.7607423672574328,
        "Core EGT": 765.9419026709468,
        "Bypass EGT": 59.94203332083487,
        "FAR": 0.024550300020313776,
        "Specific Thrust": 0.5290410421207022
    },
    "Pressure Ratios": {
        "Fan": 1.6,
        "LPC": 2.0,
        "HPC": 9.375,
        "HPT": 3.0033847916442284,
        "LPT": 3.2205831349604135
    },
    "Mechanical Parameters": {
        "LP Shaft Speed": 5490.0,
        "Fan Power": 8.541192738986728,
        "Fan Efficiency": 0.92,
        "LPC Power": 2.5056855484655127,
        "LPC Efficiency": 0.9,
        "LPT Power": 11.27232478311453,
        "LPT Efficiency": 0.91,
        "HP Shaft Speed": 15183.0,
        "HPC Power": 12.810714449900269,
        "HPC Efficiency": 0.89,
        "HPT Power": 13.225863203510913,
        "HPT Efficiency": 0.9000000000000001,
        "Burner Power": 6.065133752473951,
        "Burner Efficiency": 0.18541049929828118
    }
}