{
    "Stages": [
        "0. Fan Inlet",
        "1. LPC Inlet",
        "2. HPC Inlet",
        "3. Burner Inlet",
        "4. HPT Inlet",
        "5. LPT Inlet",
        "6. Core Nozz Inlet",
        "7. Core Nozz Outlet",
        "8. Byp Nozz Outlet"
    ],
    "Total Temperatures": [
        15.000057655676706,
        59.94203332083493,
        139.95697080771524,
        488.9821265748787,
        1303.515625,
        1011.5489009561991,
        718.535433474171,
        718.535433474171,
        59.94203332083493
    ],
    "Static Temperatures": [
        1.2698087753191583,
        44.11029440122737,
        120.50659961430041,
        456.1812449782112,
        1248.935684386308,
        964.7767057221705,
        680.1137687423835,
        578.8591234373826,
        4.4391862677624285
    ],
    "Total Pressures": [
        99.29823547694353,
        158.87717676310967,
        317.75435352621935,
        2451.425188337044,
        2255.3111732700827,
        815.2170158252976,
        241.326023957603,
        241.32602395760287,
        158.87717676310967
    ],
    "Static Pressures": [
        84.12465623523386,
        133.97926458691458,
        267.5225495383185,
        2074.8832318902305,
        1926.0034741632567,
        694.7985593250455,
        205.2533435398726,
        130.31690695064472,
        84.07825298491308
    ],
    "Entropies": [
        6834.413225585567,
        6845.607178771453,
        6865.411001852656,
        6919.584832782045,
        7911.326229024429,
        7943.764821973536,
        7979.803996248368,
        7979.803996248368,
        6845.607178771453
    ],
    "Specifice Volumes": [
        0.9354134467594029,
        0.6780422909737053,
        0.4215886962698025,
        0.10085114421657973,
        0.22679656333934078,
        0.5113350285342866,
        1.332770821228266,
        1.8762229713152185,
        0.9458112098493389
    ],
    "Performance": {
        "Thrust": 99999.99999999999,
        "OPR": 24.19375,
        "T4": 1303.515625,
        "Thermal Efficiency": 0.45267862090039923,
        "SFC": 0.05137378457862987,
        "TSFC": 7.274320109264509,
        "Air Mass Flow Rate": 191.40325482427147,
        "Fuel Mass Flow Rate": 0.7274320109264508,
        "Core EGT": 718.535433474171,
        "Bypass EGT": 59.94203332083493,
        "FAR": 0.023183175598164695,
        "Specific Thrust": 0.5224571551398675
    },
    "Pressure Ratios": {
        "Fan": 1.6,
        "LPC": 2.0,
        "HPC": 7.71484375,
        "HPT": 2.76651631343429,
        "LPT": 3.3780733733404418
    },
    "Mechanical Parameters": {
        "LP Shaft Speed": 5490.0,
        "Fan Power": 8.648826919362657,
        "Fan Efficiency": 0.92,
        "LPC Power": 2.537261631400367,
        "LPC Efficiency": 0.9,
        "LPT Power": 11.414376072207167,
        "LPT Efficiency": 0.9099999999999998,
        "HP Shaft Speed": 15183.0,
        "HPC Power": 11.495311827754621,
        "HPC Efficiency": 0.89,
        "HPT Power": 11.883615629892894,
        "HPT Efficiency": 0.8999999999999996,
        "Burner Power": 5.598187784494769,
        "Burner Efficiency": 0.1789726209973799
    }
}