{
    "Stages": [
        "0. Fan Inlet",
        "1. LPC Inlet",
        "2. HPC Inlet",
        "3. Burner Inlet",
        "4. HPT Inlet",
        "5. LPT Inlet",
        "6. Core Nozz Inlet",
        "7. Core Nozz Outlet",
        "8. Byp Nozz Outlet"
    ],
    "Total Temperatures": [
        15.000057655676706,
        59.942033320834994,
        139.95697080771498,
        485.6893920923722,
        1356.25,
        1070.6927586819534,
        781.8768880315032,
        781.8768880315032,
        59.94203332083493
    ],
    "Static Temperatures": [
        1.2698087753191583,
        44.11029440122737,
        120.50659961430016,
        452.9986138585934,
        1300.5838167650056,
        1022.4589619982178,
        741.749031225922,
        635.7253637385162,
        4.4391862677623966
    ],
    "Total Pressures": [
        99.29823547694355,
        158.87717676310967,
        317.75435352621935,
        2414.18835003319,
        2221.0532820305352,
        845.3732666694833,
        267.1598250420243,
        267.15982504202435,
        158.87717676310967
    ],
    "Static Pressures": [
        84.124656235234,
        133.97926458691475,
        267.52254953831897,
        2042.6237736720016,
        1898.013426928613,
        720.4943776526509,
        227.24794776013323,
        144.3865658593685,
        84.078252984913
    ],
    "Entropies": [
        6834.413225585567,
        6845.607178771453,
        6865.411001852655,
        6919.265239052388,
        7965.6071430583315,
        7996.25299767657,
        8029.923163599548,
        8029.923163599548,
        6845.607178771453
    ],
    "Specifice Volumes": [
        0.9354134467594015,
        0.6780422909737055,
        0.42158869626980144,
        0.10200600532390308,
        0.23796910856011647,
        0.5160597971724753,
        1.2814795315373357,
        1.8060438778247971,
        0.9458112098493399
    ],
    "Performance": {
        "Thrust": 99999.99999999999,
        "OPR": 23.826249999999998,
        "T4": 1356.25,
        "Thermal Efficiency": 0.42993548731951653,
        "SFC": 0.054091403569590135,
        "TSFC": 7.738558742403359,
        "Air Mass Flow Rate": 188.9561243958794,
        "Fuel Mass Flow Rate": 0.7738558742403358,
        "Core EGT": 781.8768880315032,
        "Bypass EGT": 59.94203332083493,
        "FAR": 0.024982100198965494,
        "Specific Thrust": 0.5292233862210856
    },
    "Pressure Ratios": {
        "Fan": 1.6,
        "LPC": 2.0,
        "HPC": 7.59765625,
        "HPT": 2.627304848165849,
        "LPT": 3.164297875013602
    },
    "Mechanical Parameters": {
        "LP Shaft Speed": 5490.0,
        "Fan Power": 8.538249868080543,
        "Fan Efficiency": 0.92,
        "LPC Power": 2.504822213644939,
        "LPC Efficiency": 0.9,
        "LPT Power": 11.268440899719879,
        "LPT Efficiency": 0.91,
        "HP Shaft Speed": 15183.0,
        "HPC Power": 11.23698997526029,
        "HPC Efficiency": 0.89,
        "HPT Power": 11.62002190285786,
        "HPT Efficiency": 0.8999999999999999,
        "Burner Power": 5.899767223244826,
        "Burner Efficiency": 0.17729902101907297
    }
}