{
    "Stages": [
        "0. Fan Inlet",
        "1. LPC Inlet",
        "2. HPC Inlet",
        "3. Burner Inlet",
        "4. HPT Inlet",
        "5. LPT Inlet",
        "6. Core Nozz Inlet",
        "7. Core Nozz Outlet",
        "8. Byp Nozz Outlet"
    ],
    "Total Temperatures": [
        15.000057655676706,
        59.942033320834994,
        139.95697080771498,
        531.9597218177289,
        1336.328125,
        1007.9317165951738,
        714.6605922457171,
        714.6605922457171,
        59.94203332083493
    ],
    "Static Temperatures": [
        1.2698087753191583,
        44.11029440122737,
        120.50659961430016,
        497.72336021136056,
        1280.9138175867097,
        961.2581239247776,
        676.3495518997873,
        575.3920527643659,
        4.4391862677623966
    ],
    "Total Pressures": [
        99.29823547694355,
        158.87717676310967,
        317.75435352621935,
        2978.9470643083064,
        2740.6312991636423,
        879.5218150241536,
        258.8655479539136,
        258.8655479539136,
        158.87717676310967
    ],
    "Static Pressures": [
        84.124656235234,
        133.97926458691475,
        267.52254953831897,
        2524.9856317544295,
        2338.588068467908,
        749.7760675373521,
        219.92390954853337,
        139.48742332990784,
        84.07825298491287
    ],
    "Entropies": [
        6834.413225585567,
        6845.607178771453,
        6865.411001852655,
        6923.388821917922,
        7882.1037515593325,
        7918.813183049135,
        7954.881830641922,
        7954.881830641922,
        6845.607178771453
    ],
    "Specifice Volumes": [
        0.9354134467594015,
        0.6780422909737055,
        0.42158869626980144,
        0.08759234947602362,
        0.190711023195941,
        0.47252508031825163,
        1.2388489104357312,
        1.7455347624368602,
        0.9458112098493415
    ],
    "Performance": {
        "Thrust": 99999.99999999999,
        "OPR": 29.4,
        "T4": 1336.328125,
        "Thermal Efficiency": 0.45371400590405897,
        "SFC": 0.05125654851044201,
        "TSFC": 7.234318706865623,
        "Air Mass Flow Rate": 191.0584410579606,
        "Fuel Mass Flow Rate": 0.7234318706865622,
        "Core EGT": 714.6605922457171,
        "Bypass EGT": 59.94203332083493,
        "FAR": 0.02309730146834651,
        "Specific Thrust": 0.5234000625476861
    },
    "Pressure Ratios": {
        "Fan": 1.6,
        "LPC": 2.0,
        "HPC": 9.375,
        "HPT": 3.116046984108493,
        "LPT": 3.3976008857723192
    },
    "Mechanical Parameters": {
        "LP Shaft Speed": 5490.0,
        "Fan Power": 8.633246021394266,
        "Fan Efficiency": 0.92,
        "LPC Power": 2.5326907439301194,
        "LPC Efficiency": 0.9,
        "LPT Power": 11.39381302584121,
        "LPT Efficiency": 0.9099999999999999,
        "HP Shaft Speed": 15183.0,
        "HPC Power": 12.948782791306042,
        "HPC Efficiency": 0.89,
        "HPT Power": 13.36674926616986,
        "HPT Efficiency": 0.9,
        "Burner Power": 5.7920700257682896,
        "Burner Efficiency": 0.1861948697352932
    }
}