{
    "Stages": [
        "0. Fan Inlet",
        "1. LPC Inlet",
        "2. HPC Inlet",
        "3. Burner Inlet",
        "4. HPT Inlet",
        "5. LPT Inlet",
        "6. Core Nozz Inlet",
        "7. Core Nozz Outlet",
        "8. Byp Nozz Outlet"
    ],
    "Total Temperatures": [
        15.000057655676706,
        59.942033320834994,
        139.95697080771498,
        512.6057588764381,
        1352.7343749999998,
        1043.0135395666653,
        752.2729211400166,
        752.2729211400166,
        59.94203332083493
    ],
    "Static Temperatures": [
        1.2698087753191583,
        44.11029440122737,
        120.50659961430016,
        479.0170159145301,
        1297.0531344695696,
        995.4724050922699,
        712.9355392943065,
        609.1257280790736,
        4.4391862677623966
    ],
    "Total Pressures": [
        99.29823547694355,
        158.87717676310967,
        317.75435352621935,
        2730.7014756159474,
        2512.245357566674,
        872.67111016533,
        267.50996649845285,
        267.5099664984528,
        158.87717676310967
    ],
    "Static Pressures": [
        84.124656235234,
        133.97926458691475,
        267.52254953831897,
        2310.664259380376,
        2146.011938279425,
        744.0944020668932,
        227.45814444175457,
        144.43077215075067,
        84.07825298491287
    ],
    "Entropies": [
        6834.413225585567,
        6845.607178771453,
        6865.411001852655,
        6921.877752418422,
        7924.496981068306,
        7958.345557267106,
        7993.12635242276,
        7993.12635242276,
        6845.607178771453
    ],
    "Specifice Volumes": [
        0.9354134467594015,
        0.6780422909737055,
        0.42158869626980144,
        0.0934383137247133,
        0.20998957500998885,
        0.489329579373753,
        1.2440376339120198,
        1.75281009731473,
        0.9458112098493415
    ],
    "Performance": {
        "Thrust": 99999.99999999999,
        "OPR": 26.949999999999996,
        "T4": 1352.7343749999998,
        "Thermal Efficiency": 0.43999280032132704,
        "SFC": 0.052854987482760254,
        "TSFC": 7.5129558160408,
        "Air Mass Flow Rate": 189.77205251702097,
        "Fuel Mass Flow Rate": 0.7512955816040799,
        "Core EGT": 752.2729211400166,
        "Bypass EGT": 59.94203332083493,
        "FAR": 0.024149515099826616,
        "Specific Thrust": 0.5269479814001107
    },
    "Pressure Ratios": {
        "Fan": 1.6,
        "LPC": 2.0,
        "HPC": 8.59375,
        "HPT": 2.878799731425418,
        "LPT": 3.2622003643007336
    },
    "Mechanical Parameters": {
        "LP Shaft Speed": 5490.0,
        "Fan Power": 8.575118734834522,
        "Fan Efficiency": 0.92,
        "LPC Power": 2.5156382424405503,
        "LPC Efficiency": 0.9,
        "LPT Power": 11.317098956403134,
        "LPT Efficiency": 0.9099999999999999,
        "HP Shaft Speed": 15183.0,
        "HPC Power": 12.19968678876291,
        "HPC Efficiency": 0.89,
        "HPT Power": 12.602365590105434,
        "HPT Efficiency": 0.9,
        "Burner Power": 5.890566484951702,
        "Burner Efficiency": 0.18233824557067888
    }
}