{
    "Stages": [
        "0. Fan Inlet",
        "1. LPC Inlet",
        "2. HPC Inlet",
        "3. Burner Inlet",
        "4. HPT Inlet",
        "5. LPT Inlet",
        "6. Core Nozz Inlet",
        "7. Core Nozz Outlet",
        "8. Byp Nozz Outlet"
    ],
    "Total Temperatures": [
        15.000057655676706,
        59.942033320834994,
        139.95697080771498,
        512.1324069596488,
        1366.7968749999998,
        1058.4849263758817,
        768.8083789066312,
        768.8083789066312,
        59.94203332083493
    ],
    "Static Temperatures": [
        1.2698087753191583,
        44.11029440122737,
        120.50659961430016,
        478.55941487717644,
        1310.8110596329975,
        1010.5363224331251,
        729.043346889971,
        623.9991643247254,
        4.4391862677623966
    ],
    "Total Pressures": [
        99.29823547694355,
        158.87717676310967,
        317.75435352621935,
        2724.4953358986386,
        2506.53570902675,
        881.6884801015204,
        274.6520820115683,
        274.6520820115682,
        158.87717676310967
    ],
    "Static Pressures": [
        84.124656235234,
        133.97926458691475,
        267.52254953831897,
        2305.286712869116,
        2141.0668229562075,
        751.5758224184398,
        233.7432093078238,
        148.53523135866516,
        84.07825298491308
    ],
    "Entropies": [
        6834.413225585567,
        6845.607178771453,
        6865.411001852655,
        6921.831808609917,
        7938.247300694273,
        7971.644548445228,
        8005.836904104727,
        8005.836904104727,
        6845.607178771453
    ],
    "Specifice Volumes": [
        0.9354134467594015,
        0.6780422909737055,
        0.42158869626980144,
        0.093596671002242,
        0.21231811293710018,
        0.49013235334481337,
        1.2303222806174667,
        1.7331530919624403,
        0.9458112098493389
    ],
    "Performance": {
        "Thrust": 99999.99999999999,
        "OPR": 26.888749999999998,
        "T4": 1366.7968749999998,
        "Thermal Efficiency": 0.4341667077234585,
        "SFC": 0.053564249722024074,
        "TSFC": 7.6342179834510215,
        "Air Mass Flow Rate": 189.13603254840933,
        "Fuel Mass Flow Rate": 0.763421798345102,
        "Core EGT": 768.8083789066312,
        "Bypass EGT": 59.94203332083493,
        "FAR": 0.024621817996066914,
        "Specific Thrust": 0.5287199834563782
    },
    "Pressure Ratios": {
        "Fan": 1.6,
        "LPC": 2.0,
        "HPC": 8.57421875,
        "HPT": 2.8428813187375876,
        "LPT": 3.2102013341533078
    },
    "Mechanical Parameters": {
        "LP Shaft Speed": 5490.0,
        "Fan Power": 8.546379272536292,
        "Fan Efficiency": 0.92,
        "LPC Power": 2.5072070949940537,
        "LPC Efficiency": 0.9,
        "LPT Power": 11.279169762786067,
        "LPT Efficiency": 0.91,
        "HP Shaft Speed": 15183.0,
        "HPC Power": 12.142776767850291,
        "HPC Efficiency": 0.89,
        "HPT Power": 12.5442941401946,
        "HPT Efficiency": 0.8999999999999999,
        "Burner Power": 5.974375262599441,
        "Burner Efficiency": 0.18199501232021278
    }
}