{
    "Stages": [
        "0. Fan Inlet",
        "1. LPC Inlet",
        "2. HPC Inlet",
        "3. Burner Inlet",
        "4. HPT Inlet",
        "5. LPT Inlet",
        "6. Core Nozz Inlet",
        "7. Core Nozz Outlet",
        "8. Byp Nozz Outlet"
    ],
    "Total Temperatures": [
        15.000057655676706,
        59.94203332083493,
        139.95697080771524,
        493.9212265640978,
        1323.4374999999998,
        1028.4143558852884,
        736.577824420965,
        736.577824420965,
        59.94203332083493
    ],
    "Static Temperatures": [
        1.2698087753191583,
        44.11029440122737,
        120.50659961430041,
        460.9553222865354,
        1268.448732069786,
        981.1939719378206,
        697.6773550132068,
        595.0475769405577,
        4.4391862677624285
    ],
    "Total Pressures": [
        99.29823547694353,
        158.87717676310967,
        317.75435352621935,
        2507.2804457928246,
        2306.698010129401,
        834.360443528862,
        251.16032523555035,
        251.16032523555026,
        158.87717676310967
    ],
    "Static Pressures": [
        84.12465623523386,
        133.97926458691455,
        267.5225495383185,
        2123.273853894976,
        1968.622227539047,
        710.4427415472531,
        213.45938155953243,
        135.61211187635706,
        84.07825298491284
    ],
    "Entropies": [
        6834.413225585567,
        6845.607178771453,
        6865.411001852656,
        6920.064223375053,
        7923.1171555803885,
        7955.578904015068,
        7990.904607155196,
        7990.904607155197,
        6845.607178771453
    ],
    "Specifice Volumes": [
        0.9354134467594029,
        0.6780422909737044,
        0.4215886962698025,
        0.09919142658057588,
        0.22475572454140616,
        0.5066594736731415,
        1.305000189692208,
        1.8368387083228817,
        0.9458112098493421
    ],
    "Performance": {
        "Thrust": 99999.99999999999,
        "OPR": 24.745,
        "T4": 1323.4374999999998,
        "Thermal Efficiency": 0.44587422141773114,
        "SFC": 0.052157789879716865,
        "TSFC": 7.404424067683198,
        "Air Mass Flow Rate": 190.6241620392747,
        "Fuel Mass Flow Rate": 0.7404424067683197,
        "Core EGT": 736.577824420965,
        "Bypass EGT": 59.94203332083493,
        "FAR": 0.023694261173230313,
        "Specific Thrust": 0.5245924699692412
    },
    "Pressure Ratios": {
        "Fan": 1.6,
        "LPC": 2.0,
        "HPC": 7.890625,
        "HPT": 2.7646301164198603,
        "LPT": 3.3220232644072523
    },
    "Mechanical Parameters": {
        "LP Shaft Speed": 5490.0,
        "Fan Power": 8.613622509397173,
        "Fan Efficiency": 0.92,
        "LPC Power": 2.5269338956861125,
        "LPC Efficiency": 0.9,
        "LPT Power": 11.367914699064578,
        "LPT Efficiency": 0.91,
        "HP Shaft Speed": 15183.0,
        "HPC Power": 11.617023323451908,
        "HPC Efficiency": 0.89,
        "HPT Power": 12.007811033665636,
        "HPT Efficiency": 0.8999999999999999,
        "Burner Power": 5.714547253802312,
        "Burner Efficiency": 0.1794824912080259
    }
}