{
    "Stages": [
        "0. Fan Inlet",
        "1. LPC Inlet",
        "2. HPC Inlet",
        "3. Burner Inlet",
        "4. HPT Inlet",
        "5. LPT Inlet",
        "6. Core Nozz Inlet",
        "7. Core Nozz Outlet",
        "8. Byp Nozz Outlet"
    ],
    "Total Temperatures": [
        15.000057655676706,
        59.942033320834994,
        139.95697080771498,
        512.6057588764381,
        1380.859375,
        1073.10836390913,
        784.4807111273154,
        784.4807111273154,
        59.94203332083493
    ],
    "Static Temperatures": [
        1.2698087753191583,
        44.11029440122737,
        120.50659961430016,
        479.0170159145301,
        1324.577395932632,
        1024.8243679875468,
        744.2820856769749,
        638.0667495930544,
        4.4391862677623966
    ],
    "Total Pressures": [
        99.29823547694355,
        158.87717676310967,
        317.75435352621935,
        2730.7014756159474,
        2512.245357566674,
        891.7938031701088,
        282.09224670764235,
        282.09224670764235,
        158.87717676310967
    ],
    "Static Pressures": [
        84.124656235234,
        133.97926458691475,
        267.52254953831886,
        2310.6642593803767,
        2146.163899400888,
        760.6424360300815,
        240.12167298196428,
        152.65229866653823,
        84.07825298491298
    ],
    "Entropies": [
        6834.413225585567,
        6845.607178771453,
        6865.411001852655,
        6921.877752418422,
        7950.481687660161,
        7983.531148744139,
        8017.1378778520375,
        8017.1378778520375,
        6845.607178771453
    ],
    "Specifice Volumes": [
        0.9354134467594015,
        0.6780422909737055,
        0.42158869626980155,
        0.09343831372471328,
        0.21364742293567712,
        0.48973019801532564,
        1.2158381236276103,
        1.7126801449963587,
        0.9458112098493401
    ],
    "Performance": {
        "Thrust": 99999.99999999999,
        "OPR": 26.949999999999996,
        "T4": 1380.859375,
        "Thermal Efficiency": 0.42881777884890043,
        "SFC": 0.05423239217346645,
        "TSFC": 7.748970053844089,
        "Air Mass Flow Rate": 188.54023191325305,
        "Fuel Mass Flow Rate": 0.7748970053844088,
        "Core EGT": 784.4807111273154,
        "Bypass EGT": 59.94203332083493,
        "FAR": 0.025070891686500712,
        "Specific Thrust": 0.5303907764683867
    },
    "Pressure Ratios": {
        "Fan": 1.6,
        "LPC": 2.0,
        "HPC": 8.59375,
        "HPT": 2.8170697628042,
        "LPT": 3.161355243110794
    },
    "Mechanical Parameters": {
        "LP Shaft Speed": 5490.0,
        "Fan Power": 8.519457177733653,
        "Fan Efficiency": 0.92,
        "LPC Power": 2.499309099252373,
        "LPC Efficiency": 0.9,
        "LPT Power": 11.243639058149004,
        "LPT Efficiency": 0.9100000000000003,
        "HP Shaft Speed": 15183.0,
        "HPC Power": 12.120497965400391,
        "HPC Efficiency": 0.89,
        "HPT Power": 12.521560668306948,
        "HPT Efficiency": 0.8999999999999999,
        "Burner Power": 6.059186272433731,
        "Burner Efficiency": 0.18184520998548273
    }
}