{
    "Stages": [
        "0. Fan Inlet",
        "1. LPC Inlet",
        "2. HPC Inlet",
        "3. Burner Inlet",
        "4. HPT Inlet",
        "5. LPT Inlet",
        "6. Core Nozz Inlet",
        "7. Core Nozz Outlet",
        "8. Byp Nozz Outlet"
    ],
    "Total Temperatures": [
        15.000057655676706,
        59.942033320834994,
        139.95697080771498,
        498.86032447186795,
        1348.0468749999998,
        1050.2487159950297,
        760.0063210434049,
        760.0063210434049,
        59.94203332083493
    ],
    "Static Temperatures": [
        1.2698087753191583,
        44.11029440122737,
        120.50659961430016,
        465.7295563664126,
        1292.4989482319424,
        1002.5161462338854,
        720.485273103395,
        616.0958425511446,
        4.4391862677623966
    ],
    "Total Pressures": [
        99.29823547694355,
        158.87717676310967,
        317.75435352621935,
        2563.1357032486053,
        2358.0848469887173,
        854.4070319434657,
        263.95871603446,
        263.95871603446,
        158.87717676310967
    ],
    "Static Pressures": [
        84.124656235234,
        133.97926458691475,
        267.52254953831897,
        2171.6661976976798,
        2012.79014881478,
        728.2013998470766,
        224.5423573418449,
        142.60223637231996,
        84.07825298491306
    ],
    "Entropies": [
        6834.413225585567,
        6845.607178771453,
        6865.411001852655,
        6920.543613966286,
        7939.566938215369,
        7971.932488188893,
        8006.4767978953305,
        8006.4767978953305,
        6845.607178771453
    ],
    "Specifice Volumes": [
        0.9354134467594015,
        0.6780422909737055,
        0.42158869626980144,
        0.0976137664027331,
        0.22323180337241907,
        0.5027304044258513,
        1.2700606182174938,
        1.789735918990988,
        0.9458112098493391
    ],
    "Performance": {
        "Thrust": 99999.99999999999,
        "OPR": 25.296249999999997,
        "T4": 1348.0468749999998,
        "Thermal Efficiency": 0.4373730317230603,
        "SFC": 0.053171577273227244,
        "TSFC": 7.573785945056164,
        "Air Mass Flow Rate": 189.6320342331556,
        "Fuel Mass Flow Rate": 0.7573785945056163,
        "Core EGT": 760.0063210434049,
        "Bypass EGT": 59.94203332083493,
        "FAR": 0.024363022024031473,
        "Specific Thrust": 0.5273370630884463
    },
    "Pressure Ratios": {
        "Fan": 1.6,
        "LPC": 2.0,
        "HPC": 8.06640625,
        "HPT": 2.759908051815691,
        "LPT": 3.2368964540345853
    },
    "Mechanical Parameters": {
        "LP Shaft Speed": 5490.0,
        "Fan Power": 8.568791810541569,
        "Fan Efficiency": 0.92,
        "LPC Power": 2.5137821453764104,
        "LPC Efficiency": 0.9,
        "LPT Power": 11.308748934610183,
        "LPT Efficiency": 0.9100000000000001,
        "HP Shaft Speed": 15183.0,
        "HPC Power": 11.72418636128505,
        "HPC Efficiency": 0.89,
        "HPT Power": 12.117161072270884,
        "HPT Efficiency": 0.9000000000000002,
        "Burner Power": 5.859022735014044,
        "Burner Efficiency": 0.17990519360226626
    }
}