{
    "Stages": [
        "0. Fan Inlet",
        "1. LPC Inlet",
        "2. HPC Inlet",
        "3. Burner Inlet",
        "4. HPT Inlet",
        "5. LPT Inlet",
        "6. Core Nozz Inlet",
        "7. Core Nozz Outlet",
        "8. Byp Nozz Outlet"
    ],
    "Total Temperatures": [
        15.000057655676706,
        59.9420333208348,
        139.95697080771538,
        469.63721589520907,
        1332.8125,
        1059.9263028896044,
        770.3308573371639,
        770.3308573371639,
        59.9420333208348
    ],
    "Static Temperatures": [
        1.2698087753191583,
        44.11029440122724,
        120.50659961430054,
        437.499171515412,
        1277.6740245203493,
        1011.9377635827856,
        730.5218609297236,
        625.3597252985371,
        4.4391862677623335
    ],
    "Total Pressures": [
        99.29823547694355,
        158.8771767631097,
        317.7543535262194,
        2234.2102982312304,
        2055.4734743727336,
        808.4274131464074,
        252.5501803635714,
        252.55018036357134,
        158.8771767631097
    ],
    "Static Pressures": [
        84.12465623523384,
        133.97926458691475,
        267.5225495383189,
        1892.9208937043954,
        1754.4879536302983,
        689.5861624142749,
        214.67517067044693,
        136.43570881769236,
        84.07825298491296
    ],
    "Entropies": [
        6834.413225585567,
        6845.607178771453,
        6865.411001852656,
        6917.828718900279,
        7967.871375963563,
        7997.243653850973,
        8031.375928032051,
        8031.375928032051,
        6845.607178771453
    ],
    "Specifice Volumes": [
        0.9354134467594031,
        0.6780422909737032,
        0.4215886962698021,
        0.1077213356041006,
        0.25367576524288077,
        0.5347751269964206,
        1.3415512073681257,
        1.8896578020531074,
        0.9458112098493401
    ],
    "Performance": {
        "Thrust": 99999.99999999999,
        "OPR": 22.05,
        "T4": 1332.8125,
        "Thermal Efficiency": 0.43403061074698784,
        "SFC": 0.05358104561672271,
        "TSFC": 7.661233349765886,
        "Air Mass Flow Rate": 189.64210601786158,
        "Fuel Mass Flow Rate": 0.7661233349765885,
        "Core EGT": 770.3308573371639,
        "Bypass EGT": 59.9420333208348,
        "FAR": 0.024643010149428667,
        "Specific Thrust": 0.5273090565160746
    },
    "Pressure Ratios": {
        "Fan": 1.6,
        "LPC": 2.0,
        "HPC": 7.03125,
        "HPT": 2.5425578610364172,
        "LPT": 3.2010565661944677
    },
    "Mechanical Parameters": {
        "LP Shaft Speed": 5490.0,
        "Fan Power": 8.569246918385826,
        "Fan Efficiency": 0.92,
        "LPC Power": 2.5139156580114,
        "LPC Efficiency": 0.9,
        "LPT Power": 11.309349567752276,
        "LPT Efficiency": 0.9100000000000001,
        "HP Shaft Speed": 15183.0,
        "HPC Power": 10.73545984419182,
        "HPC Efficiency": 0.89,
        "HPT Power": 11.108256462992081,
        "HPT Efficiency": 0.8999999999999998,
        "Burner Power": 5.756569564898758,
        "Burner Efficiency": 0.1747417219913945
    }
}