{
    "Stages": [
        "0. Fan Inlet",
        "1. LPC Inlet",
        "2. HPC Inlet",
        "3. Burner Inlet",
        "4. HPT Inlet",
        "5. LPT Inlet",
        "6. Core Nozz Inlet",
        "7. Core Nozz Outlet",
        "8. Byp Nozz Outlet"
    ],
    "Total Temperatures": [
        15.000057655676706,
        59.94203332083493,
        139.95697080771544,
        479.208363556445,
        1433.5937499999998,
        1158.6202176413306,
        875.7857192971286,
        875.7857192971286,
        59.94203332083487
    ],
    "Static Temperatures": [
        1.2698087753191583,
        44.11029440122737,
        120.50659961430054,
        446.7357205416486,
        1376.3531122234936,
        1108.296253949072,
        833.2102989245265,
        720.3647798286835,
        4.4391862677623966
    ],
    "Total Pressures": [
        99.29823547694355,
        158.87717676310967,
        317.75435352621935,
        2339.714673425482,
        2152.537499551444,
        880.0776275884044,
        302.84488038166097,
        302.8448803816609,
        158.87717676310967
    ],
    "Static Pressures": [
        84.124656235234,
        133.97926458691455,
        267.52254953831886,
        1978.1926436157767,
        1839.8277309918562,
        750.9186129230361,
        257.8402899472753,
        164.22075308505867,
        84.07825298491305
    ],
    "Entropies": [
        6834.413225585567,
        6845.607178771453,
        6865.411001852656,
        6918.76501683253,
        8046.309718929039,
        8074.384169351824,
        8105.222287882112,
        8105.222287882112,
        6845.607178771453
    ],
    "Specifice Volumes": [
        0.9354134467594015,
        0.6780422909737039,
        0.42158869626980217,
        0.10444983311124065,
        0.25731251623151885,
        0.5279375830099131,
        1.2312813692376716,
        1.7363484088286736,
        0.9458112098493389
    ],
    "Performance": {
        "Thrust": 99999.99999999999,
        "OPR": 23.091249999999995,
        "T4": 1433.5937499999998,
        "Thermal Efficiency": 0.4007336809678858,
        "SFC": 0.05803309044879624,
        "TSFC": 8.435632261028383,
        "Air Mass Flow Rate": 185.6649869285192,
        "Fuel Mass Flow Rate": 0.8435632261028382,
        "Core EGT": 875.7857192971286,
        "Bypass EGT": 59.94203332083487,
        "FAR": 0.02771516463256701,
        "Specific Thrust": 0.5386045137228802
    },
    "Pressure Ratios": {
        "Fan": 1.6,
        "LPC": 2.0,
        "HPC": 7.36328125,
        "HPT": 2.4458495842575205,
        "LPT": 2.906034358181272
    },
    "Mechanical Parameters": {
        "LP Shaft Speed": 5490.0,
        "Fan Power": 8.389535164408631,
        "Fan Efficiency": 0.92,
        "LPC Power": 2.461194550012672,
        "LPC Efficiency": 0.9,
        "LPT Power": 11.072173177980918,
        "LPT Efficiency": 0.9099999999999997,
        "HP Shaft Speed": 15183.0,
        "HPC Power": 10.82595741961091,
        "HPC Efficiency": 0.89,
        "HPT Power": 11.200600927705441,
        "HPT Efficiency": 0.9000000000000001,
        "Burner Power": 6.343183334333062,
        "Burner Efficiency": 0.1748723592155903
    }
}