{
    "Stages": [
        "0. Fan Inlet",
        "1. LPC Inlet",
        "2. HPC Inlet",
        "3. Burner Inlet",
        "4. HPT Inlet",
        "5. LPT Inlet",
        "6. Core Nozz Inlet",
        "7. Core Nozz Outlet",
        "8. Byp Nozz Outlet"
    ],
    "Total Temperatures": [
        15.000057655676706,
        59.942033320834994,
        139.95697080771498,
        485.1406029220144,
        1406.640625,
        1124.7820671179893,
        839.6772088757709,
        839.6772088757709,
        59.94203332083493
    ],
    "Static Temperatures": [
        1.2698087753191583,
        44.11029440122737,
        120.50659961430016,
        452.4681821115206,
        1349.900397930727,
        1075.2485349505057,
        798.0387863021327,
        687.7906267046377,
        4.4391862677623966
    ],
    "Total Pressures": [
        99.29823547694355,
        158.87717676310967,
        317.75435352621935,
        2407.982210315881,
        2215.343633490613,
        874.7349742598202,
        291.1234044141824,
        291.12340441418235,
        158.87717676310967
    ],
    "Static Pressures": [
        84.124656235234,
        133.97926458691475,
        267.52254953831886,
        2037.2472716876384,
        1893.0805548381077,
        746.078125657353,
        247.6950119432384,
        157.75269637763495,
        84.07825298491291
    ],
    "Entropies": [
        6834.413225585567,
        6845.607178771453,
        6865.411001852655,
        6919.211973430701,
        8012.828801383172,
        8042.149065464525,
        8074.049156751283,
        8074.049156751283,
        6845.607178771453
    ],
    "Specifice Volumes": [
        0.9354134467594015,
        0.6780422909737055,
        0.42158869626980155,
        0.10220239984124953,
        0.24605013963214395,
        0.5186457870534914,
        1.2409699609870972,
        1.748181815212001,
        0.9458112098493411
    ],
    "Performance": {
        "Thrust": 99999.99999999999,
        "OPR": 23.764999999999997,
        "T4": 1406.640625,
        "Thermal Efficiency": 0.4113839892454681,
        "SFC": 0.05653067343758947,
        "TSFC": 8.164862934746305,
        "Air Mass Flow Rate": 186.84825313048137,
        "Fuel Mass Flow Rate": 0.8164862934746304,
        "Core EGT": 839.6772088757709,
        "Bypass EGT": 59.94203332083493,
        "FAR": 0.02665567543046376,
        "Specific Thrust": 0.535193657551442
    },
    "Pressure Ratios": {
        "Fan": 1.6,
        "LPC": 2.0,
        "HPC": 7.578125,
        "HPT": 2.5325883824014044,
        "LPT": 3.0046879123992762
    },
    "Mechanical Parameters": {
        "LP Shaft Speed": 5490.0,
        "Fan Power": 8.443002722155759,
        "Fan Efficiency": 0.92,
        "LPC Power": 2.476880050955302,
        "LPC Efficiency": 0.9,
        "LPT Power": 11.142737523582714,
        "LPT Efficiency": 0.91,
        "HP Shaft Speed": 15183.0,
        "HPC Power": 11.09328582338682,
        "HPC Efficiency": 0.89,
        "HPT Power": 11.473385013191058,
        "HPT Efficiency": 0.9,
        "Burner Power": 6.191903265768172,
        "Burner Efficiency": 0.1763627283366955
    }
}