{
    "Stages": [
        "0. Fan Inlet",
        "1. LPC Inlet",
        "2. HPC Inlet",
        "3. Burner Inlet",
        "4. HPT Inlet",
        "5. LPT Inlet",
        "6. Core Nozz Inlet",
        "7. Core Nozz Outlet",
        "8. Byp Nozz Outlet"
    ],
    "Total Temperatures": [
        15.000057655676706,
        59.942033320834994,
        139.95697080771498,
        518.2524470165644,
        1302.34375,
        983.9070294651252,
        688.8621162299071,
        688.8621162299071,
        59.94203332083493
    ],
    "Static Temperatures": [
        1.2698087753191583,
        44.11029440122737,
        120.50659961430016,
        484.4707764992631,
        1247.7040977169236,
        937.8148415710666,
        651.2795513695007,
        552.2833828503092,
        4.4391862677623966
    ],
    "Total Pressures": [
        99.29823547694355,
        158.87717676310967,
        317.75435352621935,
        2805.1751522236555,
        2580.761140045768,
        843.2481890923382,
        240.93815227433726,
        240.93815227433726,
        158.87717676310967
    ],
    "Static Pressures": [
        84.124656235234,
        133.97926458691475,
        267.52254953831897,
        2374.6892655785437,
        2203.6013684936993,
        718.0559672349409,
        204.9470289465575,
        129.9824299570271,
        84.07825298491304
    ],
    "Entropies": [
        6834.413225585567,
        6845.607178771453,
        6865.411001852655,
        6922.152263549907,
        7868.667988414607,
        7904.768604479794,
        7942.001587565039,
        7942.001587565039,
        6845.607178771453
    ],
    "Specifice Volumes": [
        0.9354134467594015,
        0.6780422909737055,
        0.42158869626980144,
        0.09155732720362512,
        0.19806687059749692,
        0.4839536108089838,
        1.2946104697365806,
        1.8223381565853078,
        0.9458112098493393
    ],
    "Performance": {
        "Thrust": 99999.99999999999,
        "OPR": 27.685,
        "T4": 1302.34375,
        "Thermal Efficiency": 0.46400790493793065,
        "SFC": 0.05011943483290281,
        "TSFC": 7.050755055332469,
        "Air Mass Flow Rate": 192.27309521167845,
        "Fuel Mass Flow Rate": 0.7050755055332467,
        "Core EGT": 688.8621162299071,
        "Bypass EGT": 59.94203332083493,
        "FAR": 0.022369019331684264,
        "Specific Thrust": 0.5200935673808517
    },
    "Pressure Ratios": {
        "Fan": 1.6,
        "LPC": 2.0,
        "HPC": 8.828125,
        "HPT": 3.0605000679855205,
        "LPT": 3.4998533073010285
    },
    "Mechanical Parameters": {
        "LP Shaft Speed": 5490.0,
        "Fan Power": 8.688131888157795,
        "Fan Efficiency": 0.92,
        "LPC Power": 2.5487923268550223,
        "LPC Efficiency": 0.9,
        "LPT Power": 11.466249198992669,
        "LPT Efficiency": 0.9099999999999999,
        "HP Shaft Speed": 15183.0,
        "HPC Power": 12.555932008691302,
        "HPC Efficiency": 0.89,
        "HPT Power": 12.96588112064461,
        "HPT Efficiency": 0.8999999999999996,
        "Burner Power": 5.589835607147112,
        "Burner Efficiency": 0.18437199404917945
    }
}