{
    "Stages": [
        "0. Fan Inlet",
        "1. LPC Inlet",
        "2. HPC Inlet",
        "3. Burner Inlet",
        "4. HPT Inlet",
        "5. LPT Inlet",
        "6. Core Nozz Inlet",
        "7. Core Nozz Outlet",
        "8. Byp Nozz Outlet"
    ],
    "Total Temperatures": [
        15.000057655676706,
        59.942033320834994,
        139.95697080771498,
        511.659055031845,
        1339.8437499999998,
        1030.0632745164842,
        738.3546338314185,
        738.3546338314185,
        59.94203332083493
    ],
    "Static Temperatures": [
        1.2698087753191583,
        44.11029440122737,
        120.50659961430016,
        478.10181527975914,
        1284.4160319245887,
        982.8058998115088,
        699.4052060144193,
        596.6429372124269,
        4.4391862677623966
    ],
    "Total Pressures": [
        99.29823547694355,
        158.87717676310967,
        317.75435352621935,
        2718.2891961813298,
        2500.8260604868237,
        862.4941371938135,
        260.30652255851743,
        260.3065225585174,
        158.87717676310967
    ],
    "Static Pressures": [
        84.124656235234,
        133.97926458691475,
        267.52254953831897,
        2299.9091847062027,
        2135.3258340640064,
        734.7585939653983,
        221.26991756174877,
        140.41237194349344,
        84.07825298491287
    ],
    "Entropies": [
        6834.413225585567,
        6845.607178771453,
        6865.411001852655,
        6921.785864801387,
        7913.995564696796,
        7948.095055858513,
        7983.34502591395,
        7983.34502591395,
        6845.607178771453
    ],
    "Specifice Volumes": [
        0.9354134467594015,
        0.6780422909737055,
        0.42158869626980144,
        0.09375584424814686,
        0.20933286065270731,
        0.4905263338436881,
        1.2611570293914938,
        1.7772745281434643,
        0.9458112098493415
    ],
    "Performance": {
        "Thrust": 99999.99999999999,
        "OPR": 26.827499999999997,
        "T4": 1339.8437499999998,
        "Thermal Efficiency": 0.4450447378168806,
        "SFC": 0.052255002648873644,
        "TSFC": 7.412214113291675,
        "Air Mass Flow Rate": 190.34488508620265,
        "Fuel Mass Flow Rate": 0.7412214113291674,
        "Core EGT": 738.3546338314185,
        "Bypass EGT": 59.94203332083493,
        "FAR": 0.023753990589556764,
        "Specific Thrust": 0.5253621601374389
    },
    "Pressure Ratios": {
        "Fan": 1.6,
        "LPC": 2.0,
        "HPC": 8.5546875,
        "HPT": 2.899528185343312,
        "LPT": 3.3133788916100744
    },
    "Mechanical Parameters": {
        "LP Shaft Speed": 5490.0,
        "Fan Power": 8.601002985074544,
        "Fan Efficiency": 0.92,
        "LPC Power": 2.523231771089452,
        "LPC Efficiency": 0.9,
        "LPT Power": 11.351259955269382,
        "LPT Efficiency": 0.9099999999999999,
        "HP Shaft Speed": 15183.0,
        "HPC Power": 12.204261408736416,
        "HPC Efficiency": 0.89,
        "HPT Power": 12.607033569670246,
        "HPT Efficiency": 0.9000000000000001,
        "Burner Power": 5.813881090323431,
        "Burner Efficiency": 0.1824104578169319
    }
}