{
    "Stages": [
        "0. Fan Inlet",
        "1. LPC Inlet",
        "2. HPC Inlet",
        "3. Burner Inlet",
        "4. HPT Inlet",
        "5. LPT Inlet",
        "6. Core Nozz Inlet",
        "7. Core Nozz Outlet",
        "8. Byp Nozz Outlet"
    ],
    "Total Temperatures": [
        15.000057655676706,
        59.942033320834994,
        139.95697080771498,
        505.9788310390005,
        1352.7343749999998,
        1048.9213709649646,
        758.591535808202,
        758.591535808202,
        59.94203332083493
    ],
    "Static Temperatures": [
        1.2698087753191583,
        44.11029440122737,
        120.50659961430016,
        472.6107313222528,
        1297.073658343578,
        1001.2241194916652,
        719.1058504058025,
        614.8192304871297,
        4.4391862677623966
    ],
    "Total Pressures": [
        99.29823547694355,
        158.87717676310967,
        317.75435352621935,
        2643.8155195736217,
        2432.310278007732,
        863.4288006564266,
        266.34857013822364,
        266.3485701382235,
        158.87717676310967
    ],
    "Static Pressures": [
        84.124656235234,
        133.97926458691475,
        267.52254953831897,
        2241.415039816871,
        2077.091348939998,
        736.0086984368705,
        226.5852895577339,
        143.89313208702742,
        84.07825298491292
    ],
    "Entropies": [
        6834.413225585567,
        6845.607178771453,
        6865.411001852655,
        6921.23453909699,
        7934.512306917754,
        7967.58225331135,
        8002.182941887083,
        8002.182941887084,
        6845.607178771453
    ],
    "Specifice Volumes": [
        0.9354134467594015,
        0.6780422909737055,
        0.42158869626980144,
        0.09547390925890593,
        0.2169600672229151,
        0.49690157473291585,
        1.2568617950271481,
        1.771039500006855,
        0.9458112098493409
    ],
    "Performance": {
        "Thrust": 99999.99999999999,
        "OPR": 26.092499999999994,
        "T4": 1352.7343749999998,
        "Thermal Efficiency": 0.4378066693152511,
        "SFC": 0.053118912029964015,
        "TSFC": 7.561696869828231,
        "Air Mass Flow Rate": 189.61509634403103,
        "Fuel Mass Flow Rate": 0.756169686982823,
        "Core EGT": 758.591535808202,
        "Bypass EGT": 59.94203332083493,
        "FAR": 0.024326307237827815,
        "Specific Thrust": 0.5273841689195646
    },
    "Pressure Ratios": {
        "Fan": 1.6,
        "LPC": 2.0,
        "HPC": 8.3203125,
        "HPT": 2.817036304740535,
        "LPT": 3.2417249328890465
    },
    "Mechanical Parameters": {
        "LP Shaft Speed": 5490.0,
        "Fan Power": 8.568026448053079,
        "Fan Efficiency": 0.92,
        "LPC Power": 2.5135576149407495,
        "LPC Efficiency": 0.9,
        "LPT Power": 11.307738839789623,
        "LPT Efficiency": 0.91,
        "HP Shaft Speed": 15183.0,
        "HPC Power": 11.964708775625036,
        "HPC Efficiency": 0.89,
        "HPT Power": 12.362592107311688,
        "HPT Efficiency": 0.9000000000000001,
        "Burner Power": 5.889478005530279,
        "Burner Efficiency": 0.18112945696920693
    }
}