{
    "Stages": [
        "0. Fan Inlet",
        "1. LPC Inlet",
        "2. HPC Inlet",
        "3. Burner Inlet",
        "4. HPT Inlet",
        "5. LPT Inlet",
        "6. Core Nozz Inlet",
        "7. Core Nozz Outlet",
        "8. Byp Nozz Outlet"
    ],
    "Total Temperatures": [
        15.000057655676706,
        59.942033320834994,
        139.95697080771498,
        473.91509928107104,
        1384.3749999999998,
        1110.9252624643896,
        824.899868188242,
        824.899868188242,
        59.94203332083493
    ],
    "Static Temperatures": [
        1.2698087753191583,
        44.11029440122737,
        120.50659961430016,
        441.6331239009111,
        1328.1476430775597,
        1061.7409237405004,
        783.636563400089,
        674.4391707657531,
        4.4391862677623966
    ],
    "Total Pressures": [
        99.29823547694355,
        158.87717676310967,
        317.75435352621935,
        2277.6532762523925,
        2095.4410141522035,
        843.0125799015676,
        277.3664453782318,
        277.3664453782319,
        158.87717676310967
    ],
    "Static Pressures": [
        84.124656235234,
        133.97926458691475,
        267.52254953831897,
        1930.6305699673503,
        1789.8225206281743,
        718.9024846939978,
        236.16554614925343,
        150.2224416274483,
        84.07825298491288
    ],
    "Entropies": [
        6834.413225585567,
        6845.607178771453,
        6865.411001852655,
        6918.247202817331,
        8009.812643596564,
        8038.468854426061,
        8070.8965832530685,
        8070.8965832530685,
        6845.607178771453
    ],
    "Specifice Volumes": [
        0.9354134467594015,
        0.6780422909737055,
        0.42158869626980144,
        0.10625260782579227,
        0.25675887334957326,
        0.5329237883813248,
        1.2841504853417605,
        1.8099290874031282,
        0.9458112098493415
    ],
    "Performance": {
        "Thrust": 99999.99999999999,
        "OPR": 22.478749999999998,
        "T4": 1384.3749999999998,
        "Thermal Efficiency": 0.41605752299000043,
        "SFC": 0.055895669873627804,
        "TSFC": 8.060502185596988,
        "Air Mass Flow Rate": 187.54202645202923,
        "Fuel Mass Flow Rate": 0.8060502185596987,
        "Core EGT": 824.899868188242,
        "Bypass EGT": 59.94203332083493,
        "FAR": 0.026217623997316898,
        "Specific Thrust": 0.5332138182135867
    },
    "Pressure Ratios": {
        "Fan": 1.6,
        "LPC": 2.0,
        "HPC": 7.16796875,
        "HPT": 2.4856580602828875,
        "LPT": 3.039345940897755
    },
    "Mechanical Parameters": {
        "LP Shaft Speed": 5490.0,
        "Fan Power": 8.47435185143179,
        "Fan Efficiency": 0.92,
        "LPC Power": 2.4860767829088353,
        "LPC Efficiency": 0.9,
        "LPT Power": 11.184110851367983,
        "LPT Efficiency": 0.9100000000000001,
        "HP Shaft Speed": 15183.0,
        "HPC Power": 10.759079113352124,
        "HPC Efficiency": 0.89,
        "HPT Power": 11.132357758053619,
        "HPT Efficiency": 0.9000000000000002,
        "Burner Power": 6.052327753754696,
        "Burner Efficiency": 0.17461915521635563
    }
}