{
    "Stages": [
        "0. Fan Inlet",
        "1. LPC Inlet",
        "2. HPC Inlet",
        "3. Burner Inlet",
        "4. HPT Inlet",
        "5. LPT Inlet",
        "6. Core Nozz Inlet",
        "7. Core Nozz Outlet",
        "8. Byp Nozz Outlet"
    ],
    "Total Temperatures": [
        15.000057655676706,
        59.942033320834994,
        139.95697080771498,
        528.0251028236536,
        1433.5937499999998,
        1115.8869229357563,
        830.2103388972312,
        830.2103388972312,
        59.94203332083493
    ],
    "Static Temperatures": [
        1.2698087753191583,
        44.11029440122737,
        120.50659961430016,
        493.91913859773615,
        1376.1962857047845,
        1066.5842521481538,
        788.83265844452,
        679.2488161904628,
        4.4391862677623966
    ],
    "Total Pressures": [
        99.29823547694355,
        158.87717676310967,
        317.75435352621935,
        2929.2979465698345,
        2694.954110844248,
        946.7509965068747,
        313.675544429352,
        313.67554442935193,
        158.87717676310967
    ],
    "Static Pressures": [
        84.124656235234,
        133.97926458691475,
        267.52254953831897,
        2482.041812085025,
        2301.685167316245,
        807.4076075907644,
        267.13528380603975,
        169.8943120114567,
        84.07825298491304
    ],
    "Entropies": [
        6834.413225585567,
        6845.607178771453,
        6865.411001852655,
        6923.010544592594,
        7976.499138387981,
        8009.863899718213,
        8042.101252019754,
        8042.101252019754,
        6845.607178771453
    ],
    "Specifice Volumes": [
        0.9354134467594015,
        0.6780422909737055,
        0.42158869626980144,
        0.08866894323369995,
        0.20566141676783764,
        0.47621382932187695,
        1.140993180874974,
        1.6086306757518116,
        0.9458112098493393
    ],
    "Performance": {
        "Thrust": 99999.99999999999,
        "OPR": 28.909999999999997,
        "T4": 1433.5937499999998,
        "Thermal Efficiency": 0.4139527087130415,
        "SFC": 0.05617988109267251,
        "TSFC": 8.079861680293243,
        "Air Mass Flow Rate": 186.68491542961522,
        "Fuel Mass Flow Rate": 0.8079861680293243,
        "Core EGT": 830.2103388972312,
        "Bypass EGT": 59.94203332083493,
        "FAR": 0.026401252686305682,
        "Specific Thrust": 0.5356619187462012
    },
    "Pressure Ratios": {
        "Fan": 1.6,
        "LPC": 2.0,
        "HPC": 9.21875,
        "HPT": 2.8465289403312277,
        "LPT": 3.0182493130895254
    },
    "Mechanical Parameters": {
        "LP Shaft Speed": 5490.0,
        "Fan Power": 8.435622077006883,
        "Fan Efficiency": 0.92,
        "LPC Power": 2.4747148292523105,
        "LPC Efficiency": 0.9,
        "LPT Power": 11.132996843121628,
        "LPT Efficiency": 0.9099999999999999,
        "HP Shaft Speed": 15183.0,
        "HPC Power": 12.519939440967935,
        "HPC Efficiency": 0.89,
        "HPT Power": 12.929154010722817,
        "HPT Efficiency": 0.9000000000000002,
        "Burner Power": 6.390849075071685,
        "Burner Efficiency": 0.1839442344133004
    }
}