{
    "Stages": [
        "0. Fan Inlet",
        "1. LPC Inlet",
        "2. HPC Inlet",
        "3. Burner Inlet",
        "4. HPT Inlet",
        "5. LPT Inlet",
        "6. Core Nozz Inlet",
        "7. Core Nozz Outlet",
        "8. Byp Nozz Outlet"
    ],
    "Total Temperatures": [
        15.000057655676706,
        59.942033320834994,
        139.95697080771498,
        485.6893920923722,
        1426.5625,
        1145.5131218463048,
        861.8246946372791,
        861.8246946372791,
        59.94203332083493
    ],
    "Static Temperatures": [
        1.2698087753191583,
        44.11029440122737,
        120.50659961430016,
        452.9986138585934,
        1369.450302721853,
        1095.5130939764233,
        819.6097498026828,
        707.7333621876476,
        4.4391862677623966
    ],
    "Total Pressures": [
        99.29823547694355,
        158.87717676310967,
        317.75435352621935,
        2414.18835003319,
        2221.0532820305352,
        887.0934454185183,
        301.6333451131827,
        301.6333451131827,
        158.87717676310967
    ],
    "Static Pressures": [
        84.124656235234,
        133.97926458691475,
        267.52254953831886,
        2042.6237736719977,
        1898.9816836646346,
        757.1158776559353,
        256.75924038862706,
        163.34405674333135,
        84.07825298491292
    ],
    "Entropies": [
        6834.413225585567,
        6845.607178771453,
        6865.411001852655,
        6919.265239052388,
        8030.011850206222,
        8058.950604891172,
        8090.260998192609,
        8090.260998192609,
        6845.607178771453
    ],
    "Specifice Volumes": [
        0.9354134467594015,
        0.6780422909737055,
        0.42158869626980155,
        0.10200600532390326,
        0.24825658004393739,
        0.5188213916936553,
        1.221408848243081,
        1.7230240511749386,
        0.9458112098493406
    ],
    "Performance": {
        "Thrust": 99999.99999999999,
        "OPR": 23.826249999999998,
        "T4": 1426.5625,
        "Thermal Efficiency": 0.4047397539314594,
        "SFC": 0.05745868481559294,
        "TSFC": 8.329145322297622,
        "Air Mass Flow Rate": 186.0668908161214,
        "Fuel Mass Flow Rate": 0.8329145322297622,
        "Core EGT": 861.8246946372791,
        "Bypass EGT": 59.94203332083493,
        "FAR": 0.02730619415585642,
        "Specific Thrust": 0.5374411297000922
    },
    "Pressure Ratios": {
        "Fan": 1.6,
        "LPC": 2.0,
        "HPC": 7.59765625,
        "HPT": 2.5037421857881874,
        "LPT": 2.940966109319418
    },
    "Mechanical Parameters": {
        "LP Shaft Speed": 5490.0,
        "Fan Power": 8.407695760294446,
        "Fan Efficiency": 0.92,
        "LPC Power": 2.4665222301216496,
        "LPC Efficiency": 0.9,
        "LPT Power": 11.096140806547035,
        "LPT Efficiency": 0.9100000000000001,
        "HP Shaft Speed": 15183.0,
        "HPC Power": 11.065170782441184,
        "HPC Efficiency": 0.89,
        "HPT Power": 11.444696195899596,
        "HPT Efficiency": 0.8999999999999999,
        "Burner Power": 6.310204174194972,
        "Burner Efficiency": 0.17618726604607113
    }
}