{
    "Stages": [
        "0. Fan Inlet",
        "1. LPC Inlet",
        "2. HPC Inlet",
        "3. Burner Inlet",
        "4. HPT Inlet",
        "5. LPT Inlet",
        "6. Core Nozz Inlet",
        "7. Core Nozz Outlet",
        "8. Byp Nozz Outlet"
    ],
    "Total Temperatures": [
        15.000057655676706,
        59.94203332083493,
        139.95697080771544,
        471.4705946389309,
        1445.3125,
        1177.7018749222275,
        896.1454480814367,
        896.1454480814367,
        59.94203332083487
    ],
    "Static Temperatures": [
        1.2698087753191583,
        44.11029440122737,
        120.50659961430054,
        439.27085047570364,
        1387.847407936863,
        1126.9485483644755,
        853.0456248204378,
        738.7131602005596,
        4.4391862677623966
    ],
    "Total Pressures": [
        99.29823547694355,
        158.87717676310967,
        317.75435352621935,
        2252.8287173831563,
        2072.602419992502,
        873.3437401231026,
        305.7601594941604,
        305.7601594941604,
        158.87717676310967
    ],
    "Static Pressures": [
        84.124656235234,
        133.97926458691455,
        267.52254953831886,
        1909.0820366406506,
        1770.707822921825,
        745.3613145919227,
        260.39525242989504,
        165.80016481473152,
        84.07825298491302
    ],
    "Entropies": [
        6834.413225585567,
        6845.607178771453,
        6865.411001852656,
        6918.008069150552,
        8068.487653330746,
        8095.554111263905,
        8125.901368164126,
        8125.901368164126,
        6845.607178771453
    ],
    "Specifice Volumes": [
        0.9354134467594015,
        0.6780422909737039,
        0.42158869626980217,
        0.10708383868946879,
        0.2692032241733644,
        0.5390841025538006,
        1.2411800684493104,
        1.7510976669872864,
        0.9458112098493398
    ],
    "Performance": {
        "Thrust": 99999.99999999999,
        "OPR": 22.233749999999997,
        "T4": 1445.3125,
        "Thermal Efficiency": 0.39505439771342415,
        "SFC": 0.058867371400225084,
        "TSFC": 8.591293963228662,
        "Air Mass Flow Rate": 185.09041721278894,
        "Fuel Mass Flow Rate": 0.8591293963228661,
        "Core EGT": 896.1454480814367,
        "Bypass EGT": 59.94203332083487,
        "FAR": 0.028314212029380927,
        "Specific Thrust": 0.5402764848978385
    },
    "Pressure Ratios": {
        "Fan": 1.6,
        "LPC": 2.0,
        "HPC": 7.08984375,
        "HPT": 2.373180598627016,
        "LPT": 2.856303259286409
    },
    "Mechanical Parameters": {
        "LP Shaft Speed": 5490.0,
        "Fan Power": 8.363572418743615,
        "Fan Efficiency": 0.92,
        "LPC Power": 2.4535779935668294,
        "LPC Efficiency": 0.9,
        "LPT Power": 11.037908583990252,
        "LPT Efficiency": 0.91,
        "HP Shaft Speed": 15183.0,
        "HPC Power": 10.538067316159244,
        "HPC Efficiency": 0.89,
        "HPT Power": 10.906835516020065,
        "HPT Efficiency": 0.9,
        "Burner Power": 6.40152905982357,
        "Burner Efficiency": 0.1732832905849714
    }
}