{
    "Stages": [
        "0. Fan Inlet",
        "1. LPC Inlet",
        "2. HPC Inlet",
        "3. Burner Inlet",
        "4. HPT Inlet",
        "5. LPT Inlet",
        "6. Core Nozz Inlet",
        "7. Core Nozz Outlet",
        "8. Byp Nozz Outlet"
    ],
    "Total Temperatures": [
        15.000057655676706,
        59.942033320834994,
        139.95697080771498,
        477.0998794650601,
        1423.046875,
        1149.2355540392932,
        865.7871196327736,
        865.7871196327736,
        59.94203332083493
    ],
    "Static Temperatures": [
        1.2698087753191583,
        44.11029440122737,
        120.50659961430016,
        444.7108319691991,
        1366.0274579207273,
        1099.15016484273,
        823.4826540430489,
        711.3178223348478,
        4.4391862677623966
    ],
    "Total Pressures": [
        99.29823547694355,
        158.87717676310967,
        317.75435352621935,
        2314.8901145562463,
        2129.698905391747,
        870.3507155932742,
        296.73629142113236,
        296.7362914211323,
        158.87717676310967
    ],
    "Static Pressures": [
        84.124656235234,
        133.97926458691475,
        267.52254953831897,
        1958.7053031134647,
        1820.0404996283487,
        742.7209207911241,
        252.61891935202954,
        160.69553120055656,
        84.07825298491296
    ],
    "Entropies": [
        6834.413225585567,
        6845.607178771453,
        6865.411001852655,
        6918.5587541708555,
        8040.063336660769,
        8068.172107794125,
        8099.348631112733,
        8099.348631112733,
        6845.607178771453
    ],
    "Specifice Volumes": [
        0.9354134467594015,
        0.6780422909737055,
        0.42158869626980144,
        0.105200782706262,
        0.258476000387807,
        0.530286825060496,
        1.2459103002761545,
        1.7579131985084113,
        0.9458112098493401
    ],
    "Performance": {
        "Thrust": 99999.99999999999,
        "OPR": 22.846249999999998,
        "T4": 1423.046875,
        "Thermal Efficiency": 0.40364400143805623,
        "SFC": 0.05761466507772999,
        "TSFC": 8.36293400387836,
        "Air Mass Flow Rate": 186.05561758850672,
        "Fuel Mass Flow Rate": 0.836293400387836,
        "Core EGT": 865.7871196327736,
        "Bypass EGT": 59.94203332083493,
        "FAR": 0.027418627873136196,
        "Specific Thrust": 0.5374736935982594
    },
    "Pressure Ratios": {
        "Fan": 1.6,
        "LPC": 2.0,
        "HPC": 7.28515625,
        "HPT": 2.446943361148429,
        "LPT": 2.93307809241998
    },
    "Mechanical Parameters": {
        "LP Shaft Speed": 5490.0,
        "Fan Power": 8.407186363552203,
        "Fan Efficiency": 0.92,
        "LPC Power": 2.4663727910334012,
        "LPC Efficiency": 0.9,
        "LPT Power": 11.09546852508735,
        "LPT Efficiency": 0.9099999999999999,
        "HP Shaft Speed": 15183.0,
        "HPC Power": 10.77905455868839,
        "HPC Efficiency": 0.89,
        "HPT Power": 11.1527408655396,
        "HPT Efficiency": 0.9,
        "Burner Power": 6.279547086117262,
        "Burner Efficiency": 0.17462289990473207
    }
}