{
    "Stages": [
        "0. Fan Inlet",
        "1. LPC Inlet",
        "2. HPC Inlet",
        "3. Burner Inlet",
        "4. HPT Inlet",
        "5. LPT Inlet",
        "6. Core Nozz Inlet",
        "7. Core Nozz Outlet",
        "8. Byp Nozz Outlet"
    ],
    "Total Temperatures": [
        15.000057655676706,
        59.94203332083493,
        139.95697080771524,
        495.01880405681396,
        1325.7812499999998,
        1029.931218464033,
        738.2059443350561,
        738.2059443350561,
        59.94203332083493
    ],
    "Static Temperatures": [
        1.2698087753191583,
        44.11029440122737,
        120.50659961430041,
        462.01624964434734,
        1270.7361206167543,
        982.675871187482,
        699.2600088511474,
        596.5074692747575,
        4.4391862677624285
    ],
    "Total Pressures": [
        99.29823547694353,
        158.87717676310967,
        317.75435352621935,
        2519.6927252274427,
        2318.1173072092497,
        836.7201079920142,
        252.3635194869141,
        252.3635194869141,
        158.87717676310967
    ],
    "Static Pressures": [
        84.12465623523386,
        133.97926458691458,
        267.5225495383185,
        2134.027559268659,
        1978.4334190132984,
        712.5206137141071,
        214.4188810781479,
        136.18947934301733,
        84.07825298491284
    ],
    "Entropies": [
        6834.413225585567,
        6845.607178771453,
        6865.411001852656,
        6920.170754617704,
        7923.868247634709,
        7956.4051066861,
        7991.661704845978,
        7991.661704845978,
        6845.607178771453
    ],
    "Specifice Volumes": [
        0.9354134467594029,
        0.6780422909737053,
        0.4215886962698025,
        0.09883393473395158,
        0.22397119084222086,
        0.5057830442831571,
        1.3012601701836335,
        1.832100024102247,
        0.9458112098493421
    ],
    "Performance": {
        "Thrust": 99999.99999999999,
        "OPR": 24.8675,
        "T4": 1325.7812499999998,
        "Thermal Efficiency": 0.4452625860599983,
        "SFC": 0.05222943647538959,
        "TSFC": 7.41615451671337,
        "Air Mass Flow Rate": 190.55017756544058,
        "Fuel Mass Flow Rate": 0.7416154516713368,
        "Core EGT": 738.2059443350561,
        "Bypass EGT": 59.94203332083493,
        "FAR": 0.023741013065398633,
        "Specific Thrust": 0.5247961522662818
    },
    "Pressure Ratios": {
        "Fan": 1.6,
        "LPC": 2.0,
        "HPC": 7.9296875,
        "HPT": 2.7704811741315263,
        "LPT": 3.3155351046496864
    },
    "Mechanical Parameters": {
        "LP Shaft Speed": 5490.0,
        "Fan Power": 8.610279416253336,
        "Fan Efficiency": 0.92,
        "LPC Power": 2.5259531497371945,
        "LPC Efficiency": 0.9,
        "LPT Power": 11.363502618357682,
        "LPT Efficiency": 0.91,
        "HP Shaft Speed": 15183.0,
        "HPC Power": 11.649944984610451,
        "HPC Efficiency": 0.89,
        "HPT Power": 12.041404565460075,
        "HPT Efficiency": 0.8999999999999999,
        "Burner Power": 5.728536776126294,
        "Burner Efficiency": 0.17963728397389073
    }
}