{
    "Stages": [
        "0. Fan Inlet",
        "1. LPC Inlet",
        "2. HPC Inlet",
        "3. Burner Inlet",
        "4. HPT Inlet",
        "5. LPT Inlet",
        "6. Core Nozz Inlet",
        "7. Core Nozz Outlet",
        "8. Byp Nozz Outlet"
    ],
    "Total Temperatures": [
        15.000057655676706,
        59.942033320834994,
        139.95697080771538,
        513.5524626769703,
        1314.0625,
        1000.7618949131494,
        706.9376711497302,
        706.9376711497302,
        59.942033320834994
    ],
    "Static Temperatures": [
        1.2698087753191583,
        44.1102944012275,
        120.50659961430048,
        479.9281469153632,
        1259.1988885739866,
        954.2486158668329,
        668.8434599245577,
        568.4701317026331,
        4.43918626776246
    ],
    "Total Pressures": [
        99.29823547694352,
        158.87717676310965,
        317.7543535262193,
        2743.113755050565,
        2523.664654646525,
        846.4159237983841,
        246.50553253910977,
        246.5055325391097,
        158.87717676310965
    ],
    "Static Pressures": [
        84.124656235234,
        133.97926458691427,
        267.522549538318,
        2321.1073689444293,
        2155.0229096833255,
        720.9247143744933,
        209.73124231440525,
        133.1351989877339,
        84.07825298491287
    ],
    "Entropies": [
        6834.413225585567,
        6845.607178771453,
        6865.411001852656,
        6921.9696400353505,
        7886.8717053753535,
        7921.984090821943,
        7958.401839204009,
        7958.40183920401,
        6845.607178771453
    ],
    "Specifice Volumes": [
        0.9354134467594013,
        0.6780422909737036,
        0.42158869626980344,
        0.09312975190140685,
        0.20406484316495194,
        0.48860094525477793,
        1.2886927805130528,
        1.813662997419401,
        0.9458112098493415
    ],
    "Performance": {
        "Thrust": 99999.99999999999,
        "OPR": 27.0725,
        "T4": 1314.0625,
        "Thermal Efficiency": 0.4568806390022392,
        "SFC": 0.05090129011436267,
        "TSFC": 7.1836091372250594,
        "Air Mass Flow Rate": 191.59155496197275,
        "Fuel Mass Flow Rate": 0.7183609137225059,
        "Core EGT": 706.9376711497302,
        "Bypass EGT": 59.942033320834994,
        "FAR": 0.02287157998470773,
        "Specific Thrust": 0.5219436734560042
    },
    "Pressure Ratios": {
        "Fan": 1.6,
        "LPC": 2.0,
        "HPC": 8.6328125,
        "HPT": 2.9815892916033118,
        "LPT": 3.433658932805116
    },
    "Mechanical Parameters": {
        "LP Shaft Speed": 5490.0,
        "Fan Power": 8.65733552754368,
        "Fan Efficiency": 0.92,
        "LPC Power": 2.539757757785553,
        "LPC Efficiency": 0.9,
        "LPT Power": 11.425605393193095,
        "LPT Efficiency": 0.9099999999999999,
        "HP Shaft Speed": 15183.0,
        "HPC Power": 12.349117051009443,
        "HPC Efficiency": 0.89,
        "HPT Power": 12.754845449540676,
        "HPT Efficiency": 0.8999999999999999,
        "Burner Power": 5.6608167639762605,
        "Burner Efficiency": 0.18326011197579384
    }
}