{
    "Stages": [
        "0. Fan Inlet",
        "1. LPC Inlet",
        "2. HPC Inlet",
        "3. Burner Inlet",
        "4. HPT Inlet",
        "5. LPT Inlet",
        "6. Core Nozz Inlet",
        "7. Core Nozz Outlet",
        "8. Byp Nozz Outlet"
    ],
    "Total Temperatures": [
        15.000057655676706,
        59.942033320834994,
        139.95697080771498,
        507.398887185918,
        1359.7656249999998,
        1055.1780679719857,
        765.2745355155455,
        765.2745355155455,
        59.94203332083493
    ],
    "Static Temperatures": [
        1.2698087753191583,
        44.11029440122737,
        120.50659961430016,
        473.98348299667555,
        1303.9626740695933,
        1007.316173264453,
        725.6073946441365,
        620.8276476832202,
        4.4391862677623966
    ],
    "Total Pressures": [
        99.29823547694355,
        158.87717676310967,
        317.75435352621935,
        2662.433938725549,
        2449.4392236275075,
        870.2446812629063,
        270.2083872906782,
        270.20838729067816,
        158.87717676310967
    ],
    "Static Pressures": [
        84.124656235234,
        133.97926458691475,
        267.52254953831897,
        2255.329533211053,
        2092.276609009872,
        741.7679729473751,
        229.9193519924317,
        146.07645769720327,
        84.07825298491304
    ],
    "Entropies": [
        6834.413225585567,
        6845.607178771453,
        6865.411001852655,
        6921.372370523442,
        7938.882553388345,
        7971.921631034107,
        8006.255311096846,
        8006.255311096846,
        6845.607178771453
    ],
    "Specifice Volumes": [
        0.9354134467594015,
        0.6780422909737055,
        0.42158869626980144,
        0.09506488570689638,
        0.21634546598342783,
        0.4953728562256668,
        1.24657736154798,
        1.756252394915271,
        0.9458112098493393
    ],
    "Performance": {
        "Thrust": 99999.99999999999,
        "OPR": 26.276249999999997,
        "T4": 1359.7656249999998,
        "Thermal Efficiency": 0.43544108372370927,
        "SFC": 0.05340748685129667,
        "TSFC": 7.610115211216389,
        "Air Mass Flow Rate": 189.33567503429674,
        "Fuel Mass Flow Rate": 0.7610115211216388,
        "Core EGT": 765.2745355155455,
        "Bypass EGT": 59.94203332083493,
        "FAR": 0.024518201749359186,
        "Specific Thrust": 0.5281624816975762
    },
    "Pressure Ratios": {
        "Fan": 1.6,
        "LPC": 2.0,
        "HPC": 8.37890625,
        "HPT": 2.814655781719758,
        "LPT": 3.2206427416582573
    },
    "Mechanical Parameters": {
        "LP Shaft Speed": 5490.0,
        "Fan Power": 8.55540040077038,
        "Fan Efficiency": 0.92,
        "LPC Power": 2.5098535767370342,
        "LPC Efficiency": 0.9,
        "LPT Power": 11.291075487252463,
        "LPT Efficiency": 0.9100000000000001,
        "HP Shaft Speed": 15183.0,
        "HPC Power": 11.99519655245917,
        "HPC Efficiency": 0.89,
        "HPT Power": 12.393702083673055,
        "HPT Efficiency": 0.8999999999999997,
        "Burner Power": 5.931448302859703,
        "Burner Efficiency": 0.1812596187804513
    }
}