{
    "Stages": [
        "0. Fan Inlet",
        "1. LPC Inlet",
        "2. HPC Inlet",
        "3. Burner Inlet",
        "4. HPT Inlet",
        "5. LPT Inlet",
        "6. Core Nozz Inlet",
        "7. Core Nozz Outlet",
        "8. Byp Nozz Outlet"
    ],
    "Total Temperatures": [
        15.000057655676706,
        59.94203332083493,
        139.95697080771524,
        477.0998794650605,
        1437.109375,
        1164.1732664355627,
        881.7009286906374,
        881.7009286906374,
        59.94203332083493
    ],
    "Static Temperatures": [
        1.2698087753191583,
        44.11029440122737,
        120.50659961430041,
        444.7108319691992,
        1379.7942205257023,
        1113.7082902243505,
        838.9654608247982,
        725.6875791688683,
        4.4391862677624285
    ],
    "Total Pressures": [
        99.29823547694353,
        158.87717676310967,
        317.75435352621935,
        2314.8901145562463,
        2129.698905391747,
        878.1266822261948,
        303.72254725934397,
        303.72254725934397,
        158.87717676310967
    ],
    "Static Pressures": [
        84.12465623523386,
        133.97926458691458,
        267.5225495383185,
        1958.7053031134642,
        1819.947203154569,
        749.1226472477114,
        258.5695087755505,
        164.67066538309018,
        84.07825298491287
    ],
    "Entropies": [
        6834.413225585567,
        6845.607178771453,
        6865.411001852656,
        6918.558754170856,
        8052.799445635146,
        8080.593200889954,
        8111.231030519557,
        8111.231030519557,
        6845.607178771453
    ],
    "Specifice Volumes": [
        0.9354134467594029,
        0.6780422909737053,
        0.4215886962698025,
        0.10520078270626201,
        0.26065855820417666,
        0.5312650214818411,
        1.2341501637891117,
        1.740627105013329,
        0.9458112098493415
    ],
    "Performance": {
        "Thrust": 99999.99999999999,
        "OPR": 22.84625,
        "T4": 1437.109375,
        "Thermal Efficiency": 0.3990616009973877,
        "SFC": 0.05827625082284129,
        "TSFC": 8.480946671255962,
        "Air Mass Flow Rate": 185.49924226478703,
        "Fuel Mass Flow Rate": 0.8480946671255961,
        "Core EGT": 881.7009286906374,
        "Bypass EGT": 59.94203332083493,
        "FAR": 0.027888941250129248,
        "Specific Thrust": 0.539085760022982
    },
    "Pressure Ratios": {
        "Fan": 1.6,
        "LPC": 2.0,
        "HPC": 7.28515625,
        "HPT": 2.425275246154616,
        "LPT": 2.8912133463583802
    },
    "Mechanical Parameters": {
        "LP Shaft Speed": 5490.0,
        "Fan Power": 8.382045757236622,
        "Fan Efficiency": 0.92,
        "LPC Power": 2.45899742135734,
        "LPC Efficiency": 0.9,
        "LPT Power": 11.062288957748944,
        "LPT Efficiency": 0.9100000000000001,
        "HP Shaft Speed": 15183.0,
        "HPC Power": 10.746821186499938,
        "HPC Efficiency": 0.89,
        "HPT Power": 11.119849669428934,
        "HPT Efficiency": 0.9,
        "Burner Power": 6.361253537856012,
        "Burner Efficiency": 0.17443350904297214
    }
}