{
    "Stages": [
        "0. Fan Inlet",
        "1. LPC Inlet",
        "2. HPC Inlet",
        "3. Burner Inlet",
        "4. HPT Inlet",
        "5. LPT Inlet",
        "6. Core Nozz Inlet",
        "7. Core Nozz Outlet",
        "8. Byp Nozz Outlet"
    ],
    "Total Temperatures": [
        15.000057655676706,
        59.942033320834994,
        139.95697080771498,
        471.4705946389306,
        1328.125,
        1053.3315686273363,
        763.2879515950486,
        763.2879515950486,
        59.94203332083493
    ],
    "Static Temperatures": [
        1.2698087753191583,
        44.11029440122737,
        120.50659961430016,
        439.2708504757035,
        1273.094416983153,
        1005.5165022031133,
        723.6745385527898,
        619.04052742646,
        4.4391862677623966
    ],
    "Total Pressures": [
        99.29823547694355,
        158.87717676310967,
        317.75435352621935,
        2252.8287173831563,
        2072.602419992502,
        807.4492736570027,
        250.33533995618785,
        250.3353399561878,
        158.87717676310967
    ],
    "Static Pressures": [
        84.124656235234,
        133.97926458691475,
        267.52254953831897,
        1909.0820366406508,
        1769.508138938935,
        688.8509670509201,
        212.94078376568967,
        135.37991593525018,
        84.078252984913
    ],
    "Entropies": [
        6834.413225585567,
        6845.607178771453,
        6865.411001852655,
        6918.008069150551,
        7960.968674806159,
        7990.682731522023,
        8025.096443218198,
        8025.096443218198,
        6845.607178771453
    ],
    "Specifice Volumes": [
        0.9354134467594015,
        0.6780422909737055,
        0.42158869626980144,
        0.10708383868946876,
        0.2507903030793134,
        0.5326836977577591,
        1.3434300454871062,
        1.8913435555669986,
        0.9458112098493399
    ],
    "Performance": {
        "Thrust": 99999.99999999999,
        "OPR": 22.233749999999997,
        "T4": 1328.125,
        "Thermal Efficiency": 0.43647227837886665,
        "SFC": 0.053281308127664996,
        "TSFC": 7.608618962797026,
        "Air Mass Flow Rate": 189.88510639056994,
        "Fuel Mass Flow Rate": 0.7608618962797026,
        "Core EGT": 763.2879515950486,
        "Bypass EGT": 59.94203332083493,
        "FAR": 0.024442451835899645,
        "Specific Thrust": 0.526634246891973
    },
    "Pressure Ratios": {
        "Fan": 1.6,
        "LPC": 2.0,
        "HPC": 7.08984375,
        "HPT": 2.5668515504454152,
        "LPT": 3.225470577978792
    },
    "Mechanical Parameters": {
        "LP Shaft Speed": 5490.0,
        "Fan Power": 8.580227234090641,
        "Fan Efficiency": 0.92,
        "LPC Power": 2.5171368964519476,
        "LPC Efficiency": 0.9,
        "LPT Power": 11.323840949533253,
        "LPT Efficiency": 0.9099999999999999,
        "HP Shaft Speed": 15183.0,
        "HPC Power": 10.811051504516387,
        "HPC Efficiency": 0.89,
        "HPT Power": 11.185390810262046,
        "HPT Efficiency": 0.8999999999999997,
        "Burner Power": 5.731455780887572,
        "Burner Efficiency": 0.17518247394789738
    }
}