{
    "Stages": [
        "0. Fan Inlet",
        "1. LPC Inlet",
        "2. HPC Inlet",
        "3. Burner Inlet",
        "4. HPT Inlet",
        "5. LPT Inlet",
        "6. Core Nozz Inlet",
        "7. Core Nozz Outlet",
        "8. Byp Nozz Outlet"
    ],
    "Total Temperatures": [
        15.000057655676706,
        59.942033320834994,
        139.95697080771498,
        488.98212657487846,
        1433.59375,
        1150.1213332608854,
        866.7351293688774,
        866.7351293688774,
        59.94203332083493
    ],
    "Static Temperatures": [
        1.2698087753191583,
        44.11029440122737,
        120.50659961430016,
        456.1812449782108,
        1376.3215460818215,
        1100.0138512600472,
        824.4054505771435,
        712.1775094306183,
        4.4391862677623966
    ],
    "Total Pressures": [
        99.29823547694355,
        158.87717676310967,
        317.75435352621935,
        2451.425188337044,
        2255.3111732700827,
        896.361332965033,
        306.22799699801266,
        306.2279969980128,
        158.87717676310967
    ],
    "Static Pressures": [
        84.124656235234,
        133.97926458691475,
        267.52254953831886,
        2074.8832318902278,
        1928.4429297699023,
        765.1382141802297,
        260.8014792131793,
        165.96438333196653,
        84.07825298491295
    ],
    "Entropies": [
        6834.413225585567,
        6845.607178771453,
        6865.411001852655,
        6919.584832782045,
        8031.406112346633,
        8060.524650241603,
        8091.668907939629,
        8091.668907939629,
        6845.607178771453
    ],
    "Specifice Volumes": [
        0.9354134467594015,
        0.6780422909737034,
        0.42158869626980155,
        0.10085114421657981,
        0.2454840952615082,
        0.5150671513074423,
        1.207806716991216,
        1.7036191207217115,
        0.9458112098493403
    ],
    "Performance": {
        "Thrust": 99999.99999999999,
        "OPR": 24.193749999999998,
        "T4": 1433.59375,
        "Thermal Efficiency": 0.40327509088743724,
        "SFC": 0.05766737018721439,
        "TSFC": 8.363983099564148,
        "Air Mass Flow Rate": 185.8463640069225,
        "Fuel Mass Flow Rate": 0.8363983099564146,
        "Core EGT": 866.7351293688774,
        "Bypass EGT": 59.94203332083493,
        "FAR": 0.027452943284615915,
        "Specific Thrust": 0.5380788617219067
    },
    "Pressure Ratios": {
        "Fan": 1.6,
        "LPC": 2.0,
        "HPC": 7.71484375,
        "HPT": 2.5160736974338698,
        "LPT": 2.927104450775772
    },
    "Mechanical Parameters": {
        "LP Shaft Speed": 5490.0,
        "Fan Power": 8.397730944358626,
        "Fan Efficiency": 0.92,
        "LPC Power": 2.463598903597296,
        "LPC Efficiency": 0.9,
        "LPT Power": 11.082989640771348,
        "LPT Efficiency": 0.9099999999999999,
        "HP Shaft Speed": 15183.0,
        "HPC Power": 11.161575639219794,
        "HPC Efficiency": 0.89,
        "HPT Power": 11.54306849873491,
        "HPT Efficiency": 0.9000000000000001,
        "Burner Power": 6.355358781822307,
        "Burner Efficiency": 0.17670891927726395
    }
}