{
    "Stages": [
        "0. Fan Inlet",
        "1. LPC Inlet",
        "2. HPC Inlet",
        "3. Burner Inlet",
        "4. HPT Inlet",
        "5. LPT Inlet",
        "6. Core Nozz Inlet",
        "7. Core Nozz Outlet",
        "8. Byp Nozz Outlet"
    ],
    "Total Temperatures": [
        15.000057655676706,
        59.942033320834994,
        139.95697080771498,
        485.68939209237175,
        1438.28125,
        1157.968095400304,
        875.0933440543607,
        875.0933440543607,
        59.94203332083493
    ],
    "Static Temperatures": [
        1.2698087753191583,
        44.11029440122737,
        120.50659961430016,
        452.99861385859305,
        1380.9112050632095,
        1107.6609408052102,
        832.5369523883443,
        719.742502748053,
        4.4391862677623966
    ],
    "Total Pressures": [
        99.29823547694355,
        158.87717676310967,
        317.75435352621935,
        2414.18835003319,
        2221.0532820305352,
        893.6537201883785,
        307.4839922089232,
        307.4839922089232,
        158.87717676310967
    ],
    "Static Pressures": [
        84.124656235234,
        133.97926458691475,
        267.52254953831897,
        2042.6237736719957,
        1898.6537228902173,
        762.642009083986,
        261.84504830727826,
        166.79196902681474,
        84.07825298491305
    ],
    "Entropies": [
        6834.413225585567,
        6845.607178771453,
        6865.411001852655,
        6919.265239052387,
        8040.623937169041,
        8069.275848363086,
        8100.1372992453635,
        8100.1372992453635,
        6845.607178771453
    ],
    "Specifice Volumes": [
        0.9354134467594015,
        0.6780422909737034,
        0.42158869626980144,
        0.10200600532390329,
        0.2500203801162808,
        0.5195853485567579,
        1.2117212150779137,
        1.7085415662563153,
        0.9458112098493391
    ],
    "Performance": {
        "Thrust": 99999.99999999999,
        "OPR": 23.826249999999998,
        "T4": 1438.28125,
        "Thermal Efficiency": 0.4008830132183907,
        "SFC": 0.058011472640820544,
        "TSFC": 8.427276000385481,
        "Air Mass Flow Rate": 185.59501719189436,
        "Fuel Mass Flow Rate": 0.842727600038548,
        "Core EGT": 875.0933440543607,
        "Bypass EGT": 59.94203332083493,
        "FAR": 0.027698148571090264,
        "Specific Thrust": 0.5388075688293175
    },
    "Pressure Ratios": {
        "Fan": 1.6,
        "LPC": 2.0,
        "HPC": 7.59765625,
        "HPT": 2.4853623185973484,
        "LPT": 2.906342257912327
    },
    "Mechanical Parameters": {
        "LP Shaft Speed": 5490.0,
        "Fan Power": 8.386373482846766,
        "Fan Efficiency": 0.92,
        "LPC Power": 2.460267023841483,
        "LPC Efficiency": 0.9,
        "LPT Power": 11.068000517028823,
        "LPT Efficiency": 0.91,
        "HP Shaft Speed": 15183.0,
        "HPC Power": 11.037109034233843,
        "HPC Efficiency": 0.89,
        "HPT Power": 11.416061758953331,
        "HPT Efficiency": 0.9000000000000002,
        "Burner Power": 6.378819855739945,
        "Burner Efficiency": 0.17602917929959824
    }
}