{
    "Stages": [
        "0. Fan Inlet",
        "1. LPC Inlet",
        "2. HPC Inlet",
        "3. Burner Inlet",
        "4. HPT Inlet",
        "5. LPT Inlet",
        "6. Core Nozz Inlet",
        "7. Core Nozz Outlet",
        "8. Byp Nozz Outlet"
    ],
    "Total Temperatures": [
        15.000057655676706,
        59.94203332083493,
        139.95697080771524,
        464.74820481355545,
        1345.7031249999998,
        1077.8852646615233,
        789.5828085708667,
        789.5828085708667,
        59.94203332083493
    ],
    "Static Temperatures": [
        1.2698087753191583,
        44.11029440122737,
        120.50659961430041,
        432.77480368714333,
        1290.3051342500996,
        1029.494192038369,
        749.2481467472362,
        642.6477308547431,
        4.4391862677624285
    ],
    "Total Pressures": [
        99.29823547694353,
        158.87717676310967,
        317.75435352621935,
        2184.561180492758,
        2009.7962860533376,
        810.5299556054571,
        258.4688843970772,
        258.4688843970772,
        158.87717676310967
    ],
    "Static Pressures": [
        84.12465623523386,
        133.97926458691458,
        267.5225495383184,
        1849.8255896576115,
        1715.2680629181834,
        691.7604154606377,
        219.7657696831244,
        139.59768562372022,
        84.07825298491305
    ],
    "Entropies": [
        6834.413225585567,
        6845.607178771453,
        6865.411001852656,
        6917.350451565414,
        7986.560875167199,
        8015.119652793682,
        8048.6813701813435,
        8048.6813701813435,
        6845.607178771453
    ],
    "Specifice Volumes": [
        0.9354134467594029,
        0.6780422909737053,
        0.4215886962698028,
        0.10948278622844357,
        0.26158245240433525,
        0.5404658588964478,
        1.335066652983904,
        1.8823923343909679,
        0.9458112098493395
    ],
    "Performance": {
        "Thrust": 99999.99999999999,
        "OPR": 21.560000000000002,
        "T4": 1345.7031249999998,
        "Thermal Efficiency": 0.42753781398068635,
        "SFC": 0.05439475338323859,
        "TSFC": 7.803898419469715,
        "Air Mass Flow Rate": 188.9627944453679,
        "Fuel Mass Flow Rate": 0.7803898419469715,
        "Core EGT": 789.5828085708667,
        "Bypass EGT": 59.94203332083493,
        "FAR": 0.025192144569246535,
        "Specific Thrust": 0.5292047055798148
    },
    "Pressure Ratios": {
        "Fan": 1.6,
        "LPC": 2.0,
        "HPC": 6.875,
        "HPT": 2.4796076593517364,
        "LPT": 3.135889867342817
    },
    "Mechanical Parameters": {
        "LP Shaft Speed": 5490.0,
        "Fan Power": 8.538551263705296,
        "Fan Efficiency": 0.92,
        "LPC Power": 2.5049106325209087,
        "LPC Efficiency": 0.9,
        "LPT Power": 11.268838669618576,
        "LPT Efficiency": 0.91,
        "HP Shaft Speed": 15183.0,
        "HPC Power": 10.532910551011984,
        "HPC Efficiency": 0.89,
        "HPT Power": 10.90157351076776,
        "HPT Efficiency": 0.9,
        "Burner Power": 5.824441321926297,
        "Burner Efficiency": 0.17356981919163936
    }
}