{
    "Stages": [
        "0. Fan Inlet",
        "1. LPC Inlet",
        "2. HPC Inlet",
        "3. Burner Inlet",
        "4. HPT Inlet",
        "5. LPT Inlet",
        "6. Core Nozz Inlet",
        "7. Core Nozz Outlet",
        "8. Byp Nozz Outlet"
    ],
    "Total Temperatures": [
        15.000057655676706,
        59.942033320834994,
        139.95697080771498,
        471.4705946389304,
        1312.8906249999998,
        1037.1514603478304,
        745.9560209961337,
        745.9560209961337,
        59.94203332083493
    ],
    "Static Temperatures": [
        1.2698087753191583,
        44.11029440122737,
        120.50659961430016,
        439.2708504757034,
        1258.1778000046484,
        989.7392073857835,
        706.7928507810083,
        603.4542249254237,
        4.4391862677623966
    ],
    "Total Pressures": [
        99.29823547694355,
        158.87717676310967,
        317.75435352621935,
        2252.8287173831563,
        2072.602419992502,
        799.205615086699,
        243.43092789782423,
        243.43092789782423,
        158.87717676310967
    ],
    "Static Pressures": [
        84.124656235234,
        133.97926458691475,
        267.52254953831897,
        1909.0820366406533,
        1769.0263405909811,
        681.724076209262,
        207.14919200717173,
        131.5895771597269,
        84.07825298491287
    ],
    "Entropies": [
        6834.413225585567,
        6845.607178771453,
        6865.411001852655,
        6918.008069150551,
        7946.687743879245,
        7976.825138516466,
        8011.75321260838,
        8011.75321260838,
        6845.607178771453
    ],
    "Specifice Volumes": [
        0.9354134467594015,
        0.6780422909737055,
        0.42158869626980144,
        0.10708383868946858,
        0.24842327357858937,
        0.5316468376534028,
        1.3573682737424684,
        1.9113021256977603,
        0.9458112098493416
    ],
    "Performance": {
        "Thrust": 99999.99999999999,
        "OPR": 22.233749999999997,
        "T4": 1312.8906249999998,
        "Thermal Efficiency": 0.44265941642298634,
        "SFC": 0.052536584766257666,
        "TSFC": 7.481657902914246,
        "Air Mass Flow Rate": 190.56761543450693,
        "Fuel Mass Flow Rate": 0.7481657902914245,
        "Core EGT": 745.9560209961337,
        "Bypass EGT": 59.94203332083493,
        "FAR": 0.023948514601349724,
        "Specific Thrust": 0.524748130851054
    },
    "Pressure Ratios": {
        "Fan": 1.6,
        "LPC": 2.0,
        "HPC": 7.08984375,
        "HPT": 2.5933281509385573,
        "LPT": 3.283089876821861
    },
    "Mechanical Parameters": {
        "LP Shaft Speed": 5490.0,
        "Fan Power": 8.611067371043015,
        "Fan Efficiency": 0.92,
        "LPC Power": 2.526184307959423,
        "LPC Efficiency": 0.9,
        "LPT Power": 11.364542529594324,
        "LPT Efficiency": 0.9100000000000003,
        "HP Shaft Speed": 15183.0,
        "HPC Power": 10.849909951956299,
        "HPC Efficiency": 0.89,
        "HPT Power": 11.22504228724155,
        "HPT Efficiency": 0.9000000000000001,
        "Burner Power": 5.646190146339745,
        "Burner Efficiency": 0.1755048804599178
    }
}