{
    "Stages": [
        "0. Fan Inlet",
        "1. LPC Inlet",
        "2. HPC Inlet",
        "3. Burner Inlet",
        "4. HPT Inlet",
        "5. LPT Inlet",
        "6. Core Nozz Inlet",
        "7. Core Nozz Outlet",
        "8. Byp Nozz Outlet"
    ],
    "Total Temperatures": [
        15.000057655676706,
        59.942033320834994,
        139.95697080771498,
        506.92553514796055,
        1322.2656249999998,
        1015.4962466263543,
        722.7711202264568,
        722.7711202264568,
        59.94203332083493
    ],
    "Static Temperatures": [
        1.2698087753191583,
        44.11029440122737,
        120.50659961430016,
        473.52589766461364,
        1267.2602390230422,
        968.6197925347892,
        684.2502740247096,
        582.6736260011381,
        4.4391862677623966
    ],
    "Total Pressures": [
        99.29823547694355,
        158.87717676310967,
        317.75435352621935,
        2656.22779900824,
        2443.729575087583,
        843.5933651818543,
        250.13405425090207,
        250.134054250902,
        158.87717676310967
    ],
    "Static Pressures": [
        84.124656235234,
        133.97926458691475,
        267.52254953831897,
        2250.691352924528,
        2086.680572026044,
        718.6448991083402,
        212.68301352613375,
        135.09925945937184,
        84.07825298491305
    ],
    "Entropies": [
        6834.413225585567,
        6845.607178771453,
        6865.411001852655,
        6921.3264267146515,
        7904.632401067681,
        7938.698491858847,
        7974.609347320222,
        7974.609347320222,
        6845.607178771453
    ],
    "Specifice Volumes": [
        0.9354134467594015,
        0.6780422909737055,
        0.42158869626980144,
        0.09520058943373004,
        0.21187306673578143,
        0.4958761544700229,
        1.2919613818613338,
        1.8181691927960668,
        0.9458112098493391
    ],
    "Performance": {
        "Thrust": 99999.99999999999,
        "OPR": 26.214999999999996,
        "T4": 1322.2656249999998,
        "Thermal Efficiency": 0.4508917831740913,
        "SFC": 0.0515773735989977,
        "TSFC": 7.300485187877782,
        "Air Mass Flow Rate": 191.03280636459218,
        "Fuel Mass Flow Rate": 0.7300485187877781,
        "Core EGT": 722.7711202264568,
        "Bypass EGT": 59.94203332083493,
        "FAR": 0.02331168163915359,
        "Specific Thrust": 0.5234702976050449
    },
    "Pressure Ratios": {
        "Fan": 1.6,
        "LPC": 2.0,
        "HPC": 8.359375,
        "HPT": 2.896809856441658,
        "LPT": 3.3725650340104063
    },
    "Mechanical Parameters": {
        "LP Shaft Speed": 5490.0,
        "Fan Power": 8.632087681499376,
        "Fan Efficiency": 0.92,
        "LPC Power": 2.532350927744777,
        "LPC Efficiency": 0.9,
        "LPT Power": 11.392284295147094,
        "LPT Efficiency": 0.9099999999999998,
        "HP Shaft Speed": 15183.0,
        "HPC Power": 12.086533301584826,
        "HPC Efficiency": 0.89,
        "HPT Power": 12.48690284808698,
        "HPT Efficiency": 0.9,
        "Burner Power": 5.71005469820669,
        "Burner Efficiency": 0.18189471837602483
    }
}