{
    "Stages": [
        "0. Fan Inlet",
        "1. LPC Inlet",
        "2. HPC Inlet",
        "3. Burner Inlet",
        "4. HPT Inlet",
        "5. LPT Inlet",
        "6. Core Nozz Inlet",
        "7. Core Nozz Outlet",
        "8. Byp Nozz Outlet"
    ],
    "Total Temperatures": [
        15.000057655676706,
        59.942033320834994,
        139.95697080771498,
        524.5823100297268,
        1410.1562499999998,
        1093.8176166959147,
        806.6063961988931,
        806.6063961988931,
        59.94203332083493
    ],
    "Static Temperatures": [
        1.2698087753191583,
        44.11029440122737,
        120.50659961430016,
        490.59052278512473,
        1353.2250351831494,
        1045.0146349445622,
        765.8348780478385,
        657.9972309013574,
        4.4391862677623966
    ],
    "Total Pressures": [
        99.29823547694355,
        158.87717676310967,
        317.75435352621935,
        2885.854968548672,
        2654.986571064778,
        927.556643977478,
        300.38271195448965,
        300.38271195448965,
        158.87717676310967
    ],
    "Static Pressures": [
        84.124656235234,
        133.97926458691475,
        267.52254953831897,
        2444.466930085633,
        2268.0316368476256,
        791.3481572769673,
        255.52561721271078,
        162.4347819162841,
        84.07825298491302
    ],
    "Entropies": [
        6834.413225585567,
        6845.607178771453,
        6865.411001852655,
        6922.679551948527,
        7959.607858195371,
        7993.239562363004,
        8026.157993116084,
        8026.157993116084,
        6845.607178771453
    ],
    "Specifice Volumes": [
        0.9354134467594015,
        0.6780422909737055,
        0.42158869626980144,
        0.08964555226698054,
        0.20579249635028568,
        0.4780034214253767,
        1.166734968698363,
        1.644938356538177,
        0.9458112098493398
    ],
    "Performance": {
        "Thrust": 99999.99999999999,
        "OPR": 28.481249999999996,
        "T4": 1410.1562499999998,
        "Thermal Efficiency": 0.4214259618649804,
        "SFC": 0.05518362905448916,
        "TSFC": 7.9072231140509315,
        "Air Mass Flow Rate": 187.57083796041485,
        "Fuel Mass Flow Rate": 0.790722311405093,
        "Core EGT": 806.6063961988931,
        "Bypass EGT": 59.94203332083493,
        "FAR": 0.025715117296586393,
        "Specific Thrust": 0.5331319147867969
    },
    "Pressure Ratios": {
        "Fan": 1.6,
        "LPC": 2.0,
        "HPC": 9.08203125,
        "HPT": 2.862344405922064,
        "LPT": 3.087916205104405
    },
    "Mechanical Parameters": {
        "LP Shaft Speed": 5490.0,
        "Fan Power": 8.475653740208664,
        "Fan Efficiency": 0.92,
        "LPC Power": 2.4864587112874132,
        "LPC Efficiency": 0.9,
        "LPT Power": 11.185829032138852,
        "LPT Efficiency": 0.91,
        "HP Shaft Speed": 15183.0,
        "HPC Power": 12.462925267683524,
        "HPC Efficiency": 0.89,
        "HPT Power": 12.870976282881571,
        "HPT Efficiency": 0.9000000000000002,
        "Burner Power": 6.242973667232576,
        "Burner Efficiency": 0.18361115150993662
    }
}