{
    "Stages": [
        "0. Fan Inlet",
        "1. LPC Inlet",
        "2. HPC Inlet",
        "3. Burner Inlet",
        "4. HPT Inlet",
        "5. LPT Inlet",
        "6. Core Nozz Inlet",
        "7. Core Nozz Outlet",
        "8. Byp Nozz Outlet"
    ],
    "Total Temperatures": [
        15.000057655676706,
        59.94203332083493,
        139.95697080771544,
        484.04302450421034,
        1397.265625,
        1115.78028746909,
        830.0796657980469,
        830.0796657980469,
        59.94203332083487
    ],
    "Static Temperatures": [
        1.2698087753191583,
        44.11029440122737,
        120.50659961430054,
        451.4073244224545,
        1340.7492548455011,
        1066.4783854267419,
        788.7036753880544,
        679.1244199052456,
        4.4391862677623966
    ],
    "Total Pressures": [
        99.29823547694355,
        158.87717676310967,
        317.75435352621935,
        2395.5699308812627,
        2203.924336410762,
        867.5822537851398,
        286.13723463535433,
        286.13723463535433,
        158.87717676310967
    ],
    "Static Pressures": [
        84.124656235234,
        133.97926458691455,
        267.52254953831886,
        2026.4943314752206,
        1883.7376901854825,
        740.0896908435218,
        243.85296965184986,
        155.1610301616057,
        84.07825298491284
    ],
    "Entropies": [
        6834.413225585567,
        6845.607178771453,
        6865.411001852656,
        6919.105442187263,
        8005.912865165496,
        8035.35158901351,
        8067.594353673659,
        8067.594353673659,
        6845.607178771453
    ],
    "Specifice Volumes": [
        0.9354134467594015,
        0.678042290973704,
        0.42158869626980217,
        0.10259862498206122,
        0.24589299870570408,
        0.5194897705238246,
        1.2497847033364293,
        1.761142659433615,
        0.9458112098493419
    ],
    "Performance": {
        "Thrust": 99999.99999999999,
        "OPR": 23.6425,
        "T4": 1397.265625,
        "Thermal Efficiency": 0.41435727321046856,
        "SFC": 0.056125028947364014,
        "TSFC": 8.094026067813255,
        "Air Mass Flow Rate": 187.2049945396391,
        "Fuel Mass Flow Rate": 0.8094026067813255,
        "Core EGT": 830.0796657980469,
        "Bypass EGT": 59.94203332083487,
        "FAR": 0.026374060764285005,
        "Specific Thrust": 0.5341737823069983
    },
    "Pressure Ratios": {
        "Fan": 1.6,
        "LPC": 2.0,
        "HPC": 7.5390625,
        "HPT": 2.5403059211911594,
        "LPT": 3.03204948104976
    },
    "Mechanical Parameters": {
        "LP Shaft Speed": 5490.0,
        "Fan Power": 8.4591225875447,
        "Fan Efficiency": 0.92,
        "LPC Power": 2.481609052510796,
        "LPC Efficiency": 0.9,
        "LPT Power": 11.16401187760765,
        "LPT Efficiency": 0.9099999999999999,
        "HP Shaft Speed": 15183.0,
        "HPC Power": 11.077692441977888,
        "HPC Efficiency": 0.89,
        "HPT Power": 11.457473399508475,
        "HPT Efficiency": 0.8999999999999999,
        "Burner Power": 6.136312926540267,
        "Burner Efficiency": 0.176308984656582
    }
}