{
    "Stages": [
        "0. Fan Inlet",
        "1. LPC Inlet",
        "2. HPC Inlet",
        "3. Burner Inlet",
        "4. HPT Inlet",
        "5. LPT Inlet",
        "6. Core Nozz Inlet",
        "7. Core Nozz Outlet",
        "8. Byp Nozz Outlet"
    ],
    "Total Temperatures": [
        15.000057655676706,
        59.942033320834994,
        139.95697080771498,
        526.5496203318689,
        1336.3281249999998,
        1012.8340087063018,
        719.9328226783723,
        719.9328226783723,
        59.94203332083493
    ],
    "Static Temperatures": [
        1.2698087753191583,
        44.11029440122737,
        120.50659961430016,
        492.49258003852407,
        1280.9305118591246,
        966.0294361727347,
        681.4743659640774,
        580.1172568445612,
        4.4391862677623966
    ],
    "Total Pressures": [
        99.29823547694355,
        158.87717676310967,
        317.75435352621935,
        2910.6795274179076,
        2677.825165224472,
        876.4871397211974,
        259.4216662572558,
        259.4216662572556,
        158.87717676310967
    ],
    "Static Pressures": [
        84.124656235234,
        133.97926458691475,
        267.52254953831897,
        2465.9381814946055,
        2284.4395133351086,
        747.0670966392177,
        220.4034929252288,
        139.82475613916222,
        84.07825298491287
    ],
    "Entropies": [
        6834.413225585567,
        6845.607178771453,
        6865.411001852655,
        6922.868690600496,
        7889.011692725204,
        7925.058792562925,
        7961.089541592693,
        7961.089541592693,
        6845.607178771453
    ],
    "Specifice Volumes": [
        0.9354134467594015,
        0.6780422909737055,
        0.42158869626980144,
        0.08908344504796266,
        0.1952334847430228,
        0.47603141797892257,
        1.2429774499035,
        1.7513139919091865,
        0.9458112098493416
    ],
    "Performance": {
        "Thrust": 99999.99999999999,
        "OPR": 28.726249999999997,
        "T4": 1336.3281249999998,
        "Thermal Efficiency": 0.45176787970357085,
        "SFC": 0.05147735153005512,
        "TSFC": 7.273195378354585,
        "Air Mass Flow Rate": 190.88897971304016,
        "Fuel Mass Flow Rate": 0.7273195378354584,
        "Core EGT": 719.9328226783723,
        "Bypass EGT": 59.94203332083493,
        "FAR": 0.02324203936479638,
        "Specific Thrust": 0.5238647100022648
    },
    "Pressure Ratios": {
        "Fan": 1.6,
        "LPC": 2.0,
        "HPC": 9.16015625,
        "HPT": 3.055179070940235,
        "LPT": 3.3786196518066762
    },
    "Mechanical Parameters": {
        "LP Shaft Speed": 5490.0,
        "Fan Power": 8.625588670723378,
        "Fan Efficiency": 0.92,
        "LPC Power": 2.5304443465589412,
        "LPC Efficiency": 0.9,
        "LPT Power": 11.383707160492161,
        "LPT Efficiency": 0.9099999999999999,
        "HP Shaft Speed": 15183.0,
        "HPC Power": 12.75110262974782,
        "HPC Efficiency": 0.89,
        "HPT Power": 13.165034815600244,
        "HPT Efficiency": 0.9000000000000001,
        "Burner Power": 5.792367823581181,
        "Burner Efficiency": 0.1852091432278434
    }
}