{
    "Stages": [
        "0. Fan Inlet",
        "1. LPC Inlet",
        "2. HPC Inlet",
        "3. Burner Inlet",
        "4. HPT Inlet",
        "5. LPT Inlet",
        "6. Core Nozz Inlet",
        "7. Core Nozz Outlet",
        "8. Byp Nozz Outlet"
    ],
    "Total Temperatures": [
        15.000057655676706,
        59.942033320834994,
        139.95697080771498,
        517.3126944064135,
        1379.6875,
        1067.6612846949324,
        778.6353815129676,
        778.6353815129676,
        59.94203332083493
    ],
    "Static Temperatures": [
        1.2698087753191583,
        44.11029440122737,
        120.50659961430016,
        483.56223973522015,
        1323.4129674783767,
        1019.493708032563,
        738.5984130860178,
        632.8196771517408,
        4.4391862677623966
    ],
    "Total Pressures": [
        99.29823547694355,
        158.87717676310967,
        317.75435352621935,
        2792.7628727890374,
        2569.341842965917,
        897.9857548155693,
        282.3533952123064,
        282.3533952123064,
        158.87717676310967
    ],
    "Static Pressures": [
        84.124656235234,
        133.97926458691475,
        267.52254953831897,
        2363.9555101850624,
        2195.3222905755083,
        765.7407960854213,
        240.3612872454362,
        152.79677984377346,
        84.07825298491282
    ],
    "Entropies": [
        6834.413225585567,
        6845.607178771453,
        6865.411001852655,
        6922.117753748006,
        7942.248478875895,
        7975.8681746596385,
        8009.667449334338,
        8009.667449334338,
        6845.607178771453
    ],
    "Specifice Volumes": [
        0.9354134467594015,
        0.6780422909737055,
        0.42158869626980144,
        0.09186629021698674,
        0.2087106106073865,
        0.48443928462032376,
        1.2077813617114377,
        1.7011761628260167,
        0.9458112098493421
    ],
    "Performance": {
        "Thrust": 99999.99999999999,
        "OPR": 27.562499999999996,
        "T4": 1379.6875,
        "Thermal Efficiency": 0.43074724847823537,
        "SFC": 0.05398946606309764,
        "TSFC": 7.70432115821135,
        "Air Mass Flow Rate": 188.6955359487567,
        "Fuel Mass Flow Rate": 0.7704321158211348,
        "Core EGT": 778.6353815129676,
        "Bypass EGT": 59.94203332083493,
        "FAR": 0.024905919914211348,
        "Specific Thrust": 0.5299542434705853
    },
    "Pressure Ratios": {
        "Fan": 1.6,
        "LPC": 2.0,
        "HPC": 8.7890625,
        "HPT": 2.861227841519173,
        "LPT": 3.1803611008125405
    },
    "Mechanical Parameters": {
        "LP Shaft Speed": 5490.0,
        "Fan Power": 8.526474810344878,
        "Fan Efficiency": 0.92,
        "LPC Power": 2.5013678258442833,
        "LPC Efficiency": 0.9,
        "LPT Power": 11.252900649172613,
        "LPT Efficiency": 0.9099999999999999,
        "HP Shaft Speed": 15183.0,
        "HPC Power": 12.290337061894936,
        "HPC Efficiency": 0.89,
        "HPT Power": 12.694865868811586,
        "HPT Efficiency": 0.9000000000000001,
        "Burner Power": 6.053673804195238,
        "Burner Efficiency": 0.1827326624039063
    }
}