{
    "Stages": [
        "0. Fan Inlet",
        "1. LPC Inlet",
        "2. HPC Inlet",
        "3. Burner Inlet",
        "4. HPT Inlet",
        "5. LPT Inlet",
        "6. Core Nozz Inlet",
        "7. Core Nozz Outlet",
        "8. Byp Nozz Outlet"
    ],
    "Total Temperatures": [
        15.000057655676706,
        59.94203332083493,
        139.95697080771544,
        479.208363556445,
        1408.984375,
        1132.4749772760035,
        847.8798538996183,
        847.8798538996183,
        59.94203332083487
    ],
    "Static Temperatures": [
        1.2698087753191583,
        44.11029440122737,
        120.50659961430054,
        446.7357205416486,
        1352.2193010677781,
        1082.7463886170663,
        806.0174782654584,
        695.1651361426045,
        4.4391862677623966
    ],
    "Total Pressures": [
        99.29823547694355,
        158.87717676310967,
        317.75435352621935,
        2339.714673425482,
        2152.537499551444,
        866.3257047258674,
        290.4339353224324,
        290.4339353224324,
        158.87717676310967
    ],
    "Static Pressures": [
        84.124656235234,
        133.97926458691455,
        267.5225495383194,
        1978.192643615779,
        1839.040785874664,
        738.7041589947477,
        247.15238990360788,
        157.39264000389883,
        84.07825298491304
    ],
    "Entropies": [
        6834.413225585567,
        6845.607178771453,
        6865.411001852656,
        6918.76501683253,
        8024.043857993697,
        8052.719647770569,
        8084.326758058935,
        8084.326758058935,
        6845.607178771453
    ],
    "Specifice Volumes": [
        0.9354134467594015,
        0.678042290973704,
        0.4215886962698011,
        0.10444983311124054,
        0.2536402124219092,
        0.5267293138379128,
        1.2528946576619182,
        1.7653212731475856,
        0.9458112098493393
    ],
    "Performance": {
        "Thrust": 99999.99999999999,
        "OPR": 23.091249999999995,
        "T4": 1408.984375,
        "Thermal Efficiency": 0.4089407242592186,
        "SFC": 0.05686842266838412,
        "TSFC": 8.22872027067585,
        "Air Mass Flow Rate": 186.64851723252661,
        "Fuel Mass Flow Rate": 0.822872027067585,
        "Core EGT": 847.8798538996183,
        "Bypass EGT": 59.94203332083487,
        "FAR": 0.02689289708558977,
        "Specific Thrust": 0.5357663778031521
    },
    "Pressure Ratios": {
        "Fan": 1.6,
        "LPC": 2.0,
        "HPC": 7.36328125,
        "HPT": 2.484674629656261,
        "LPT": 2.982866667299379
    },
    "Mechanical Parameters": {
        "LP Shaft Speed": 5490.0,
        "Fan Power": 8.433977372965211,
        "Fan Efficiency": 0.92,
        "LPC Power": 2.4742323309321694,
        "LPC Efficiency": 0.9,
        "LPT Power": 11.130826228466717,
        "LPT Efficiency": 0.91,
        "HP Shaft Speed": 15183.0,
        "HPC Power": 10.8833061818532,
        "HPC Efficiency": 0.89,
        "HPT Power": 11.259120072850632,
        "HPT Efficiency": 0.8999999999999999,
        "Burner Power": 6.199578609643886,
        "Burner Efficiency": 0.17521101944575238
    }
}