{
    "Stages": [
        "0. Fan Inlet",
        "1. LPC Inlet",
        "2. HPC Inlet",
        "3. Burner Inlet",
        "4. HPT Inlet",
        "5. LPT Inlet",
        "6. Core Nozz Inlet",
        "7. Core Nozz Outlet",
        "8. Byp Nozz Outlet"
    ],
    "Total Temperatures": [
        15.000057655676706,
        59.942033320834994,
        139.95697080771498,
        487.88454851682985,
        1374.9999999999998,
        1088.699081548799,
        801.1303069548866,
        801.1303069548866,
        59.94203332083493
    ],
    "Static Temperatures": [
        1.2698087753191583,
        44.11029440122737,
        120.50659961430016,
        455.1203601977479,
        1318.906702805555,
        1040.0274106980958,
        760.5079883511468,
        653.0735860212094,
        4.4391862677623966
    ],
    "Total Pressures": [
        99.29823547694355,
        158.87717676310967,
        317.75435352621935,
        2439.012908902426,
        2243.891876190232,
        860.0876154514344,
        276.5637119338153,
        276.56371193381545,
        158.87717676310967
    ],
    "Static Pressures": [
        84.124656235234,
        133.97926458691475,
        267.52254953831897,
        2064.1299941371003,
        1917.3261770996585,
        733.2526058739559,
        235.48787744321913,
        149.7882762809425,
        84.07825298491292
    ],
    "Entropies": [
        6834.413225585567,
        6845.607178771453,
        6865.411001852655,
        6919.478301538912,
        7979.664832087978,
        8010.060244239492,
        8043.186024804593,
        8043.186024804593,
        6845.607178771453
    ],
    "Specifice Volumes": [
        0.9354134467594015,
        0.6780422909737055,
        0.42158869626980144,
        0.10123167738155807,
        0.23829662287218562,
        0.513934667205247,
        1.2596230162454771,
        1.774639428097794,
        0.9458112098493406
    ],
    "Performance": {
        "Thrust": 99999.99999999999,
        "OPR": 24.071249999999996,
        "T4": 1374.9999999999998,
        "Thermal Efficiency": 0.4235197899293861,
        "SFC": 0.05491080819946061,
        "TSFC": 7.878746375458701,
        "Air Mass Flow Rate": 188.19463033711784,
        "Fuel Mass Flow Rate": 0.78787463754587,
        "Core EGT": 801.1303069548866,
        "Bypass EGT": 59.94203332083493,
        "FAR": 0.025537579262599752,
        "Specific Thrust": 0.531364788787371
    },
    "Pressure Ratios": {
        "Fan": 1.6,
        "LPC": 2.0,
        "HPC": 7.67578125,
        "HPT": 2.6089108084790635,
        "LPT": 3.1099076933754155
    },
    "Mechanical Parameters": {
        "LP Shaft Speed": 5490.0,
        "Fan Power": 8.503840681463531,
        "Fan Efficiency": 0.92,
        "LPC Power": 2.494727768492431,
        "LPC Efficiency": 0.9,
        "LPT Power": 11.223029030567305,
        "LPT Efficiency": 0.9100000000000001,
        "HP Shaft Speed": 15183.0,
        "HPC Power": 11.265640287392719,
        "HPC Efficiency": 0.89,
        "HPT Power": 11.649256915237896,
        "HPT Efficiency": 0.9000000000000001,
        "Burner Power": 6.0093037987332885,
        "Burner Efficiency": 0.1773775223538605
    }
}