{
    "Stages": [
        "0. Fan Inlet",
        "1. LPC Inlet",
        "2. HPC Inlet",
        "3. Burner Inlet",
        "4. HPT Inlet",
        "5. LPT Inlet",
        "6. Core Nozz Inlet",
        "7. Core Nozz Outlet",
        "8. Byp Nozz Outlet"
    ],
    "Total Temperatures": [
        15.000057655676706,
        59.942033320834994,
        139.95697080771498,
        480.25592177239224,
        1404.296875,
        1126.569338911403,
        841.5808588553361,
        841.5808588553361,
        59.94203332083493
    ],
    "Static Temperatures": [
        1.2698087753191583,
        44.11029440122737,
        120.50659961430016,
        447.7469835762423,
        1347.627159298787,
        1076.9896666368659,
        799.8902570989887,
        689.5014023051868,
        4.4391862677623966
    ],
    "Total Pressures": [
        99.29823547694355,
        158.87717676310967,
        317.75435352621935,
        2352.1269528601,
        2163.9567966312925,
        865.5678151323133,
        288.39669910755697,
        288.39669910755697,
        158.87717676310967
    ],
    "Static Pressures": [
        84.124656235234,
        133.97926458691475,
        267.52254953831886,
        1988.8620155025887,
        1848.8986879654874,
        738.1351402368028,
        245.6594481967207,
        156.44359175448324,
        84.0782529849129
    ],
    "Entropies": [
        6834.413225585567,
        6845.607178771453,
        6865.411001852655,
        6918.809784410792,
        8018.131189674264,
        8046.973335578635,
        8078.805512136901,
        8078.805512136901,
        6845.607178771453
    ],
    "Specifice Volumes": [
        0.9354134467594015,
        0.6780422909737055,
        0.42158869626980155,
        0.10402961967407534,
        0.25157965587499415,
        0.5248994247600829,
        1.2533885557038291,
        1.7658597187036822,
        0.9458112098493411
    ],
    "Performance": {
        "Thrust": 99999.99999999999,
        "OPR": 23.213749999999997,
        "T4": 1404.296875,
        "Thermal Efficiency": 0.410841817255882,
        "SFC": 0.05660527477173557,
        "TSFC": 8.181145223785618,
        "Air Mass Flow Rate": 186.84812481909557,
        "Fuel Mass Flow Rate": 0.8181145223785619,
        "Core EGT": 841.5808588553361,
        "Bypass EGT": 59.94203332083493,
        "FAR": 0.026708850256543796,
        "Specific Thrust": 0.5351940250768851
    },
    "Pressure Ratios": {
        "Fan": 1.6,
        "LPC": 2.0,
        "HPC": 7.40234375,
        "HPT": 2.500043045501297,
        "LPT": 3.001309716133331
    },
    "Mechanical Parameters": {
        "LP Shaft Speed": 5490.0,
        "Fan Power": 8.44299692422422,
        "Fan Efficiency": 0.92,
        "LPC Power": 2.476878350046107,
        "LPC Efficiency": 0.9,
        "LPT Power": 11.142729871704418,
        "LPT Efficiency": 0.9099999999999997,
        "HP Shaft Speed": 15183.0,
        "HPC Power": 10.929933612331796,
        "HPC Efficiency": 0.89,
        "HPT Power": 11.306699083543075,
        "HPT Efficiency": 0.9000000000000002,
        "Burner Power": 6.173181628734447,
        "Burner Efficiency": 0.17547954416155784
    }
}