{
    "Stages": [
        "0. Fan Inlet",
        "1. LPC Inlet",
        "2. HPC Inlet",
        "3. Burner Inlet",
        "4. HPT Inlet",
        "5. LPT Inlet",
        "6. Core Nozz Inlet",
        "7. Core Nozz Outlet",
        "8. Byp Nozz Outlet"
    ],
    "Total Temperatures": [
        15.000057655676706,
        59.942033320834994,
        139.95697080771498,
        527.5332753487565,
        1431.2499999999998,
        1113.8121504744402,
        827.9982131800606,
        827.9982131800606,
        59.94203332083493
    ],
    "Static Temperatures": [
        1.2698087753191583,
        44.11029440122737,
        120.50659961430016,
        493.44361759042357,
        1373.9085956354575,
        1064.5629363452529,
        786.6703859244187,
        677.2483332099804,
        4.4391862677623966
    ],
    "Total Pressures": [
        99.29823547694355,
        158.87717676310967,
        317.75435352621935,
        2923.0918068525257,
        2689.244462304324,
        944.5628286097894,
        312.3897979841164,
        312.38979798411634,
        158.87717676310967
    ],
    "Static Pressures": [
        84.124656235234,
        133.97926458691475,
        267.52254953831897,
        2476.673916932181,
        2296.932260632906,
        805.8215572442639,
        265.9748017320448,
        169.1410929793931,
        84.078252984913
    ],
    "Entropies": [
        6834.413225585567,
        6845.607178771453,
        6865.411001852655,
        6922.963259928265,
        7975.005715696149,
        8008.376387611811,
        8040.692688501769,
        8040.692688501769,
        6845.607178771453
    ],
    "Specifice Volumes": [
        0.9354134467594015,
        0.6780422909737055,
        0.42158869626980144,
        0.08880644486493737,
        0.20580603828998556,
        0.4764469422791838,
        1.1435895103894338,
        1.6123281252524964,
        0.9458112098493399
    ],
    "Performance": {
        "Thrust": 99999.99999999999,
        "OPR": 28.84875,
        "T4": 1431.2499999999998,
        "Thermal Efficiency": 0.41464638028430106,
        "SFC": 0.05608589646325404,
        "TSFC": 8.063624158856339,
        "Air Mass Flow Rate": 186.76960713059557,
        "Fuel Mass Flow Rate": 0.8063624158856337,
        "Core EGT": 827.9982131800606,
        "Bypass EGT": 59.94203332083493,
        "FAR": 0.02633624823905619,
        "Specific Thrust": 0.5354190199162149
    },
    "Pressure Ratios": {
        "Fan": 1.6,
        "LPC": 2.0,
        "HPC": 9.19921875,
        "HPT": 2.847078437611569,
        "LPT": 3.0236673371062253
    },
    "Mechanical Parameters": {
        "LP Shaft Speed": 5490.0,
        "Fan Power": 8.439448991360862,
        "Fan Efficiency": 0.92,
        "LPC Power": 2.4758375113278728,
        "LPC Efficiency": 0.9,
        "LPT Power": 11.1380474517232,
        "LPT Efficiency": 0.9099999999999999,
        "HP Shaft Speed": 15183.0,
        "HPC Power": 12.509057704340876,
        "HPC Efficiency": 0.89,
        "HPT Power": 12.918050197838042,
        "HPT Efficiency": 0.9,
        "Burner Power": 6.375971195109578,
        "Burner Efficiency": 0.18388555439233117
    }
}