{
    "Stages": [
        "0. Fan Inlet",
        "1. LPC Inlet",
        "2. HPC Inlet",
        "3. Burner Inlet",
        "4. HPT Inlet",
        "5. LPT Inlet",
        "6. Core Nozz Inlet",
        "7. Core Nozz Outlet",
        "8. Byp Nozz Outlet"
    ],
    "Total Temperatures": [
        15.000057655676706,
        59.942033320834994,
        139.95697080771498,
        526.5496203318689,
        1417.1874999999998,
        1099.6219587921144,
        812.8115716587897,
        812.8115716587897,
        59.94203332083493
    ],
    "Static Temperatures": [
        1.2698087753191583,
        44.11029440122737,
        120.50659961430016,
        492.49258003852407,
        1360.1187343204303,
        1050.6783491392187,
        771.8696466889277,
        663.5721083986676,
        4.4391862677623966
    ],
    "Total Pressures": [
        99.29823547694355,
        158.87717676310967,
        317.75435352621935,
        2910.6795274179076,
        2677.825165224472,
        933.996852757807,
        304.5369906684199,
        304.53699066841995,
        158.87717676310967
    ],
    "Static Pressures": [
        84.124656235234,
        133.97926458691475,
        267.52254953831897,
        2465.9381814946055,
        2286.388571086607,
        796.9151059620477,
        259.0866493716737,
        164.7194939329349,
        84.07825298491287
    ],
    "Entropies": [
        6834.413225585567,
        6845.607178771453,
        6865.411001852655,
        6922.868690600496,
        7963.483156625657,
        7997.107514407869,
        8029.791568550108,
        8029.791568550108,
        6845.607178771453
    ],
    "Specifice Volumes": [
        0.9354134467594015,
        0.6780422909737055,
        0.42158869626980144,
        0.08908344504796266,
        0.20500714588224025,
        0.47670895111363826,
        1.1573500586095937,
        1.631679379790554,
        0.9458112098493416
    ],
    "Performance": {
        "Thrust": 99999.99999999999,
        "OPR": 28.726249999999997,
        "T4": 1417.1874999999998,
        "Thermal Efficiency": 0.4194221510223394,
        "SFC": 0.055447271673187616,
        "TSFC": 7.9523038382343865,
        "Air Mass Flow Rate": 187.3264064729708,
        "Fuel Mass Flow Rate": 0.7952303838234385,
        "Core EGT": 812.8115716587897,
        "Bypass EGT": 59.94203332083493,
        "FAR": 0.025895470012247887,
        "Specific Thrust": 0.5338275680552753
    },
    "Pressure Ratios": {
        "Fan": 1.6,
        "LPC": 2.0,
        "HPC": 9.16015625,
        "HPT": 2.8670601590547906,
        "LPT": 3.0669405733201804
    },
    "Mechanical Parameters": {
        "LP Shaft Speed": 5490.0,
        "Fan Power": 8.464608757559404,
        "Fan Efficiency": 0.92,
        "LPC Power": 2.4832185018397355,
        "LPC Efficiency": 0.9,
        "LPT Power": 11.171252305509324,
        "LPT Efficiency": 0.9099999999999999,
        "HP Shaft Speed": 15183.0,
        "HPC Power": 12.513127985646275,
        "HPC Efficiency": 0.89,
        "HPT Power": 12.922203546108868,
        "HPT Efficiency": 0.8999999999999999,
        "Burner Power": 6.287847746212961,
        "Burner Efficiency": 0.18388258337253924
    }
}