{
    "Stages": [
        "0. Fan Inlet",
        "1. LPC Inlet",
        "2. HPC Inlet",
        "3. Burner Inlet",
        "4. HPT Inlet",
        "5. LPT Inlet",
        "6. Core Nozz Inlet",
        "7. Core Nozz Outlet",
        "8. Byp Nozz Outlet"
    ],
    "Total Temperatures": [
        15.000057655676706,
        59.942033320835186,
        139.9569708077155,
        474.9913950582367,
        1375.0,
        1100.0315630384805,
        813.2306297023476,
        813.2306297023476,
        59.942033320835186
    ],
    "Static Temperatures": [
        1.2698087753191583,
        44.11029440122762,
        120.50659961430067,
        442.67322700693785,
        1318.9470044010225,
        1051.0769072844753,
        772.2750057217779,
        663.9414399738569,
        4.439186267762586
    ],
    "Total Pressures": [
        99.29823547694356,
        158.87717676310973,
        317.75435352621946,
        2290.0655556870115,
        2106.86031123205,
        839.3613412200974,
        273.317609248961,
        273.317609248961,
        158.87717676310973
    ],
    "Static Pressures": [
        84.12465623523386,
        133.97926458691438,
        267.5225495383191,
        1940.1183445489116,
        1799.1737050513696,
        715.3035565982119,
        232.65024733565932,
        147.9659764367938,
        84.07825298491287
    ],
    "Entropies": [
        6834.413225585567,
        6845.607178771454,
        6865.411001852656,
        6918.352491515064,
        7999.548001236435,
        8028.560403696892,
        8061.229556773104,
        8061.229556773104,
        6845.607178771454
    ],
    "Specifice Volumes": [
        0.9354134467594029,
        0.6780422909737045,
        0.42158869626980194,
        0.10589326393364253,
        0.2539518323505014,
        0.5312596213050412,
        1.2893623549767088,
        1.817136578310496,
        0.9458112098493419
    ],
    "Performance": {
        "Thrust": 99999.99999999999,
        "OPR": 22.601250000000004,
        "T4": 1375.0,
        "Thermal Efficiency": 0.41972672482602,
        "SFC": 0.055407036478623294,
        "TSFC": 7.974078701275816,
        "Air Mass Flow Rate": 187.94906973600928,
        "Fuel Mass Flow Rate": 0.7974078701275814,
        "Core EGT": 813.2306297023476,
        "Bypass EGT": 59.942033320835186,
        "FAR": 0.02588035160062467,
        "Specific Thrust": 0.5320590314198342
    },
    "Pressure Ratios": {
        "Fan": 1.6,
        "LPC": 2.0,
        "HPC": 7.20703125,
        "HPT": 2.5100754678187984,
        "LPT": 3.0710108416598043
    },
    "Mechanical Parameters": {
        "LP Shaft Speed": 5490.0,
        "Fan Power": 8.492744678215587,
        "Fan Efficiency": 0.92,
        "LPC Power": 2.4914725913955404,
        "LPC Efficiency": 0.9,
        "LPT Power": 11.208384968990945,
        "LPT Efficiency": 0.9099999999999999,
        "HP Shaft Speed": 15183.0,
        "HPC Power": 10.818361615700798,
        "HPC Efficiency": 0.89,
        "HPT Power": 11.192850107388992,
        "HPT Efficiency": 0.9000000000000002,
        "Burner Power": 5.999376518201178,
        "Burner Efficiency": 0.17496740297018998
    }
}