{
    "Stages": [
        "0. Fan Inlet",
        "1. LPC Inlet",
        "2. HPC Inlet",
        "3. Burner Inlet",
        "4. HPT Inlet",
        "5. LPT Inlet",
        "6. Core Nozz Inlet",
        "7. Core Nozz Outlet",
        "8. Byp Nozz Outlet"
    ],
    "Total Temperatures": [
        15.000057655676706,
        59.94203332083493,
        139.95697080771524,
        492.27486013229657,
        1321.09375,
        1027.3841488808332,
        735.4756179119714,
        735.4756179119714,
        59.94203332083493
    ],
    "Static Temperatures": [
        1.2698087753191583,
        44.11029440122737,
        120.50659961430041,
        459.3639457656364,
        1266.1561587411484,
        980.191015032315,
        696.6059022287692,
        594.0591779869419,
        4.4391862677624285
    ],
    "Total Pressures": [
        99.29823547694353,
        158.87717676310967,
        317.75435352621935,
        2488.6620266408977,
        2289.569064509626,
        831.5147101084223,
        249.98024493360631,
        249.98024493360623,
        158.87717676310967
    ],
    "Static Pressures": [
        84.12465623523386,
        133.97926458691458,
        267.5225495383185,
        2107.143455259465,
        1955.3774479454285,
        708.007013631548,
        212.5831967999824,
        135.04673543521736,
        84.07825298491291
    ],
    "Entropies": [
        6834.413225585567,
        6845.607178771453,
        6865.411001852656,
        6919.904426510914,
        7923.0848032078065,
        7955.4069841311075,
        7990.779477790819,
        7990.779477790819,
        6845.607178771453
    ],
    "Specifice Volumes": [
        0.9354134467594029,
        0.6780422909737053,
        0.4215886962698025,
        0.0997352773980508,
        0.22593485176121073,
        0.5079939073209229,
        1.3089489996187893,
        1.8424530857914891,
        0.9458112098493411
    ],
    "Performance": {
        "Thrust": 99999.99999999999,
        "OPR": 24.56125,
        "T4": 1321.09375,
        "Thermal Efficiency": 0.44629636967503694,
        "SFC": 0.0521084542328267,
        "TSFC": 7.396705987457307,
        "Air Mass Flow Rate": 190.68305404835212,
        "Fuel Mass Flow Rate": 0.7396705987457306,
        "Core EGT": 735.4756179119714,
        "Bypass EGT": 59.94203332083493,
        "FAR": 0.02366225291946937,
        "Specific Thrust": 0.5244304508288538
    },
    "Pressure Ratios": {
        "Fan": 1.6,
        "LPC": 2.0,
        "HPC": 7.83203125,
        "HPT": 2.7534919547135943,
        "LPT": 3.3263216872552865
    },
    "Mechanical Parameters": {
        "LP Shaft Speed": 5490.0,
        "Fan Power": 8.616283628163998,
        "Fan Efficiency": 0.92,
        "LPC Power": 2.5277145743384453,
        "LPC Efficiency": 0.9,
        "LPT Power": 11.37142673724739,
        "LPT Efficiency": 0.9099999999999998,
        "HP Shaft Speed": 15183.0,
        "HPC Power": 11.564427532200646,
        "HPC Efficiency": 0.89,
        "HPT Power": 11.954141858919456,
        "HPT Efficiency": 0.8999999999999999,
        "Burner Power": 5.700380886123249,
        "Burner Efficiency": 0.17922437038392372
    }
}