{
    "Stages": [
        "0. Fan Inlet",
        "1. LPC Inlet",
        "2. HPC Inlet",
        "3. Burner Inlet",
        "4. HPT Inlet",
        "5. LPT Inlet",
        "6. Core Nozz Inlet",
        "7. Core Nozz Outlet",
        "8. Byp Nozz Outlet"
    ],
    "Total Temperatures": [
        15.000057655676706,
        59.942033320834994,
        139.95697080771498,
        499.9579015020404,
        1401.953125,
        1106.8040839500966,
        820.5028750318133,
        820.5028750318133,
        59.94203332083493
    ],
    "Static Temperatures": [
        1.2698087753191583,
        44.11029440122737,
        120.50659961430016,
        466.7905185649268,
        1345.2763649082897,
        1057.7076967155235,
        779.3489634396939,
        670.4797637598679,
        4.4391862677623966
    ],
    "Total Pressures": [
        99.29823547694355,
        158.87717676310967,
        317.75435352621935,
        2575.5479826832234,
        2369.5041440685654,
        889.8467213449666,
        291.1633210211035,
        291.1633210211034,
        158.87717676310967
    ],
    "Static Pressures": [
        84.124656235234,
        133.97926458691475,
        267.52254953831897,
        2182.420285721417,
        2023.4583990816718,
        759.129168772235,
        247.59280141779644,
        157.55526375204667,
        84.07825298491292
    ],
    "Entropies": [
        6834.413225585567,
        6845.607178771453,
        6865.411001852655,
        6920.650145208541,
        7987.83309093918,
        8018.905751069627,
        8051.409703045506,
        8051.409703045506,
        6845.607178771453
    ],
    "Specifice Volumes": [
        0.9354134467594015,
        0.6780422909737055,
        0.42158869626980144,
        0.09727378620672954,
        0.22954682988197708,
        0.5031272861799829,
        1.2198157873427884,
        1.7184185584858465,
        0.9458112098493409
    ],
    "Performance": {
        "Thrust": 99999.99999999999,
        "OPR": 25.41875,
        "T4": 1401.953125,
        "Thermal Efficiency": 0.4172177925794196,
        "SFC": 0.05574022576964166,
        "TSFC": 8.01831569713258,
        "Air Mass Flow Rate": 187.37407880948015,
        "Fuel Mass Flow Rate": 0.801831569713258,
        "Core EGT": 820.5028750318133,
        "Bypass EGT": 59.94203332083493,
        "FAR": 0.026103784505989026,
        "Specific Thrust": 0.5336917498694088
    },
    "Pressure Ratios": {
        "Fan": 1.6,
        "LPC": 2.0,
        "HPC": 8.10546875,
        "HPT": 2.66282280670446,
        "LPT": 3.056177262384194
    },
    "Mechanical Parameters": {
        "LP Shaft Speed": 5490.0,
        "Fan Power": 8.46676289954455,
        "Fan Efficiency": 0.92,
        "LPC Power": 2.483850451335136,
        "LPC Efficiency": 0.9,
        "LPT Power": 11.17409525599968,
        "LPT Efficiency": 0.91,
        "HP Shaft Speed": 15183.0,
        "HPC Power": 11.621392587513503,
        "HPC Efficiency": 0.89,
        "HPT Power": 12.012269466381554,
        "HPT Efficiency": 0.9000000000000004,
        "Burner Power": 6.1786617365751475,
        "Burner Efficiency": 0.17920198362695267
    }
}