{
    "Stages": [
        "0. Fan Inlet",
        "1. LPC Inlet",
        "2. HPC Inlet",
        "3. Burner Inlet",
        "4. HPT Inlet",
        "5. LPT Inlet",
        "6. Core Nozz Inlet",
        "7. Core Nozz Outlet",
        "8. Byp Nozz Outlet"
    ],
    "Total Temperatures": [
        15.000057655676706,
        59.942033320834994,
        139.95697080771498,
        476.04563730107816,
        1400.7812499999998,
        1126.4986109060671,
        841.5038676990984,
        841.5038676990984,
        59.94203332083493
    ],
    "Static Temperatures": [
        1.2698087753191583,
        44.11029440122737,
        120.50659961430016,
        443.6920257873239,
        1344.2073765958025,
        1076.9205810621236,
        799.8151853863632,
        689.4315849343543,
        4.4391862677623966
    ],
    "Total Pressures": [
        99.29823547694355,
        158.87717676310967,
        317.75435352621935,
        2302.4778351216287,
        2118.2796083119,
        856.1574462855796,
        285.37853102831247,
        285.3785310283123,
        158.87717676310967
    ],
    "Static Pressures": [
        84.124656235234,
        133.97926458691475,
        267.52254953831886,
        1949.411787399496,
        1809.702237488657,
        730.0196264267911,
        243.1566105266378,
        154.83756323778573,
        84.07825298491292
    ],
    "Entropies": [
        6834.413225585567,
        6845.607178771453,
        6865.411001852655,
        6918.455622842224,
        8021.518565741861,
        8049.989559677857,
        8081.824559253118,
        8081.824559253118,
        6845.607178771453
    ],
    "Specifice Volumes": [
        0.9354134467594015,
        0.6780422909737055,
        0.42158869626980155,
        0.10554514073123647,
        0.2564923602036529,
        0.5307076543355568,
        1.2662022080000261,
        1.7840499057743817,
        0.9458112098493406
    ],
    "Performance": {
        "Thrust": 99999.99999999999,
        "OPR": 22.72375,
        "T4": 1400.7812499999998,
        "Thermal Efficiency": 0.4108992886274718,
        "SFC": 0.05659735754512945,
        "TSFC": 8.182555352176802,
        "Air Mass Flow Rate": 186.91169626788113,
        "Fuel Mass Flow Rate": 0.8182555352176801,
        "Core EGT": 841.5038676990984,
        "Bypass EGT": 59.94203332083493,
        "FAR": 0.026704368236401065,
        "Specific Thrust": 0.5350119976263036
    },
    "Pressure Ratios": {
        "Fan": 1.6,
        "LPC": 2.0,
        "HPC": 7.24609375,
        "HPT": 2.474170630065778,
        "LPT": 3.0000765761900983
    },
    "Mechanical Parameters": {
        "LP Shaft Speed": 5490.0,
        "Fan Power": 8.445869490096023,
        "Fan Efficiency": 0.92,
        "LPC Power": 2.477721059842261,
        "LPC Efficiency": 0.9,
        "LPT Power": 11.146520969324778,
        "LPT Efficiency": 0.9100000000000001,
        "HP Shaft Speed": 15183.0,
        "HPC Power": 10.79365072295643,
        "HPC Efficiency": 0.89,
        "HPT Power": 11.167634910711074,
        "HPT Efficiency": 0.9,
        "Burner Power": 6.148565954319391,
        "Burner Efficiency": 0.17474969585920969
    }
}