{
    "Stages": [
        "0. Fan Inlet",
        "1. LPC Inlet",
        "2. HPC Inlet",
        "3. Burner Inlet",
        "4. HPT Inlet",
        "5. LPT Inlet",
        "6. Core Nozz Inlet",
        "7. Core Nozz Outlet",
        "8. Byp Nozz Outlet"
    ],
    "Total Temperatures": [
        15.000057655676706,
        59.942033320834994,
        139.95697080771498,
        506.92553514796055,
        1425.3906249999998,
        1125.7283014705,
        840.6943933119497,
        840.6943933119497,
        59.94203332083493
    ],
    "Static Temperatures": [
        1.2698087753191583,
        44.11029440122737,
        120.50659961430016,
        473.52589766461364,
        1368.2323662427882,
        1076.171422580599,
        799.0291400739143,
        688.7081975881213,
        4.4391862677623966
    ],
    "Total Pressures": [
        99.29823547694355,
        158.87717676310967,
        317.75435352621935,
        2656.22779900824,
        2443.729575087583,
        911.7873089338984,
        304.57010382493587,
        304.5701038249361,
        158.87717676310967
    ],
    "Static Pressures": [
        84.124656235234,
        133.97926458691475,
        267.52254953831897,
        2250.6913529245285,
        2088.224905503422,
        778.0188611554885,
        259.2366878717689,
        164.9670392394944,
        84.07825298491294
    ],
    "Entropies": [
        6834.413225585567,
        6845.607178771453,
        6865.411001852655,
        6921.3264267146515,
        7999.723188267484,
        8030.9613463559745,
        8062.824728421975,
        8062.824728421975,
        6845.607178771453
    ],
    "Specifice Volumes": [
        0.9354134467594015,
        0.6780422909737034,
        0.42158869626980144,
        0.09520058943373003,
        0.22558866409249892,
        0.4976912585078639,
        1.1868014108269418,
        1.673279894128728,
        0.9458112098493409
    ],
    "Performance": {
        "Thrust": 99999.99999999999,
        "OPR": 26.214999999999996,
        "T4": 1425.3906249999998,
        "Thermal Efficiency": 0.410896503192118,
        "SFC": 0.05659774121420285,
        "TSFC": 8.165125546472286,
        "Air Mass Flow Rate": 186.56489876515687,
        "Fuel Mass Flow Rate": 0.8165125546472285,
        "Core EGT": 840.6943933119497,
        "Bypass EGT": 59.94203332083493,
        "FAR": 0.026697018658465355,
        "Specific Thrust": 0.5360065085226854
    },
    "Pressure Ratios": {
        "Fan": 1.6,
        "LPC": 2.0,
        "HPC": 8.359375,
        "HPT": 2.6801530917828833,
        "LPT": 2.9936861743265037
    },
    "Mechanical Parameters": {
        "LP Shaft Speed": 5490.0,
        "Fan Power": 8.430198954190645,
        "Fan Efficiency": 0.92,
        "LPC Power": 2.4731238757539575,
        "LPC Efficiency": 0.9,
        "LPT Power": 11.125839622392451,
        "LPT Efficiency": 0.9099999999999999,
        "HP Shaft Speed": 15183.0,
        "HPC Power": 11.80385141559549,
        "HPC Efficiency": 0.89,
        "HPT Power": 12.198451944016231,
        "HPT Efficiency": 0.8999999999999999,
        "Burner Power": 6.325367183579921,
        "Burner Efficiency": 0.18015835956422016
    }
}