{
    "Stages": [
        "0. Fan Inlet",
        "1. LPC Inlet",
        "2. HPC Inlet",
        "3. Burner Inlet",
        "4. HPT Inlet",
        "5. LPT Inlet",
        "6. Core Nozz Inlet",
        "7. Core Nozz Outlet",
        "8. Byp Nozz Outlet"
    ],
    "Total Temperatures": [
        15.000057655676706,
        59.942033320834994,
        139.95697080771498,
        522.6149993697588,
        1303.5156249999998,
        981.1825037864535,
        685.9474748933766,
        685.9474748933766,
        59.94203332083493
    ],
    "Static Temperatures": [
        1.2698087753191583,
        44.11029440122737,
        120.50659961430016,
        488.68848933128544,
        1248.8338680478353,
        935.1638164983704,
        648.4299338134189,
        549.6747956315016,
        4.4391862677623966
    ],
    "Total Pressures": [
        99.29823547694355,
        158.87717676310967,
        317.75435352621935,
        2861.0304096794357,
        2632.147976905081,
        848.9298487418324,
        241.69924826138083,
        241.69924826138083,
        158.87717676310967
    ],
    "Static Pressures": [
        84.124656235234,
        133.97926458691475,
        267.52254953831897,
        2422.9959712863388,
        2247.8345830012813,
        723.0051886070484,
        205.5207657639895,
        130.39283606909856,
        84.07825298491294
    ],
    "Entropies": [
        6834.413225585567,
        6845.607178771453,
        6865.411001852655,
        6922.49041330131,
        7863.319877634086,
        7899.936756067631,
        7937.301010278073,
        7937.301010278073,
        6845.607178771453
    ],
    "Specifice Volumes": [
        0.9354134467594015,
        0.6780422909737055,
        0.42158869626980144,
        0.09021870118796554,
        0.19431284971330423,
        0.4795999607815242,
        1.2868946187030594,
        1.8110538353559753,
        0.9458112098493409
    ],
    "Performance": {
        "Thrust": 99999.99999999999,
        "OPR": 28.236249999999995,
        "T4": 1303.5156249999998,
        "Thermal Efficiency": 0.4651458636744597,
        "SFC": 0.0499968198572746,
        "TSFC": 7.028057502305851,
        "Air Mass Flow Rate": 192.33392269179933,
        "Fuel Mass Flow Rate": 0.702805750230585,
        "Core EGT": 685.9474748933766,
        "Bypass EGT": 59.94203332083493,
        "FAR": 0.022289958091669292,
        "Specific Thrust": 0.5199290827143502
    },
    "Pressure Ratios": {
        "Fan": 1.6,
        "LPC": 2.0,
        "HPC": 9.00390625,
        "HPT": 3.100548273577717,
        "LPT": 3.5123396322018103
    },
    "Mechanical Parameters": {
        "LP Shaft Speed": 5490.0,
        "Fan Power": 8.690880463922557,
        "Fan Efficiency": 0.92,
        "LPC Power": 2.5495986623146107,
        "LPC Efficiency": 0.9,
        "LPT Power": 11.469876659425681,
        "LPT Efficiency": 0.9099999999999997,
        "HP Shaft Speed": 15183.0,
        "HPC Power": 12.71118304793923,
        "HPC Efficiency": 0.89,
        "HPT Power": 13.124300548448618,
        "HPT Efficiency": 0.9000000000000002,
        "Burner Power": 5.595306215134933,
        "Burner Efficiency": 0.18514845717935963
    }
}