{
    "Stages": [
        "0. Fan Inlet",
        "1. LPC Inlet",
        "2. HPC Inlet",
        "3. Burner Inlet",
        "4. HPT Inlet",
        "5. LPT Inlet",
        "6. Core Nozz Inlet",
        "7. Core Nozz Outlet",
        "8. Byp Nozz Outlet"
    ],
    "Total Temperatures": [
        15.000057655676706,
        59.942033320834994,
        139.95697080771498,
        503.250631975832,
        1442.96875,
        1147.680626445883,
        864.1403492174105,
        864.1403492174105,
        59.94203332083493
    ],
    "Static Temperatures": [
        1.2698087753191583,
        44.11029440122737,
        120.50659961430016,
        469.9734516190097,
        1385.4435906297795,
        1097.635905504906,
        821.8763532312685,
        709.8313481307977,
        4.4391862677623966
    ],
    "Total Pressures": [
        99.29823547694355,
        158.87717676310967,
        317.75435352621935,
        2612.7848209870767,
        2403.7620353081084,
        917.7703435928256,
        313.1458056009568,
        313.1458056009568,
        158.87717676310967
    ],
    "Static Pressures": [
        84.124656235234,
        133.97926458691475,
        267.52254953831897,
        2214.6830600395406,
        2053.3933135853867,
        783.6548621288676,
        266.7509906922772,
        169.7528824945043,
        84.07825298491287
    ],
    "Entropies": [
        6834.413225585567,
        6845.607178771453,
        6865.411001852655,
        6920.969738934783,
        8020.648508091579,
        8051.062015688765,
        8082.293809591024,
        8082.293809591025,
        6845.607178771453
    ],
    "Specifice Volumes": [
        0.9354134467594015,
        0.6780422909737055,
        0.42158869626980144,
        0.09627607183186959,
        0.23180828716395804,
        0.5020457919419259,
        1.1781656896851322,
        1.6615640270800278,
        0.9458112098493416
    ],
    "Performance": {
        "Thrust": 99999.99999999999,
        "OPR": 25.786249999999995,
        "T4": 1442.96875,
        "Thermal Efficiency": 0.40392312626305055,
        "SFC": 0.05757485135511473,
        "TSFC": 8.34042428378157,
        "Air Mass Flow Rate": 185.79034266143708,
        "Fuel Mass Flow Rate": 0.8340424283781568,
        "Core EGT": 864.1403492174105,
        "Bypass EGT": 59.94203332083493,
        "FAR": 0.02738387119710479,
        "Specific Thrust": 0.5382411085931871
    },
    "Pressure Ratios": {
        "Fan": 1.6,
        "LPC": 2.0,
        "HPC": 8.22265625,
        "HPT": 2.6191323919860188,
        "LPT": 2.9308083556525255
    },
    "Mechanical Parameters": {
        "LP Shaft Speed": 5490.0,
        "Fan Power": 8.395199540588413,
        "Fan Efficiency": 0.92,
        "LPC Power": 2.462856278762781,
        "LPC Efficiency": 0.9,
        "LPT Power": 11.079648795256322,
        "LPT Efficiency": 0.9099999999999999,
        "HP Shaft Speed": 15183.0,
        "HPC Power": 11.63265175260353,
        "HPC Efficiency": 0.89,
        "HPT Power": 12.023758410350968,
        "HPT Efficiency": 0.9,
        "Burner Power": 6.428459793269578,
        "Burner Efficiency": 0.17924635470939665
    }
}