{
    "Stages": [
        "0. Fan Inlet",
        "1. LPC Inlet",
        "2. HPC Inlet",
        "3. Burner Inlet",
        "4. HPT Inlet",
        "5. LPT Inlet",
        "6. Core Nozz Inlet",
        "7. Core Nozz Outlet",
        "8. Byp Nozz Outlet"
    ],
    "Total Temperatures": [
        15.000057655676706,
        59.94203332083512,
        139.9569708077155,
        476.5727583929271,
        1304.6874999999998,
        1023.9040022613515,
        731.7482047794215,
        731.7482047794215,
        59.94203332083512
    ],
    "Static Temperatures": [
        1.2698087753191583,
        44.11029440122756,
        120.50659961430067,
        444.2014279530639,
        1250.1214006408843,
        976.8024717821194,
        692.9821665123657,
        590.7156074368725,
        4.439186267762555
    ],
    "Total Pressures": [
        99.29823547694357,
        158.87717676310973,
        317.75435352621946,
        2308.683974838938,
        2123.989256851823,
        800.2387795712564,
        240.15361613624302,
        240.15361613624287,
        158.87717676310973
    ],
    "Static Pressures": [
        84.12465623523386,
        133.9792645869146,
        267.5225495383188,
        1954.0585361484345,
        1812.833974155757,
        682.3507706416258,
        204.34511184241646,
        129.7497351325888,
        84.07825298491298
    ],
    "Entropies": [
        6834.413225585567,
        6845.607178771454,
        6865.411001852656,
        6918.507188506357,
        7931.516296108596,
        7962.417401035192,
        7997.948282087804,
        7997.948282087804,
        6845.607178771454
    ],
    "Specifice Volumes": [
        0.9354134467594029,
        0.6780422909737045,
        0.4215886962698024,
        0.10537249429621352,
        0.24114154407211716,
        0.5256670269022075,
        1.3567117701621454,
        1.910398746087442,
        0.9458112098493406
    ],
    "Performance": {
        "Thrust": 99999.99999999999,
        "OPR": 22.785,
        "T4": 1304.6874999999998,
        "Thermal Efficiency": 0.4478294098961711,
        "SFC": 0.05193007301347228,
        "TSFC": 7.375907121188718,
        "Air Mass Flow Rate": 191.0623694415988,
        "Fuel Mass Flow Rate": 0.7375907121188717,
        "Core EGT": 731.7482047794215,
        "Bypass EGT": 59.94203332083512,
        "FAR": 0.023548872324125548,
        "Specific Thrust": 0.5233893010552585
    },
    "Pressure Ratios": {
        "Fan": 1.6,
        "LPC": 2.0,
        "HPC": 7.265625,
        "HPT": 2.6541943618250943,
        "LPT": 3.3321954191073595
    },
    "Mechanical Parameters": {
        "LP Shaft Speed": 5490.0,
        "Fan Power": 8.633423530967946,
        "Fan Efficiency": 0.92,
        "LPC Power": 2.5327428189958745,
        "LPC Efficiency": 0.9,
        "LPT Power": 11.394047295881446,
        "LPT Efficiency": 0.9099999999999999,
        "HP Shaft Speed": 15183.0,
        "HPC Power": 11.051229819559941,
        "HPC Efficiency": 0.89,
        "HPT Power": 11.430470723571796,
        "HPT Efficiency": 0.8999999999999998,
        "Burner Power": 5.602150704215848,
        "Burner Efficiency": 0.17663261260758797
    }
}