{
    "Stages": [
        "0. Fan Inlet",
        "1. LPC Inlet",
        "2. HPC Inlet",
        "3. Burner Inlet",
        "4. HPT Inlet",
        "5. LPT Inlet",
        "6. Core Nozz Inlet",
        "7. Core Nozz Outlet",
        "8. Byp Nozz Outlet"
    ],
    "Total Temperatures": [
        15.000057655676706,
        59.942033320834994,
        139.95697080771498,
        525.0741376388085,
        1438.2812499999998,
        1123.5189411625984,
        838.3458603004119,
        838.3458603004119,
        59.94203332083493
    ],
    "Static Temperatures": [
        1.2698087753191583,
        44.11029440122737,
        120.50659961430016,
        491.0660348672205,
        1380.784339538615,
        1074.019658352219,
        796.7455269382857,
        686.5994132470928,
        4.4391862677623966
    ],
    "Total Pressures": [
        99.29823547694355,
        158.87717676310967,
        317.75435352621935,
        2892.0611082659807,
        2660.6962196047025,
        947.4888239860982,
        316.16512928697836,
        316.1651292869785,
        158.87717676310967
    ],
    "Static Pressures": [
        84.124656235234,
        133.97926458691475,
        267.52254953831886,
        2449.834715505168,
        2272.837164408901,
        807.802847679816,
        269.2479643889425,
        171.39565272186607,
        84.07825298491305
    ],
    "Entropies": [
        6834.413225585567,
        6845.607178771453,
        6865.411001852655,
        6922.726836611075,
        7984.489718080486,
        8017.405434703998,
        8049.352386619457,
        8049.352386619457,
        6845.607178771453
    ],
    "Specifice Volumes": [
        0.9354134467594015,
        0.6780422909737055,
        0.42158869626980155,
        0.08950400132442939,
        0.20884348152580642,
        0.47858281961115196,
        1.1402745540688688,
        1.6070954388885847,
        0.9458112098493391
    ],
    "Performance": {
        "Thrust": 99999.99999999999,
        "OPR": 28.542499999999997,
        "T4": 1438.2812499999998,
        "Thermal Efficiency": 0.41146675575747793,
        "SFC": 0.056519302296187325,
        "TSFC": 8.140533493227704,
        "Air Mass Flow Rate": 186.4158134057287,
        "Fuel Mass Flow Rate": 0.8140533493227703,
        "Core EGT": 838.3458603004119,
        "Bypass EGT": 59.94203332083493,
        "FAR": 0.02663789804173501,
        "Specific Thrust": 0.53643517775154
    },
    "Pressure Ratios": {
        "Fan": 1.6,
        "LPC": 2.0,
        "HPC": 9.1015625,
        "HPT": 2.8081557821559473,
        "LPT": 2.9968163349414683
    },
    "Mechanical Parameters": {
        "LP Shaft Speed": 5490.0,
        "Fan Power": 8.423462321257787,
        "Fan Efficiency": 0.92,
        "LPC Power": 2.4711475845846764,
        "LPC Efficiency": 0.9,
        "LPT Power": 11.11694888351272,
        "LPT Efficiency": 0.91,
        "HP Shaft Speed": 15183.0,
        "HPC Power": 12.402711185106048,
        "HPC Efficiency": 0.89,
        "HPT Power": 12.809533341475985,
        "HPT Efficiency": 0.8999999999999999,
        "Burner Power": 6.417479504733748,
        "Burner Efficiency": 0.18333406469805946
    }
}