{
    "Stages": [
        "0. Fan Inlet",
        "1. LPC Inlet",
        "2. HPC Inlet",
        "3. Burner Inlet",
        "4. HPT Inlet",
        "5. LPT Inlet",
        "6. Core Nozz Inlet",
        "7. Core Nozz Outlet",
        "8. Byp Nozz Outlet"
    ],
    "Total Temperatures": [
        15.000057655676706,
        59.942033320834994,
        139.95697080771498,
        525.0741376388085,
        1326.953125,
        1004.1268609855404,
        710.563374462998,
        710.563374462998,
        59.94203332083493
    ],
    "Static Temperatures": [
        1.2698087753191583,
        44.11029440122737,
        120.50659961430016,
        491.0660348672205,
        1271.7875125996418,
        957.541019482198,
        672.3674078863982,
        571.7198957988219,
        4.4391862677623966
    ],
    "Total Pressures": [
        99.29823547694355,
        158.87717676310967,
        317.75435352621935,
        2892.0611082659807,
        2660.6962196047025,
        868.9298829850081,
        254.31576481305882,
        254.31576481305862,
        158.87717676310967
    ],
    "Static Pressures": [
        84.124656235234,
        133.97926458691475,
        267.52254953831897,
        2449.834715505168,
        2271.579477585456,
        740.5195929564984,
        216.00363445773084,
        136.99476482257282,
        84.07825298491287
    ],
    "Entropies": [
        6834.413225585567,
        6845.607178771453,
        6865.411001852655,
        6922.726836611075,
        7882.0626412941565,
        7918.205661931152,
        7954.459487711097,
        7954.459487711097,
        6845.607178771453
    ],
    "Specifice Volumes": [
        0.9354134467594015,
        0.6780422909737055,
        0.42158869626980144,
        0.08950400132442939,
        0.1951985822485206,
        0.47697512790308544,
        1.2559749086562622,
        1.769450953428927,
        0.9458112098493415
    ],
    "Performance": {
        "Thrust": 99999.99999999999,
        "OPR": 28.542499999999997,
        "T4": 1326.953125,
        "Thermal Efficiency": 0.45535666367365607,
        "SFC": 0.051071645171213056,
        "TSFC": 7.206209560015782,
        "Air Mass Flow Rate": 191.29539618320237,
        "Fuel Mass Flow Rate": 0.7206209560015782,
        "Core EGT": 710.563374462998,
        "Bypass EGT": 59.94203332083493,
        "FAR": 0.02297905709868631,
        "Specific Thrust": 0.5227517336811944
    },
    "Pressure Ratios": {
        "Fan": 1.6,
        "LPC": 2.0,
        "HPC": 9.1015625,
        "HPT": 3.062037883269124,
        "LPT": 3.4167362122585554
    },
    "Mechanical Parameters": {
        "LP Shaft Speed": 5490.0,
        "Fan Power": 8.643953174037797,
        "Fan Efficiency": 0.92,
        "LPC Power": 2.5358318459358897,
        "LPC Efficiency": 0.9,
        "LPT Power": 11.407943897932332,
        "LPT Efficiency": 0.9099999999999998,
        "HP Shaft Speed": 15183.0,
        "HPC Power": 12.727362054510051,
        "HPC Efficiency": 0.89,
        "HPT Power": 13.140809738827011,
        "HPT Efficiency": 0.9000000000000001,
        "Burner Power": 5.736300809077598,
        "Burner Efficiency": 0.18512137800896994
    }
}