{
    "Stages": [
        "0. Fan Inlet",
        "1. LPC Inlet",
        "2. HPC Inlet",
        "3. Burner Inlet",
        "4. HPT Inlet",
        "5. LPT Inlet",
        "6. Core Nozz Inlet",
        "7. Core Nozz Outlet",
        "8. Byp Nozz Outlet"
    ],
    "Total Temperatures": [
        15.000057655676706,
        59.942033320834994,
        139.95697080771498,
        506.4521830989886,
        1363.2812499999998,
        1059.7822353407034,
        770.1917282878759,
        770.1917282878759,
        59.94203332083493
    ],
    "Static Temperatures": [
        1.2698087753191583,
        44.11029440122737,
        120.50659961430016,
        473.06831377314535,
        1307.397135115928,
        1011.7992733852547,
        730.3880978032417,
        625.2397811056694,
        4.4391862677623966
    ],
    "Total Pressures": [
        99.29823547694355,
        158.87717676310967,
        317.75435352621935,
        2650.021659290931,
        2438.0199265476567,
        871.3425206393706,
        271.8486918320135,
        271.84869183201357,
        158.87717676310967
    ],
    "Static Pressures": [
        84.124656235234,
        133.97926458691484,
        267.52254953831897,
        2246.053188459861,
        2082.2103510173893,
        742.6271712325896,
        231.32160292561346,
        146.98317175796603,
        84.07825298491285
    ],
    "Entropies": [
        6834.413225585567,
        6845.607178771453,
        6865.411001852655,
        6921.280482905834,
        7943.5736592164,
        7976.402625766521,
        8010.539785735071,
        8010.539785735071,
        6845.607178771453
    ],
    "Specifice Volumes": [
        0.9354134467594015,
        0.678042290973703,
        0.42158869626980144,
        0.09533692935066466,
        0.21785581890406966,
        0.4965259946060917,
        1.2448461748823456,
        1.753826695104732,
        0.9458112098493415
    ],
    "Performance": {
        "Thrust": 99999.99999999999,
        "OPR": 26.15375,
        "T4": 1363.2812499999998,
        "Thermal Efficiency": 0.43374003791237176,
        "SFC": 0.0536169408418476,
        "TSFC": 7.646668635102693,
        "Air Mass Flow Rate": 189.16336646906694,
        "Fuel Mass Flow Rate": 0.7646668635102692,
        "Core EGT": 770.1917282878759,
        "Bypass EGT": 59.94203332083493,
        "FAR": 0.024658410105930322,
        "Specific Thrust": 0.5286435839380801
    },
    "Pressure Ratios": {
        "Fan": 1.6,
        "LPC": 2.0,
        "HPC": 8.33984375,
        "HPT": 2.798004078532395,
        "LPT": 3.205248164952763
    },
    "Mechanical Parameters": {
        "LP Shaft Speed": 5490.0,
        "Fan Power": 8.547614394420778,
        "Fan Efficiency": 0.92,
        "LPC Power": 2.507569436314655,
        "LPC Efficiency": 0.9,
        "LPT Power": 11.280799827281054,
        "LPT Efficiency": 0.9100000000000001,
        "HP Shaft Speed": 15183.0,
        "HPC Power": 11.952229784243784,
        "HPC Efficiency": 0.89,
        "HPT Power": 12.349858442636945,
        "HPT Efficiency": 0.8999999999999998,
        "Burner Power": 5.952142069242182,
        "Burner Efficiency": 0.18102250168339945
    }
}