{
    "Stages": [
        "0. Fan Inlet",
        "1. LPC Inlet",
        "2. HPC Inlet",
        "3. Burner Inlet",
        "4. HPT Inlet",
        "5. LPT Inlet",
        "6. Core Nozz Inlet",
        "7. Core Nozz Outlet",
        "8. Byp Nozz Outlet"
    ],
    "Total Temperatures": [
        15.000057655676706,
        59.942033320834994,
        139.95697080771538,
        530.9760672033947,
        1379.6874999999998,
        1055.4156960361797,
        765.5378486811427,
        765.5378486811427,
        59.942033320834994
    ],
    "Static Temperatures": [
        1.2698087753191583,
        44.1102944012275,
        120.50659961430048,
        496.77229588184696,
        1323.3699862432468,
        1007.5487052510931,
        725.8643622544588,
        621.0670474691976,
        4.43918626776246
    ],
    "Total Pressures": [
        99.29823547694352,
        158.87717676310965,
        317.7543535262193,
        2966.534784873688,
        2729.21200208379,
        911.0076125899899,
        282.76936566139835,
        282.7693656613985,
        158.87717676310965
    ],
    "Static Pressures": [
        84.124656235234,
        133.97926458691427,
        267.5225495383182,
        2514.249567092827,
        2329.8333314878505,
        776.9237980722955,
        240.75323653012012,
        153.0292830808774,
        84.07825298491295
    ],
    "Entropies": [
        6834.413225585567,
        6845.607178771453,
        6865.411001852656,
        6923.2942525848075,
        7923.543383075822,
        7958.805454431954,
        7993.128179921753,
        7993.128179921753,
        6845.607178771453
    ],
    "Specifice Volumes": [
        0.9354134467594013,
        0.6780422909737036,
        0.4215886962698031,
        0.08785765125409549,
        0.19665576598766346,
        0.4730424541258532,
        1.190780870296247,
        1.6768938598715513,
        0.9458112098493405
    ],
    "Performance": {
        "Thrust": 99999.99999999999,
        "OPR": 29.277500000000003,
        "T4": 1379.6874999999998,
        "Thermal Efficiency": 0.4351291145834979,
        "SFC": 0.05344577775667494,
        "TSFC": 7.604615129710856,
        "Air Mass Flow Rate": 189.04448693629618,
        "Fuel Mass Flow Rate": 0.7604615129710856,
        "Core EGT": 765.5378486811427,
        "Bypass EGT": 59.942033320834994,
        "FAR": 0.024538220099942783,
        "Specific Thrust": 0.5289760183998266
    },
    "Pressure Ratios": {
        "Fan": 1.6,
        "LPC": 2.0,
        "HPC": 9.3359375,
        "HPT": 2.99581689661338,
        "LPT": 3.2217337615167168
    },
    "Mechanical Parameters": {
        "LP Shaft Speed": 5490.0,
        "Fan Power": 8.542242654508975,
        "Fan Efficiency": 0.92,
        "LPC Power": 2.505993556753292,
        "LPC Efficiency": 0.9,
        "LPT Power": 11.273710419655373,
        "LPT Efficiency": 0.91,
        "HP Shaft Speed": 15183.0,
        "HPC Power": 12.7787626525555,
        "HPC Efficiency": 0.89,
        "HPT Power": 13.193259328669305,
        "HPT Efficiency": 0.8999999999999999,
        "Burner Power": 6.0576234037867,
        "Burner Efficiency": 0.1852492998999633
    }
}