{
    "Stages": [
        "0. Fan Inlet",
        "1. LPC Inlet",
        "2. HPC Inlet",
        "3. Burner Inlet",
        "4. HPT Inlet",
        "5. LPT Inlet",
        "6. Core Nozz Inlet",
        "7. Core Nozz Outlet",
        "8. Byp Nozz Outlet"
    ],
    "Total Temperatures": [
        15.000057655676706,
        59.942033320834994,
        139.95697080771498,
        502.7018436277759,
        1317.578125,
        1014.2730740013056,
        721.4616398539728,
        721.4616398539728,
        59.94203332083493
    ],
    "Static Temperatures": [
        1.2698087753191583,
        44.11029440122737,
        120.50659961430016,
        469.4429579370795,
        1262.6781263626651,
        967.428980782409,
        682.9690413626498,
        581.4934675301608,
        4.4391862677623966
    ],
    "Total Pressures": [
        99.29823547694355,
        158.87717676310967,
        317.75435352621935,
        2606.578681269768,
        2398.052386768187,
        836.5634779718615,
        247.670757092544,
        247.6707570925439,
        158.87717676310967
    ],
    "Static Pressures": [
        84.124656235234,
        133.97926458691475,
        267.52254953831897,
        2209.3058778341383,
        2046.9686061718048,
        712.6038960068001,
        210.77186234363208,
        133.8726965822815,
        84.07825298491292
    ],
    "Entropies": [
        6834.413225585567,
        6845.607178771453,
        6865.411001852655,
        6920.916473313798,
        7905.999610403929,
        7939.690729657627,
        7975.6571489960015,
        7975.6571489960015,
        6845.607178771453
    ],
    "Specifice Volumes": [
        0.9354134467594015,
        0.6780422909737055,
        0.42158869626980144,
        0.09644008044532375,
        0.21533012626396872,
        0.4996075196884886,
        1.3018739408505904,
        1.8322401810241604,
        0.9458112098493406
    ],
    "Performance": {
        "Thrust": 99999.99999999999,
        "OPR": 25.724999999999998,
        "T4": 1317.578125,
        "Thermal Efficiency": 0.4514299314680488,
        "SFC": 0.051515888363583985,
        "TSFC": 7.292036348538379,
        "Air Mass Flow Rate": 191.13239505577806,
        "Fuel Mass Flow Rate": 0.7292036348538379,
        "Core EGT": 721.4616398539728,
        "Bypass EGT": 59.94203332083493,
        "FAR": 0.023272570677044618,
        "Specific Thrust": 0.5231975457159789
    },
    "Pressure Ratios": {
        "Fan": 1.6,
        "LPC": 2.0,
        "HPC": 8.203125,
        "HPT": 2.8665516125350705,
        "LPT": 3.377724071232488
    },
    "Mechanical Parameters": {
        "LP Shaft Speed": 5490.0,
        "Fan Power": 8.636587737436168,
        "Fan Efficiency": 0.92,
        "LPC Power": 2.5336710858857634,
        "LPC Efficiency": 0.9,
        "LPT Power": 11.398223289104008,
        "LPT Efficiency": 0.9100000000000003,
        "HP Shaft Speed": 15183.0,
        "HPC Power": 11.948354411916574,
        "HPC Efficiency": 0.89,
        "HPT Power": 12.34590398107857,
        "HPT Efficiency": 0.8999999999999998,
        "Burner Power": 5.682209927866587,
        "Burner Efficiency": 0.18121744134423723
    }
}