{
    "Stages": [
        "0. Fan Inlet",
        "1. LPC Inlet",
        "2. HPC Inlet",
        "3. Burner Inlet",
        "4. HPT Inlet",
        "5. LPT Inlet",
        "6. Core Nozz Inlet",
        "7. Core Nozz Outlet",
        "8. Byp Nozz Outlet"
    ],
    "Total Temperatures": [
        15.000057655676706,
        59.942033320834994,
        139.95697080771498,
        478.68124256317094,
        1373.8281249999998,
        1095.5640364393887,
        808.451884884136,
        808.451884884136,
        59.94203332083493
    ],
    "Static Temperatures": [
        1.2698087753191583,
        44.11029440122737,
        120.50659961430016,
        446.23009159399163,
        1317.7859057770222,
        1046.7135553259259,
        767.6276765398649,
        659.6486873726478,
        4.4391862677623966
    ],
    "Total Pressures": [
        99.29823547694355,
        158.87717676310967,
        317.75435352621935,
        2333.508533708173,
        2146.827851011522,
        845.123215319841,
        273.8242890049616,
        273.8242890049615,
        158.87717676310967
    ],
    "Static Pressures": [
        84.124656235234,
        133.97926458691475,
        267.52254953831897,
        1973.0733837783969,
        1833.5735730506065,
        720.2106045200217,
        233.10204309199813,
        148.25618970554157,
        84.07825298491305
    ],
    "Entropies": [
        6834.413225585567,
        6845.607178771453,
        6865.411001852655,
        6918.713451166559,
        7992.6827131675755,
        8022.0824990190895,
        8054.932068649257,
        8054.932068649257,
        6845.607178771453
    ],
    "Specifice Volumes": [
        0.9354134467594015,
        0.6780422909737055,
        0.42158869626980144,
        0.10465035989196902,
        0.249006316329097,
        0.5258941656096918,
        1.2811582117329883,
        1.8053859507071872,
        0.9458112098493391
    ],
    "Performance": {
        "Thrust": 99999.99999999999,
        "OPR": 23.029999999999998,
        "T4": 1373.8281249999998,
        "Thermal Efficiency": 0.42122567569000097,
        "SFC": 0.05520986800102703,
        "TSFC": 7.936979860667276,
        "Air Mass Flow Rate": 188.06409809572364,
        "Fuel Mass Flow Rate": 0.7936979860667275,
        "Core EGT": 808.451884884136,
        "Bypass EGT": 59.94203332083493,
        "FAR": 0.02574418915694749,
        "Specific Thrust": 0.5317336004722204
    },
    "Pressure Ratios": {
        "Fan": 1.6,
        "LPC": 2.0,
        "HPC": 7.34375,
        "HPT": 2.5402542636330776,
        "LPT": 3.0863705275777327
    },
    "Mechanical Parameters": {
        "LP Shaft Speed": 5490.0,
        "Fan Power": 8.497942397423108,
        "Fan Efficiency": 0.92,
        "LPC Power": 2.4929974194027342,
        "LPC Efficiency": 0.9,
        "LPT Power": 11.215244711046777,
        "LPT Efficiency": 0.91,
        "HP Shaft Speed": 15183.0,
        "HPC Power": 10.948239325657822,
        "HPC Efficiency": 0.89,
        "HPT Power": 11.325378382855344,
        "HPT Efficiency": 0.9,
        "Burner Power": 5.9954882130644975,
        "Burner Efficiency": 0.17567130179367535
    }
}