{
    "Stages": [
        "0. Fan Inlet",
        "1. LPC Inlet",
        "2. HPC Inlet",
        "3. Burner Inlet",
        "4. HPT Inlet",
        "5. LPT Inlet",
        "6. Core Nozz Inlet",
        "7. Core Nozz Outlet",
        "8. Byp Nozz Outlet"
    ],
    "Total Temperatures": [
        15.000057655676706,
        59.94203332083493,
        139.95697080771544,
        496.1163814467426,
        1449.9999999999998,
        1161.4077470137631,
        878.7615931068002,
        878.7615931068002,
        59.94203332083487
    ],
    "Static Temperatures": [
        1.2698087753191583,
        44.11029440122737,
        120.50659961430054,
        463.07718474417317,
        1392.369802301912,
        1111.0136646563774,
        836.106412938165,
        723.0451167531409,
        4.4391862677623966
    ],
    "Total Pressures": [
        99.29823547694355,
        158.87717676310967,
        317.75435352621935,
        2532.1050046620603,
        2329.5366042890932,
        914.7234483154513,
        315.94312473824624,
        315.9431247382462,
        158.87717676310967
    ],
    "Static Pressures": [
        84.124656235234,
        133.97926458691455,
        267.52254953831886,
        2144.781349671721,
        1989.7693598066417,
        780.7455794878931,
        269.1242234825344,
        171.45285701919107,
        84.078252984913
    ],
    "Entropies": [
        6834.413225585567,
        6845.607178771453,
        6865.411001852656,
        6920.277285860265,
        8036.336270816552,
        8065.813784480441,
        8096.550850947945,
        8096.550850947946,
        6845.607178771453
    ],
    "Specifice Volumes": [
        0.9354134467594015,
        0.678042290973704,
        0.42158869626980217,
        0.09848043404506608,
        0.24021869751765507,
        0.5087599705086707,
        1.182713749158552,
        1.6674593662365766,
        0.9458112098493398
    ],
    "Performance": {
        "Thrust": 99999.99999999999,
        "OPR": 24.99,
        "T4": 1449.9999999999998,
        "Thermal Efficiency": 0.39975401190407117,
        "SFC": 0.05817531096865905,
        "TSFC": 8.450773712423343,
        "Air Mass Flow Rate": 185.34983580684218,
        "Fuel Mass Flow Rate": 0.8450773712423342,
        "Core EGT": 878.7615931068002,
        "Bypass EGT": 59.94203332083487,
        "FAR": 0.02781212048091786,
        "Specific Thrust": 0.5395203052902219
    },
    "Pressure Ratios": {
        "Fan": 1.6,
        "LPC": 2.0,
        "HPC": 7.96875,
        "HPT": 2.546711367877529,
        "LPT": 2.8952155520816754
    },
    "Mechanical Parameters": {
        "LP Shaft Speed": 5490.0,
        "Fan Power": 8.375294615012908,
        "Fan Efficiency": 0.92,
        "LPC Power": 2.457016873672434,
        "LPC Efficiency": 0.9,
        "LPT Power": 11.053379070087082,
        "LPT Efficiency": 0.9099999999999998,
        "HP Shaft Speed": 15183.0,
        "HPC Power": 11.368412986483275,
        "HPC Efficiency": 0.89,
        "HPT Power": 11.75412701635071,
        "HPT Efficiency": 0.9,
        "Burner Power": 6.462566522497326,
        "Burner Efficiency": 0.17784436055635713
    }
}