{
    "Stages": [
        "0. Fan Inlet",
        "1. LPC Inlet",
        "2. HPC Inlet",
        "3. Burner Inlet",
        "4. HPT Inlet",
        "5. LPT Inlet",
        "6. Core Nozz Inlet",
        "7. Core Nozz Outlet",
        "8. Byp Nozz Outlet"
    ],
    "Total Temperatures": [
        15.000057655676706,
        59.94203332083493,
        139.95697080771544,
        469.6372158952086,
        1447.65625,
        1181.7607739778232,
        900.4660531201934,
        900.4660531201934,
        59.94203332083487
    ],
    "Static Temperatures": [
        1.2698087753191583,
        44.11029440122737,
        120.50659961430054,
        437.4991715154113,
        1390.1545974724397,
        1130.9241143522,
        857.2728314905514,
        742.6252676957431,
        4.4391862677623966
    ],
    "Total Pressures": [
        99.29823547694355,
        158.87717676310967,
        317.75435352621935,
        2234.21029823123,
        2055.4734743727336,
        872.2748298460788,
        306.4743983074282,
        306.4743983074282,
        158.87717676310967
    ],
    "Static Pressures": [
        84.124656235234,
        133.97926458691455,
        267.5225495383194,
        1892.9208937043975,
        1756.0469841388274,
        744.5838689404856,
        261.1135078354797,
        166.25134804193524,
        84.07825298491282
    ],
    "Entropies": [
        6834.413225585567,
        6845.607178771453,
        6865.411001852656,
        6917.828718900278,
        8073.092502887544,
        8099.915420432737,
        8130.123977937908,
        8130.123977937908,
        6845.607178771453
    ],
    "Specifice Volumes": [
        0.9354134467594015,
        0.678042290973704,
        0.4215886962698011,
        0.1077213356041004,
        0.271827568119797,
        0.5412107718459789,
        1.2425318213763739,
        1.7531461382455844,
        0.9458112098493419
    ],
    "Performance": {
        "Thrust": 99999.99999999999,
        "OPR": 22.049999999999997,
        "T4": 1447.65625,
        "Thermal Efficiency": 0.3938737841145898,
        "SFC": 0.05904382289815601,
        "TSFC": 8.624117809010972,
        "Air Mass Flow Rate": 184.9631962502984,
        "Fuel Mass Flow Rate": 0.8624117809010972,
        "Core EGT": 900.4660531201934,
        "Bypass EGT": 59.94203332083487,
        "FAR": 0.028441938559375452,
        "Specific Thrust": 0.5406480966336493
    },
    "Pressure Ratios": {
        "Fan": 1.6,
        "LPC": 2.0,
        "HPC": 7.03125,
        "HPT": 2.356451664133701,
        "LPT": 2.8461588787298613
    },
    "Mechanical Parameters": {
        "LP Shaft Speed": 5490.0,
        "Fan Power": 8.357823759526168,
        "Fan Efficiency": 0.92,
        "LPC Power": 2.4518915391377583,
        "LPC Efficiency": 0.9,
        "LPT Power": 11.030321733330538,
        "LPT Efficiency": 0.91,
        "HP Shaft Speed": 15183.0,
        "HPC Power": 10.470591197776642,
        "HPC Efficiency": 0.89,
        "HPT Power": 10.837982333997001,
        "HPT Efficiency": 0.9000000000000002,
        "Burner Power": 6.412276220036944,
        "Burner Efficiency": 0.17291357341587438
    }
}