{
    "Stages": [
        "0. Fan Inlet",
        "1. LPC Inlet",
        "2. HPC Inlet",
        "3. Burner Inlet",
        "4. HPT Inlet",
        "5. LPT Inlet",
        "6. Core Nozz Inlet",
        "7. Core Nozz Outlet",
        "8. Byp Nozz Outlet"
    ],
    "Total Temperatures": [
        15.000057655676706,
        59.942033320834994,
        139.95697080771538,
        527.0414478514957,
        1377.34375,
        1056.4274941041506,
        766.6169188760117,
        766.6169188760117,
        59.942033320834994
    ],
    "Static Temperatures": [
        1.2698087753191583,
        44.1102944012275,
        120.50659961430048,
        492.96809807069303,
        1321.083323674873,
        1008.5336999994063,
        726.9133123813201,
        622.03473372404,
        4.43918626776246
    ],
    "Total Pressures": [
        99.29823547694352,
        158.87717676310965,
        317.7543535262193,
        2916.885667135216,
        2683.534813764396,
        906.7268017031756,
        281.74354486276314,
        281.7435448627631,
        158.87717676310965
    ],
    "Static Pressures": [
        84.124656235234,
        133.97926458691427,
        267.5225495383182,
        2471.306040068774,
        2290.288542780869,
        773.2120135210381,
        239.86561869605185,
        152.46113533325268,
        84.07825298491288
    ],
    "Entropies": [
        6834.413225585567,
        6845.607178771453,
        6865.411001852656,
        6922.915975264234,
        7926.408104549439,
        7961.270791702134,
        7995.550464801623,
        7995.550464801623,
        6845.607178771453
    ],
    "Specifice Volumes": [
        0.9354134467594013,
        0.6780422909737036,
        0.4215886962698031,
        0.08894461073318218,
        0.1997642063738893,
        0.4756767142592084,
        1.196416106666652,
        1.6849149800301868,
        0.9458112098493413
    ],
    "Performance": {
        "Thrust": 99999.99999999999,
        "OPR": 28.7875,
        "T4": 1377.34375,
        "Thermal Efficiency": 0.4347895610575936,
        "SFC": 0.05348751680449806,
        "TSFC": 7.613251991606291,
        "Air Mass Flow Rate": 189.0373649222292,
        "Fuel Mass Flow Rate": 0.761325199160629,
        "Core EGT": 766.6169188760117,
        "Bypass EGT": 59.942033320834994,
        "FAR": 0.024567014657607,
        "Specific Thrust": 0.5289959476590272
    },
    "Pressure Ratios": {
        "Fan": 1.6,
        "LPC": 2.0,
        "HPC": 9.1796875,
        "HPT": 2.9595847488426545,
        "LPT": 3.218269991070105
    },
    "Mechanical Parameters": {
        "LP Shaft Speed": 5490.0,
        "Fan Power": 8.541920836225167,
        "Fan Efficiency": 0.92,
        "LPC Power": 2.5058991465874505,
        "LPC Efficiency": 0.9,
        "LPT Power": 11.273285696747568,
        "LPT Efficiency": 0.91,
        "HP Shaft Speed": 15183.0,
        "HPC Power": 12.644180127155092,
        "HPC Efficiency": 0.89,
        "HPT Power": 13.055930221117869,
        "HPT Efficiency": 0.9000000000000001,
        "Burner Power": 6.042105755668924,
        "Burner Efficiency": 0.18456513392181997
    }
}