{
    "Stages": [
        "0. Fan Inlet",
        "1. LPC Inlet",
        "2. HPC Inlet",
        "3. Burner Inlet",
        "4. HPT Inlet",
        "5. LPT Inlet",
        "6. Core Nozz Inlet",
        "7. Core Nozz Outlet",
        "8. Byp Nozz Outlet"
    ],
    "Total Temperatures": [
        15.000057655676706,
        59.942033320834994,
        139.95697080771498,
        508.3455912287868,
        1312.890625,
        1004.1888584703017,
        710.6231815196952,
        710.6231815196952,
        59.94203332083493
    ],
    "Static Temperatures": [
        1.2698087753191583,
        44.11029440122737,
        120.50659961430016,
        474.8986579826449,
        1258.0660794509545,
        957.6008341937943,
        672.4248734294412,
        571.771357112062,
        4.4391862677623966
    ],
    "Total Pressures": [
        99.29823547694355,
        158.87717676310967,
        317.75435352621935,
        2674.8462181601667,
        2460.858520707354,
        838.7475694252261,
        245.48998663740917,
        245.48998663740903,
        158.87717676310967
    ],
    "Static Pressures": [
        84.124656235234,
        133.97926458691475,
        267.52254953831897,
        2264.605941250411,
        2100.788794337931,
        714.4888123622862,
        208.85191291829176,
        132.58829880825218,
        84.07825298491301
    ],
    "Entropies": [
        6834.413225585567,
        6845.607178771453,
        6865.411001852655,
        6921.464258140945,
        7893.655012277231,
        7928.169306191716,
        7964.420768090856,
        7964.420768090856,
        6845.607178771453
    ],
    "Specifice Volumes": [
        0.9354134467594015,
        0.6780422909737055,
        0.42158869626980144,
        0.09479537177610697,
        0.20917684770963774,
        0.49437729177476286,
        1.2990629917831258,
        1.8283704135610384,
        0.9458112098493399
    ],
    "Performance": {
        "Thrust": 99999.99999999999,
        "OPR": 26.39875,
        "T4": 1312.890625,
        "Thermal Efficiency": 0.45550716027170124,
        "SFC": 0.051054771432389186,
        "TSFC": 7.212172549233861,
        "Air Mass Flow Rate": 191.51318698898544,
        "Fuel Mass Flow Rate": 0.721217254923386,
        "Core EGT": 710.6231815196952,
        "Bypass EGT": 59.94203332083493,
        "FAR": 0.022971918144131135,
        "Specific Thrust": 0.522157254924442
    },
    "Pressure Ratios": {
        "Fan": 1.6,
        "LPC": 2.0,
        "HPC": 8.41796875,
        "HPT": 2.9339679903856197,
        "LPT": 3.416626400587424
    },
    "Mechanical Parameters": {
        "LP Shaft Speed": 5490.0,
        "Fan Power": 8.65379435978762,
        "Fan Efficiency": 0.92,
        "LPC Power": 2.538718903711854,
        "LPC Efficiency": 0.9,
        "LPT Power": 11.420931901530077,
        "LPT Efficiency": 0.9100000000000001,
        "HP Shaft Speed": 15183.0,
        "HPC Power": 12.165599367057677,
        "HPC Efficiency": 0.89,
        "HPT Power": 12.567582506732752,
        "HPT Efficiency": 0.8999999999999996,
        "Burner Power": 5.65485322728842,
        "Burner Efficiency": 0.18234202480648187
    }
}