{
    "Stages": [
        "0. Fan Inlet",
        "1. LPC Inlet",
        "2. HPC Inlet",
        "3. Burner Inlet",
        "4. HPT Inlet",
        "5. LPT Inlet",
        "6. Core Nozz Inlet",
        "7. Core Nozz Outlet",
        "8. Byp Nozz Outlet"
    ],
    "Total Temperatures": [
        15.000057655676706,
        59.942033320834994,
        139.95697080771498,
        504.3482085948541,
        1390.234375,
        1090.4420364348525,
        802.9965742961241,
        802.9965742961241,
        59.94203332083493
    ],
    "Static Temperatures": [
        1.2698087753191583,
        44.11029440122737,
        120.50659961430016,
        471.0344447905791,
        1333.8002033266916,
        1041.7258275216384,
        762.3235391511976,
        654.7519998938151,
        4.4391862677623966
    ],
    "Total Pressures": [
        99.29823547694355,
        158.87717676310967,
        317.75435352621935,
        2625.197100421695,
        2415.1813323879596,
        886.726811349182,
        285.1974451129457,
        285.19744511294584,
        158.87717676310967
    ],
    "Static Pressures": [
        84.124656235234,
        133.97926458691475,
        267.52254953831897,
        2225.4374882355096,
        2063.0469358867476,
        756.196268009469,
        242.9290974442092,
        154.56324146456487,
        84.07825298491305
    ],
    "Entropies": [
        6834.413225585567,
        6845.607178771453,
        6865.411001852655,
        6921.076270176687,
        7971.275832271813,
        8003.133863968649,
        8036.188922422754,
        8036.188922422754,
        6845.607178771453
    ],
    "Specifice Volumes": [
        0.9354134467594015,
        0.6780422909737055,
        0.42158869626980144,
        0.09595073614692255,
        0.22355129143236188,
        0.4989807685895993,
        1.2231432627152143,
        1.7228372803640881,
        0.9458112098493391
    ],
    "Performance": {
        "Thrust": 99999.99999999999,
        "OPR": 25.908749999999998,
        "T4": 1390.234375,
        "Thermal Efficiency": 0.4227693750314341,
        "SFC": 0.05500827478754637,
        "TSFC": 7.887994415755571,
        "Air Mass Flow Rate": 187.95512965778187,
        "Fuel Mass Flow Rate": 0.788799441575557,
        "Core EGT": 802.9965742961241,
        "Bypass EGT": 59.94203332083493,
        "FAR": 0.025600134470241526,
        "Specific Thrust": 0.5320418771335178
    },
    "Pressure Ratios": {
        "Fan": 1.6,
        "LPC": 2.0,
        "HPC": 8.26171875,
        "HPT": 2.7237039655011523,
        "LPT": 3.1091681448899897
    },
    "Mechanical Parameters": {
        "LP Shaft Speed": 5490.0,
        "Fan Power": 8.493018504356103,
        "Fan Efficiency": 0.92,
        "LPC Power": 2.491552922354463,
        "LPC Efficiency": 0.9,
        "LPT Power": 11.208746353786294,
        "LPT Efficiency": 0.9099999999999999,
        "HP Shaft Speed": 15183.0,
        "HPC Power": 11.805113447306198,
        "HPC Efficiency": 0.89,
        "HPT Power": 12.199739731476134,
        "HPT Efficiency": 0.9,
        "Burner Power": 6.111761512415981,
        "Burner Efficiency": 0.18019027546081512
    }
}