{
    "Stages": [
        "0. Fan Inlet",
        "1. LPC Inlet",
        "2. HPC Inlet",
        "3. Burner Inlet",
        "4. HPT Inlet",
        "5. LPT Inlet",
        "6. Core Nozz Inlet",
        "7. Core Nozz Outlet",
        "8. Byp Nozz Outlet"
    ],
    "Total Temperatures": [
        15.000057655676706,
        59.942033320834994,
        139.95697080771498,
        512.1324069596488,
        1414.8437499999998,
        1109.8743663665618,
        823.7942583032794,
        823.7942583032794,
        59.94203332083493
    ],
    "Static Temperatures": [
        1.2698087753191583,
        44.11029440122737,
        120.50659961430016,
        478.55941487717644,
        1357.865170598317,
        1060.7138709133087,
        782.556466863686,
        673.4449041500203,
        4.4391862677623966
    ],
    "Total Pressures": [
        99.29823547694355,
        158.87717676310967,
        317.75435352621935,
        2724.4953358986386,
        2506.53570902675,
        913.1349702556886,
        300.34762136543645,
        300.34762136543645,
        158.87717676310967
    ],
    "Static Pressures": [
        84.124656235234,
        133.97926458691475,
        267.52254953831897,
        2305.286712869116,
        2141.777977527394,
        779.343492674648,
        255.46628661372387,
        162.39671529335638,
        84.07825298491304
    ],
    "Entropies": [
        6834.413225585567,
        6845.607178771453,
        6865.411001852655,
        6921.831808609917,
        7982.316256471046,
        8014.400187042645,
        8046.866707249702,
        8046.866707249702,
        6845.607178771453
    ],
    "Specifice Volumes": [
        0.9354134467594015,
        0.6780422909737055,
        0.42158869626980144,
        0.093596671002242,
        0.21854541355412563,
        0.49120645296621934,
        1.1858905864706546,
        1.6724675232206643,
        0.9458112098493395
    ],
    "Performance": {
        "Thrust": 99999.99999999999,
        "OPR": 26.888749999999998,
        "T4": 1414.8437499999998,
        "Thermal Efficiency": 0.4160863047730753,
        "SFC": 0.05589180342326241,
        "TSFC": 8.038265133868226,
        "Air Mass Flow Rate": 187.11053515574181,
        "Fuel Mass Flow Rate": 0.8038265133868224,
        "Core EGT": 823.7942583032794,
        "Bypass EGT": 59.94203332083493,
        "FAR": 0.026205588731699744,
        "Specific Thrust": 0.5344434503207679
    },
    "Pressure Ratios": {
        "Fan": 1.6,
        "LPC": 2.0,
        "HPC": 8.57421875,
        "HPT": 2.7449783336245352,
        "LPT": 3.0402603693160817
    },
    "Mechanical Parameters": {
        "LP Shaft Speed": 5490.0,
        "Fan Power": 8.454854306616118,
        "Fan Efficiency": 0.92,
        "LPC Power": 2.480356889005472,
        "LPC Efficiency": 0.9,
        "LPT Power": 11.158378771042438,
        "LPT Efficiency": 0.9099999999999999,
        "HP Shaft Speed": 15183.0,
        "HPC Power": 12.012737227781535,
        "HPC Efficiency": 0.89,
        "HPT Power": 12.411600731961174,
        "HPT Efficiency": 0.8999999999999999,
        "Burner Power": 6.265027902713189,
        "Burner Efficiency": 0.18125593133900217
    }
}