{
    "Stages": [
        "0. Fan Inlet",
        "1. LPC Inlet",
        "2. HPC Inlet",
        "3. Burner Inlet",
        "4. HPT Inlet",
        "5. LPT Inlet",
        "6. Core Nozz Inlet",
        "7. Core Nozz Outlet",
        "8. Byp Nozz Outlet"
    ],
    "Total Temperatures": [
        15.000057655676706,
        59.942033320834994,
        139.95697080771498,
        481.30222285334486,
        1323.4374999999998,
        1039.6595919836955,
        748.6555622691825,
        748.6555622691825,
        59.94203332083493
    ],
    "Static Temperatures": [
        1.2698087753191583,
        44.11029440122737,
        120.50659961430016,
        448.7582536166866,
        1268.487150772,
        992.1938130506412,
        709.417580266166,
        605.8767646305529,
        4.4391862677623966
    ],
    "Total Pressures": [
        99.29823547694355,
        158.87717676310967,
        317.75435352621935,
        2364.539232294718,
        2175.376093711143,
        818.2811477138148,
        249.86479511519974,
        249.86479511519974,
        158.87717676310967
    ],
    "Static Pressures": [
        84.124656235234,
        133.97926458691475,
        267.52254953831897,
        1999.612486297016,
        1858.2831514238728,
        697.2496956674828,
        212.476452083577,
        135.01621979562418,
        84.07825298491295
    ],
    "Entropies": [
        6834.413225585567,
        6845.607178771453,
        6865.411001852655,
        6918.843575223881,
        7941.6665819143855,
        7972.657915656361,
        8007.471158340833,
        8007.471158340833,
        6845.607178771453
    ],
    "Specifice Volumes": [
        0.9354134467594015,
        0.6780422909737055,
        0.42158869626980144,
        0.10361006578208126,
        0.23810682265809485,
        0.5208410489844557,
        1.3269201919319735,
        1.8680019023867007,
        0.9458112098493406
    ],
    "Performance": {
        "Thrust": 99999.99999999999,
        "OPR": 23.336249999999996,
        "T4": 1323.4374999999998,
        "Thermal Efficiency": 0.4415893677286648,
        "SFC": 0.05266389015004079,
        "TSFC": 7.497267668134214,
        "Air Mass Flow Rate": 190.31523463886415,
        "Fuel Mass Flow Rate": 0.7497267668134212,
        "Core EGT": 748.6555622691825,
        "Bypass EGT": 59.94203332083493,
        "FAR": 0.02403030575161297,
        "Specific Thrust": 0.5254440097229034
    },
    "Pressure Ratios": {
        "Fan": 1.6,
        "LPC": 2.0,
        "HPC": 7.44140625,
        "HPT": 2.6584702577945216,
        "LPT": 3.274895718448641
    },
    "Mechanical Parameters": {
        "LP Shaft Speed": 5490.0,
        "Fan Power": 8.599663187653922,
        "Fan Efficiency": 0.92,
        "LPC Power": 2.5228387216480783,
        "LPC Efficiency": 0.9,
        "LPT Power": 11.34949174418571,
        "LPT Efficiency": 0.9100000000000001,
        "HP Shaft Speed": 15183.0,
        "HPC Power": 11.168384618468137,
        "HPC Efficiency": 0.89,
        "HPT Power": 11.550016436743423,
        "HPT Efficiency": 0.8999999999999999,
        "Burner Power": 5.709976486000848,
        "Burner Efficiency": 0.17711806049239734
    }
}