{
    "Stages": [
        "0. Fan Inlet",
        "1. LPC Inlet",
        "2. HPC Inlet",
        "3. Burner Inlet",
        "4. HPT Inlet",
        "5. LPT Inlet",
        "6. Core Nozz Inlet",
        "7. Core Nozz Outlet",
        "8. Byp Nozz Outlet"
    ],
    "Total Temperatures": [
        15.000057655676706,
        59.942033320834994,
        139.95697080771498,
        501.055478429425,
        1400.7812499999998,
        1104.5935351907856,
        818.1328048014792,
        818.1328048014792,
        59.94203332083493
    ],
    "Static Temperatures": [
        1.2698087753191583,
        44.11029440122737,
        120.50659961430016,
        467.85148850639183,
        1344.1285861098845,
        1055.543799990452,
        777.0438568954486,
        668.349983952882,
        4.4391862677623966
    ],
    "Total Pressures": [
        99.29823547694355,
        158.87717676310967,
        317.75435352621935,
        2587.9602621178415,
        2380.923441148414,
        890.2163261792655,
        290.64007125495016,
        290.64007125495016,
        158.87717676310967
    ],
    "Static Pressures": [
        84.124656235234,
        133.97926458691475,
        267.52254953831897,
        2193.174458784772,
        2033.3769016675717,
        759.3567487447752,
        247.21068393395782,
        157.30991931399706,
        84.07825298491309
    ],
    "Entropies": [
        6834.413225585567,
        6845.607178771453,
        6865.411001852655,
        6920.75667645071,
        7985.3077612385705,
        8016.53136731632,
        8049.0374725167785,
        8049.0374725167785,
        6845.607178771453
    ],
    "Specifice Volumes": [
        0.9354134467594015,
        0.6780422909737055,
        0.42158869626980144,
        0.09693754548616715,
        0.228267221846114,
        0.5021456222371736,
        1.218990437037646,
        1.7172051782528999,
        0.9458112098493389
    ],
    "Performance": {
        "Thrust": 99999.99999999999,
        "OPR": 25.541249999999998,
        "T4": 1400.7812499999998,
        "Thermal Efficiency": 0.41795349683149746,
        "SFC": 0.05564210882260953,
        "TSFC": 8.000547706392855,
        "Air Mass Flow Rate": 187.44693226819257,
        "Fuel Mass Flow Rate": 0.8000547706392853,
        "Core EGT": 818.1328048014792,
        "Bypass EGT": 59.94203332083493,
        "FAR": 0.02603581740093258,
        "Specific Thrust": 0.533484324282904
    },
    "Pressure Ratios": {
        "Fan": 1.6,
        "LPC": 2.0,
        "HPC": 8.14453125,
        "HPT": 2.674544794485111,
        "LPT": 3.0629511007735934
    },
    "Mechanical Parameters": {
        "LP Shaft Speed": 5490.0,
        "Fan Power": 8.470054886169644,
        "Fan Efficiency": 0.92,
        "LPC Power": 2.484816204428916,
        "LPC Efficiency": 0.9,
        "LPT Power": 11.178439888365876,
        "LPT Efficiency": 0.9099999999999999,
        "HP Shaft Speed": 15183.0,
        "HPC Power": 11.662731978860613,
        "HPC Efficiency": 0.89,
        "HPT Power": 12.054452518776564,
        "HPT Efficiency": 0.9000000000000005,
        "Burner Power": 6.172550198742044,
        "Burner Efficiency": 0.1794223149570255
    }
}