{
    "Stages": [
        "0. Fan Inlet",
        "1. LPC Inlet",
        "2. HPC Inlet",
        "3. Burner Inlet",
        "4. HPT Inlet",
        "5. LPT Inlet",
        "6. Core Nozz Inlet",
        "7. Core Nozz Outlet",
        "8. Byp Nozz Outlet"
    ],
    "Total Temperatures": [
        15.000057655676706,
        59.942033320834994,
        139.95697080771498,
        481.847867360237,
        1315.2343749999998,
        1030.455341718138,
        738.7638503387169,
        738.7638503387169,
        59.94203332083493
    ],
    "Static Temperatures": [
        1.2698087753191583,
        44.11029440122737,
        120.50659961430016,
        449.28563226390196,
        1260.4440650365605,
        983.1880220463933,
        699.8017995185523,
        597.0059946235968,
        4.4391862677623966
    ],
    "Total Pressures": [
        99.29823547694355,
        158.87717676310967,
        317.75435352621935,
        2370.7453720120275,
        2181.0857422510653,
        813.9059013169274,
        245.8822221936446,
        245.8822221936446,
        158.87717676310967
    ],
    "Static Pressures": [
        84.124656235234,
        133.97926458691475,
        267.52254953831897,
        2004.9887060675856,
        1862.7049418097947,
        693.612795229683,
        209.27493611713194,
        132.93298499542362,
        84.07825298491306
    ],
    "Entropies": [
        6834.413225585567,
        6845.607178771453,
        6865.411001852655,
        6918.892379700123,
        7933.152688878798,
        7964.4362124516865,
        7999.669387979806,
        7999.669387979806,
        6845.607178771453
    ],
    "Specifice Volumes": [
        0.9354134467594015,
        0.6780422909737055,
        0.42158869626980144,
        0.10340507120949602,
        0.2362822749774143,
        0.5197844353494496,
        1.3339830557525638,
        1.878050419842124,
        0.9458112098493391
    ],
    "Performance": {
        "Thrust": 99999.99999999999,
        "OPR": 23.3975,
        "T4": 1315.2343749999998,
        "Thermal Efficiency": 0.445186389166882,
        "SFC": 0.05223837592386663,
        "TSFC": 7.424712531429152,
        "Air Mass Flow Rate": 190.6987124041886,
        "Fuel Mass Flow Rate": 0.7424712531429151,
        "Core EGT": 738.7638503387169,
        "Bypass EGT": 59.94203332083493,
        "FAR": 0.023749896300150914,
        "Specific Thrust": 0.5243873896119895
    },
    "Pressure Ratios": {
        "Fan": 1.6,
        "LPC": 2.0,
        "HPC": 7.4609375,
        "HPT": 2.679776296893774,
        "LPT": 3.31014537796041
    },
    "Mechanical Parameters": {
        "LP Shaft Speed": 5490.0,
        "Fan Power": 8.616991173130238,
        "Fan Efficiency": 0.92,
        "LPC Power": 2.527922143146559,
        "LPC Efficiency": 0.9,
        "LPT Power": 11.372360526813061,
        "LPT Efficiency": 0.91,
        "HP Shaft Speed": 15183.0,
        "HPC Power": 11.209510947763118,
        "HPC Efficiency": 0.89,
        "HPT Power": 11.59198207888116,
        "HPT Efficiency": 0.9,
        "Burner Power": 5.663587979993423,
        "Burner Efficiency": 0.17739588948986224
    }
}