{
    "Stages": [
        "0. Fan Inlet",
        "1. LPC Inlet",
        "2. HPC Inlet",
        "3. Burner Inlet",
        "4. HPT Inlet",
        "5. LPT Inlet",
        "6. Core Nozz Inlet",
        "7. Core Nozz Outlet",
        "8. Byp Nozz Outlet"
    ],
    "Total Temperatures": [
        15.000057655676706,
        59.942033320834994,
        139.95697080771498,
        487.3357594492608,
        1418.3593749999998,
        1135.3602019454436,
        850.9741346943168,
        850.9741346943168,
        59.94203332083493
    ],
    "Static Temperatures": [
        1.2698087753191583,
        44.11029440122737,
        120.50659961430016,
        454.5899207102772,
        1361.3940909853272,
        1085.5717234963802,
        809.027882771981,
        697.9490448408029,
        4.4391862677623966
    ],
    "Total Pressures": [
        99.29823547694355,
        158.87717676310967,
        317.75435352621935,
        2432.806769185117,
        2238.1822276503076,
        885.1704771093798,
        298.0597784477369,
        298.0597784477366,
        158.87717676310967
    ],
    "Static Pressures": [
        84.124656235234,
        133.97926458691475,
        267.52254953831897,
        2058.753407141099,
        1913.345703025738,
        755.0687624144816,
        253.57820141271597,
        161.31888082105635,
        84.07825298491282
    ],
    "Entropies": [
        6834.413225585567,
        6845.607178771453,
        6865.411001852655,
        6919.425035917314,
        8020.106326922531,
        8049.421661507857,
        8080.918013323436,
        8080.918013323437,
        6845.607178771453
    ],
    "Specifice Volumes": [
        0.9354134467594015,
        0.6780422909737055,
        0.42158869626980144,
        0.10142358902100694,
        0.24516913511284208,
        0.5163930632500565,
        1.2245634425766163,
        1.7272460703886205,
        0.9458112098493421
    ],
    "Performance": {
        "Thrust": 99999.99999999999,
        "OPR": 24.009999999999998,
        "T4": 1418.3593749999998,
        "Thermal Efficiency": 0.4079466938369119,
        "SFC": 0.05700699210173164,
        "TSFC": 8.247871919332008,
        "Air Mass Flow Rate": 186.4240567000262,
        "Fuel Mass Flow Rate": 0.8247871919332007,
        "Core EGT": 850.9741346943168,
        "Bypass EGT": 59.94203332083493,
        "FAR": 0.02698794329365013,
        "Specific Thrust": 0.5364114576742065
    },
    "Pressure Ratios": {
        "Fan": 1.6,
        "LPC": 2.0,
        "HPC": 7.65625,
        "HPT": 2.5285323963349233,
        "LPT": 2.9697749952014716
    },
    "Mechanical Parameters": {
        "LP Shaft Speed": 5490.0,
        "Fan Power": 8.423834806175508,
        "Fan Efficiency": 0.92,
        "LPC Power": 2.471256858558919,
        "LPC Efficiency": 0.9,
        "LPT Power": 11.117440474218801,
        "LPT Efficiency": 0.9100000000000001,
        "HP Shaft Speed": 15183.0,
        "HPC Power": 11.141340877060827,
        "HPC Efficiency": 0.89,
        "HPT Power": 11.522420782246165,
        "HPT Efficiency": 0.9,
        "Burner Power": 6.263605767341957,
        "Burner Efficiency": 0.17660949615606875
    }
}