{
    "Stages": [
        "0. Fan Inlet",
        "1. LPC Inlet",
        "2. HPC Inlet",
        "3. Burner Inlet",
        "4. HPT Inlet",
        "5. LPT Inlet",
        "6. Core Nozz Inlet",
        "7. Core Nozz Outlet",
        "8. Byp Nozz Outlet"
    ],
    "Total Temperatures": [
        15.000057655676706,
        59.94203332083493,
        139.95697080771524,
        482.945445983617,
        1371.4843749999998,
        1089.3080845204822,
        801.7781893889907,
        801.7781893889907,
        59.94203332083493
    ],
    "Static Temperatures": [
        1.2698087753191583,
        44.11029440122737,
        120.50659961430041,
        450.3464744733171,
        1315.4773246604063,
        1040.6203456575386,
        761.1378123984787,
        653.6547771017998,
        4.4391862677624285
    ],
    "Total Pressures": [
        99.29823547694353,
        158.87717676310967,
        317.75435352621935,
        2383.157651446645,
        2192.505039330916,
        850.528997931034,
        273.798033480482,
        273.79803348048193,
        158.87717676310967
    ],
    "Static Pressures": [
        84.12465623523386,
        133.97926458691458,
        267.5225495383185,
        2015.7414762693006,
        1872.9219477090392,
        724.9958272060516,
        233.1002824801843,
        148.25596491328218,
        84.07825298491301
    ],
    "Entropies": [
        6834.413225585567,
        6845.607178771453,
        6865.411001852656,
        6918.998910943736,
        7983.8984654151,
        8013.826623693922,
        8046.928042522073,
        8046.928042522073,
        6845.607178771453
    ],
    "Specifice Volumes": [
        0.9354134467594029,
        0.6780422909737053,
        0.4215886962698025,
        0.1029994911623932,
        0.24342312897892887,
        0.5200203757731369,
        1.2732849359440699,
        1.7940712196497264,
        0.9458112098493398
    ],
    "Performance": {
        "Thrust": 99999.99999999999,
        "OPR": 23.520000000000003,
        "T4": 1371.4843749999998,
        "Thermal Efficiency": 0.42335124469127966,
        "SFC": 0.05493266937350617,
        "TSFC": 7.885659413872158,
        "Air Mass Flow Rate": 188.24110212236718,
        "Fuel Mass Flow Rate": 0.7885659413872157,
        "Core EGT": 801.7781893889907,
        "Bypass EGT": 59.94203332083493,
        "FAR": 0.025553676578747842,
        "Specific Thrust": 0.5312336087736802
    },
    "Pressure Ratios": {
        "Fan": 1.6,
        "LPC": 2.0,
        "HPC": 7.5,
        "HPT": 2.5778133898288376,
        "LPT": 3.106410178038625
    },
    "Mechanical Parameters": {
        "LP Shaft Speed": 5490.0,
        "Fan Power": 8.505940574841114,
        "Fan Efficiency": 0.92,
        "LPC Power": 2.4953438033543556,
        "LPC Efficiency": 0.9,
        "LPT Power": 11.225800385913745,
        "LPT Efficiency": 0.9099999999999999,
        "HP Shaft Speed": 15183.0,
        "HPC Power": 11.102026359854106,
        "HPC Efficiency": 0.89,
        "HPT Power": 11.482303927953597,
        "HPT Efficiency": 0.9000000000000002,
        "Burner Power": 5.985170423976438,
        "Burner Efficiency": 0.17651029870128465
    }
}