{
    "Stages": [
        "0. Fan Inlet",
        "1. LPC Inlet",
        "2. HPC Inlet",
        "3. Burner Inlet",
        "4. HPT Inlet",
        "5. LPT Inlet",
        "6. Core Nozz Inlet",
        "7. Core Nozz Outlet",
        "8. Byp Nozz Outlet"
    ],
    "Total Temperatures": [
        15.000057655676706,
        59.942033320834994,
        139.95697080771498,
        528.5169302761875,
        1353.90625,
        1029.965526659946,
        738.2564921546184,
        738.2564921546184,
        59.94203332083493
    ],
    "Static Temperatures": [
        1.2698087753191583,
        44.11029440122737,
        120.50659961430016,
        494.3946610926491,
        1298.15274655891,
        982.7111022111462,
        699.3104835053487,
        596.5571374222994,
        4.4391862677623966
    ],
    "Total Pressures": [
        99.29823547694355,
        158.87717676310967,
        317.75435352621935,
        2935.5040862871438,
        2700.6637593841724,
        891.1236947322847,
        269.0499763704763,
        269.0499763704763,
        158.87717676310967
    ],
    "Static Pressures": [
        84.124656235234,
        133.97926458691475,
        267.52254953831897,
        2487.409725527517,
        2305.2133247293623,
        759.4485689021777,
        228.81183737253087,
        145.25196681180827,
        84.07825298491302
    ],
    "Entropies": [
        6834.413225585567,
        6845.607178771453,
        6865.411001852655,
        6923.05782925722,
        7902.866681296247,
        7938.605148942972,
        7973.858958736545,
        7973.858958736545,
        6845.607178771453
    ],
    "Specifice Volumes": [
        0.9354134467594015,
        0.6780422909737034,
        0.42158869626980144,
        0.08853210166655529,
        0.19562649582636935,
        0.47454295447495065,
        1.2194696972439738,
        1.7178898119585184,
        0.9458112098493398
    ],
    "Performance": {
        "Thrust": 99999.99999999999,
        "OPR": 28.971249999999998,
        "T4": 1353.90625,
        "Thermal Efficiency": 0.44491450111047826,
        "SFC": 0.052270298889884104,
        "TSFC": 7.405843737922879,
        "Air Mass Flow Rate": 190.1320135915075,
        "Fuel Mass Flow Rate": 0.7405843737922878,
        "Core EGT": 738.2564921546184,
        "Bypass EGT": 59.94203332083493,
        "FAR": 0.02376014746174623,
        "Specific Thrust": 0.5259503547616488
    },
    "Pressure Ratios": {
        "Fan": 1.6,
        "LPC": 2.0,
        "HPC": 9.23828125,
        "HPT": 3.0306272578640354,
        "LPT": 3.3121121464260064
    },
    "Mechanical Parameters": {
        "LP Shaft Speed": 5490.0,
        "Fan Power": 8.591384085357427,
        "Fan Efficiency": 0.92,
        "LPC Power": 2.5204099242174913,
        "LPC Efficiency": 0.9,
        "LPT Power": 11.338565315892772,
        "LPT Efficiency": 0.9100000000000003,
        "HP Shaft Speed": 15183.0,
        "HPC Power": 12.767977224739777,
        "HPC Efficiency": 0.89,
        "HPT Power": 13.182253790081827,
        "HPT Efficiency": 0.8999999999999999,
        "Burner Power": 5.899407730778954,
        "Burner Efficiency": 0.185253069707957
    }
}