{
    "Stages": [
        "0. Fan Inlet",
        "1. LPC Inlet",
        "2. HPC Inlet",
        "3. Burner Inlet",
        "4. HPT Inlet",
        "5. LPT Inlet",
        "6. Core Nozz Inlet",
        "7. Core Nozz Outlet",
        "8. Byp Nozz Outlet"
    ],
    "Total Temperatures": [
        15.000057655676706,
        59.942033320834994,
        139.95697080771498,
        505.44578511108926,
        1311.7187499999998,
        1005.5407588391298,
        712.0767508388129,
        712.0767508388129,
        59.94203332083493
    ],
    "Static Temperatures": [
        1.2698087753191583,
        44.11029440122737,
        120.50659961430016,
        472.09544570593386,
        1256.926215624025,
        958.9232337247765,
        673.8373898568069,
        573.0733833773555,
        4.4391862677623966
    ],
    "Total Pressures": [
        99.29823547694355,
        158.87717676310967,
        317.75435352621935,
        2637.609379856313,
        2426.6006294678104,
        834.3597784154707,
        244.72917305820906,
        244.729173058209,
        158.87717676310967
    ],
    "Static Pressures": [
        84.124656235234,
        133.97926458691475,
        267.52254953831897,
        2236.192001480252,
        2071.169344364601,
        710.7745799825785,
        208.19436811499236,
        132.1732407935353,
        84.07825298491294
    ],
    "Entropies": [
        6834.413225585567,
        6845.607178771453,
        6865.411001852655,
        6921.182801418505,
        7896.859794704526,
        7931.056324092358,
        7967.24220575025,
        7967.24220575025,
        6845.607178771453
    ],
    "Specifice Volumes": [
        0.9354134467594015,
        0.6780422909737055,
        0.42158869626980144,
        0.09562893438577103,
        0.21200916285810822,
        0.4975081628760298,
        1.3051325436809098,
        1.8369869184723773,
        0.9458112098493409
    ],
    "Performance": {
        "Thrust": 99999.99999999999,
        "OPR": 26.031249999999996,
        "T4": 1311.7187499999998,
        "Thermal Efficiency": 0.4549772352231035,
        "SFC": 0.05111423639049678,
        "TSFC": 7.223684138177541,
        "Air Mass Flow Rate": 191.49260577909422,
        "Fuel Mass Flow Rate": 0.7223684138177541,
        "Core EGT": 712.0767508388129,
        "Bypass EGT": 59.94203332083493,
        "FAR": 0.023011057300936076,
        "Specific Thrust": 0.522213375253559
    },
    "Pressure Ratios": {
        "Fan": 1.6,
        "LPC": 2.0,
        "HPC": 8.30078125,
        "HPT": 2.9083384557153007,
        "LPT": 3.409318831870597
    },
    "Mechanical Parameters": {
        "LP Shaft Speed": 5490.0,
        "Fan Power": 8.652864368694711,
        "Fan Efficiency": 0.92,
        "LPC Power": 2.538446077033787,
        "LPC Efficiency": 0.9,
        "LPT Power": 11.41970453645765,
        "LPT Efficiency": 0.91,
        "HP Shaft Speed": 15183.0,
        "HPC Power": 12.06491131770939,
        "HPC Efficiency": 0.89,
        "HPT Power": 12.464839599234502,
        "HPT Efficiency": 0.9,
        "Burner Power": 5.648237134381343,
        "Burner Efficiency": 0.1818384489822061
    }
}