{
    "Stages": [
        "0. Fan Inlet",
        "1. LPC Inlet",
        "2. HPC Inlet",
        "3. Burner Inlet",
        "4. HPT Inlet",
        "5. LPT Inlet",
        "6. Core Nozz Inlet",
        "7. Core Nozz Outlet",
        "8. Byp Nozz Outlet"
    ],
    "Total Temperatures": [
        15.000057655676706,
        59.942033320834994,
        139.95697080771498,
        511.659055031845,
        1330.46875,
        1020.0249765128693,
        727.6150342125923,
        727.6150342125923,
        59.94203332083493
    ],
    "Static Temperatures": [
        1.2698087753191583,
        44.11029440122737,
        120.50659961430016,
        478.10181527975914,
        1275.25919255216,
        973.0282656274909,
        688.9661953651477,
        587.0153504588936,
        4.4391862677623966
    ],
    "Total Pressures": [
        99.29823547694355,
        158.87717676310967,
        317.75435352621935,
        2718.2891961813298,
        2500.8260604868237,
        855.6850404047509,
        255.19158330692227,
        255.19158330692224,
        158.87717676310967
    ],
    "Static Pressures": [
        84.124656235234,
        133.97926458691475,
        267.52254953831897,
        2299.9091847061973,
        2135.67115148962,
        728.9908414305335,
        216.8784397490401,
        137.55972578954368,
        84.07825298491306
    ],
    "Entropies": [
        6834.413225585567,
        6845.607178771453,
        6865.411001852655,
        6921.785864801387,
        7905.19068388711,
        7939.5900674096365,
        7975.295532627143,
        7975.295532627143,
        6845.607178771453
    ],
    "Specifice Volumes": [
        0.9354134467594015,
        0.6780422909737055,
        0.42158869626980144,
        0.09375584424814708,
        0.2080790691154443,
        0.4905556595177093,
        1.2731198120046312,
        1.7944046001309295,
        0.9458112098493391
    ],
    "Performance": {
        "Thrust": 99999.99999999999,
        "OPR": 26.827499999999997,
        "T4": 1330.46875,
        "Thermal Efficiency": 0.4490217774012575,
        "SFC": 0.05179217384083885,
        "TSFC": 7.334245101192887,
        "Air Mass Flow Rate": 190.7784892016082,
        "Fuel Mass Flow Rate": 0.7334245101192887,
        "Core EGT": 727.6150342125923,
        "Bypass EGT": 59.94203332083493,
        "FAR": 0.023450702070503385,
        "Specific Thrust": 0.5241681094052663
    },
    "Pressure Ratios": {
        "Fan": 1.6,
        "LPC": 2.0,
        "HPC": 8.5546875,
        "HPT": 2.922601123544123,
        "LPT": 3.3531083953329572
    },
    "Mechanical Parameters": {
        "LP Shaft Speed": 5490.0,
        "Fan Power": 8.620596000611865,
        "Fan Efficiency": 0.92,
        "LPC Power": 2.5289796727447604,
        "LPC Efficiency": 0.9,
        "LPT Power": 11.377118034037373,
        "LPT Efficiency": 0.9100000000000001,
        "HP Shaft Speed": 15183.0,
        "HPC Power": 12.2320626179463,
        "HPC Efficiency": 0.89,
        "HPT Power": 12.635402150496654,
        "HPT Efficiency": 0.8999999999999998,
        "Burner Power": 5.758433522912611,
        "Burner Efficiency": 0.1825914689578689
    }
}