{
    "Stages": [
        "0. Fan Inlet",
        "1. LPC Inlet",
        "2. HPC Inlet",
        "3. Burner Inlet",
        "4. HPT Inlet",
        "5. LPT Inlet",
        "6. Core Nozz Inlet",
        "7. Core Nozz Outlet",
        "8. Byp Nozz Outlet"
    ],
    "Total Temperatures": [
        15.000057655676706,
        59.942033320834994,
        139.95697080771498,
        495.56759276462645,
        1353.90625,
        1059.4436313098217,
        769.8257041164554,
        769.8257041164554,
        59.94203332083493
    ],
    "Static Temperatures": [
        1.2698087753191583,
        44.11029440122737,
        120.50659961430016,
        462.5467162264951,
        1298.2548725230704,
        1011.4690286035029,
        730.0317786740248,
        624.9098694338677,
        4.4391862677623966
    ],
    "Total Pressures": [
        99.29823547694355,
        158.87717676310967,
        317.75435352621935,
        2525.8988649447515,
        2323.8269557491712,
        855.7711272395476,
        266.9797637973562,
        266.9797637973561,
        158.87717676310967
    ],
    "Static Pressures": [
        84.124656235234,
        133.97926458691475,
        267.52254953831897,
        2139.4044438413766,
        1983.6388313775124,
        729.2023382538616,
        227.12278773015314,
        144.28810755070091,
        84.07825298491292
    ],
    "Entropies": [
        6834.413225585567,
        6845.607178771453,
        6865.411001852655,
        6920.224020238995,
        7949.334408011024,
        7981.148817844609,
        8015.300809984994,
        8015.300809984994,
        6845.607178771453
    ],
    "Specifice Volumes": [
        0.9354134467594015,
        0.6780422909737055,
        0.42158869626980144,
        0.09865668914212723,
        0.22735458553973026,
        0.5055372943174368,
        1.267415531072162,
        1.7859420251657592,
        0.9458112098493406
    ],
    "Performance": {
        "Thrust": 99999.99999999999,
        "OPR": 24.928749999999997,
        "T4": 1353.90625,
        "Thermal Efficiency": 0.4339667380365002,
        "SFC": 0.05358893185848811,
        "TSFC": 7.646750774747891,
        "Air Mass Flow Rate": 189.28975052876018,
        "Fuel Mass Flow Rate": 0.764675077474789,
        "Core EGT": 769.8257041164554,
        "Bypass EGT": 59.94203332083493,
        "FAR": 0.02464221099962567,
        "Specific Thrust": 0.5282906217619334
    },
    "Pressure Ratios": {
        "Fan": 1.6,
        "LPC": 2.0,
        "HPC": 7.94921875,
        "HPT": 2.715477166476879,
        "LPT": 3.205378246903752
    },
    "Mechanical Parameters": {
        "LP Shaft Speed": 5490.0,
        "Fan Power": 8.553325237001049,
        "Fan Efficiency": 0.92,
        "LPC Power": 2.5092447966724216,
        "LPC Efficiency": 0.9,
        "LPT Power": 11.28833676905456,
        "LPT Efficiency": 0.9100000000000003,
        "HP Shaft Speed": 15183.0,
        "HPC Power": 11.591475830409344,
        "HPC Efficiency": 0.89,
        "HPT Power": 11.981742163214046,
        "HPT Efficiency": 0.8999999999999999,
        "Burner Power": 5.891791821123135,
        "Burner Efficiency": 0.1791851447508978
    }
}