{
    "Stages": [
        "0. Fan Inlet",
        "1. LPC Inlet",
        "2. HPC Inlet",
        "3. Burner Inlet",
        "4. HPT Inlet",
        "5. LPT Inlet",
        "6. Core Nozz Inlet",
        "7. Core Nozz Outlet",
        "8. Byp Nozz Outlet"
    ],
    "Total Temperatures": [
        15.000057655676706,
        59.942033320834994,
        139.95697080771498,
        528.5169302761875,
        1331.640625,
        1006.028854815907,
        712.6115042023008,
        712.6115042023008,
        59.94203332083493
    ],
    "Static Temperatures": [
        1.2698087753191583,
        44.11029440122737,
        120.50659961430016,
        494.3946610926491,
        1276.3506316425378,
        959.4018880218616,
        674.3579933844755,
        573.5554718796236,
        4.4391862677623966
    ],
    "Total Pressures": [
        99.29823547694355,
        158.87717676310967,
        317.75435352621935,
        2935.5040862871438,
        2700.6637593841724,
        874.2250034475228,
        256.59018748844977,
        256.5901874884498,
        158.87717676310967
    ],
    "Static Pressures": [
        84.124656235234,
        133.97926458691475,
        267.52254953831897,
        2487.409725527517,
        2304.4696935591032,
        745.1861747730269,
        217.9633495097438,
        138.21787085709195,
        84.07825298491285
    ],
    "Entropies": [
        6834.413225585567,
        6845.607178771453,
        6865.411001852655,
        6923.05782925722,
        7882.08277845502,
        7918.509039214919,
        7954.670305668296,
        7954.670305668296,
        6845.607178771453
    ],
    "Specifice Volumes": [
        0.9354134467594015,
        0.6780422909737055,
        0.42158869626980144,
        0.08853210166655529,
        0.19297196396967303,
        0.47472318942140423,
        1.2473310203303967,
        1.7576706597247662,
        0.9458112098493415
    ],
    "Performance": {
        "Thrust": 99999.99999999999,
        "OPR": 28.971249999999998,
        "T4": 1331.640625,
        "Thermal Efficiency": 0.45453354438651833,
        "SFC": 0.051164131318133264,
        "TSFC": 7.220294260105119,
        "Air Mass Flow Rate": 191.17756856895917,
        "Fuel Mass Flow Rate": 0.7220294260105117,
        "Core EGT": 712.6115042023008,
        "Bypass EGT": 59.94203332083493,
        "FAR": 0.02303816044754973,
        "Specific Thrust": 0.5230739189149654
    },
    "Pressure Ratios": {
        "Fan": 1.6,
        "LPC": 2.0,
        "HPC": 9.23828125,
        "HPT": 3.089209012249768,
        "LPT": 3.4070866544219487
    },
    "Mechanical Parameters": {
        "LP Shaft Speed": 5490.0,
        "Fan Power": 8.638628966553204,
        "Fan Efficiency": 0.92,
        "LPC Power": 2.5342699107169033,
        "LPC Efficiency": 0.9,
        "LPT Power": 11.40091722170419,
        "LPT Efficiency": 0.91,
        "HP Shaft Speed": 15183.0,
        "HPC Power": 12.838189609740853,
        "HPC Efficiency": 0.89,
        "HPT Power": 13.253899080899258,
        "HPT Efficiency": 0.8999999999999999,
        "Burner Power": 5.7641988979427765,
        "Burner Efficiency": 0.18565882820336516
    }
}