{
    "Stages": [
        "0. Fan Inlet",
        "1. LPC Inlet",
        "2. HPC Inlet",
        "3. Burner Inlet",
        "4. HPT Inlet",
        "5. LPT Inlet",
        "6. Core Nozz Inlet",
        "7. Core Nozz Outlet",
        "8. Byp Nozz Outlet"
    ],
    "Total Temperatures": [
        15.000057655676706,
        59.942033320834994,
        139.95697080771498,
        478.15412155018225,
        1338.671875,
        1058.6445443528228,
        768.9652263823443,
        768.9652263823443,
        59.94203332083493
    ],
    "Static Temperatures": [
        1.2698087753191583,
        44.11029440122737,
        120.50659961430016,
        445.7244644047634,
        1283.3693633620117,
        1010.6900924660404,
        729.1944509636023,
        624.1353796841142,
        4.4391862677623966
    ],
    "Total Pressures": [
        99.29823547694355,
        158.87717676310967,
        317.75435352621935,
        2327.3023939908644,
        2141.1182024715954,
        822.8509153611876,
        256.66383690740946,
        256.66383690740935,
        158.87717676310967
    ],
    "Static Pressures": [
        84.124656235234,
        133.97926458691475,
        267.52254953831886,
        1967.954143250487,
        1828.0964844696477,
        700.822019671455,
        218.22691473540783,
        138.57812111338689,
        84.07825298491295
    ],
    "Entropies": [
        6834.413225585567,
        6845.607178771453,
        6865.411001852655,
        6918.661885500957,
        7960.906864025422,
        7991.105546418045,
        8025.292256135059,
        8025.292256135059,
        6845.607178771453
    ],
    "Specifice Volumes": [
        0.9354134467594015,
        0.6780422909737055,
        0.42158869626980155,
        0.10485202419233719,
        0.24434886082197105,
        0.5256908930711145,
        1.3179959811567454,
        1.8579596828668672,
        0.9458112098493406
    ],
    "Performance": {
        "Thrust": 99999.99999999999,
        "OPR": 22.96875,
        "T4": 1338.671875,
        "Thermal Efficiency": 0.43442616568388204,
        "SFC": 0.05353225885203905,
        "TSFC": 7.647763367339715,
        "Air Mass Flow Rate": 189.57501143495261,
        "Fuel Mass Flow Rate": 0.7647763367339714,
        "Core EGT": 768.9652263823443,
        "Bypass EGT": 59.94203332083493,
        "FAR": 0.024608389147732886,
        "Specific Thrust": 0.5274956822793715
    },
    "Pressure Ratios": {
        "Fan": 1.6,
        "LPC": 2.0,
        "HPC": 7.32421875,
        "HPT": 2.602073063905821,
        "LPT": 3.2059480029437415
    },
    "Mechanical Parameters": {
        "LP Shaft Speed": 5490.0,
        "Fan Power": 8.56621515471318,
        "Fan Efficiency": 0.92,
        "LPC Power": 2.513026245179581,
        "LPC Efficiency": 0.9,
        "LPT Power": 11.305348367237514,
        "LPT Efficiency": 0.91,
        "HP Shaft Speed": 15183.0,
        "HPC Power": 11.018448291826406,
        "HPC Efficiency": 0.89,
        "HPT Power": 11.39702018506819,
        "HPT Efficiency": 0.9000000000000001,
        "Burner Power": 5.794871272030793,
        "Burner Efficiency": 0.17621419716290287
    }
}