{
    "Stages": [
        "0. Fan Inlet",
        "1. LPC Inlet",
        "2. HPC Inlet",
        "3. Burner Inlet",
        "4. HPT Inlet",
        "5. LPT Inlet",
        "6. Core Nozz Inlet",
        "7. Core Nozz Outlet",
        "8. Byp Nozz Outlet"
    ],
    "Total Temperatures": [
        15.000057655676706,
        59.942033320834994,
        139.95697080771498,
        474.46427390724335,
        1308.203125,
        1029.5279732297577,
        737.7642298464467,
        737.7642298464467,
        59.94203332083493
    ],
    "Static Temperatures": [
        1.2698087753191583,
        44.11029440122737,
        120.50659961430016,
        442.1638303922419,
        1253.5739097643009,
        982.2803244816118,
        698.8298184787136,
        596.1087654316475,
        4.4391862677623966
    ],
    "Total Pressures": [
        99.29823547694355,
        158.87717676310967,
        317.75435352621935,
        2283.859415969702,
        2101.1506626921278,
        799.4135497400257,
        241.3639914280413,
        241.3639914280413,
        158.87717676310967
    ],
    "Static Pressures": [
        84.124656235234,
        133.97926458691475,
        267.52254953831897,
        1935.471650446796,
        1793.355161740913,
        681.5875240309902,
        205.37932271978224,
        130.43021923334356,
        84.07825298491292
    ],
    "Entropies": [
        6834.413225585567,
        6845.607178771453,
        6865.411001852655,
        6918.300925852033,
        7938.133743946171,
        7968.750002945581,
        8004.025738068977,
        8004.025738068977,
        6845.607178771453
    ],
    "Specifice Volumes": [
        0.9354134467594015,
        0.6780422909737055,
        0.42158869626980144,
        0.10606875375625995,
        0.2443129181892304,
        0.5285696361842017,
        1.3579373224650293,
        1.9121277352462978,
        0.9458112098493406
    ],
    "Performance": {
        "Thrust": 99999.99999999999,
        "OPR": 22.54,
        "T4": 1308.203125,
        "Thermal Efficiency": 0.44562737844668093,
        "SFC": 0.05218668124600184,
        "TSFC": 7.420844048662504,
        "Air Mass Flow Rate": 190.85843713661174,
        "Fuel Mass Flow Rate": 0.7420844048662504,
        "Core EGT": 737.7642298464467,
        "Bypass EGT": 59.94203332083493,
        "FAR": 0.023717656591958874,
        "Specific Thrust": 0.5239485427014289
    },
    "Pressure Ratios": {
        "Fan": 1.6,
        "LPC": 2.0,
        "HPC": 7.1875,
        "HPT": 2.6283650850994893,
        "LPT": 3.312066331892583
    },
    "Mechanical Parameters": {
        "LP Shaft Speed": 5490.0,
        "Fan Power": 8.624208561187395,
        "Fan Efficiency": 0.92,
        "LPC Power": 2.530039470960733,
        "LPC Efficiency": 0.9,
        "LPT Power": 11.381885747089925,
        "LPT Efficiency": 0.9099999999999999,
        "HP Shaft Speed": 15183.0,
        "HPC Power": 10.967955282575813,
        "HPC Efficiency": 0.89,
        "HPT Power": 11.345496706241049,
        "HPT Efficiency": 0.9000000000000001,
        "Burner Power": 5.621441498901113,
        "Burner Efficiency": 0.17616755828796246
    }
}