{
    "Stages": [
        "0. Fan Inlet",
        "1. LPC Inlet",
        "2. HPC Inlet",
        "3. Burner Inlet",
        "4. HPT Inlet",
        "5. LPT Inlet",
        "6. Core Nozz Inlet",
        "7. Core Nozz Outlet",
        "8. Byp Nozz Outlet"
    ],
    "Total Temperatures": [
        15.000057655676706,
        59.942033320834994,
        139.95697080771498,
        527.041447851495,
        1299.9999999999998,
        973.3746074764764,
        677.5390140843898,
        677.5390140843898,
        59.94203332083493
    ],
    "Static Temperatures": [
        1.2698087753191583,
        44.11029440122737,
        120.50659961430016,
        492.9680980706925,
        1245.3912637040248,
        927.5664789752293,
        640.2570807161253,
        542.1558124256242,
        4.4391862677623966
    ],
    "Total Pressures": [
        99.29823547694355,
        158.87717676310967,
        317.75435352621935,
        2916.8856671352164,
        2683.5348137643964,
        848.9002388789379,
        239.431077833963,
        239.43107783396295,
        158.87717676310967
    ],
    "Static Pressures": [
        84.124656235234,
        133.97926458691475,
        267.52254953831897,
        2471.3060400687787,
        2288.8059403202947,
        723.119299780616,
        203.54945737862602,
        129.11084739824923,
        84.07825298491285
    ],
    "Entropies": [
        6834.413225585567,
        6845.607178771453,
        6865.411001852655,
        6922.915975264233,
        7854.158493442072,
        7891.44480521631,
        7929.01200968665,
        7929.012009686649,
        6845.607178771453
    ],
    "Specifice Volumes": [
        0.9354134467594015,
        0.6780422909737055,
        0.42158869626980144,
        0.08894461073318195,
        0.19040580754120934,
        0.4765667973997437,
        1.2875694297738354,
        1.81198989121342,
        0.9458112098493415
    ],
    "Performance": {
        "Thrust": 99999.99999999999,
        "OPR": 28.787499999999994,
        "T4": 1299.9999999999998,
        "Thermal Efficiency": 0.46853621945948354,
        "SFC": 0.049635039912852265,
        "TSFC": 6.966734163592476,
        "Air Mass Flow Rate": 192.65077379150557,
        "Fuel Mass Flow Rate": 0.6966734163592475,
        "Core EGT": 677.5390140843898,
        "Bypass EGT": 59.94203332083493,
        "FAR": 0.02205912676162212,
        "Specific Thrust": 0.5190739597455446
    },
    "Pressure Ratios": {
        "Fan": 1.6,
        "LPC": 2.0,
        "HPC": 9.1796875,
        "HPT": 3.1611898440602237,
        "LPT": 3.545488942198306
    },
    "Mechanical Parameters": {
        "LP Shaft Speed": 5490.0,
        "Fan Power": 8.705197829231128,
        "Fan Efficiency": 0.92,
        "LPC Power": 2.553798873741996,
        "LPC Efficiency": 0.9,
        "LPT Power": 11.488772145890943,
        "LPT Efficiency": 0.9100000000000001,
        "HP Shaft Speed": 15183.0,
        "HPC Power": 12.885870930637179,
        "HPC Efficiency": 0.89,
        "HPT Power": 13.302553489977143,
        "HPT Efficiency": 0.8999999999999997,
        "Burner Power": 5.573080071541984,
        "Burner Efficiency": 0.18603625493417847
    }
}