{
    "Stages": [
        "0. Fan Inlet",
        "1. LPC Inlet",
        "2. HPC Inlet",
        "3. Burner Inlet",
        "4. HPT Inlet",
        "5. LPT Inlet",
        "6. Core Nozz Inlet",
        "7. Core Nozz Outlet",
        "8. Byp Nozz Outlet"
    ],
    "Total Temperatures": [
        15.000057655676706,
        59.94203332083493,
        139.95697080771524,
        478.15412155018265,
        1359.7656249999998,
        1081.0773682707072,
        792.9940249370134,
        792.9940249370134,
        59.94203332083493
    ],
    "Static Temperatures": [
        1.2698087753191583,
        44.11029440122737,
        120.50659961430041,
        445.72446440476375,
        1304.0529376123757,
        1032.603694413197,
        752.5862737271735,
        645.7317941586858,
        4.4391862677624285
    ],
    "Total Pressures": [
        99.29823547694353,
        158.87717676310967,
        317.75435352621935,
        2327.3023939908644,
        2141.1182024715954,
        835.721495531704,
        267.047378437114,
        267.047378437114,
        158.87717676310967
    ],
    "Static Pressures": [
        84.12465623523386,
        133.97926458691458,
        267.5225495383185,
        1967.9541432504905,
        1829.243888675658,
        712.3855886743542,
        227.2577687917364,
        144.4114907039184,
        84.07825298491291
    ],
    "Entropies": [
        6834.413225585567,
        6845.607178771453,
        6865.411001852656,
        6918.661885500957,
        7980.465421734317,
        8010.162200156312,
        8043.595072552864,
        8043.595072552865,
        6845.607178771453
    ],
    "Specifice Volumes": [
        0.9354134467594029,
        0.6780422909737053,
        0.4215886962698025,
        0.10485202419233705,
        0.24746776012970212,
        0.5260424580593815,
        1.295386561978699,
        1.8259122883331738,
        0.9458112098493411
    ],
    "Performance": {
        "Thrust": 99999.99999999999,
        "OPR": 22.968750000000004,
        "T4": 1359.7656249999998,
        "Thermal Efficiency": 0.42628309858988817,
        "SFC": 0.05455485809880059,
        "TSFC": 7.823496241575741,
        "Air Mass Flow Rate": 188.64775402082716,
        "Fuel Mass Flow Rate": 0.782349624157574,
        "Core EGT": 792.9940249370134,
        "Bypass EGT": 59.94203332083493,
        "FAR": 0.025297585609390955,
        "Specific Thrust": 0.5300884737220871
    },
    "Pressure Ratios": {
        "Fan": 1.6,
        "LPC": 2.0,
        "HPC": 7.32421875,
        "HPT": 2.561999678023583,
        "LPT": 3.129487735174139
    },
    "Mechanical Parameters": {
        "LP Shaft Speed": 5490.0,
        "Fan Power": 8.52431571631632,
        "Fan Efficiency": 0.92,
        "LPC Power": 2.5007344235935243,
        "LPC Efficiency": 0.9,
        "LPT Power": 11.250051163173309,
        "LPT Efficiency": 0.9099999999999998,
        "HP Shaft Speed": 15183.0,
        "HPC Power": 10.964554385697012,
        "HPC Efficiency": 0.89,
        "HPT Power": 11.342026403303494,
        "HPT Efficiency": 0.9000000000000001,
        "Burner Power": 5.914820468015165,
        "Burner Efficiency": 0.17582160216484077
    }
}