{
    "Stages": [
        "0. Fan Inlet",
        "1. LPC Inlet",
        "2. HPC Inlet",
        "3. Burner Inlet",
        "4. HPT Inlet",
        "5. LPT Inlet",
        "6. Core Nozz Inlet",
        "7. Core Nozz Outlet",
        "8. Byp Nozz Outlet"
    ],
    "Total Temperatures": [
        15.000057655676706,
        59.942033320834994,
        139.95697080771498,
        502.1530552540222,
        1322.2656249999998,
        1019.779826192655,
        727.34905628269,
        727.34905628269,
        59.94203332083493
    ],
    "Static Temperatures": [
        1.2698087753191583,
        44.11029440122737,
        120.50659961430016,
        468.9124661910167,
        1267.2748250893183,
        972.7891623549004,
        688.7072997293415,
        586.7757438918825,
        4.4391862677623966
    ],
    "Total Pressures": [
        99.29823547694355,
        158.87717676310967,
        317.75435352621935,
        2600.372541552459,
        2392.342738228265,
        839.5204910085271,
        250.1639048669709,
        250.163904866971,
        158.87717676310967
    ],
    "Static Pressures": [
        84.124656235234,
        133.97926458691475,
        267.52254953831897,
        2203.9287168900587,
        2042.377126179082,
        715.0525041827558,
        212.73328765764887,
        135.12072727762654,
        84.07825298491305
    ],
    "Entropies": [
        6834.413225585567,
        6845.607178771453,
        6865.411001852655,
        6920.86320769279,
        7911.139804048173,
        7944.626433729984,
        7980.343351901503,
        7980.343351901503,
        6845.607178771453
    ],
    "Specifice Volumes": [
        0.9354134467594015,
        0.6780422909737055,
        0.42158869626980144,
        0.09660499132182086,
        0.21647104292781252,
        0.5000227063380446,
        1.2975873623930847,
        1.826300344618844,
        0.9458112098493391
    ],
    "Performance": {
        "Thrust": 99999.99999999999,
        "OPR": 25.663749999999997,
        "T4": 1322.2656249999998,
        "Thermal Efficiency": 0.44921610718236316,
        "SFC": 0.051769768674050406,
        "TSFC": 7.335208730516516,
        "Air Mass Flow Rate": 190.90513313390946,
        "Fuel Mass Flow Rate": 0.7335208730516515,
        "Core EGT": 727.34905628269,
        "Bypass EGT": 59.94203332083493,
        "FAR": 0.023438224274862605,
        "Specific Thrust": 0.5238203832363978
    },
    "Pressure Ratios": {
        "Fan": 1.6,
        "LPC": 2.0,
        "HPC": 8.18359375,
        "HPT": 2.849653777186917,
        "LPT": 3.3558817826055156
    },
    "Mechanical Parameters": {
        "LP Shaft Speed": 5490.0,
        "Fan Power": 8.626318585903672,
        "Fan Efficiency": 0.92,
        "LPC Power": 2.53065847800109,
        "LPC Efficiency": 0.9,
        "LPT Power": 11.384670473372204,
        "LPT Efficiency": 0.9099999999999999,
        "HP Shaft Speed": 15183.0,
        "HPC Power": 11.915397399306139,
        "HPC Efficiency": 0.89,
        "HPT Power": 12.312274376374035,
        "HPT Efficiency": 0.9,
        "Burner Power": 5.709715169615283,
        "Burner Efficiency": 0.18102289735745966
    }
}