{
    "Stages": [
        "0. Fan Inlet",
        "1. LPC Inlet",
        "2. HPC Inlet",
        "3. Burner Inlet",
        "4. HPT Inlet",
        "5. LPT Inlet",
        "6. Core Nozz Inlet",
        "7. Core Nozz Outlet",
        "8. Byp Nozz Outlet"
    ],
    "Total Temperatures": [
        15.000057655676706,
        59.942033320834994,
        139.95697080771498,
        470.24834216807875,
        1353.9062499999998,
        1081.7785373912475,
        793.7390714833567,
        793.7390714833567,
        59.94203332083493
    ],
    "Static Temperatures": [
        1.2698087753191583,
        44.11029440122737,
        120.50659961430016,
        438.08972868238277,
        1298.3329991597775,
        1033.2862202179726,
        753.3149201430751,
        646.4039631288491,
        4.4391862677623966
    ],
    "Total Pressures": [
        99.29823547694355,
        158.87717676310967,
        317.75435352621935,
        2240.4164379485387,
        2061.183122912656,
        821.3049022642659,
        262.8174183047682,
        262.8174183047682,
        158.87717676310967
    ],
    "Static Pressures": [
        84.124656235234,
        133.97926458691484,
        267.52254953831897,
        1898.3079168687786,
        1760.0392623929272,
        699.936639217455,
        223.62941317689183,
        142.0843620143048,
        84.07825298491292
    ],
    "Entropies": [
        6834.413225585567,
        6845.607178771453,
        6865.411001852655,
        6917.8885023170515,
        7986.655228143122,
        8015.616274815799,
        8049.021188497453,
        8049.021188497453,
        6845.607178771453
    ],
    "Specifice Volumes": [
        0.9354134467594015,
        0.678042290973703,
        0.42158869626980144,
        0.10750747428275922,
        0.2562506732312959,
        0.5356728886131601,
        1.3173691623586008,
        1.8572122553570216,
        0.9458112098493409
    ],
    "Performance": {
        "Thrust": 99999.99999999999,
        "OPR": 22.11125,
        "T4": 1353.9062499999998,
        "Thermal Efficiency": 0.42610527211454274,
        "SFC": 0.054577625472882904,
        "TSFC": 7.832342336809233,
        "Air Mass Flow Rate": 188.7316066437803,
        "Fuel Mass Flow Rate": 0.7832342336809232,
        "Core EGT": 793.7390714833567,
        "Bypass EGT": 59.94203332083493,
        "FAR": 0.025314937494657744,
        "Specific Thrust": 0.5298529577440838
    },
    "Pressure Ratios": {
        "Fan": 1.6,
        "LPC": 2.0,
        "HPC": 7.05078125,
        "HPT": 2.50964424689315,
        "LPT": 3.125001788549131
    },
    "Mechanical Parameters": {
        "LP Shaft Speed": 5490.0,
        "Fan Power": 8.528104715742291,
        "Fan Efficiency": 0.92,
        "LPC Power": 2.5018459827626987,
        "LPC Efficiency": 0.9,
        "LPT Power": 11.25505173316836,
        "LPT Efficiency": 0.9099999999999999,
        "HP Shaft Speed": 15183.0,
        "HPC Power": 10.704404006130542,
        "HPC Efficiency": 0.89,
        "HPT Power": 11.076566832317303,
        "HPT Efficiency": 0.8999999999999999,
        "Burner Power": 5.875429302816407,
        "Burner Efficiency": 0.1744534200465455
    }
}