{
    "Stages": [
        "0. Fan Inlet",
        "1. LPC Inlet",
        "2. HPC Inlet",
        "3. Burner Inlet",
        "4. HPT Inlet",
        "5. LPT Inlet",
        "6. Core Nozz Inlet",
        "7. Core Nozz Outlet",
        "8. Byp Nozz Outlet"
    ],
    "Total Temperatures": [
        15.000057655676706,
        59.942033320834994,
        139.95697080771498,
        507.398887185918,
        1309.375,
        1001.2778647595924,
        707.4903524123124,
        707.4903524123124,
        59.94203332083493
    ],
    "Static Temperatures": [
        1.2698087753191583,
        44.11029440122737,
        120.50659961430016,
        473.98348299667555,
        1254.6229187669471,
        954.7530583692235,
        669.3803131826043,
        568.9644789584971,
        4.4391862677623966
    ],
    "Total Pressures": [
        99.29823547694355,
        158.87717676310967,
        317.75435352621935,
        2662.433938725549,
        2449.4392236275075,
        834.9911211435463,
        243.63752120688994,
        243.63752120688991,
        158.87717676310967
    ],
    "Static Pressures": [
        84.124656235234,
        133.97926458691475,
        267.52254953831897,
        2255.329533211052,
        2090.696433969139,
        711.0970227765114,
        207.2569094612291,
        131.54993220340143,
        84.07825298491296
    ],
    "Entropies": [
        6834.413225585567,
        6845.607178771453,
        6865.411001852655,
        6921.372370523442,
        7891.781057178584,
        7926.283683564412,
        7962.676605867245,
        7962.676605867244,
        6845.607178771453
    ],
    "Specifice Volumes": [
        0.9354134467594015,
        0.6780422909737055,
        0.42158869626980144,
        0.09506488570689645,
        0.2097113898793376,
        0.4955610869847815,
        1.304822291888507,
        1.836605911653653,
        0.9458112098493401
    ],
    "Performance": {
        "Thrust": 99999.99999999999,
        "OPR": 26.276249999999997,
        "T4": 1309.375,
        "Thermal Efficiency": 0.45672987749950944,
        "SFC": 0.050918092069668366,
        "TSFC": 7.189923717534036,
        "Air Mass Flow Rate": 191.657529881574,
        "Fuel Mass Flow Rate": 0.7189923717534035,
        "Core EGT": 707.4903524123124,
        "Bypass EGT": 59.94203332083493,
        "FAR": 0.02288380461965569,
        "Specific Thrust": 0.5217640030203374
    },
    "Pressure Ratios": {
        "Fan": 1.6,
        "LPC": 2.0,
        "HPC": 8.37890625,
        "HPT": 2.9334913409293795,
        "LPT": 3.4271860795796547
    },
    "Mechanical Parameters": {
        "LP Shaft Speed": 5490.0,
        "Fan Power": 8.660316697645378,
        "Fan Efficiency": 0.92,
        "LPC Power": 2.5406323282430434,
        "LPC Efficiency": 0.9,
        "LPT Power": 11.429539822335123,
        "LPT Efficiency": 0.91,
        "HP Shaft Speed": 15183.0,
        "HPC Power": 12.142295641177267,
        "HPC Efficiency": 0.89,
        "HPT Power": 12.543803194609882,
        "HPT Efficiency": 0.8999999999999999,
        "Burner Power": 5.634326686284858,
        "Burner Efficiency": 0.18224234125025687
    }
}