{
    "Stages": [
        "0. Fan Inlet",
        "1. LPC Inlet",
        "2. HPC Inlet",
        "3. Burner Inlet",
        "4. HPT Inlet",
        "5. LPT Inlet",
        "6. Core Nozz Inlet",
        "7. Core Nozz Outlet",
        "8. Byp Nozz Outlet"
    ],
    "Total Temperatures": [
        15.000057655676706,
        59.942033320834994,
        139.95697080771498,
        486.23818123703137,
        1350.3906249999998,
        1063.9791806085611,
        774.6704255216553,
        774.6704255216553,
        59.94203332083493
    ],
    "Static Temperatures": [
        1.2698087753191583,
        44.11029440122737,
        120.50659961430016,
        453.52904754072557,
        1294.8360822265427,
        1015.8887676991666,
        734.7418751932267,
        629.2565481920259,
        4.4391862677623966
    ],
    "Total Pressures": [
        99.29823547694355,
        158.87717676310967,
        317.75435352621935,
        2420.394489750499,
        2226.762930570459,
        842.6459483155264,
        264.26012983471617,
        264.2601298347161,
        158.87717676310967
    ],
    "Static Pressures": [
        84.124656235234,
        133.97926458691475,
        267.52254953831897,
        2048.0002969088373,
        1902.6034347718125,
        717.8434614865542,
        224.76469000070315,
        142.78187908903655,
        84.07825298491287
    ],
    "Entropies": [
        6834.413225585567,
        6845.607178771453,
        6865.411001852655,
        6919.31850467405,
        7959.344325951256,
        7990.208502482436,
        8024.166953165513,
        8024.166953165513,
        6845.607178771453
    ],
    "Specifice Volumes": [
        0.9354134467594015,
        0.6780422909737055,
        0.42158869626980144,
        0.10181074445108716,
        0.23651549819704734,
        0.5153087096896335,
        1.2866705996121561,
        1.8133853099175516,
        0.9458112098493415
    ],
    "Performance": {
        "Thrust": 99999.99999999999,
        "OPR": 23.8875,
        "T4": 1350.3906249999998,
        "Thermal Efficiency": 0.4323827367999336,
        "SFC": 0.05378525083032858,
        "TSFC": 7.685623834355317,
        "Air Mass Flow Rate": 189.22482058569514,
        "Fuel Mass Flow Rate": 0.7685623834355316,
        "Core EGT": 774.6704255216553,
        "Bypass EGT": 59.94203332083493,
        "FAR": 0.02477598089111973,
        "Specific Thrust": 0.5284718975580295
    },
    "Pressure Ratios": {
        "Fan": 1.6,
        "LPC": 2.0,
        "HPC": 7.6171875,
        "HPT": 2.6425842728156734,
        "LPT": 3.188698759977779
    },
    "Mechanical Parameters": {
        "LP Shaft Speed": 5490.0,
        "Fan Power": 8.55039128564286,
        "Fan Efficiency": 0.92,
        "LPC Power": 2.5083840785335423,
        "LPC Efficiency": 0.9,
        "LPT Power": 11.284464657322863,
        "LPT Efficiency": 0.9099999999999997,
        "HP Shaft Speed": 15183.0,
        "HPC Power": 11.271554049934482,
        "HPC Efficiency": 0.89,
        "HPT Power": 11.655291366811118,
        "HPT Efficiency": 0.8999999999999999,
        "Burner Power": 5.866388476734613,
        "Burner Efficiency": 0.17751016955056584
    }
}