{
    "Stages": [
        "0. Fan Inlet",
        "1. LPC Inlet",
        "2. HPC Inlet",
        "3. Burner Inlet",
        "4. HPT Inlet",
        "5. LPT Inlet",
        "6. Core Nozz Inlet",
        "7. Core Nozz Outlet",
        "8. Byp Nozz Outlet"
    ],
    "Total Temperatures": [
        15.000057655676706,
        59.942033320834994,
        139.95697080771498,
        488.4333375587032,
        1338.6718749999998,
        1049.510439499159,
        759.2136177995781,
        759.2136177995781,
        59.94203332083493
    ],
    "Static Temperatures": [
        1.2698087753191583,
        44.11029440122737,
        120.50659961430016,
        455.6508016203847,
        1283.3378809573258,
        1001.796805527285,
        719.7137866145871,
        615.378640804034,
        4.4391862677623966
    ],
    "Total Pressures": [
        99.29823547694355,
        158.87717676310967,
        317.75435352621935,
        2445.219048619735,
        2249.601524730156,
        837.8759455208052,
        258.68285579079617,
        258.68285579079617,
        158.87717676310967
    ],
    "Static Pressures": [
        84.124656235234,
        133.97926458691475,
        267.52254953831897,
        2069.5066023867034,
        1921.633768005559,
        713.9565274449143,
        219.99154291349532,
        139.66389469859763,
        84.07825298491305
    ],
    "Entropies": [
        6834.413225585567,
        6845.607178771453,
        6865.411001852655,
        6919.53156716049,
        7945.1712843365785,
        7976.575442067061,
        8011.151601528472,
        8011.151601528472,
        6845.607178771453
    ],
    "Specifice Volumes": [
        0.9354134467594015,
        0.6780422909737055,
        0.42158869626980144,
        0.10104086521992126,
        0.23245046827081337,
        0.5124760954623674,
        1.2953542703041707,
        1.8258603962554047,
        0.9458112098493391
    ],
    "Performance": {
        "Thrust": 99999.99999999999,
        "OPR": 24.1325,
        "T4": 1338.6718749999998,
        "Thermal Efficiency": 0.4377513717587563,
        "SFC": 0.05312562210839763,
        "TSFC": 7.571325336119428,
        "Air Mass Flow Rate": 189.7898001503035,
        "Fuel Mass Flow Rate": 0.7571325336119427,
        "Core EGT": 759.2136177995781,
        "Bypass EGT": 59.94203332083493,
        "FAR": 0.024334861259009886,
        "Specific Thrust": 0.5268987054141226
    },
    "Pressure Ratios": {
        "Fan": 1.6,
        "LPC": 2.0,
        "HPC": 7.6953125,
        "HPT": 2.68488615379912,
        "LPT": 3.2390084103540984
    },
    "Mechanical Parameters": {
        "LP Shaft Speed": 5490.0,
        "Fan Power": 8.575920686758641,
        "Fan Efficiency": 0.92,
        "LPC Power": 2.5158735069297427,
        "LPC Efficiency": 0.9,
        "LPT Power": 11.31815734049835,
        "LPT Efficiency": 0.9100000000000001,
        "HP Shaft Speed": 15183.0,
        "HPC Power": 11.379770308426362,
        "HPC Efficiency": 0.89,
        "HPT Power": 11.765716120374274,
        "HPT Efficiency": 0.9000000000000001,
        "Burner Power": 5.799741685938404,
        "Burner Efficiency": 0.17814280543861047
    }
}