{
    "Stages": [
        "0. Fan Inlet",
        "1. LPC Inlet",
        "2. HPC Inlet",
        "3. Burner Inlet",
        "4. HPT Inlet",
        "5. LPT Inlet",
        "6. Core Nozz Inlet",
        "7. Core Nozz Outlet",
        "8. Byp Nozz Outlet"
    ],
    "Total Temperatures": [
        15.000057655676706,
        59.942033320834994,
        139.95697080771538,
        523.106827068298,
        1374.9999999999998,
        1057.438777234575,
        767.6954446340307,
        767.6954446340307,
        59.942033320834994
    ],
    "Static Temperatures": [
        1.2698087753191583,
        44.1102944012275,
        120.50659961430048,
        489.163995463601,
        1318.7966296409872,
        1009.5182013405702,
        727.961743419057,
        623.0019674670441,
        4.43918626776246
    ],
    "Total Pressures": [
        99.29823547694352,
        158.87717676310965,
        317.7543535262193,
        2867.2365493967445,
        2637.857625445005,
        902.2176250888537,
        280.6476410938734,
        280.6476410938734,
        158.87717676310965
    ],
    "Static Pressures": [
        84.124656235234,
        133.97926458691427,
        267.5225495383182,
        2428.3636835547886,
        2254.1138917235903,
        769.3032802889236,
        238.9175614536778,
        151.85421815190202,
        84.07825298491301
    ],
    "Entropies": [
        6834.413225585567,
        6845.607178771453,
        6865.411001852656,
        6922.537697962671,
        7929.347475193472,
        7963.81080651431,
        7998.0474452891085,
        7998.0474452891085,
        6845.607178771453
    ],
    "Specifice Volumes": [
        0.9354134467594013,
        0.6780422909737036,
        0.4215886962698031,
        0.09007436323029047,
        0.2026792217478685,
        0.47845922218713544,
        1.2023992302589863,
        1.6934312600747679,
        0.9458112098493399
    ],
    "Performance": {
        "Thrust": 99999.99999999999,
        "OPR": 28.297500000000003,
        "T4": 1374.9999999999998,
        "Thermal Efficiency": 0.43445094731556777,
        "SFC": 0.05352920530426713,
        "TSFC": 7.621952653730437,
        "Air Mass Flow Rate": 189.0319477762786,
        "Fuel Mass Flow Rate": 0.7621952653730436,
        "Core EGT": 767.6954446340307,
        "Bypass EGT": 59.942033320834994,
        "FAR": 0.02459579543812441,
        "Specific Thrust": 0.5290111072565951
    },
    "Pressure Ratios": {
        "Fan": 1.6,
        "LPC": 2.0,
        "HPC": 9.0234375,
        "HPT": 2.9237487188122704,
        "LPT": 3.214770026529891
    },
    "Mechanical Parameters": {
        "LP Shaft Speed": 5490.0,
        "Fan Power": 8.541676054819717,
        "Fan Efficiency": 0.92,
        "LPC Power": 2.505827336332266,
        "LPC Efficiency": 0.9,
        "LPT Power": 11.272962644032637,
        "LPT Efficiency": 0.9099999999999999,
        "HP Shaft Speed": 15183.0,
        "HPC Power": 12.50972053122217,
        "HPC Efficiency": 0.89,
        "HPT Power": 12.918726551798558,
        "HPT Efficiency": 0.8999999999999998,
        "Burner Power": 6.02649625926346,
        "Burner Efficiency": 0.18387817684518162
    }
}