{
    "Stages": [
        "0. Fan Inlet",
        "1. LPC Inlet",
        "2. HPC Inlet",
        "3. Burner Inlet",
        "4. HPT Inlet",
        "5. LPT Inlet",
        "6. Core Nozz Inlet",
        "7. Core Nozz Outlet",
        "8. Byp Nozz Outlet"
    ],
    "Total Temperatures": [
        15.000057655676706,
        59.9420333208348,
        139.95697080771538,
        475.5185161895154,
        1359.765625,
        1083.3862643240143,
        795.4565911858863,
        795.4565911858863,
        59.9420333208348
    ],
    "Static Temperatures": [
        1.2698087753191583,
        44.11029440122724,
        120.50659961430054,
        443.18262547195746,
        1304.0610565748734,
        1034.8523085763773,
        754.9902326063436,
        647.9567564422847,
        4.4391862677623335
    ],
    "Total Pressures": [
        99.29823547694355,
        158.8771767631097,
        317.7543535262194,
        2296.27169540432,
        2112.5699597719763,
        831.3118034946594,
        266.31649201239674,
        266.3164920123967,
        158.8771767631097
    ],
    "Static Pressures": [
        84.12465623523384,
        133.97926458691475,
        267.5225495383189,
        1944.7650568663928,
        1804.6282724501327,
        708.5364379864883,
        226.66712891758033,
        144.05422667288627,
        84.078252984913
    ],
    "Entropies": [
        6834.413225585567,
        6845.607178771453,
        6865.411001852656,
        6918.404057178461,
        7984.599642495447,
        8013.999166904543,
        8047.339214445429,
        8047.339214445429,
        6845.607178771453
    ],
    "Specifice Volumes": [
        0.9354134467594031,
        0.6780422909737052,
        0.4215886962698021,
        0.10571872844502628,
        0.25084450281304904,
        0.5297939931741305,
        1.3018350892971724,
        1.8350005318340583,
        0.9458112098493398
    ],
    "Performance": {
        "Thrust": 99999.99999999999,
        "OPR": 22.6625,
        "T4": 1359.765625,
        "Thermal Efficiency": 0.4254909090212879,
        "SFC": 0.05465642969195577,
        "TSFC": 7.842847877537589,
        "Air Mass Flow Rate": 188.59491937299993,
        "Fuel Mass Flow Rate": 0.7842847877537589,
        "Core EGT": 795.4565911858863,
        "Bypass EGT": 59.9420333208348,
        "FAR": 0.02536726451170162,
        "Specific Thrust": 0.530236977392915
    },
    "Pressure Ratios": {
        "Fan": 1.6,
        "LPC": 2.0,
        "HPC": 7.2265625,
        "HPT": 2.5412486035819257,
        "LPT": 3.121518300323521
    },
    "Mechanical Parameters": {
        "LP Shaft Speed": 5490.0,
        "Fan Power": 8.521928307989198,
        "Fan Efficiency": 0.92,
        "LPC Power": 2.5000340419575786,
        "LPC Efficiency": 0.9,
        "LPT Power": 11.246900357088549,
        "LPT Efficiency": 0.91,
        "HP Shaft Speed": 15183.0,
        "HPC Power": 10.87319456147662,
        "HPC Efficiency": 0.89,
        "HPT Power": 11.24880209287453,
        "HPT Efficiency": 0.9,
        "Burner Power": 5.912937714947425,
        "Burner Efficiency": 0.17533194773702013
    }
}