{
    "Stages": [
        "0. Fan Inlet",
        "1. LPC Inlet",
        "2. HPC Inlet",
        "3. Burner Inlet",
        "4. HPT Inlet",
        "5. LPT Inlet",
        "6. Core Nozz Inlet",
        "7. Core Nozz Outlet",
        "8. Byp Nozz Outlet"
    ],
    "Total Temperatures": [
        15.000057655676706,
        59.942033320834994,
        139.95697080771498,
        488.98212657487846,
        1358.5937499999998,
        1070.2732247477,
        781.4278479671005,
        781.4278479671005,
        59.94203332083493
    ],
    "Static Temperatures": [
        1.2698087753191583,
        44.11029440122737,
        120.50659961430016,
        456.1812449782108,
        1302.872040594541,
        1022.0485333577475,
        741.3125318266049,
        635.3226800752562,
        4.4391862677623966
    ],
    "Total Pressures": [
        99.29823547694355,
        158.87717676310967,
        317.75435352621935,
        2451.425188337044,
        2255.3111732700827,
        851.6429955462364,
        268.95236748084835,
        268.95236748084824,
        158.87717676310967
    ],
    "Static Pressures": [
        84.124656235234,
        133.97926458691475,
        267.52254953831897,
        2074.8832318902278,
        1927.6841124996924,
        725.8836867988538,
        228.79521947538578,
        145.3787874295027,
        84.07825298491306
    ],
    "Entropies": [
        6834.413225585567,
        6845.607178771453,
        6865.411001852655,
        6919.584832782045,
        7962.804737063451,
        7993.762585876745,
        8027.450659047324,
        8027.450659047324,
        6845.607178771453
    ],
    "Specifice Volumes": [
        0.9354134467594015,
        0.6780422909737055,
        0.42158869626980144,
        0.10085114421657981,
        0.23465376836146482,
        0.5120633859459196,
        1.2722609328854662,
        1.7929200479025833,
        0.9458112098493391
    ],
    "Performance": {
        "Thrust": 99999.99999999999,
        "OPR": 24.193749999999998,
        "T4": 1358.5937499999998,
        "Thermal Efficiency": 0.43005742594538504,
        "SFC": 0.05407606647499614,
        "TSFC": 7.73383993095684,
        "Air Mass Flow Rate": 188.92503362598453,
        "Fuel Mass Flow Rate": 0.773383993095684,
        "Core EGT": 781.4278479671005,
        "Bypass EGT": 59.94203332083493,
        "FAR": 0.024970975351118384,
        "Specific Thrust": 0.5293104787688978
    },
    "Pressure Ratios": {
        "Fan": 1.6,
        "LPC": 2.0,
        "HPC": 7.71484375,
        "HPT": 2.6481884839827106,
        "LPT": 3.1665197950223676
    },
    "Mechanical Parameters": {
        "LP Shaft Speed": 5490.0,
        "Fan Power": 8.536844987647042,
        "Fan Efficiency": 0.92,
        "LPC Power": 2.5044100711366135,
        "LPC Efficiency": 0.9,
        "LPT Power": 11.266586794677199,
        "LPT Efficiency": 0.9099999999999998,
        "HP Shaft Speed": 15183.0,
        "HPC Power": 11.34647462287733,
        "HPC Efficiency": 0.89,
        "HPT Power": 11.731740931038514,
        "HPT Efficiency": 0.8999999999999999,
        "Burner Power": 5.915223007396758,
        "Burner Efficiency": 0.17787195879601492
    }
}