{
    "Stages": [
        "0. Fan Inlet",
        "1. LPC Inlet",
        "2. HPC Inlet",
        "3. Burner Inlet",
        "4. HPT Inlet",
        "5. LPT Inlet",
        "6. Core Nozz Inlet",
        "7. Core Nozz Outlet",
        "8. Byp Nozz Outlet"
    ],
    "Total Temperatures": [
        15.000057655676706,
        59.94203332083493,
        139.95697080771524,
        499.4091129998025,
        1326.9531249999998,
        1027.254568155013,
        735.3399614043742,
        735.339961404374,
        59.94203332083493
    ],
    "Static Temperatures": [
        1.2698087753191583,
        44.11029440122737,
        120.50659961430041,
        466.2600364978137,
        1271.8662622892207,
        980.0652283143751,
        696.47432244129,
        593.9384742140452,
        4.4391862677624285
    ],
    "Total Pressures": [
        99.29823547694353,
        158.87717676310967,
        317.75435352621935,
        2569.341842965914,
        2363.794495528641,
        840.8865656095414,
        252.81441629573015,
        252.81441629573,
        158.87717676310967
    ],
    "Static Pressures": [
        84.12465623523386,
        133.97926458691458,
        267.5225495383185,
        2177.04323107973,
        2017.7421422120601,
        716.0932082011707,
        214.81319168379898,
        136.39968147475517,
        84.07825298491287
    ],
    "Entropies": [
        6834.413225585567,
        6845.607178771453,
        6865.411001852656,
        6920.596879587425,
        7919.182675101351,
        7952.198318033126,
        7987.576431386634,
        7987.576431386635,
        6845.607178771453
    ],
    "Specifice Volumes": [
        0.9354134467594029,
        0.6780422909737053,
        0.4215886962698025,
        0.09744330552162854,
        0.21976560788397195,
        0.5022069488556468,
        1.295187093176906,
        1.823927148754497,
        0.9458112098493415
    ],
    "Performance": {
        "Thrust": 99999.99999999999,
        "OPR": 25.357499999999998,
        "T4": 1326.9531249999998,
        "Thermal Efficiency": 0.44627648002952586,
        "SFC": 0.0521107766018719,
        "TSFC": 7.394223386695596,
        "Air Mass Flow Rate": 190.61986753686625,
        "Fuel Mass Flow Rate": 0.7394223386695595,
        "Core EGT": 735.339961404374,
        "Bypass EGT": 59.94203332083493,
        "FAR": 0.02366215192659274,
        "Specific Thrust": 0.5246042885884379
    },
    "Pressure Ratios": {
        "Fan": 1.6,
        "LPC": 2.0,
        "HPC": 8.0859375,
        "HPT": 2.8110741593489053,
        "LPT": 3.326102118423238
    },
    "Mechanical Parameters": {
        "LP Shaft Speed": 5490.0,
        "Fan Power": 8.613428456228801,
        "Fan Efficiency": 0.92,
        "LPC Power": 2.5268769673115306,
        "LPC Efficiency": 0.9,
        "LPT Power": 11.367658595449317,
        "LPT Efficiency": 0.91,
        "HP Shaft Speed": 15183.0,
        "HPC Power": 11.803982180679249,
        "HPC Efficiency": 0.89,
        "HPT Power": 12.198585377775174,
        "HPT Efficiency": 0.8999999999999999,
        "Burner Power": 5.736683962902383,
        "Burner Efficiency": 0.18042632467834915
    }
}