{
    "Stages": [
        "0. Fan Inlet",
        "1. LPC Inlet",
        "2. HPC Inlet",
        "3. Burner Inlet",
        "4. HPT Inlet",
        "5. LPT Inlet",
        "6. Core Nozz Inlet",
        "7. Core Nozz Outlet",
        "8. Byp Nozz Outlet"
    ],
    "Total Temperatures": [
        15.000057655676706,
        59.942033320834994,
        139.95697080771498,
        503.7994202981911,
        1314.0624999999998,
        1009.5268962163535,
        716.3655763279129,
        716.3655763279129,
        59.94203332083493
    ],
    "Static Temperatures": [
        1.2698087753191583,
        44.11029440122737,
        120.50659961430016,
        470.5039472368338,
        1259.228613726029,
        962.8093487625721,
        678.0054768163563,
        576.9163685428978,
        4.4391862677623966
    ],
    "Total Pressures": [
        99.29823547694355,
        158.87717676310967,
        317.75435352621935,
        2618.990960704386,
        2409.4716838480354,
        834.8438693229059,
        245.99514454873508,
        245.995144548735,
        158.87717676310967
    ],
    "Static Pressures": [
        84.124656235234,
        133.97926458691475,
        267.52254953831897,
        2220.060263506577,
        2056.566202272815,
        711.2089562644043,
        209.28259688059276,
        132.89215769153301,
        84.07825298491291
    ],
    "Entropies": [
        6834.413225585567,
        6845.607178771453,
        6865.411001852655,
        6921.0230045557455,
        7901.239990162664,
        7935.167716903424,
        7971.2087574549205,
        7971.2087574549205,
        6845.607178771453
    ],
    "Specifice Volumes": [
        0.9354134467594015,
        0.6780422909737055,
        0.42158869626980144,
        0.09611295915422689,
        0.2138383225018816,
        0.4987597577750539,
        1.304153848931736,
        1.8355413518665773,
        0.9458112098493411
    ],
    "Performance": {
        "Thrust": 99999.99999999999,
        "OPR": 25.847499999999997,
        "T4": 1314.0624999999998,
        "Thermal Efficiency": 0.45335273581775515,
        "SFC": 0.051297394095437994,
        "TSFC": 7.2549622300370595,
        "Air Mass Flow Rate": 191.33114915037459,
        "Fuel Mass Flow Rate": 0.7254962230037059,
        "Core EGT": 716.3655763279129,
        "Bypass EGT": 59.94203332083493,
        "FAR": 0.023130195893217638,
        "Specific Thrust": 0.5226540500282372
    },
    "Pressure Ratios": {
        "Fan": 1.6,
        "LPC": 2.0,
        "HPC": 8.2421875,
        "HPT": 2.886134488598712,
        "LPT": 3.3937412498705295
    },
    "Mechanical Parameters": {
        "LP Shaft Speed": 5490.0,
        "Fan Power": 8.645568722452635,
        "Fan Efficiency": 0.92,
        "LPC Power": 2.536305791020565,
        "LPC Efficiency": 0.9,
        "LPT Power": 11.410076034156324,
        "LPT Efficiency": 0.91,
        "HP Shaft Speed": 15183.0,
        "HPC Power": 11.998363059467017,
        "HPC Efficiency": 0.89,
        "HPT Power": 12.39693321327289,
        "HPT Efficiency": 0.8999999999999999,
        "Burner Power": 5.661812982520651,
        "Burner Efficiency": 0.18148966898242944
    }
}