{
    "Stages": [
        "0. Fan Inlet",
        "1. LPC Inlet",
        "2. HPC Inlet",
        "3. Burner Inlet",
        "4. HPT Inlet",
        "5. LPT Inlet",
        "6. Core Nozz Inlet",
        "7. Core Nozz Outlet",
        "8. Byp Nozz Outlet"
    ],
    "Total Temperatures": [
        15.000057655676706,
        59.942033320834994,
        139.95697080771498,
        487.8845485168301,
        1431.2499999999998,
        1148.585056102886,
        865.0980936299327,
        865.0980936299327,
        59.94203332083493
    ],
    "Static Temperatures": [
        1.2698087753191583,
        44.11029440122737,
        120.50659961430016,
        455.120360197748,
        1374.0356312868987,
        1098.5166475531212,
        822.812811307326,
        710.6958386830805,
        4.4391862677623966
    ],
    "Total Pressures": [
        99.29823547694355,
        158.87717676310967,
        317.75435352621935,
        2439.012908902426,
        2243.891876190232,
        893.2715654671009,
        304.6961547297281,
        304.6961547297281,
        158.87717676310967
    ],
    "Static Pressures": [
        84.124656235234,
        133.97926458691475,
        267.52254953831897,
        2064.1299941370967,
        1918.7225308661507,
        762.5047037721895,
        259.4880375294269,
        165.09071745246487,
        84.07825298491291
    ],
    "Entropies": [
        6834.413225585567,
        6845.607178771453,
        6865.411001852655,
        6919.478301538912,
        8030.94104831549,
        8059.999678077855,
        8091.199330144003,
        8091.199330144003,
        6845.607178771453
    ],
    "Specifice Volumes": [
        0.9354134467594015,
        0.6780422909737055,
        0.42158869626980144,
        0.10123167738155826,
        0.24639161193786102,
        0.5162950566355206,
        1.2122100535812772,
        1.7100127932777358,
        0.9458112098493411
    ],
    "Performance": {
        "Thrust": 99999.99999999999,
        "OPR": 24.071249999999996,
        "T4": 1431.2499999999998,
        "Thermal Efficiency": 0.40376176147661885,
        "SFC": 0.057597861343873374,
        "TSFC": 8.352367548515737,
        "Air Mass Flow Rate": 185.91963827061468,
        "Fuel Mass Flow Rate": 0.8352367548515736,
        "Core EGT": 865.0980936299327,
        "Bypass EGT": 59.94203332083493,
        "FAR": 0.027404013110108726,
        "Specific Thrust": 0.5378667951926914
    },
    "Pressure Ratios": {
        "Fan": 1.6,
        "LPC": 2.0,
        "HPC": 7.67578125,
        "HPT": 2.5119929514569037,
        "LPT": 2.9316798115140354
    },
    "Mechanical Parameters": {
        "LP Shaft Speed": 5490.0,
        "Fan Power": 8.4010419456522,
        "Fan Efficiency": 0.92,
        "LPC Power": 2.464570234926045,
        "LPC Efficiency": 0.9,
        "LPT Power": 11.087359367936982,
        "LPT Efficiency": 0.9100000000000001,
        "HP Shaft Speed": 15183.0,
        "HPC Power": 11.129455518294975,
        "HPC Efficiency": 0.89,
        "HPT Power": 11.51029286513816,
        "HPT Efficiency": 0.9000000000000005,
        "Burner Power": 6.340291900283461,
        "Burner Efficiency": 0.1765351536403638
    }
}