{
    "Stages": [
        "0. Fan Inlet",
        "1. LPC Inlet",
        "2. HPC Inlet",
        "3. Burner Inlet",
        "4. HPT Inlet",
        "5. LPT Inlet",
        "6. Core Nozz Inlet",
        "7. Core Nozz Outlet",
        "8. Byp Nozz Outlet"
    ],
    "Total Temperatures": [
        15.000057655676706,
        59.942033320834994,
        139.95697080771498,
        478.15412155018225,
        1417.1875,
        1142.1010232636618,
        858.1869543379798,
        858.1869543379798,
        59.94203332083493
    ],
    "Static Temperatures": [
        1.2698087753191583,
        44.11029440122737,
        120.50659961430016,
        445.7244644047634,
        1360.273353724556,
        1092.1716868491294,
        816.0500509900759,
        704.4408140163602,
        4.4391862677623966
    ],
    "Total Pressures": [
        99.29823547694355,
        158.87717676310967,
        317.75435352621935,
        2327.3023939908644,
        2141.1182024715954,
        868.9922532780173,
        294.2385853150205,
        294.2385853150204,
        158.87717676310967
    ],
    "Static Pressures": [
        84.124656235234,
        133.97926458691475,
        267.52254953831897,
        1967.9541432504834,
        1829.597328546232,
        741.3718638923558,
        250.28424245399933,
        159.19410699116324,
        84.0782529849129
    ],
    "Entropies": [
        6834.413225585567,
        6845.607178771453,
        6865.411001852655,
        6918.661885500957,
        8033.110804803657,
        8061.4744891950195,
        8092.907994114383,
        8092.907994114383,
        6845.607178771453
    ],
    "Specifice Volumes": [
        0.9354134467594015,
        0.6780422909737034,
        0.42158869626980144,
        0.10485202419233738,
        0.2562143808280371,
        0.5285200512342989,
        1.2488332167330227,
        1.7619647557364577,
        0.9458112098493411
    ],
    "Performance": {
        "Thrust": 99999.99999999999,
        "OPR": 22.96875,
        "T4": 1417.1875,
        "Thermal Efficiency": 0.40587437304114615,
        "SFC": 0.05729805944444485,
        "TSFC": 8.306085927502536,
        "Air Mass Flow Rate": 186.31173752559633,
        "Fuel Mass Flow Rate": 0.8306085927502534,
        "Core EGT": 858.1869543379798,
        "Bypass EGT": 59.94203332083493,
        "FAR": 0.027194810606500076,
        "Specific Thrust": 0.5367348366136168
    },
    "Pressure Ratios": {
        "Fan": 1.6,
        "LPC": 2.0,
        "HPC": 7.32421875,
        "HPT": 2.463909424272607,
        "LPT": 2.9533592691374877
    },
    "Mechanical Parameters": {
        "LP Shaft Speed": 5490.0,
        "Fan Power": 8.418759505338743,
        "Fan Efficiency": 0.92,
        "LPC Power": 2.469767943796142,
        "LPC Efficiency": 0.9,
        "LPT Power": 11.110742295035594,
        "LPT Efficiency": 0.9100000000000003,
        "HP Shaft Speed": 15183.0,
        "HPC Power": 10.828780811074884,
        "HPC Efficiency": 0.89,
        "HPT Power": 11.203481939403371,
        "HPT Efficiency": 0.9,
        "Burner Power": 6.246755369427181,
        "Burner Efficiency": 0.17489992512999888
    }
}