{
    "Stages": [
        "0. Fan Inlet",
        "1. LPC Inlet",
        "2. HPC Inlet",
        "3. Burner Inlet",
        "4. HPT Inlet",
        "5. LPT Inlet",
        "6. Core Nozz Inlet",
        "7. Core Nozz Outlet",
        "8. Byp Nozz Outlet"
    ],
    "Total Temperatures": [
        15.000057655676706,
        59.94203332083493,
        139.95697080771512,
        524.0904823982806,
        1360.9375,
        1041.4797511364916,
        750.6291693450663,
        750.6291693450663,
        59.94203332083487
    ],
    "Static Temperatures": [
        1.2698087753191583,
        44.11029440122731,
        120.50659961430023,
        490.1150121905013,
        1305.054528744813,
        993.9769178137639,
        711.3379822920433,
        607.6527089209883,
        4.439186267762365
    ],
    "Total Pressures": [
        99.29823547694352,
        158.87717676310965,
        317.7543535262193,
        2879.6488288313626,
        2649.2769225248535,
        893.2380503590714,
        273.37970773560966,
        273.37970773560954,
        158.87717676310965
    ],
    "Static Pressures": [
        84.124656235234,
        133.9792645869145,
        267.5225495383188,
        2439.0991629542104,
        2263.7078585319996,
        761.8261778063712,
        232.52402023075754,
        147.6759929618955,
        84.07825298491295
    ],
    "Entropies": [
        6834.413225585567,
        6845.607178771453,
        6865.411001852655,
        6922.632267286277,
        7915.01299110229,
        7949.989616301048,
        7984.771789604873,
        7984.771789604874,
        6845.607178771453
    ],
    "Specifice Volumes": [
        0.9354134467594013,
        0.6780422909737046,
        0.42158869626980183,
        0.08978779326704779,
        0.20009744303748958,
        0.47738038024535606,
        1.2149242731574494,
        1.7113714740222028,
        0.9458112098493403
    ],
    "Performance": {
        "Thrust": 99999.99999999999,
        "OPR": 28.420000000000005,
        "T4": 1360.9375,
        "Thermal Efficiency": 0.4404695863669138,
        "SFC": 0.052797774632539866,
        "TSFC": 7.4966996172241025,
        "Air Mass Flow Rate": 189.68014251712054,
        "Fuel Mass Flow Rate": 0.7496699617224102,
        "Core EGT": 750.6291693450663,
        "Bypass EGT": 59.94203332083487,
        "FAR": 0.024108937845689286,
        "Specific Thrust": 0.5272033153969925
    },
    "Pressure Ratios": {
        "Fan": 1.6,
        "LPC": 2.0,
        "HPC": 9.0625,
        "HPT": 2.965924840904971,
        "LPT": 3.267389733355692
    },
    "Mechanical Parameters": {
        "LP Shaft Speed": 5490.0,
        "Fan Power": 8.570965651429384,
        "Fan Efficiency": 0.92,
        "LPC Power": 2.514419873837037,
        "LPC Efficiency": 0.9,
        "LPT Power": 11.311617882924917,
        "LPT Efficiency": 0.9099999999999999,
        "HP Shaft Speed": 15183.0,
        "HPC Power": 12.586255910461308,
        "HPC Efficiency": 0.89,
        "HPT Power": 12.996823877552773,
        "HPT Efficiency": 0.9000000000000001,
        "Burner Power": 5.941330890855195,
        "Burner Efficiency": 0.1843084195562365
    }
}