{
    "Stages": [
        "0. Fan Inlet",
        "1. LPC Inlet",
        "2. HPC Inlet",
        "3. Burner Inlet",
        "4. HPT Inlet",
        "5. LPT Inlet",
        "6. Core Nozz Inlet",
        "7. Core Nozz Outlet",
        "8. Byp Nozz Outlet"
    ],
    "Total Temperatures": [
        15.000057655676706,
        59.94203332083493,
        139.95697080771524,
        515.4331889295013,
        1357.4218749999998,
        1045.497436078149,
        754.9385132566222,
        754.9385132566222,
        59.94203332083493
    ],
    "Static Temperatures": [
        1.2698087753191583,
        44.11029440122737,
        120.50659961430041,
        481.7451824878503,
        1301.6409051288742,
        997.8909042238338,
        715.53216841128,
        611.5221178840623,
        4.4391862677624285
    ],
    "Total Pressures": [
        99.29823547694353,
        158.87717676310967,
        317.75435352621935,
        2767.938313919801,
        2546.5032488062197,
        879.8549389810968,
        270.4141744654998,
        270.41417446549985,
        158.87717676310967
    ],
    "Static Pressures": [
        84.12465623523386,
        133.97926458691458,
        267.5225495383185,
        2342.4881996873273,
        2175.856556766182,
        750.2429743539085,
        229.98407190292258,
        146.06114137628794,
        84.0782529849131
    ],
    "Entropies": [
        6834.413225585567,
        6845.607178771453,
        6865.411001852656,
        6922.048734147309,
        7924.546885732625,
        7958.59737895586,
        7993.343769265044,
        7993.343769265044,
        6845.607178771453
    ],
    "Specifice Volumes": [
        0.9354134467594029,
        0.6780422909737053,
        0.4215886962698025,
        0.09249345328178749,
        0.207724506203932,
        0.4862229404506928,
        1.2336919861695586,
        1.7380694599468705,
        0.9458112098493385
    ],
    "Performance": {
        "Thrust": 99999.99999999999,
        "OPR": 27.3175,
        "T4": 1357.4218749999998,
        "Thermal Efficiency": 0.43901577562879124,
        "SFC": 0.05297261566552969,
        "TSFC": 7.531208342701636,
        "Air Mass Flow Rate": 189.625705470944,
        "Fuel Mass Flow Rate": 0.7531208342701635,
        "Core EGT": 754.9385132566222,
        "Bypass EGT": 59.94203332083493,
        "FAR": 0.024226868807889195,
        "Specific Thrust": 0.5273546629748612
    },
    "Pressure Ratios": {
        "Fan": 1.6,
        "LPC": 2.0,
        "HPC": 8.7109375,
        "HPT": 2.8942307828094394,
        "LPT": 3.2537308398134765
    },
    "Mechanical Parameters": {
        "LP Shaft Speed": 5490.0,
        "Fan Power": 8.56850583646535,
        "Fan Efficiency": 0.92,
        "LPC Power": 2.5136982506404157,
        "LPC Efficiency": 0.9,
        "LPT Power": 11.308371517454862,
        "LPT Efficiency": 0.9099999999999999,
        "HP Shaft Speed": 15183.0,
        "HPC Power": 12.286664655643106,
        "HPC Efficiency": 0.89,
        "HPT Power": 12.691118515493388,
        "HPT Efficiency": 0.8999999999999998,
        "Burner Power": 5.918930472232379,
        "Burner Efficiency": 0.1827721921931201
    }
}