{
    "Stages": [
        "0. Fan Inlet",
        "1. LPC Inlet",
        "2. HPC Inlet",
        "3. Burner Inlet",
        "4. HPT Inlet",
        "5. LPT Inlet",
        "6. Core Nozz Inlet",
        "7. Core Nozz Outlet",
        "8. Byp Nozz Outlet"
    ],
    "Total Temperatures": [
        15.000057655676706,
        59.942033320834994,
        139.95697080771498,
        498.86032447186795,
        1336.328125,
        1037.727634753273,
        746.5863528489541,
        746.5863528489541,
        59.94203332083493
    ],
    "Static Temperatures": [
        1.2698087753191583,
        44.11029440122737,
        120.50659961430016,
        465.7295563664126,
        1281.0156988561293,
        990.3043155722432,
        707.4067174732144,
        604.0231325687804,
        4.4391862677623966
    ],
    "Total Pressures": [
        99.29823547694355,
        158.87717676310967,
        317.75435352621935,
        2563.1357032486053,
        2358.0848469887173,
        846.4588186601771,
        257.87514457868235,
        257.8751445786824,
        158.87717676310967
    ],
    "Static Pressures": [
        84.124656235234,
        133.97926458691484,
        267.52254953831886,
        2171.66619769768,
        2012.234103640307,
        721.2955231490603,
        219.15763187273782,
        139.08438890751046,
        84.07825298491309
    ],
    "Entropies": [
        6834.413225585567,
        6845.607178771453,
        6865.411001852655,
        6920.543613966286,
        7928.697595677647,
        7961.391637370023,
        7996.292414466773,
        7996.292414466773,
        6845.607178771453
    ],
    "Specifice Volumes": [
        0.9354134467594015,
        0.678042290973703,
        0.42158869626980155,
        0.09761376640273309,
        0.22165529799514186,
        0.5027091478254367,
        1.2838040725308364,
        1.8094927100121645,
        0.9458112098493389
    ],
    "Performance": {
        "Thrust": 99999.99999999999,
        "OPR": 25.296249999999997,
        "T4": 1336.328125,
        "Thermal Efficiency": 0.4421669313769742,
        "SFC": 0.05259509995708244,
        "TSFC": 7.476338207571588,
        "Air Mass Flow Rate": 190.17558252450317,
        "Fuel Mass Flow Rate": 0.7476338207571587,
        "Core EGT": 746.5863528489541,
        "Bypass EGT": 59.94203332083493,
        "FAR": 0.023980819441060796,
        "Specific Thrust": 0.5258298603455861
    },
    "Pressure Ratios": {
        "Fan": 1.6,
        "LPC": 2.0,
        "HPC": 8.06640625,
        "HPT": 2.785823474225512,
        "LPT": 3.2824366227428605
    },
    "Mechanical Parameters": {
        "LP Shaft Speed": 5490.0,
        "Fan Power": 8.593352809248183,
        "Fan Efficiency": 0.92,
        "LPC Power": 2.5209874785653135,
        "LPC Efficiency": 0.9,
        "LPT Power": 11.341163558993363,
        "LPT Efficiency": 0.9100000000000001,
        "HP Shaft Speed": 15183.0,
        "HPC Power": 11.757791767090497,
        "HPC Efficiency": 0.89,
        "HPT Power": 12.151452302684609,
        "HPT Efficiency": 0.8999999999999999,
        "Burner Power": 5.790896849209133,
        "Burner Efficiency": 0.18013098927582205
    }
}