{
    "Stages": [
        "0. Fan Inlet",
        "1. LPC Inlet",
        "2. HPC Inlet",
        "3. Burner Inlet",
        "4. HPT Inlet",
        "5. LPT Inlet",
        "6. Core Nozz Inlet",
        "7. Core Nozz Outlet",
        "8. Byp Nozz Outlet"
    ],
    "Total Temperatures": [
        15.000057655676706,
        59.94203332083493,
        139.95697080771524,
        464.74820481355584,
        1339.84375,
        1071.665818998492,
        782.9131157942077,
        782.9131157942077,
        59.94203332083493
    ],
    "Static Temperatures": [
        1.2698087753191583,
        44.11029440122737,
        120.50659961430036,
        432.77480368714373,
        1284.5591655461476,
        1023.4102721814247,
        742.7557748833336,
        636.6528433985031,
        4.4391862677623966
    ],
    "Total Pressures": [
        99.29823547694355,
        158.8771767631097,
        317.7543535262194,
        2184.5611804927585,
        2009.7962860533378,
        807.3584444329736,
        255.69974250510745,
        255.69974250510745,
        158.8771767631097
    ],
    "Static Pressures": [
        84.12465623523384,
        133.97926458691464,
        267.52254953831846,
        1849.8255896576118,
        1714.9361621969183,
        688.9343425284524,
        217.36043192970817,
        138.04306629945572,
        84.078252984913
    ],
    "Entropies": [
        6834.413225585567,
        6845.607178771453,
        6865.411001852656,
        6917.350451565414,
        7981.12857634947,
        8009.842799996535,
        8043.471889060814,
        8043.471889060814,
        6845.607178771453
    ],
    "Specifice Volumes": [
        0.9354134467594031,
        0.6780422909737047,
        0.42158869626980255,
        0.1094827862284436,
        0.26067042844607297,
        0.5401037377279425,
        1.3411157369848699,
        1.8909743206254443,
        0.9458112098493398
    ],
    "Performance": {
        "Thrust": 99999.99999999999,
        "OPR": 21.560000000000002,
        "T4": 1339.84375,
        "Thermal Efficiency": 0.4297737905095073,
        "SFC": 0.05411175475805083,
        "TSFC": 7.755185639154008,
        "Air Mass Flow Rate": 189.2206206774267,
        "Fuel Mass Flow Rate": 0.7755185639154006,
        "Core EGT": 782.9131157942077,
        "Bypass EGT": 59.94203332083493,
        "FAR": 0.0250007806915956,
        "Specific Thrust": 0.528483627429141
    },
    "Pressure Ratios": {
        "Fan": 1.6,
        "LPC": 2.0,
        "HPC": 6.875,
        "HPT": 2.48934819461121,
        "LPT": 3.157447232927295
    },
    "Mechanical Parameters": {
        "LP Shaft Speed": 5490.0,
        "Fan Power": 8.55020150684455,
        "Fan Efficiency": 0.92,
        "LPC Power": 2.5083284041088136,
        "LPC Efficiency": 0.9,
        "LPT Power": 11.284214194850371,
        "LPT Efficiency": 0.9099999999999999,
        "HP Shaft Speed": 15183.0,
        "HPC Power": 10.547281954906342,
        "HPC Efficiency": 0.89,
        "HPT Power": 10.916238208619147,
        "HPT Efficiency": 0.9000000000000001,
        "Burner Power": 5.791762912523037,
        "Burner Efficiency": 0.17368012453025292
    }
}