{
    "Stages": [
        "0. Fan Inlet",
        "1. LPC Inlet",
        "2. HPC Inlet",
        "3. Burner Inlet",
        "4. HPT Inlet",
        "5. LPT Inlet",
        "6. Core Nozz Inlet",
        "7. Core Nozz Outlet",
        "8. Byp Nozz Outlet"
    ],
    "Total Temperatures": [
        15.000057655676706,
        59.942033320834994,
        139.95697080771498,
        495.56759276462645,
        1424.2187499999998,
        1134.417705854761,
        849.9674780060162,
        849.9674780060162,
        59.94203332083493
    ],
    "Static Temperatures": [
        1.2698087753191583,
        44.11029440122737,
        120.50659961430016,
        462.5467162264951,
        1367.1184179263194,
        1084.6492543533227,
        808.04897832093,
        697.0448866594663,
        4.4391862677623966
    ],
    "Total Pressures": [
        99.29823547694355,
        158.87717676310967,
        317.75435352621935,
        2525.8988649447515,
        2323.8269557491712,
        899.2493392560052,
        302.7584620929543,
        302.75846209295423,
        158.87717676310967
    ],
    "Static Pressures": [
        84.124656235234,
        133.97926458691475,
        267.52254953831897,
        2139.4044438413785,
        1984.7821370166287,
        767.1766073011868,
        257.6352548521342,
        163.9240170861741,
        84.078252984913
    ],
    "Entropies": [
        6834.413225585567,
        6845.607178771453,
        6865.411001852655,
        6920.224020238995,
        8013.8099828299155,
        8043.861983167687,
        8075.394180408776,
        8075.394180408776,
        6845.607178771453
    ],
    "Specifice Volumes": [
        0.9354134467594015,
        0.6780422909737055,
        0.42158869626980144,
        0.09865668914212716,
        0.23718213995740633,
        0.5078957289476272,
        1.2041839041592266,
        1.6982301452086506,
        0.9458112098493399
    ],
    "Performance": {
        "Thrust": 99999.99999999999,
        "OPR": 24.928749999999997,
        "T4": 1424.2187499999998,
        "Thermal Efficiency": 0.40818264414770117,
        "SFC": 0.05697403916339285,
        "TSFC": 8.23730623606622,
        "Air Mass Flow Rate": 186.35891476326006,
        "Fuel Mass Flow Rate": 0.8237306236066217,
        "Core EGT": 849.9674780060162,
        "Bypass EGT": 59.94203332083493,
        "FAR": 0.02696279279359167,
        "Specific Thrust": 0.5365989608119064
    },
    "Pressure Ratios": {
        "Fan": 1.6,
        "LPC": 2.0,
        "HPC": 7.94921875,
        "HPT": 2.584185335817751,
        "LPT": 2.970187300594471
    },
    "Mechanical Parameters": {
        "LP Shaft Speed": 5490.0,
        "Fan Power": 8.420891275581948,
        "Fan Efficiency": 0.92,
        "LPC Power": 2.4703933302092906,
        "LPC Efficiency": 0.9,
        "LPT Power": 11.113555720195142,
        "LPT Efficiency": 0.9100000000000001,
        "HP Shaft Speed": 15183.0,
        "HPC Power": 11.412001179279029,
        "HPC Efficiency": 0.89,
        "HPT Power": 11.798604764101476,
        "HPT Efficiency": 0.8999999999999999,
        "Burner Power": 6.307252149171436,
        "Burner Efficiency": 0.17806826447297266
    }
}