{
    "Stages": [
        "0. Fan Inlet",
        "1. LPC Inlet",
        "2. HPC Inlet",
        "3. Burner Inlet",
        "4. HPT Inlet",
        "5. LPT Inlet",
        "6. Core Nozz Inlet",
        "7. Core Nozz Outlet",
        "8. Byp Nozz Outlet"
    ],
    "Total Temperatures": [
        15.000057655676706,
        59.942033320834994,
        139.95697080771498,
        513.0791107822114,
        1404.296875,
        1097.7689119890024,
        810.8191999377889,
        810.8191999377889,
        59.94203332083493
    ],
    "Static Temperatures": [
        1.2698087753191583,
        44.11029440122737,
        120.50659961430016,
        479.473891331439,
        1347.5234200769992,
        1048.863834885432,
        769.9314019793479,
        661.7801839853403,
        4.4391862677623966
    ],
    "Total Pressures": [
        99.29823547694355,
        158.87717676310967,
        317.75435352621935,
        2736.9076153332567,
        2517.9550061066006,
        907.9949366143736,
        294.6703791789825,
        294.6703791789825,
        158.87717676310967
    ],
    "Static Pressures": [
        84.124656235234,
        133.97926458691475,
        267.52254953831897,
        2315.986155285283,
        2151.3078153092547,
        774.4108092071282,
        250.58325193467672,
        159.26268552420845,
        84.07825298491288
    ],
    "Entropies": [
        6834.413225585567,
        6845.607178771453,
        6865.411001852655,
        6921.923696226899,
        7971.279523143751,
        8003.747000596684,
        8036.5065548756065,
        8036.5065548756065,
        6845.607178771453
    ],
    "Specifice Volumes": [
        0.9354134467594015,
        0.6780422909737055,
        0.42158869626980144,
        0.09328179608621973,
        0.21620190365618,
        0.4898860331410059,
        1.1944066952749472,
        1.684395813837162,
        0.9458112098493415
    ],
    "Performance": {
        "Thrust": 99999.99999999999,
        "OPR": 27.011249999999997,
        "T4": 1404.296875,
        "Thermal Efficiency": 0.420172845345318,
        "SFC": 0.05534820779380839,
        "TSFC": 7.942781222025335,
        "Air Mass Flow Rate": 187.5710503282681,
        "Fuel Mass Flow Rate": 0.7942781222025334,
        "Core EGT": 810.8191999377889,
        "Bypass EGT": 59.94203332083493,
        "FAR": 0.02583072674037945,
        "Specific Thrust": 0.5331313111750987
    },
    "Pressure Ratios": {
        "Fan": 1.6,
        "LPC": 2.0,
        "HPC": 8.61328125,
        "HPT": 2.7730936644814994,
        "LPT": 3.0813919578352267
    },
    "Mechanical Parameters": {
        "LP Shaft Speed": 5490.0,
        "Fan Power": 8.475663336350628,
        "Fan Efficiency": 0.92,
        "LPC Power": 2.486461526457961,
        "LPC Efficiency": 0.9,
        "LPT Power": 11.18584169674346,
        "LPT Efficiency": 0.9099999999999998,
        "HP Shaft Speed": 15183.0,
        "HPC Power": 12.074083415035618,
        "HPC Efficiency": 0.89,
        "HPT Power": 12.474198882220449,
        "HPT Efficiency": 0.9000000000000006,
        "Burner Power": 6.20130371113552,
        "Burner Efficiency": 0.18156910198575363
    }
}