{
    "Stages": [
        "0. Fan Inlet",
        "1. LPC Inlet",
        "2. HPC Inlet",
        "3. Burner Inlet",
        "4. HPT Inlet",
        "5. LPT Inlet",
        "6. Core Nozz Inlet",
        "7. Core Nozz Outlet",
        "8. Byp Nozz Outlet"
    ],
    "Total Temperatures": [
        15.000057655676706,
        59.942033320834994,
        139.95697080771498,
        503.250631975832,
        1349.21875,
        1047.5916674868758,
        757.1702785885976,
        757.1702785885976,
        59.94203332083493
    ],
    "Static Temperatures": [
        1.2698087753191583,
        44.11029440122737,
        120.50659961430016,
        469.9734516190097,
        1293.6346154134094,
        999.9293244947793,
        717.715184351838,
        613.5355423391353,
        4.4391862677623966
    ],
    "Total Pressures": [
        99.29823547694355,
        158.87717676310967,
        317.75435352621935,
        2612.7848209870767,
        2403.7620353081084,
        858.7548440100514,
        264.5397029064535,
        264.5397029064533,
        158.87717676310967
    ],
    "Static Pressures": [
        84.124656235234,
        133.97926458691475,
        267.52254953831897,
        2214.6830600395406,
        2052.2479209320904,
        732.0026744494849,
        224.98298240107707,
        142.85974366632243,
        84.07825298491291
    ],
    "Entropies": [
        6834.413225585567,
        6845.607178771453,
        6865.411001852655,
        6920.969738934783,
        7934.868921725269,
        7967.7171733652285,
        8002.37466971606,
        8002.37466971606,
        6845.607178771453
    ],
    "Specifice Volumes": [
        0.9354134467594015,
        0.6780422909737055,
        0.42158869626980144,
        0.09627607183186959,
        0.21910003470454656,
        0.4991221469350935,
        1.2639808751093184,
        1.7811843312883664,
        0.9458112098493411
    ],
    "Performance": {
        "Thrust": 99999.99999999999,
        "OPR": 25.786249999999995,
        "T4": 1349.21875,
        "Thermal Efficiency": 0.4383365808701106,
        "SFC": 0.05305469579409713,
        "TSFC": 7.552070334638866,
        "Air Mass Flow Rate": 189.70178959327907,
        "Fuel Mass Flow Rate": 0.7552070334638865,
        "Core EGT": 757.1702785885976,
        "Bypass EGT": 59.94203332083493,
        "FAR": 0.02428423534646992,
        "Specific Thrust": 0.5271431556570981
    },
    "Pressure Ratios": {
        "Fan": 1.6,
        "LPC": 2.0,
        "HPC": 8.22265625,
        "HPT": 2.7991248632537236,
        "LPT": 3.2462229093593713
    },
    "Mechanical Parameters": {
        "LP Shaft Speed": 5490.0,
        "Fan Power": 8.571943805197876,
        "Fan Efficiency": 0.92,
        "LPC Power": 2.5147068297501867,
        "LPC Efficiency": 0.9,
        "LPT Power": 11.312908811171487,
        "LPT Efficiency": 0.9100000000000001,
        "HP Shaft Speed": 15183.0,
        "HPC Power": 11.877554148256152,
        "HPC Efficiency": 0.89,
        "HPT Power": 12.273658814078136,
        "HPT Efficiency": 0.9,
        "Burner Power": 5.867829455305511,
        "Burner Efficiency": 0.18069369600211682
    }
}