{
    "Stages": [
        "0. Fan Inlet",
        "1. LPC Inlet",
        "2. HPC Inlet",
        "3. Burner Inlet",
        "4. HPT Inlet",
        "5. LPT Inlet",
        "6. Core Nozz Inlet",
        "7. Core Nozz Outlet",
        "8. Byp Nozz Outlet"
    ],
    "Total Temperatures": [
        15.000057655676706,
        59.942033320834994,
        139.95697080771498,
        482.94544598361637,
        1321.0937499999998,
        1035.7054417793113,
        744.4065903666085,
        744.4065903666085,
        59.94203332083493
    ],
    "Static Temperatures": [
        1.2698087753191583,
        44.11029440122737,
        120.50659961430016,
        450.34647447331656,
        1266.1845568490348,
        988.3249070855659,
        705.2870774223142,
        602.0661221634934,
        4.4391862677623966
    ],
    "Total Pressures": [
        99.29823547694355,
        158.87717676310967,
        317.75435352621935,
        2383.157651446645,
        2192.5050393309157,
        819.1177079324084,
        248.8393313404762,
        248.8393313404762,
        158.87717676310967
    ],
    "Static Pressures": [
        84.124656235234,
        133.97926458691475,
        267.52254953831897,
        2015.7414762692986,
        1872.9083082254213,
        697.7078703256952,
        211.72010649035352,
        134.51835627678193,
        84.07825298491292
    ],
    "Entropies": [
        6834.413225585567,
        6845.607178771453,
        6865.411001852655,
        6918.998910943736,
        7936.9843833429395,
        7968.233841730935,
        8003.227481689994,
        8003.227481689994,
        6845.607178771453
    ],
    "Specifice Volumes": [
        0.9354134467594015,
        0.6780422909737055,
        0.42158869626980144,
        0.10299949116239317,
        0.2358876065269914,
        0.5188747020535669,
        1.3260086239428357,
        1.8667066352677892,
        0.9458112098493409
    ],
    "Performance": {
        "Thrust": 99999.99999999999,
        "OPR": 23.519999999999996,
        "T4": 1321.0937499999998,
        "Thermal Efficiency": 0.4431111179167519,
        "SFC": 0.05248302968073458,
        "TSFC": 7.465576429783639,
        "Air Mass Flow Rate": 190.45976341528907,
        "Fuel Mass Flow Rate": 0.7465576429783638,
        "Core EGT": 744.4065903666085,
        "Bypass EGT": 59.94203332083493,
        "FAR": 0.023910570613480286,
        "Specific Thrust": 0.5250452809917359
    },
    "Pressure Ratios": {
        "Fan": 1.6,
        "LPC": 2.0,
        "HPC": 7.5,
        "HPT": 2.676666635452393,
        "LPT": 3.291753371622931
    },
    "Mechanical Parameters": {
        "LP Shaft Speed": 5490.0,
        "Fan Power": 8.606193924935866,
        "Fan Efficiency": 0.92,
        "LPC Power": 2.5247546102749086,
        "LPC Efficiency": 0.9,
        "LPT Power": 11.358110750215076,
        "LPT Efficiency": 0.9099999999999998,
        "HP Shaft Speed": 15183.0,
        "HPC Power": 11.232877889514153,
        "HPC Efficiency": 0.89,
        "HPT Power": 11.615825896994458,
        "HPT Efficiency": 0.9,
        "Burner Power": 5.697375048300959,
        "Burner Efficiency": 0.17747737953353707
    }
}