{
    "Stages": [
        "0. Fan Inlet",
        "1. LPC Inlet",
        "2. HPC Inlet",
        "3. Burner Inlet",
        "4. HPT Inlet",
        "5. LPT Inlet",
        "6. Core Nozz Inlet",
        "7. Core Nozz Outlet",
        "8. Byp Nozz Outlet"
    ],
    "Total Temperatures": [
        15.000057655676706,
        59.942033320834994,
        139.95697080771498,
        488.4333375587032,
        1343.359375,
        1054.5188134301288,
        764.5627919030179,
        764.5627919030179,
        59.94203332083493
    ],
    "Static Temperatures": [
        1.2698087753191583,
        44.11029440122737,
        120.50659961430016,
        455.6508016203847,
        1287.9343521992832,
        1006.6733297001505,
        724.914648576291,
        620.1865459376276,
        4.4391862677623966
    ],
    "Total Pressures": [
        99.29823547694355,
        158.87717676310967,
        317.75435352621935,
        2445.219048619735,
        2249.601524730156,
        841.0885549593546,
        261.08499856413897,
        261.08499856413897,
        158.87717676310967
    ],
    "Static Pressures": [
        84.124656235234,
        133.97926458691475,
        267.52254953831897,
        2069.506602386708,
        1921.897634841252,
        716.6316766241756,
        222.05172841260972,
        141.02655641155147,
        84.07825298491291
    ],
    "Entropies": [
        6834.413225585567,
        6845.607178771453,
        6865.411001852655,
        6919.53156716049,
        7949.512060732172,
        7980.784854683913,
        8015.147320911905,
        8015.147320911905,
        6845.607178771453
    ],
    "Specifice Volumes": [
        0.9354134467594015,
        0.6780422909737055,
        0.42158869626980144,
        0.10104086521992102,
        0.23310411175480894,
        0.5124929284225398,
        1.2898708675412267,
        1.8178742765460925,
        0.9458112098493411
    ],
    "Performance": {
        "Thrust": 99999.99999999999,
        "OPR": 24.1325,
        "T4": 1343.359375,
        "Thermal Efficiency": 0.43586646333536394,
        "SFC": 0.05335536433688615,
        "TSFC": 7.6104806378693866,
        "Air Mass Flow Rate": 189.57940302194083,
        "Fuel Mass Flow Rate": 0.7610480637869386,
        "Core EGT": 764.5627919030179,
        "Bypass EGT": 59.94203332083493,
        "FAR": 0.024487856355170815,
        "Specific Thrust": 0.5274834628972144
    },
    "Pressure Ratios": {
        "Fan": 1.6,
        "LPC": 2.0,
        "HPC": 7.6953125,
        "HPT": 2.674631002247875,
        "LPT": 3.221512379435811
    },
    "Mechanical Parameters": {
        "LP Shaft Speed": 5490.0,
        "Fan Power": 8.566413594785674,
        "Fan Efficiency": 0.92,
        "LPC Power": 2.513084460517541,
        "LPC Efficiency": 0.9,
        "LPT Power": 11.305610260513486,
        "LPT Efficiency": 0.91,
        "HP Shaft Speed": 15183.0,
        "HPC Power": 11.367154925553189,
        "HPC Efficiency": 0.89,
        "HPT Power": 11.752843280707765,
        "HPT Efficiency": 0.8999999999999998,
        "Burner Power": 5.82680330437962,
        "Burner Efficiency": 0.17805321376937372
    }
}