{
    "Stages": [
        "0. Fan Inlet",
        "1. LPC Inlet",
        "2. HPC Inlet",
        "3. Burner Inlet",
        "4. HPT Inlet",
        "5. LPT Inlet",
        "6. Core Nozz Inlet",
        "7. Core Nozz Outlet",
        "8. Byp Nozz Outlet"
    ],
    "Total Temperatures": [
        15.000057655676706,
        59.94203332083493,
        139.95697080771524,
        502.1530552540221,
        1329.2968749999998,
        1027.3011183165975,
        735.3908470204586,
        735.3908470204584,
        59.94203332083493
    ],
    "Static Temperatures": [
        1.2698087753191583,
        44.11029440122737,
        120.50659961430041,
        468.9124661910164,
        1274.1448367312587,
        980.1106802843755,
        696.5238937510031,
        593.9844479560892,
        4.4391862677624285
    ],
    "Total Pressures": [
        99.29823547694353,
        158.87717676310967,
        317.75435352621935,
        2600.372541552459,
        2392.342738228265,
        844.555695153724,
        253.95306483486013,
        253.95306483486013,
        158.87717676310967
    ],
    "Static Pressures": [
        84.12465623523386,
        133.97926458691458,
        267.5225495383185,
        2203.9287168900582,
        2042.209301775,
        719.2572100699784,
        215.7952513255686,
        136.94342214201794,
        84.07825298491308
    ],
    "Entropies": [
        6834.413225585567,
        6845.607178771453,
        6865.411001852656,
        6920.86320769279,
        7917.766809669213,
        7951.04651524166,
        7986.42241820718,
        7986.42241820718,
        6845.607178771453
    ],
    "Specifice Volumes": [
        0.9354134467594029,
        0.6780422909737053,
        0.4215886962698025,
        0.09660499132182084,
        0.21744741244149535,
        0.5000159505109238,
        1.2893579179733798,
        1.816780219602844,
        0.9458112098493389
    ],
    "Performance": {
        "Thrust": 99999.99999999999,
        "OPR": 25.66375,
        "T4": 1329.2968749999998,
        "Thermal Efficiency": 0.4462309151476847,
        "SFC": 0.05211609766165937,
        "TSFC": 7.394035514677471,
        "Air Mass Flow Rate": 190.59191939069174,
        "Fuel Mass Flow Rate": 0.739403551467747,
        "Core EGT": 735.3908470204584,
        "Bypass EGT": 59.94203332083493,
        "FAR": 0.0236650204183501,
        "Specific Thrust": 0.5246812158652506
    },
    "Pressure Ratios": {
        "Fan": 1.6,
        "LPC": 2.0,
        "HPC": 8.18359375,
        "HPT": 2.8326642659047057,
        "LPT": 3.3256369467431734
    },
    "Mechanical Parameters": {
        "LP Shaft Speed": 5490.0,
        "Fan Power": 8.612165579695157,
        "Fan Efficiency": 0.92,
        "LPC Power": 2.526506483753022,
        "LPC Efficiency": 0.9,
        "LPT Power": 11.365991901477734,
        "LPT Efficiency": 0.91,
        "HP Shaft Speed": 15183.0,
        "HPC Power": 11.895848075722743,
        "HPC Efficiency": 0.89,
        "HPT Power": 12.29232608700322,
        "HPT Efficiency": 0.8999999999999998,
        "Burner Power": 5.751097345066434,
        "Burner Efficiency": 0.1808842405744111
    }
}