{
    "Stages": [
        "0. Fan Inlet",
        "1. LPC Inlet",
        "2. HPC Inlet",
        "3. Burner Inlet",
        "4. HPT Inlet",
        "5. LPT Inlet",
        "6. Core Nozz Inlet",
        "7. Core Nozz Outlet",
        "8. Byp Nozz Outlet"
    ],
    "Total Temperatures": [
        15.000057655676706,
        59.942033320834994,
        139.95697080771498,
        480.77907232499336,
        1345.7031249999998,
        1063.824915219542,
        774.502644020276,
        774.502644020276,
        59.94203332083493
    ],
    "Static Temperatures": [
        1.2698087753191583,
        44.11029440122737,
        120.50659961430016,
        448.25261771755004,
        1290.2562178326089,
        1015.7375376957173,
        734.5785131197201,
        629.1052231102005,
        4.4391862677623966
    ],
    "Total Pressures": [
        99.29823547694355,
        158.87717676310967,
        317.75435352621935,
        2358.3330925774094,
        2169.6664451712168,
        831.6480016431385,
        260.8420841506214,
        260.8420841506213,
        158.87717676310967
    ],
    "Static Pressures": [
        84.124656235234,
        133.97926458691475,
        267.52254953831897,
        1994.2372412435634,
        1853.108614985947,
        708.3502801118822,
        221.81685675018485,
        140.8899117675342,
        84.07825298491292
    ],
    "Entropies": [
        6834.413225585567,
        6845.607178771453,
        6865.411001852655,
        6918.826679817173,
        7963.288791362746,
        7993.65687511781,
        8027.622137248138,
        8027.622137248138,
        6845.607178771453
    ],
    "Specifice Volumes": [
        0.9354134467594015,
        0.6780422909737055,
        0.42158869626980144,
        0.10381923040477696,
        0.24211774661204055,
        0.5221531562545985,
        1.3035594904439316,
        1.8374318091919675,
        0.9458112098493409
    ],
    "Performance": {
        "Thrust": 99999.99999999999,
        "OPR": 23.275,
        "T4": 1345.7031249999998,
        "Thermal Efficiency": 0.43249034220777516,
        "SFC": 0.053771868834740166,
        "TSFC": 7.686929252949308,
        "Air Mass Flow Rate": 189.31573510384064,
        "Fuel Mass Flow Rate": 0.7686929252949306,
        "Core EGT": 774.502644020276,
        "Bypass EGT": 59.94203332083493,
        "FAR": 0.024768289026409356,
        "Specific Thrust": 0.5282181111102544
    },
    "Pressure Ratios": {
        "Fan": 1.6,
        "LPC": 2.0,
        "HPC": 7.421875,
        "HPT": 2.608875919721411,
        "LPT": 3.1883198769524825
    },
    "Mechanical Parameters": {
        "LP Shaft Speed": 5490.0,
        "Fan Power": 8.554499386796206,
        "Fan Efficiency": 0.92,
        "LPC Power": 2.5095892509264544,
        "LPC Efficiency": 0.9,
        "LPT Power": 11.289886365023124,
        "LPT Efficiency": 0.9099999999999999,
        "HP Shaft Speed": 15183.0,
        "HPC Power": 11.092005095422321,
        "HPC Efficiency": 0.89,
        "HPT Power": 11.472078147921163,
        "HPT Efficiency": 0.8999999999999998,
        "Burner Power": 5.836377857306864,
        "Burner Efficiency": 0.17657209159263568
    }
}