{
    "Stages": [
        "0. Fan Inlet",
        "1. LPC Inlet",
        "2. HPC Inlet",
        "3. Burner Inlet",
        "4. HPT Inlet",
        "5. LPT Inlet",
        "6. Core Nozz Inlet",
        "7. Core Nozz Outlet",
        "8. Byp Nozz Outlet"
    ],
    "Total Temperatures": [
        15.000057655676706,
        59.942033320834994,
        139.95697080771498,
        497.7627473389082,
        1369.140625,
        1073.7255723246265,
        785.1373510416225,
        785.1373510416223,
        59.94203332083493
    ],
    "Static Temperatures": [
        1.2698087753191583,
        44.11029440122737,
        120.50659961430016,
        464.6686019106419,
        1313.1434079585379,
        1025.4277111403646,
        744.9199902622938,
        638.654312311653,
        4.4391862677623966
    ],
    "Total Pressures": [
        99.29823547694355,
        158.87717676310967,
        317.75435352621935,
        2550.723423813987,
        2346.665549908869,
        867.1492432875009,
        274.70462373629505,
        274.70462373629493,
        158.87717676310967
    ],
    "Static Pressures": [
        84.124656235234,
        133.97926458691475,
        267.52254953831897,
        2160.912194711278,
        2003.0801742787928,
        739.4125893337589,
        233.7478159771308,
        148.56303303051138,
        84.07825298491287
    ],
    "Entropies": [
        6834.413225585567,
        6845.607178771453,
        6865.411001852655,
        6920.437082723944,
        7960.574438527152,
        7992.249601852875,
        8025.8559703135215,
        8025.855970313521,
        6845.607178771453
    ],
    "Specifice Volumes": [
        0.9354134467594015,
        0.6780422909737055,
        0.42158869626980144,
        0.09795754005651996,
        0.22727433839888972,
        0.504030351044359,
        1.2497866984241266,
        1.7609682873956236,
        0.9458112098493416
    ],
    "Performance": {
        "Thrust": 99999.99999999999,
        "OPR": 25.17375,
        "T4": 1369.140625,
        "Thermal Efficiency": 0.42873037023240146,
        "SFC": 0.05424344895576704,
        "TSFC": 7.758427723467346,
        "Air Mass Flow Rate": 188.68755871890397,
        "Fuel Mass Flow Rate": 0.7758427723467345,
        "Core EGT": 785.1373510416223,
        "Bypass EGT": 59.94203332083493,
        "FAR": 0.02508189169146812,
        "Specific Thrust": 0.5299766485874902
    },
    "Pressure Ratios": {
        "Fan": 1.6,
        "LPC": 2.0,
        "HPC": 8.02734375,
        "HPT": 2.7061841638842763,
        "LPT": 3.156660530475555
    },
    "Mechanical Parameters": {
        "LP Shaft Speed": 5490.0,
        "Fan Power": 8.526114347925597,
        "Fan Efficiency": 0.92,
        "LPC Power": 2.501262078848242,
        "LPC Efficiency": 0.9,
        "LPT Power": 11.252424925279424,
        "LPT Efficiency": 0.9100000000000003,
        "HP Shaft Speed": 15183.0,
        "HPC Power": 11.628728692476233,
        "HPC Efficiency": 0.89,
        "HPT Power": 12.019755287772092,
        "HPT Efficiency": 0.8999999999999999,
        "Burner Power": 5.982191392294073,
        "Burner Efficiency": 0.17931562297415543
    }
}