{
    "Stages": [
        "0. Fan Inlet",
        "1. LPC Inlet",
        "2. HPC Inlet",
        "3. Burner Inlet",
        "4. HPT Inlet",
        "5. LPT Inlet",
        "6. Core Nozz Inlet",
        "7. Core Nozz Outlet",
        "8. Byp Nozz Outlet"
    ],
    "Total Temperatures": [
        15.000057655676706,
        59.942033320834994,
        139.95697080771498,
        508.8189432336985,
        1310.5468749999998,
        1001.255299893381,
        707.4666559379871,
        707.4666559379871,
        59.94203332083493
    ],
    "Static Temperatures": [
        1.2698087753191583,
        44.11029440122737,
        120.50659961430016,
        475.3562476365862,
        1255.767271662934,
        954.7310548571606,
        669.3573403199043,
        568.9434291367882,
        4.4391862677623966
    ],
    "Total Pressures": [
        99.29823547694355,
        158.87717676310967,
        317.75435352621935,
        2681.0523578774755,
        2466.568169247275,
        837.6921323893193,
        244.34491224686874,
        244.34491224686866,
        158.87717676310967
    ],
    "Static Pressures": [
        84.124656235234,
        133.97926458691475,
        267.52254953831897,
        2269.244169003599,
        2105.54730174965,
        713.4256252398443,
        207.86709611279747,
        131.94139829323674,
        84.07825298491304
    ],
    "Entropies": [
        6834.413225585567,
        6845.607178771453,
        6865.411001852655,
        6921.510201949659,
        7890.732960032307,
        7925.373648620475,
        7961.767612304521,
        7961.767612304521,
        6845.607178771453
    ],
    "Specifice Volumes": [
        0.9354134467594015,
        0.6780422909737055,
        0.42158869626980144,
        0.09466155412617823,
        0.20838885835886733,
        0.49393456198698027,
        1.3009602454098992,
        1.8311105764039903,
        0.9458112098493395
    ],
    "Performance": {
        "Thrust": 99999.99999999999,
        "OPR": 26.459999999999997,
        "T4": 1310.5468749999998,
        "Thermal Efficiency": 0.4567243004217408,
        "SFC": 0.050918713832423364,
        "TSFC": 7.189209431930469,
        "Air Mass Flow Rate": 191.63779585215187,
        "Fuel Mass Flow Rate": 0.7189209431930468,
        "Core EGT": 707.4666559379871,
        "Bypass EGT": 59.94203332083493,
        "FAR": 0.022883887460597416,
        "Specific Thrust": 0.5218177320153993
    },
    "Pressure Ratios": {
        "Fan": 1.6,
        "LPC": 2.0,
        "HPC": 8.4375,
        "HPT": 2.944480524380682,
        "LPT": 3.428318292721293
    },
    "Mechanical Parameters": {
        "LP Shaft Speed": 5490.0,
        "Fan Power": 8.659424987600788,
        "Fan Efficiency": 0.92,
        "LPC Power": 2.540370731878176,
        "LPC Efficiency": 0.9,
        "LPT Power": 11.428362979060166,
        "LPT Efficiency": 0.91,
        "HP Shaft Speed": 15183.0,
        "HPC Power": 12.189749743956243,
        "HPC Efficiency": 0.89,
        "HPT Power": 12.592225748465985,
        "HPT Efficiency": 0.9000000000000004,
        "Burner Power": 5.640991911385555,
        "Burner Efficiency": 0.18247605615947235
    }
}