{
    "Stages": [
        "0. Fan Inlet",
        "1. LPC Inlet",
        "2. HPC Inlet",
        "3. Burner Inlet",
        "4. HPT Inlet",
        "5. LPT Inlet",
        "6. Core Nozz Inlet",
        "7. Core Nozz Outlet",
        "8. Byp Nozz Outlet"
    ],
    "Total Temperatures": [
        15.000057655676706,
        59.942033320834994,
        139.95697080771498,
        510.7123511431901,
        1303.515625,
        992.0152751862068,
        697.5386882267278,
        697.5386882267278,
        59.94203332083493
    ],
    "Static Temperatures": [
        1.2698087753191583,
        44.11029440122737,
        120.50659961430016,
        477.1866204046597,
        1248.8701238450283,
        945.7049705125395,
        659.7099227837958,
        560.0512438571287,
        4.4391862677623966
    ],
    "Total Pressures": [
        99.29823547694355,
        158.87717676310967,
        317.75435352621935,
        2705.8769167467117,
        2489.406763406975,
        834.8452699878585,
        240.92306726880247,
        240.92306726880238,
        158.87717676310967
    ],
    "Static Pressures": [
        84.124656235234,
        133.97926458691475,
        267.52254953831897,
        2289.1541834244854,
        2124.761027493623,
        710.6645473294052,
        204.92508955223786,
        130.0074243162588,
        84.07825298491294
    ],
    "Entropies": [
        6834.413225585567,
        6845.607178771453,
        6865.411001852655,
        6921.693977184248,
        7881.252461864628,
        7916.364973379521,
        7953.206885917015,
        7953.206885917015,
        6845.607178771453
    ],
    "Specifice Volumes": [
        0.9354134467594015,
        0.6780422909737055,
        0.42158869626980144,
        0.09407666104666029,
        0.20557279047217833,
        0.4921659745054731,
        1.3062376412544061,
        1.838763203848749,
        0.9458112098493409
    ],
    "Performance": {
        "Thrust": 99999.99999999999,
        "OPR": 26.705,
        "T4": 1303.515625,
        "Thermal Efficiency": 0.46060599577333317,
        "SFC": 0.050489603189908736,
        "TSFC": 7.116678987468798,
        "Air Mass Flow Rate": 192.0246708956553,
        "Fuel Mass Flow Rate": 0.7116678987468796,
        "Core EGT": 697.5386882267278,
        "Bypass EGT": 59.94203332083493,
        "FAR": 0.022607377281822945,
        "Specific Thrust": 0.5207664178439821
    },
    "Pressure Ratios": {
        "Fan": 1.6,
        "LPC": 2.0,
        "HPC": 8.515625,
        "HPT": 2.9818780232691258,
        "LPT": 3.465194426801836
    },
    "Mechanical Parameters": {
        "LP Shaft Speed": 5490.0,
        "Fan Power": 8.676906483899032,
        "Fan Efficiency": 0.92,
        "LPC Power": 2.545499188052701,
        "LPC Efficiency": 0.9,
        "LPT Power": 11.451434359134423,
        "LPT Efficiency": 0.9099999999999998,
        "HP Shaft Speed": 15183.0,
        "HPC Power": 12.279428409741362,
        "HPC Efficiency": 0.89,
        "HPT Power": 12.683734591103857,
        "HPT Efficiency": 0.9000000000000001,
        "Burner Power": 5.599061737471441,
        "Burner Efficiency": 0.1829655915491047
    }
}