{
    "Stages": [
        "0. Fan Inlet",
        "1. LPC Inlet",
        "2. HPC Inlet",
        "3. Burner Inlet",
        "4. HPT Inlet",
        "5. LPT Inlet",
        "6. Core Nozz Inlet",
        "7. Core Nozz Outlet",
        "8. Byp Nozz Outlet"
    ],
    "Total Temperatures": [
        15.000057655676706,
        59.942033320834994,
        139.95697080771498,
        499.9579015020404,
        1382.03125,
        1085.54970816134,
        797.7746303516021,
        797.7746303516021,
        59.94203332083493
    ],
    "Static Temperatures": [
        1.2698087753191583,
        44.11029440122737,
        120.50659961430016,
        466.7905185649268,
        1325.7666151467429,
        1036.9605646687783,
        757.2453296984198,
        650.0550274167604,
        4.4391862677623966
    ],
    "Total Pressures": [
        99.29823547694355,
        158.87717676310967,
        317.75435352621935,
        2575.5479826832234,
        2369.5041440685654,
        877.4227436190879,
        281.03020416260915,
        281.03020416260915,
        158.87717676310967
    ],
    "Static Pressures": [
        84.124656235234,
        133.97926458691475,
        267.52254953831897,
        2182.4202857214177,
        2023.164757828805,
        748.267065964484,
        239.35113247171398,
        152.24342316816106,
        84.07825298491308
    ],
    "Entropies": [
        6834.413225585567,
        6845.607178771453,
        6865.411001852655,
        6920.650145208541,
        7969.537455898903,
        8001.116736006995,
        8034.36891634651,
        8034.36891634651,
        6845.607178771453
    ],
    "Specifice Volumes": [
        0.9354134467594015,
        0.6780422909737055,
        0.42158869626980144,
        0.09727378620672947,
        0.2268056060750192,
        0.5024596068743269,
        1.2354726160054919,
        1.7403840929044532,
        0.9458112098493389
    ],
    "Performance": {
        "Thrust": 99999.99999999999,
        "OPR": 25.41875,
        "T4": 1382.03125,
        "Thermal Efficiency": 0.4245138219078413,
        "SFC": 0.054782230291048166,
        "TSFC": 7.850459996043257,
        "Air Mass Flow Rate": 188.1860357512215,
        "Fuel Mass Flow Rate": 0.7850459996043254,
        "Core EGT": 797.7746303516021,
        "Bypass EGT": 59.94203332083493,
        "FAR": 0.025447056039360247,
        "Specific Thrust": 0.5313890565833383
    },
    "Pressure Ratios": {
        "Fan": 1.6,
        "LPC": 2.0,
        "HPC": 8.10546875,
        "HPT": 2.7005273812428423,
        "LPT": 3.1221652712866232
    },
    "Mechanical Parameters": {
        "LP Shaft Speed": 5490.0,
        "Fan Power": 8.503452322937813,
        "Fan Efficiency": 0.92,
        "LPC Power": 2.4946138377598923,
        "LPC Efficiency": 0.9,
        "LPT Power": 11.222516490507862,
        "LPT Efficiency": 0.91,
        "HP Shaft Speed": 15183.0,
        "HPC Power": 11.671752116665497,
        "HPC Efficiency": 0.89,
        "HPT Power": 12.063656741026437,
        "HPT Efficiency": 0.8999999999999998,
        "Burner Power": 6.059705108697489,
        "Burner Efficiency": 0.1795097034975011
    }
}