{
    "Stages": [
        "0. Fan Inlet",
        "1. LPC Inlet",
        "2. HPC Inlet",
        "3. Burner Inlet",
        "4. HPT Inlet",
        "5. LPT Inlet",
        "6. Core Nozz Inlet",
        "7. Core Nozz Outlet",
        "8. Byp Nozz Outlet"
    ],
    "Total Temperatures": [
        15.000057655676706,
        59.942033320834994,
        139.95697080771498,
        470.85946841598644,
        1309.375,
        1033.9573580859937,
        742.523016124634,
        742.5230161246343,
        59.94203332083493
    ],
    "Static Temperatures": [
        1.2698087753191583,
        44.11029440122737,
        120.50659961430016,
        438.68028833580127,
        1254.7333906822628,
        986.6139229495495,
        703.4555627329216,
        600.375388168666,
        4.4391862677623966
    ],
    "Total Pressures": [
        99.29823547694355,
        158.87717676310967,
        317.75435352621935,
        2246.6225776658475,
        2066.89277145258,
        796.7872689168279,
        241.79676131154915,
        241.796761311549,
        158.87717676310967
    ],
    "Static Pressures": [
        84.124656235234,
        133.97926458691475,
        267.52254953831897,
        1903.694964514078,
        1763.8895858657343,
        679.5056029657343,
        205.74501084236414,
        130.67847848741428,
        84.07825298491308
    ],
    "Entropies": [
        6834.413225585567,
        6845.607178771453,
        6865.411001852655,
        6917.948285733812,
        7944.2294757865175,
        7974.393280726011,
        8009.467116958788,
        8009.467116958788,
        6845.607178771453
    ],
    "Specifice Volumes": [
        0.9354134467594015,
        0.6780422909737055,
        0.42158869626980144,
        0.10729497902878572,
        0.24858318622614292,
        0.5320398414688527,
        1.361954546986474,
        1.9178327667468775,
        0.9458112098493389
    ],
    "Performance": {
        "Thrust": 99999.99999999999,
        "OPR": 22.1725,
        "T4": 1309.375,
        "Thermal Efficiency": 0.4439147246486997,
        "SFC": 0.052388021081959606,
        "TSFC": 7.456778932871204,
        "Air Mass Flow Rate": 190.71228354249598,
        "Fuel Mass Flow Rate": 0.7456778932871203,
        "Core EGT": 742.5230161246343,
        "Bypass EGT": 59.94203332083493,
        "FAR": 0.023850771772851602,
        "Specific Thrust": 0.5243500740617854
    },
    "Pressure Ratios": {
        "Fan": 1.6,
        "LPC": 2.0,
        "HPC": 7.0703125,
        "HPT": 2.5940333788996957,
        "LPT": 3.2952768457067427
    },
    "Mechanical Parameters": {
        "LP Shaft Speed": 5490.0,
        "Fan Power": 8.617604404218849,
        "Fan Efficiency": 0.92,
        "LPC Power": 2.528102043580088,
        "LPC Efficiency": 0.9,
        "LPT Power": 11.373169844692793,
        "LPT Efficiency": 0.9099999999999999,
        "HP Shaft Speed": 15183.0,
        "HPC Power": 10.837444917943147,
        "HPC Efficiency": 0.89,
        "HPT Power": 11.21232286477915,
        "HPT Efficiency": 0.8999999999999999,
        "Burner Power": 5.626181715005998,
        "Burner Efficiency": 0.1754664264699043
    }
}