{
    "Stages": [
        "0. Fan Inlet",
        "1. LPC Inlet",
        "2. HPC Inlet",
        "3. Burner Inlet",
        "4. HPT Inlet",
        "5. LPT Inlet",
        "6. Core Nozz Inlet",
        "7. Core Nozz Outlet",
        "8. Byp Nozz Outlet"
    ],
    "Total Temperatures": [
        15.000057655676706,
        59.942033320834994,
        139.95697080771498,
        486.7869703559949,
        1449.9999999999998,
        1169.5019814021107,
        887.3983156249291,
        887.3983156249291,
        59.94203332083493
    ],
    "Static Temperatures": [
        1.2698087753191583,
        44.11029440122737,
        120.50659961430016,
        454.05948315794546,
        1392.4000685623405,
        1118.9177514635617,
        844.5094944050554,
        730.8170855308408,
        4.4391862677623966
    ],
    "Total Pressures": [
        99.29823547694355,
        158.87717676310967,
        317.75435352621935,
        2426.6006294678077,
        2232.472579110385,
        902.066642626282,
        313.7561022820154,
        313.7561022820154,
        158.87717676310967
    ],
    "Static Pressures": [
        84.124656235234,
        133.97926458691475,
        267.52254953831897,
        2053.376841398444,
        1908.7664168616684,
        769.8452538271414,
        267.1974494227058,
        170.19053827618396,
        84.07825298491301
    ],
    "Entropies": [
        6834.413225585567,
        6845.607178771453,
        6865.411001852655,
        6919.371770295694,
        8049.491837593163,
        8078.030931687008,
        8108.530756737803,
        8108.530756737803,
        6845.607178771453
    ],
    "Specifice Volumes": [
        0.9354134467594015,
        0.6780422909737055,
        0.42158869626980144,
        0.10161660854548968,
        0.25041736514333646,
        0.5189104125770954,
        1.2002704032265124,
        1.6926720331362897,
        0.9458112098493399
    ],
    "Performance": {
        "Thrust": 99999.99999999999,
        "OPR": 23.948749999999997,
        "T4": 1449.9999999999998,
        "Thermal Efficiency": 0.3973817846378483,
        "SFC": 0.05852259678858311,
        "TSFC": 8.518612977645061,
        "Air Mass Flow Rate": 185.1698769266976,
        "Fuel Mass Flow Rate": 0.851861297764506,
        "Core EGT": 887.3983156249291,
        "Bypass EGT": 59.94203332083493,
        "FAR": 0.02806263093440703,
        "Specific Thrust": 0.5400446425721098
    },
    "Pressure Ratios": {
        "Fan": 1.6,
        "LPC": 2.0,
        "HPC": 7.63671875,
        "HPT": 2.474842183068372,
        "LPT": 2.8750568867517092
    },
    "Mechanical Parameters": {
        "LP Shaft Speed": 5490.0,
        "Fan Power": 8.367162918358117,
        "Fan Efficiency": 0.92,
        "LPC Power": 2.454631319872721,
        "LPC Efficiency": 0.9,
        "LPT Power": 11.042647181868203,
        "LPT Efficiency": 0.9099999999999998,
        "HP Shaft Speed": 15183.0,
        "HPC Power": 11.048200016087902,
        "HPC Efficiency": 0.89,
        "HPT Power": 11.427379087375837,
        "HPT Efficiency": 0.8999999999999999,
        "Burner Power": 6.45058474168113,
        "Burner Efficiency": 0.17610096741971942
    }
}