{
    "Stages": [
        "0. Fan Inlet",
        "1. LPC Inlet",
        "2. HPC Inlet",
        "3. Burner Inlet",
        "4. HPT Inlet",
        "5. LPT Inlet",
        "6. Core Nozz Inlet",
        "7. Core Nozz Outlet",
        "8. Byp Nozz Outlet"
    ],
    "Total Temperatures": [
        15.000057655676706,
        59.94203332083493,
        139.95697080771544,
        484.59181372596055,
        1346.875,
        1061.6909418415403,
        772.2216226271968,
        772.2216226271968,
        59.94203332083487
    ],
    "Static Temperatures": [
        1.2698087753191583,
        44.11029440122737,
        120.50659961430054,
        451.93775229948307,
        1291.3936346351645,
        1013.6567860573113,
        732.3608311294664,
        627.0585391960772,
        4.4391862677623966
    ],
    "Total Pressures": [
        99.29823547694355,
        158.87717676310967,
        317.75435352621935,
        2401.776070598572,
        2209.633984950686,
        838.0985207507064,
        262.1997620744455,
        262.1997620744456,
        158.87717676310967
    ],
    "Static Pressures": [
        84.124656235234,
        133.97926458691455,
        267.5225495383194,
        2031.8707909554764,
        1887.635570906968,
        713.9159832077959,
        222.9936780376114,
        141.6417597759351,
        84.07825298491287
    ],
    "Entropies": [
        6834.413225585567,
        6845.607178771453,
        6865.411001852656,
        6919.1587078089915,
        7958.573476352445,
        7989.307296470402,
        8023.3637014811875,
        8023.3637014811875,
        6845.607178771453
    ],
    "Specifice Volumes": [
        0.9354134467594015,
        0.678042290973704,
        0.4215886962698011,
        0.10239993677284955,
        0.23786309425715452,
        0.5172422914785292,
        1.2938465217905901,
        1.823586149963992,
        0.9458112098493413
    ],
    "Performance": {
        "Thrust": 99999.99999999999,
        "OPR": 23.70375,
        "T4": 1346.875,
        "Thermal Efficiency": 0.43323984786200265,
        "SFC": 0.0536788434126122,
        "TSFC": 7.668403589350595,
        "Air Mass Flow Rate": 189.3432894095477,
        "Fuel Mass Flow Rate": 0.7668403589350594,
        "Core EGT": 772.2216226271968,
        "Bypass EGT": 59.94203332083487,
        "FAR": 0.024705001186421698,
        "Specific Thrust": 0.5281412418250586
    },
    "Pressure Ratios": {
        "Fan": 1.6,
        "LPC": 2.0,
        "HPC": 7.55859375,
        "HPT": 2.6364847690835447,
        "LPT": 3.1964122092252225
    },
    "Mechanical Parameters": {
        "LP Shaft Speed": 5490.0,
        "Fan Power": 8.555744467091,
        "Fan Efficiency": 0.92,
        "LPC Power": 2.5099545136944124,
        "LPC Efficiency": 0.9,
        "LPT Power": 11.291529572230012,
        "LPT Efficiency": 0.9100000000000003,
        "HP Shaft Speed": 15183.0,
        "HPC Power": 11.222820853833378,
        "HPC Efficiency": 0.89,
        "HPT Power": 11.605563615687545,
        "HPT Efficiency": 0.9,
        "Burner Power": 5.845233350408009,
        "Burner Efficiency": 0.17726722091230723
    }
}