{
    "Stages": [
        "0. Fan Inlet",
        "1. LPC Inlet",
        "2. HPC Inlet",
        "3. Burner Inlet",
        "4. HPT Inlet",
        "5. LPT Inlet",
        "6. Core Nozz Inlet",
        "7. Core Nozz Outlet",
        "8. Byp Nozz Outlet"
    ],
    "Total Temperatures": [
        15.000057655676706,
        59.942033320834994,
        139.95697080771498,
        527.041447851495,
        1303.515625,
        977.1425114915531,
        681.5992276209143,
        681.5992276209143,
        59.94203332083493
    ],
    "Static Temperatures": [
        1.2698087753191583,
        44.11029440122737,
        120.50659961430016,
        492.9680980706925,
        1248.8204300703478,
        931.2328184499828,
        644.2019075454505,
        545.7904624206932,
        4.4391862677623966
    ],
    "Total Pressures": [
        99.29823547694355,
        158.87717676310967,
        317.75435352621935,
        2916.8856671352164,
        2683.5348137643964,
        851.5331149033927,
        241.2893464070623,
        241.28934640706237,
        158.87717676310967
    ],
    "Static Pressures": [
        84.124656235234,
        133.97926458691475,
        267.52254953831897,
        2471.3060400687787,
        2288.551805510082,
        725.3227961600248,
        205.15190272702213,
        130.16712050086792,
        84.078252984913
    ],
    "Entropies": [
        6834.413225585567,
        6845.607178771453,
        6865.411001852655,
        6922.915975264233,
        7857.507055755813,
        7894.684599205718,
        7932.075712694955,
        7932.075712694955,
        6845.607178771453
    ],
    "Specifice Volumes": [
        0.9354134467594015,
        0.6780422909737055,
        0.42158869626980144,
        0.08894461073318198,
        0.19085409317298943,
        0.4765373414045932,
        1.283131058866454,
        1.8055630738500381,
        0.9458112098493399
    ],
    "Performance": {
        "Thrust": 99999.99999999999,
        "OPR": 28.787499999999994,
        "T4": 1303.515625,
        "Thermal Efficiency": 0.4668685758791292,
        "SFC": 0.049812335108862044,
        "TSFC": 6.995807288405631,
        "Air Mass Flow Rate": 192.47294353918664,
        "Fuel Mass Flow Rate": 0.699580728840563,
        "Core EGT": 681.5992276209143,
        "Bypass EGT": 59.94203332083493,
        "FAR": 0.022171648479302246,
        "Specific Thrust": 0.5195535443122707
    },
    "Pressure Ratios": {
        "Fan": 1.6,
        "LPC": 2.0,
        "HPC": 9.1796875,
        "HPT": 3.1514156840146446,
        "LPT": 3.5290953686236564
    },
    "Mechanical Parameters": {
        "LP Shaft Speed": 5490.0,
        "Fan Power": 8.697162317636797,
        "Fan Efficiency": 0.92,
        "LPC Power": 2.551441537256129,
        "LPC Efficiency": 0.9,
        "LPT Power": 11.478167198870333,
        "LPT Efficiency": 0.9100000000000001,
        "HP Shaft Speed": 15183.0,
        "HPC Power": 12.873976362897608,
        "HPC Efficiency": 0.89,
        "HPT Power": 13.290416175957166,
        "HPT Efficiency": 0.9000000000000001,
        "Burner Power": 5.594016815825643,
        "Burner Efficiency": 0.18595911659421274
    }
}