{
    "Stages": [
        "0. Fan Inlet",
        "1. LPC Inlet",
        "2. HPC Inlet",
        "3. Burner Inlet",
        "4. HPT Inlet",
        "5. LPT Inlet",
        "6. Core Nozz Inlet",
        "7. Core Nozz Outlet",
        "8. Byp Nozz Outlet"
    ],
    "Total Temperatures": [
        15.000057655676706,
        59.942033320834994,
        139.95697080771498,
        470.24834216807875,
        1325.78125,
        1051.920285584257,
        761.7801441266029,
        761.7801441266029,
        59.94203332083493
    ],
    "Static Temperatures": [
        1.2698087753191583,
        44.11029440122737,
        120.50659961430016,
        438.08972868238277,
        1270.8110957807035,
        1004.1423067396942,
        722.2085974095334,
        617.6876546586575,
        4.4391862677623966
    ],
    "Total Pressures": [
        99.29823547694355,
        158.87717676310967,
        317.75435352621935,
        2240.4164379485387,
        2061.183122912656,
        805.1430230925918,
        249.11634867665782,
        249.11634867665782,
        158.87717676310967
    ],
    "Static Pressures": [
        84.124656235234,
        133.97926458691475,
        267.52254953831897,
        1898.3079168687798,
        1759.788502316824,
        686.8849898150402,
        212.03725186481498,
        134.7983773039978,
        84.07825298491287
    ],
    "Entropies": [
        6834.413225585567,
        6845.607178771453,
        6865.411001852655,
        6917.8885023170515,
        7960.439164455047,
        7990.0760868966345,
        8024.550058185945,
        8024.550058185945,
        6845.607178771453
    ],
    "Specifice Volumes": [
        0.9354134467594015,
        0.6780422909737055,
        0.42158869626980144,
        0.1075074742827592,
        0.2518099514721144,
        0.5336404198137009,
        1.3472251109513567,
        1.8967202197851745,
        0.9458112098493416
    ],
    "Performance": {
        "Thrust": 99999.99999999999,
        "OPR": 22.11125,
        "T4": 1325.78125,
        "Thermal Efficiency": 0.4370148703623698,
        "SFC": 0.05321515474794898,
        "TSFC": 7.597792114747785,
        "Air Mass Flow Rate": 189.95502124097868,
        "Fuel Mass Flow Rate": 0.7597792114747783,
        "Core EGT": 761.7801441266029,
        "Bypass EGT": 59.94203332083493,
        "FAR": 0.02439868743515121,
        "Specific Thrust": 0.5264404138763937
    },
    "Pressure Ratios": {
        "Fan": 1.6,
        "LPC": 2.0,
        "HPC": 7.05078125,
        "HPT": 2.560021094134997,
        "LPT": 3.231995922265352
    },
    "Mechanical Parameters": {
        "LP Shaft Speed": 5490.0,
        "Fan Power": 8.583386435541177,
        "Fan Efficiency": 0.92,
        "LPC Power": 2.518063695045682,
        "LPC Efficiency": 0.9,
        "LPT Power": 11.32801033733353,
        "LPT Efficiency": 0.9099999999999999,
        "HP Shaft Speed": 15183.0,
        "HPC Power": 10.773793147399957,
        "HPC Efficiency": 0.89,
        "HPT Power": 11.147372078510585,
        "HPT Efficiency": 0.9000000000000001,
        "Burner Power": 5.717397854798264,
        "Burner Efficiency": 0.17500181473927545
    }
}