{
    "Stages": [
        "0. Fan Inlet",
        "1. LPC Inlet",
        "2. HPC Inlet",
        "3. Burner Inlet",
        "4. HPT Inlet",
        "5. LPT Inlet",
        "6. Core Nozz Inlet",
        "7. Core Nozz Outlet",
        "8. Byp Nozz Outlet"
    ],
    "Total Temperatures": [
        15.000057655676706,
        59.942033320834994,
        139.95697080771498,
        512.1324069596488,
        1404.2968749999998,
        1098.6014814715859,
        811.7116138752863,
        811.7116138752863,
        59.94203332083493
    ],
    "Static Temperatures": [
        1.2698087753191583,
        44.11029440122737,
        120.50659961430016,
        478.55941487717644,
        1347.526435434808,
        1049.6787623940509,
        770.7992680306878,
        662.581820817842,
        4.4391862677623966
    ],
    "Total Pressures": [
        99.29823547694355,
        158.87717676310967,
        317.75435352621935,
        2724.4953358986386,
        2506.53570902675,
        906.5558125162029,
        294.44094364955055,
        294.4409436495506,
        158.87717676310967
    ],
    "Static Pressures": [
        84.124656235234,
        133.97926458691475,
        267.52254953831886,
        2305.286712869116,
        2141.461796437543,
        773.2037124878414,
        250.3821595739038,
        159.1372622326027,
        84.07825298491302
    ],
    "Entropies": [
        6834.413225585567,
        6845.607178771453,
        6865.411001852655,
        6921.831808609917,
        7972.7121897971465,
        8005.067275849521,
        8037.7931404883775,
        8037.7931404883775,
        6845.607178771453
    ],
    "Specifice Volumes": [
        0.9354134467594015,
        0.6780422909737055,
        0.42158869626980155,
        0.093596671002242,
        0.2171963441131578,
        0.49095470724587864,
        1.1963586288147299,
        1.6871499793722402,
        0.9458112098493398
    ],
    "Performance": {
        "Thrust": 99999.99999999999,
        "OPR": 26.888749999999998,
        "T4": 1404.2968749999998,
        "Thermal Efficiency": 0.41989589539199446,
        "SFC": 0.05538471370809156,
        "TSFC": 7.949739578455839,
        "Air Mass Flow Rate": 187.55173949064698,
        "Fuel Mass Flow Rate": 0.7949739578455838,
        "Core EGT": 811.7116138752863,
        "Bypass EGT": 59.94203332083493,
        "FAR": 0.02585601795018218,
        "Specific Thrust": 0.5331862038261015
    },
    "Pressure Ratios": {
        "Fan": 1.6,
        "LPC": 2.0,
        "HPC": 8.57421875,
        "HPT": 2.7648994958950204,
        "LPT": 3.0789054038462917
    },
    "Mechanical Parameters": {
        "LP Shaft Speed": 5490.0,
        "Fan Power": 8.474790748826416,
        "Fan Efficiency": 0.92,
        "LPC Power": 2.486205539968018,
        "LPC Efficiency": 0.9,
        "LPT Power": 11.184690090606566,
        "LPT Efficiency": 0.9100000000000001,
        "HP Shaft Speed": 15183.0,
        "HPC Power": 12.041063114052783,
        "HPC Efficiency": 0.89,
        "HPT Power": 12.440504697544078,
        "HPT Efficiency": 0.8999999999999999,
        "Burner Power": 6.200860748703498,
        "Burner Efficiency": 0.1813972174813654
    }
}