{
    "Stages": [
        "0. Fan Inlet",
        "1. LPC Inlet",
        "2. HPC Inlet",
        "3. Burner Inlet",
        "4. HPT Inlet",
        "5. LPT Inlet",
        "6. Core Nozz Inlet",
        "7. Core Nozz Outlet",
        "8. Byp Nozz Outlet"
    ],
    "Total Temperatures": [
        15.000057655676706,
        59.942033320834994,
        139.95697080771498,
        479.7327711955425,
        1311.7187499999998,
        1028.602098556905,
        736.7727912527125,
        736.7727912527125,
        59.94203332083493
    ],
    "Static Temperatures": [
        1.2698087753191583,
        44.11029440122737,
        120.50659961430016,
        447.24135119274234,
        1257.0042640382078,
        981.3760299669339,
        697.8663044372692,
        595.2205413242344,
        4.4391862677623966
    ],
    "Total Pressures": [
        99.29823547694355,
        158.87717676310967,
        317.75435352621935,
        2345.9208131427913,
        2158.247148091366,
        808.5644744845201,
        243.91565258683352,
        243.91565258683352,
        158.87717676310967
    ],
    "Static Pressures": [
        84.124656235234,
        133.97926458691475,
        267.52254953831897,
        1983.486809073876,
        1842.7990487866277,
        689.4577342178903,
        207.58187152318817,
        131.84086617048837,
        84.07825298491287
    ],
    "Entropies": [
        6834.413225585567,
        6845.607178771453,
        6865.411001852655,
        6918.792889004742,
        7933.16665923552,
        7964.292771743422,
        7999.610473949765,
        7999.610473949765,
        6845.607178771453
    ],
    "Specifice Volumes": [
        0.9354134467594015,
        0.6780422909737055,
        0.42158869626980144,
        0.10424124334699784,
        0.2382942664955012,
        0.5221569408918562,
        1.3422088244368886,
        1.8897532304100917,
        0.9458112098493415
    ],
    "Performance": {
        "Thrust": 99999.99999999999,
        "OPR": 23.1525,
        "T4": 1311.7187499999998,
        "Thermal Efficiency": 0.4459420227194345,
        "SFC": 0.05214985977699577,
        "TSFC": 7.4110755396830745,
        "Air Mass Flow Rate": 190.81114278404652,
        "Fuel Mass Flow Rate": 0.7411075539683073,
        "Core EGT": 736.7727912527125,
        "Bypass EGT": 59.94203332083493,
        "FAR": 0.02369230650393992,
        "Specific Thrust": 0.5240784083200871
    },
    "Pressure Ratios": {
        "Fan": 1.6,
        "LPC": 2.0,
        "HPC": 7.3828125,
        "HPT": 2.6692332104589416,
        "LPT": 3.3149347567871756
    },
    "Mechanical Parameters": {
        "LP Shaft Speed": 5490.0,
        "Fan Power": 8.622071498941638,
        "Fan Efficiency": 0.92,
        "LPC Power": 2.52941253206016,
        "LPC Efficiency": 0.9,
        "LPT Power": 11.379065337756938,
        "LPT Efficiency": 0.9100000000000001,
        "HP Shaft Speed": 15183.0,
        "HPC Power": 11.14389040832531,
        "HPC Efficiency": 0.89,
        "HPT Power": 11.52502234476095,
        "HPT Efficiency": 0.8999999999999999,
        "Burner Power": 5.642885334448014,
        "Burner Efficiency": 0.1770726675178417
    }
}