{
    "Stages": [
        "0. Fan Inlet",
        "1. LPC Inlet",
        "2. HPC Inlet",
        "3. Burner Inlet",
        "4. HPT Inlet",
        "5. LPT Inlet",
        "6. Core Nozz Inlet",
        "7. Core Nozz Outlet",
        "8. Byp Nozz Outlet"
    ],
    "Total Temperatures": [
        15.000057655676706,
        59.942033320834994,
        139.95697080771498,
        491.17728238261174,
        1428.9062499999998,
        1143.2268512612943,
        859.3911414642407,
        859.3911414642407,
        59.94203332083493
    ],
    "Static Temperatures": [
        1.2698087753191583,
        44.11029440122737,
        120.50659961430016,
        458.30303776194665,
        1371.7328951585623,
        1093.2746038948906,
        817.2288537171884,
        705.5322127385014,
        4.4391862677623966
    ],
    "Total Pressures": [
        99.29823547694355,
        158.87717676310967,
        317.75435352621935,
        2476.2497472062796,
        2278.1497674297775,
        897.2901228941537,
        304.6105695269752,
        304.6105695269752,
        158.87717676310967
    ],
    "Static Pressures": [
        84.124656235234,
        133.97926458691475,
        267.52254953831897,
        2096.389962449138,
        1948.3266206902,
        765.8233915066544,
        259.26261655958785,
        164.95404666597128,
        84.07825298491304
    ],
    "Entropies": [
        6834.413225585567,
        6845.607178771453,
        6865.411001852655,
        6919.797895268045,
        8023.848470282563,
        8053.316396621684,
        8084.708980805633,
        8084.708980805633,
        6845.607178771453
    ],
    "Specifice Volumes": [
        0.9354134467594015,
        0.6780422909737055,
        0.42158869626980144,
        0.10010300840288604,
        0.24231180069550232,
        0.5120660262873683,
        1.2069169877468282,
        1.702346997064764,
        0.9458112098493395
    ],
    "Performance": {
        "Thrust": 99999.99999999999,
        "OPR": 24.43875,
        "T4": 1428.9062499999998,
        "Thermal Efficiency": 0.4054151262354366,
        "SFC": 0.057362965633361775,
        "TSFC": 8.308524079916037,
        "Air Mass Flow Rate": 186.07584922713377,
        "Fuel Mass Flow Rate": 0.8308524079916034,
        "Core EGT": 859.3911414642407,
        "Bypass EGT": 59.94203332083493,
        "FAR": 0.027237278291619003,
        "Specific Thrust": 0.5374152552056062
    },
    "Pressure Ratios": {
        "Fan": 1.6,
        "LPC": 2.0,
        "HPC": 7.79296875,
        "HPT": 2.5389221493732106,
        "LPT": 2.9456959562747307
    },
    "Mechanical Parameters": {
        "LP Shaft Speed": 5490.0,
        "Fan Power": 8.40810055877287,
        "Fan Efficiency": 0.92,
        "LPC Power": 2.4666409837581056,
        "LPC Efficiency": 0.9,
        "LPT Power": 11.096675043398955,
        "LPT Efficiency": 0.9099999999999999,
        "HP Shaft Speed": 15183.0,
        "HPC Power": 11.248461115741737,
        "HPC Efficiency": 0.89,
        "HPT Power": 11.631727148247098,
        "HPT Efficiency": 0.9000000000000002,
        "Burner Power": 6.330146982888273,
        "Burner Efficiency": 0.17718275726989668
    }
}