{
    "Stages": [
        "0. Fan Inlet",
        "1. LPC Inlet",
        "2. HPC Inlet",
        "3. Burner Inlet",
        "4. HPT Inlet",
        "5. LPT Inlet",
        "6. Core Nozz Inlet",
        "7. Core Nozz Outlet",
        "8. Byp Nozz Outlet"
    ],
    "Total Temperatures": [
        15.000057655676706,
        59.94203332083493,
        139.95697080771524,
        478.15412155018265,
        1438.28125,
        1164.5092147816845,
        882.0592114054193,
        882.0592114054193,
        59.94203332083493
    ],
    "Static Temperatures": [
        1.2698087753191583,
        44.11029440122737,
        120.50659961430041,
        445.72446440476375,
        1380.935612652305,
        1114.0357565085114,
        839.3141111796064,
        726.010186079394,
        4.4391862677624285
    ],
    "Total Pressures": [
        99.29823547694353,
        158.87717676310967,
        317.75435352621935,
        2327.3023939908644,
        2141.1182024715954,
        880.6822075126544,
        304.7255566360812,
        304.7255566360812,
        158.87717676310967
    ],
    "Static Pressures": [
        84.12465623523386,
        133.97926458691458,
        267.5225495383185,
        1967.9541432504893,
        1829.7308145327038,
        751.3200838150692,
        259.43298180717403,
        165.22370278488424,
        84.07825298491308
    ],
    "Entropies": [
        6834.413225585567,
        6845.607178771453,
        6865.411001852656,
        6918.661885500957,
        8052.209460508629,
        8080.0915647407755,
        8110.717239610292,
        8110.717239610292,
        6845.607178771453
    ],
    "Specifice Volumes": [
        0.9354134467594029,
        0.678042290973705,
        0.4215886962698025,
        0.10485202419233708,
        0.25944190695246266,
        0.5298360883454819,
        1.2304275011540575,
        1.7353489022041027,
        0.9458112098493389
    ],
    "Performance": {
        "Thrust": 99999.99999999999,
        "OPR": 22.968750000000004,
        "T4": 1438.28125,
        "Thermal Efficiency": 0.39895207588055415,
        "SFC": 0.058292249519341116,
        "TSFC": 8.483052836241711,
        "Air Mass Flow Rate": 185.47113216955879,
        "Fuel Mass Flow Rate": 0.848305283624171,
        "Core EGT": 882.0592114054193,
        "Bypass EGT": 59.94203332083493,
        "FAR": 0.027900095123033687,
        "Specific Thrust": 0.5391674641236319
    },
    "Pressure Ratios": {
        "Fan": 1.6,
        "LPC": 2.0,
        "HPC": 7.32421875,
        "HPT": 2.431204109957231,
        "LPT": 2.8900831857843703
    },
    "Mechanical Parameters": {
        "LP Shaft Speed": 5490.0,
        "Fan Power": 8.380775562805816,
        "Fan Efficiency": 0.92,
        "LPC Power": 2.4586247909851804,
        "LPC Efficiency": 0.9,
        "LPT Power": 11.060612605909181,
        "LPT Efficiency": 0.9100000000000004,
        "HP Shaft Speed": 15183.0,
        "HPC Power": 10.779923281914138,
        "HPC Efficiency": 0.89,
        "HPT Power": 11.15362731781077,
        "HPT Efficiency": 0.8999999999999999,
        "Burner Power": 6.369420611903713,
        "Burner Efficiency": 0.17461409660106733
    }
}