{
    "Stages": [
        "0. Fan Inlet",
        "1. LPC Inlet",
        "2. HPC Inlet",
        "3. Burner Inlet",
        "4. HPT Inlet",
        "5. LPT Inlet",
        "6. Core Nozz Inlet",
        "7. Core Nozz Outlet",
        "8. Byp Nozz Outlet"
    ],
    "Total Temperatures": [
        15.000057655676706,
        59.942033320834994,
        139.95697080771538,
        514.0235595972828,
        1326.9531249999998,
        1014.1358199061236,
        721.3195073733293,
        721.3195073733293,
        59.942033320834994
    ],
    "Static Temperatures": [
        1.2698087753191583,
        44.1102944012275,
        120.50659961430048,
        480.38240379744514,
        1271.8215862843454,
        967.295942891449,
        682.8304420031453,
        581.3666843111272,
        4.43918626776246
    ],
    "Total Pressures": [
        99.29823547694352,
        158.87717676310965,
        317.7543535262193,
        2749.3198947678743,
        2529.374303186444,
        856.2702561655116,
        253.6134531299923,
        253.6134531299923,
        158.87717676310965
    ],
    "Static Pressures": [
        84.124656235234,
        133.97926458691427,
        267.5225495383182,
        2326.387892060877,
        2160.506148229447,
        729.6046720283343,
        215.43831672795937,
        136.73373949785838,
        84.07825298491301
    ],
    "Entropies": [
        6834.413225585567,
        6845.607178771453,
        6865.411001852656,
        6921.996969449502,
        7898.291659189049,
        7933.082095740871,
        7969.054327642401,
        7969.0543276424005,
        6845.607178771453
    ],
    "Specifice Volumes": [
        0.9354134467594013,
        0.6780422909737036,
        0.4215886962698031,
        0.09297207224362518,
        0.2052381444547279,
        0.4879144644652267,
        1.273484502652131,
        1.7936254129581013,
        0.9458112098493399
    ],
    "Performance": {
        "Thrust": 99999.99999999999,
        "OPR": 27.133750000000003,
        "T4": 1326.9531249999998,
        "Thermal Efficiency": 0.45136945020272934,
        "SFC": 0.05152279123685306,
        "TSFC": 7.2873860733070455,
        "Air Mass Flow Rate": 190.9946798294609,
        "Fuel Mass Flow Rate": 0.7287386073307045,
        "Core EGT": 721.3195073733293,
        "Bypass EGT": 59.942033320834994,
        "FAR": 0.023274499104825888,
        "Specific Thrust": 0.523574793231361
    },
    "Pressure Ratios": {
        "Fan": 1.6,
        "LPC": 2.0,
        "HPC": 8.65234375,
        "HPT": 2.95394390364194,
        "LPT": 3.376280893307055
    },
    "Mechanical Parameters": {
        "LP Shaft Speed": 5490.0,
        "Fan Power": 8.630364880057531,
        "Fan Efficiency": 0.92,
        "LPC Power": 2.531845518394171,
        "LPC Efficiency": 0.9,
        "LPT Power": 11.390010610665005,
        "LPT Efficiency": 0.91,
        "HP Shaft Speed": 15183.0,
        "HPC Power": 12.326825500822052,
        "HPC Efficiency": 0.89,
        "HPT Power": 12.732098969757622,
        "HPT Efficiency": 0.9000000000000001,
        "Burner Power": 5.7372151417969945,
        "Burner Efficiency": 0.18308843062052724
    }
}