{
    "Stages": [
        "0. Fan Inlet",
        "1. LPC Inlet",
        "2. HPC Inlet",
        "3. Burner Inlet",
        "4. HPT Inlet",
        "5. LPT Inlet",
        "6. Core Nozz Inlet",
        "7. Core Nozz Outlet",
        "8. Byp Nozz Outlet"
    ],
    "Total Temperatures": [
        15.000057655676706,
        59.942033320834994,
        139.95697080771498,
        473.91509928107104,
        1420.7031249999998,
        1149.494567951056,
        866.0618940739836,
        866.0618940739836,
        59.94203332083493
    ],
    "Static Temperatures": [
        1.2698087753191583,
        44.11029440122737,
        120.50659961430016,
        441.6331239009111,
        1363.7373006707721,
        1099.4024641293163,
        823.7498291220603,
        711.5660294940525,
        4.4391862677623966
    ],
    "Total Pressures": [
        99.29823547694355,
        158.87717676310967,
        317.75435352621935,
        2277.6532762523925,
        2095.4410141522035,
        863.3548165422773,
        294.3239020266744,
        294.32390202667443,
        158.87717676310967
    ],
    "Static Pressures": [
        84.124656235234,
        133.97926458691475,
        267.52254953831897,
        1930.6305699673487,
        1790.3866186655162,
        736.6812792150841,
        250.53678668410743,
        159.36452742308333,
        84.07825298491309
    ],
    "Entropies": [
        6834.413225585567,
        6845.607178771453,
        6865.411001852655,
        6918.247202817331,
        8042.898942771463,
        8070.727316448818,
        8101.894597364304,
        8101.894597364304,
        6845.607178771453
    ],
    "Specifice Volumes": [
        0.9354134467594015,
        0.6780422909737055,
        0.42158869626980144,
        0.10625260782579234,
        0.26238552953369815,
        0.5347304794265676,
        1.2565618342221054,
        1.7730502227746492,
        0.9458112098493389
    ],
    "Performance": {
        "Thrust": 99999.99999999999,
        "OPR": 22.478749999999998,
        "T4": 1420.7031249999998,
        "Thermal Efficiency": 0.4035882985425566,
        "SFC": 0.057622617002202677,
        "TSFC": 8.366745309464244,
        "Air Mass Flow Rate": 186.09677199474356,
        "Fuel Mass Flow Rate": 0.8366745309464244,
        "Core EGT": 866.0618940739836,
        "Bypass EGT": 59.94203332083493,
        "FAR": 0.027425057318658637,
        "Specific Thrust": 0.537354833875488
    },
    "Pressure Ratios": {
        "Fan": 1.6,
        "LPC": 2.0,
        "HPC": 7.16796875,
        "HPT": 2.427091358040269,
        "LPT": 2.9333493154899526
    },
    "Mechanical Parameters": {
        "LP Shaft Speed": 5490.0,
        "Fan Power": 8.409045983634622,
        "Fan Efficiency": 0.92,
        "LPC Power": 2.466918338161132,
        "LPC Efficiency": 0.9,
        "LPT Power": 11.097922777342605,
        "LPT Efficiency": 0.9100000000000001,
        "HP Shaft Speed": 15183.0,
        "HPC Power": 10.67616645991101,
        "HPC Efficiency": 0.89,
        "HPT Power": 11.04775300964432,
        "HPT Efficiency": 0.9000000000000001,
        "Burner Power": 6.26218169637448,
        "Burner Efficiency": 0.17406067363983202
    }
}