{
    "Stages": [
        "0. Fan Inlet",
        "1. LPC Inlet",
        "2. HPC Inlet",
        "3. Burner Inlet",
        "4. HPT Inlet",
        "5. LPT Inlet",
        "6. Core Nozz Inlet",
        "7. Core Nozz Outlet",
        "8. Byp Nozz Outlet"
    ],
    "Total Temperatures": [
        15.000057655676706,
        59.94203332083493,
        139.95697080771544,
        489.5309155653573,
        1349.21875,
        1059.803253047323,
        770.2073865590597,
        770.2073865590597,
        59.94203332083487
    ],
    "Static Temperatures": [
        1.2698087753191583,
        44.11029440122737,
        120.50659961430054,
        456.7116902712545,
        1293.6767258080554,
        1011.8189076506366,
        730.4026302589488,
        625.2515811131601,
        4.4391862677623966
    ],
    "Total Pressures": [
        99.29823547694355,
        158.87717676310967,
        317.75435352621935,
        2457.6313280543527,
        2261.0208218100047,
        846.6405319830935,
        264.28298756953484,
        264.28298756953495,
        158.87717676310967
    ],
    "Static Pressures": [
        84.124656235234,
        133.97926458691455,
        267.5225495383194,
        2080.2598826479516,
        1932.074538489593,
        721.3198174439028,
        224.7956858130693,
        142.79526357980095,
        84.07825298491295
    ],
    "Entropies": [
        6834.413225585567,
        6845.607178771453,
        6865.411001852656,
        6919.638098403578,
        7953.282478655034,
        7984.51980441864,
        8018.65664896608,
        8018.65664896608,
        6845.607178771453
    ],
    "Specifice Volumes": [
        0.9354134467594015,
        0.678042290973704,
        0.4215886962698011,
        0.10066250613859859,
        0.23273392447351146,
        0.5112009363696463,
        1.2810029810262993,
        1.8052863763363276,
        0.9458112098493405
    ],
    "Performance": {
        "Thrust": 99999.99999999999,
        "OPR": 24.255,
        "T4": 1349.21875,
        "Thermal Efficiency": 0.43389014944056914,
        "SFC": 0.05359839116760996,
        "TSFC": 7.651418863241464,
        "Air Mass Flow Rate": 189.3457927656775,
        "Fuel Mass Flow Rate": 0.7651418863241464,
        "Core EGT": 770.2073865590597,
        "Bypass EGT": 59.94203332083487,
        "FAR": 0.02464995624356614,
        "Specific Thrust": 0.5281342592267352
    },
    "Pressure Ratios": {
        "Fan": 1.6,
        "LPC": 2.0,
        "HPC": 7.734375,
        "HPT": 2.6705794683772055,
        "LPT": 3.20353776748621
    },
    "Mechanical Parameters": {
        "LP Shaft Speed": 5490.0,
        "Fan Power": 8.555857584780163,
        "Fan Efficiency": 0.92,
        "LPC Power": 2.5099876984459657,
        "LPC Efficiency": 0.9,
        "LPT Power": 11.291678860434823,
        "LPT Efficiency": 0.9100000000000001,
        "HP Shaft Speed": 15183.0,
        "HPC Power": 11.39034153045854,
        "HPC Efficiency": 0.89,
        "HPT Power": 11.776503081631587,
        "HPT Efficiency": 0.8999999999999995,
        "Burner Power": 5.861256596030877,
        "Burner Efficiency": 0.1781477335998368
    }
}