{
    "Stages": [
        "0. Fan Inlet",
        "1. LPC Inlet",
        "2. HPC Inlet",
        "3. Burner Inlet",
        "4. HPT Inlet",
        "5. LPT Inlet",
        "6. Core Nozz Inlet",
        "7. Core Nozz Outlet",
        "8. Byp Nozz Outlet"
    ],
    "Total Temperatures": [
        15.000057655676706,
        59.942033320834994,
        139.95697080771498,
        504.3482085948541,
        1375.0,
        1074.1491335317162,
        785.5946648333857,
        785.5946648333857,
        59.94203332083493
    ],
    "Static Temperatures": [
        1.2698087753191583,
        44.11029440122737,
        120.50659961430016,
        471.0344447905791,
        1318.8555179466473,
        1025.8425703358039,
        745.3649607544455,
        639.0658166833201,
        4.4391862677623966
    ],
    "Total Pressures": [
        99.29823547694355,
        158.87717676310967,
        317.75435352621935,
        2625.197100421695,
        2415.1813323879596,
        876.6681727474303,
        277.7360625538935,
        277.73606255389336,
        158.87717676310967
    ],
    "Static Pressures": [
        84.124656235234,
        133.97926458691475,
        267.52254953831897,
        2225.4374882355096,
        2062.118943495808,
        747.6421469477798,
        236.3615096773409,
        150.24109927735813,
        84.07825298491298
    ],
    "Entropies": [
        6834.413225585567,
        6845.607178771453,
        6865.411001852655,
        6921.076270176687,
        7957.301280452036,
        7989.56864850558,
        8023.174473787182,
        8023.174473787182,
        6845.607178771453
    ],
    "Specifice Volumes": [
        0.9354134467594015,
        0.6780422909737055,
        0.42158869626980144,
        0.09595073614692255,
        0.22155767116164915,
        0.49864500826262714,
        1.2365154521816684,
        1.7420940852648787,
        0.9458112098493401
    ],
    "Performance": {
        "Thrust": 99999.99999999999,
        "OPR": 25.908749999999998,
        "T4": 1375.0,
        "Thermal Efficiency": 0.42851851339178393,
        "SFC": 0.05427026657358477,
        "TSFC": 7.760192423336686,
        "Air Mass Flow Rate": 188.60589208231477,
        "Fuel Mass Flow Rate": 0.7760192423336685,
        "Core EGT": 785.5946648333857,
        "Bypass EGT": 59.94203332083493,
        "FAR": 0.025098459682104755,
        "Specific Thrust": 0.530206129278062
    },
    "Pressure Ratios": {
        "Fan": 1.6,
        "LPC": 2.0,
        "HPC": 8.26171875,
        "HPT": 2.7549549618288443,
        "LPT": 3.1564794455790794
    },
    "Mechanical Parameters": {
        "LP Shaft Speed": 5490.0,
        "Fan Power": 8.522424125386827,
        "Fan Efficiency": 0.92,
        "LPC Power": 2.5001794973436935,
        "LPC Efficiency": 0.9,
        "LPT Power": 11.247554717071958,
        "LPT Efficiency": 0.9099999999999997,
        "HP Shaft Speed": 15183.0,
        "HPC Power": 11.845986629447289,
        "HPC Efficiency": 0.89,
        "HPT Power": 12.241447060191536,
        "HPT Efficiency": 0.9000000000000001,
        "Burner Power": 6.020780000327466,
        "Burner Efficiency": 0.1804312727110122
    }
}