{
    "Stages": [
        "0. Fan Inlet",
        "1. LPC Inlet",
        "2. HPC Inlet",
        "3. Burner Inlet",
        "4. HPT Inlet",
        "5. LPT Inlet",
        "6. Core Nozz Inlet",
        "7. Core Nozz Outlet",
        "8. Byp Nozz Outlet"
    ],
    "Total Temperatures": [
        15.000057655676706,
        59.942033320834994,
        139.95697080771498,
        531.9597218177287,
        1331.640625,
        1002.9076359701205,
        709.254233662528,
        709.254233662528,
        59.94203332083493
    ],
    "Static Temperatures": [
        1.2698087753191583,
        44.11029440122737,
        120.50659961430016,
        497.7233602113603,
        1276.3400350364,
        956.3486305453454,
        671.0954241019302,
        570.5478388450431,
        4.4391862677623966
    ],
    "Total Pressures": [
        99.29823547694355,
        158.87717676310967,
        317.75435352621935,
        2978.9470643083064,
        2740.6312991636423,
        876.1547744394044,
        256.11349298212843,
        256.1134929821285,
        158.87717676310967
    ],
    "Static Pressures": [
        84.124656235234,
        133.97926458691475,
        267.52254953831897,
        2524.9856317544168,
        2338.928013495571,
        746.6880227063252,
        217.55567270643218,
        137.93777349365723,
        84.07825298491298
    ],
    "Entropies": [
        6834.413225585567,
        6845.607178771453,
        6865.411001852655,
        6923.388821917921,
        7877.687424587842,
        7914.53522608681,
        7950.848024218833,
        7950.848024218833,
        6845.607178771453
    ],
    "Specifice Volumes": [
        0.9354134467594015,
        0.6780422909737055,
        0.42158869626980144,
        0.08759234947602401,
        0.19012776905664674,
        0.47256594894163145,
        1.245325027371145,
        1.754881972835603,
        0.9458112098493401
    ],
    "Performance": {
        "Thrust": 99999.99999999999,
        "OPR": 29.4,
        "T4": 1331.640625,
        "Thermal Efficiency": 0.4557906152935704,
        "SFC": 0.05102302060017081,
        "TSFC": 7.195589617452137,
        "Air Mass Flow Rate": 191.28816896395358,
        "Fuel Mass Flow Rate": 0.7195589617452136,
        "Core EGT": 709.254233662528,
        "Bypass EGT": 59.94203332083493,
        "FAR": 0.022946059290645027,
        "Specific Thrust": 0.5227714842042532
    },
    "Pressure Ratios": {
        "Fan": 1.6,
        "LPC": 2.0,
        "HPC": 9.375,
        "HPT": 3.1280218736663246,
        "LPT": 3.4209629654324476
    },
    "Mechanical Parameters": {
        "LP Shaft Speed": 5490.0,
        "Fan Power": 8.643626601908977,
        "Fan Efficiency": 0.92,
        "LPC Power": 2.535736041159119,
        "LPC Efficiency": 0.9,
        "LPT Power": 11.407512901089895,
        "LPT Efficiency": 0.9100000000000001,
        "HP Shaft Speed": 15183.0,
        "HPC Power": 12.964352355986517,
        "HPC Efficiency": 0.89,
        "HPT Power": 13.382636577068295,
        "HPT Efficiency": 0.9000000000000001,
        "Burner Power": 5.763860664036802,
        "Burner Efficiency": 0.18628531973469156
    }
}