{
    "Stages": [
        "0. Fan Inlet",
        "1. LPC Inlet",
        "2. HPC Inlet",
        "3. Burner Inlet",
        "4. HPT Inlet",
        "5. LPT Inlet",
        "6. Core Nozz Inlet",
        "7. Core Nozz Outlet",
        "8. Byp Nozz Outlet"
    ],
    "Total Temperatures": [
        15.000057655676706,
        59.942033320834994,
        139.95697080771498,
        522.1231716488577,
        1391.40625,
        1075.9139730722447,
        787.4962831259836,
        787.4962831259836,
        59.94203332083493
    ],
    "Static Temperatures": [
        1.2698087753191583,
        44.11029440122737,
        120.50659961430016,
        488.21298468637195,
        1334.8933260562385,
        1027.5706714130347,
        747.214884748376,
        640.7757528628547,
        4.4391862677623966
    ],
    "Total Pressures": [
        99.29823547694355,
        158.87717676310967,
        317.75435352621935,
        2854.824269962127,
        2626.438328365157,
        912.3847735528052,
        289.41201297217486,
        289.4120129721749,
        158.87717676310967
    ],
    "Static Pressures": [
        84.124656235234,
        133.97926458691475,
        267.52254953831897,
        2417.628277305117,
        2245.2639118482234,
        778.5284849185224,
        246.20748346413026,
        156.56274777068737,
        84.07825298491304
    ],
    "Entropies": [
        6834.413225585567,
        6845.607178771453,
        6865.411001852655,
        6922.443128640249,
        7945.822781049019,
        7979.678652243664,
        8013.282382259328,
        8013.282382259328,
        6845.607178771453
    ],
    "Specifice Volumes": [
        0.9354134467594015,
        0.6780422909737055,
        0.42158869626980144,
        0.09036374719303487,
        0.2055511014368417,
        0.47951434536291343,
        1.1892624679768475,
        1.6749272008942893,
        0.9458112098493393
    ],
    "Performance": {
        "Thrust": 99999.99999999999,
        "OPR": 28.174999999999997,
        "T4": 1391.40625,
        "Thermal Efficiency": 0.4277245345430396,
        "SFC": 0.05437100768216106,
        "TSFC": 7.767623034335957,
        "Air Mass Flow Rate": 188.30695382424517,
        "Fuel Mass Flow Rate": 0.7767623034335956,
        "Core EGT": 787.4962831259836,
        "Bypass EGT": 59.94203332083493,
        "FAR": 0.02516237427624336,
        "Specific Thrust": 0.5310478342362981
    },
    "Pressure Ratios": {
        "Fan": 1.6,
        "LPC": 2.0,
        "HPC": 8.984375,
        "HPT": 2.878652082429945,
        "LPT": 3.1525463099575113
    },
    "Mechanical Parameters": {
        "LP Shaft Speed": 5490.0,
        "Fan Power": 8.508916177175635,
        "Fan Efficiency": 0.92,
        "LPC Power": 2.496216740424779,
        "LPC Efficiency": 0.9,
        "LPT Power": 11.229727466939202,
        "LPT Efficiency": 0.9099999999999999,
        "HP Shaft Speed": 15183.0,
        "HPC Power": 12.428346279693455,
        "HPC Efficiency": 0.89,
        "HPT Power": 12.835691601259056,
        "HPT Efficiency": 0.9000000000000002,
        "Burner Power": 6.126921876958459,
        "Burner Efficiency": 0.18343649614335936
    }
}