{
    "Stages": [
        "0. Fan Inlet",
        "1. LPC Inlet",
        "2. HPC Inlet",
        "3. Burner Inlet",
        "4. HPT Inlet",
        "5. LPT Inlet",
        "6. Core Nozz Inlet",
        "7. Core Nozz Outlet",
        "8. Byp Nozz Outlet"
    ],
    "Total Temperatures": [
        15.000057655676706,
        59.94203332083493,
        139.95697080771524,
        481.3022228533457,
        1366.796875,
        1085.777041858814,
        798.0098431191934,
        798.0098431191934,
        59.94203332083493
    ],
    "Static Temperatures": [
        1.2698087753191583,
        44.11029440122737,
        120.50659961430041,
        448.7582536166876,
        1310.9066533677671,
        1037.1810975146982,
        757.4732729697548,
        650.2650411406514,
        4.4391862677624285
    ],
    "Total Pressures": [
        99.29823547694353,
        158.87717676310967,
        317.75435352621935,
        2364.539232294718,
        2175.376093711143,
        845.2575398302662,
        271.2330241579669,
        271.2330241579669,
        158.87717676310967
    ],
    "Static Pressures": [
        84.12465623523386,
        133.97926458691458,
        267.5225495383184,
        1999.6124862970235,
        1858.4043684768985,
        720.5182902010732,
        230.89975723317997,
        146.8248550618428,
        84.07825298491284
    ],
    "Entropies": [
        6834.413225585567,
        6845.607178771453,
        6865.411001852656,
        6918.843575223882,
        7982.032508463517,
        8011.8988361252705,
        8045.142470401276,
        8045.142470401276,
        6845.607178771453
    ],
    "Specifice Volumes": [
        0.9354134467594029,
        0.678042290973705,
        0.4215886962698028,
        0.10361006578208105,
        0.24462560193154076,
        0.5218971543615747,
        1.2809691802075862,
        1.805038457952348,
        0.9458112098493421
    ],
    "Performance": {
        "Thrust": 99999.99999999999,
        "OPR": 23.33625,
        "T4": 1366.796875,
        "Thermal Efficiency": 0.424599485120087,
        "SFC": 0.054771177941751535,
        "TSFC": 7.858560540138898,
        "Air Mass Flow Rate": 188.40276211359577,
        "Fuel Mass Flow Rate": 0.7858560540138897,
        "Core EGT": 798.0098431191934,
        "Bypass EGT": 59.94203332083493,
        "FAR": 0.025444010882358484,
        "Specific Thrust": 0.5307777809526267
    },
    "Pressure Ratios": {
        "Fan": 1.6,
        "LPC": 2.0,
        "HPC": 7.44140625,
        "HPT": 2.5736251866291195,
        "LPT": 3.1163518618509793
    },
    "Mechanical Parameters": {
        "LP Shaft Speed": 5490.0,
        "Fan Power": 8.513245410305931,
        "Fan Efficiency": 0.92,
        "LPC Power": 2.497486785162336,
        "LPC Efficiency": 0.9,
        "LPT Power": 11.235441015783945,
        "LPT Efficiency": 0.9099999999999999,
        "HP Shaft Speed": 15183.0,
        "HPC Power": 11.056153830559978,
        "HPC Efficiency": 0.89,
        "HPT Power": 11.435495224592241,
        "HPT Efficiency": 0.8999999999999997,
        "Burner Power": 5.956970231735049,
        "Burner Efficiency": 0.17628443622481818
    }
}