{
    "Stages": [
        "0. Fan Inlet",
        "1. LPC Inlet",
        "2. HPC Inlet",
        "3. Burner Inlet",
        "4. HPT Inlet",
        "5. LPT Inlet",
        "6. Core Nozz Inlet",
        "7. Core Nozz Outlet",
        "8. Byp Nozz Outlet"
    ],
    "Total Temperatures": [
        15.000057655676706,
        59.942033320834994,
        139.95697080771498,
        527.5332753487565,
        1312.890625,
        986.7899830027293,
        691.952048241231,
        691.952048241231,
        59.94203332083493
    ],
    "Static Temperatures": [
        1.2698087753191583,
        44.11029440122737,
        120.50659961430016,
        493.44361759042357,
        1258.00734498682,
        940.6207805016662,
        654.2821803415468,
        555.0508906134808,
        4.4391862677623966
    ],
    "Total Pressures": [
        99.29823547694355,
        158.87717676310967,
        317.75435352621935,
        2923.0918068525257,
        2689.244462304324,
        859.3316644205964,
        245.9747518564436,
        245.97475185644367,
        158.87717676310967
    ],
    "Static Pressures": [
        84.124656235234,
        133.97926458691475,
        267.52254953831897,
        2476.6739169321827,
        2294.216407778139,
        731.8778028589483,
        209.28814705687049,
        132.782077381114,
        84.07825298491295
    ],
    "Entropies": [
        6834.413225585567,
        6845.607178771453,
        6865.411001852655,
        6922.963259928265,
        7865.691614492444,
        7902.639754259096,
        7939.733266437013,
        7939.733266437013,
        6845.607178771453
    ],
    "Specifice Volumes": [
        0.9354134467594015,
        0.6780422909737055,
        0.42158869626980144,
        0.08880644486493733,
        0.19153385591940492,
        0.47590705436297975,
        1.2717410183572293,
        1.7897322681805947,
        0.9458112098493406
    ],
    "Performance": {
        "Thrust": 99999.99999999999,
        "OPR": 28.84875,
        "T4": 1312.890625,
        "Thermal Efficiency": 0.4626595616822228,
        "SFC": 0.05026549947207533,
        "TSFC": 7.070873435205998,
        "Air Mass Flow Rate": 192.03903308409858,
        "Fuel Mass Flow Rate": 0.7070873435205997,
        "Core EGT": 691.952048241231,
        "Bypass EGT": 59.94203332083493,
        "FAR": 0.022460188047222607,
        "Specific Thrust": 0.5207274708376997
    },
    "Pressure Ratios": {
        "Fan": 1.6,
        "LPC": 2.0,
        "HPC": 9.19921875,
        "HPT": 3.129460455896903,
        "LPT": 3.4935767103532704
    },
    "Mechanical Parameters": {
        "LP Shaft Speed": 5490.0,
        "Fan Power": 8.67755545970743,
        "Fan Efficiency": 0.92,
        "LPC Power": 2.5456895747298423,
        "LPC Efficiency": 0.9,
        "LPT Power": 11.452290851466604,
        "LPT Efficiency": 0.9099999999999999,
        "HP Shaft Speed": 15183.0,
        "HPC Power": 12.861982113905164,
        "HPC Efficiency": 0.89,
        "HPT Power": 13.27817714637304,
        "HPT Efficiency": 0.8999999999999997,
        "Burner Power": 5.650839075222972,
        "Burner Efficiency": 0.18585378937794436
    }
}