{
    "Stages": [
        "0. Fan Inlet",
        "1. LPC Inlet",
        "2. HPC Inlet",
        "3. Burner Inlet",
        "4. HPT Inlet",
        "5. LPT Inlet",
        "6. Core Nozz Inlet",
        "7. Core Nozz Outlet",
        "8. Byp Nozz Outlet"
    ],
    "Total Temperatures": [
        15.000057655676706,
        59.942033320834994,
        139.95697080771498,
        514.0235595972823,
        1311.7187499999998,
        997.8271660433113,
        703.7799547525897,
        703.7799547525897,
        59.94203332083493
    ],
    "Static Temperatures": [
        1.2698087753191583,
        44.11029440122737,
        120.50659961430016,
        480.3824037974446,
        1256.9000886320032,
        951.3777771626585,
        665.7748824884857,
        565.6415325349656,
        4.4391862677623966
    ],
    "Total Pressures": [
        99.29823547694355,
        158.87717676310967,
        317.75435352621935,
        2749.3198947678743,
        2529.3743031864446,
        845.359136234964,
        245.36003630895385,
        245.36003630895377,
        158.87717676310967
    ],
    "Static Pressures": [
        84.124656235234,
        133.97926458691475,
        267.52254953831897,
        2326.387892060874,
        2159.781450601227,
        719.8605514079269,
        208.74614949580535,
        132.48827741077193,
        84.07825298491285
    ],
    "Entropies": [
        6834.413225585567,
        6845.607178771453,
        6865.411001852655,
        6921.996969449502,
        7883.949824105862,
        7919.188659654622,
        7955.748920571851,
        7955.748920571851,
        6845.607178771453
    ],
    "Specifice Volumes": [
        0.9354134467594015,
        0.6780422909737055,
        0.42158869626980144,
        0.0929720722436252,
        0.20330744361205552,
        0.48816036353077985,
        1.2905655586031972,
        1.8163676959126434,
        0.9458112098493415
    ],
    "Performance": {
        "Thrust": 99999.99999999999,
        "OPR": 27.13375,
        "T4": 1311.7187499999998,
        "Thermal Efficiency": 0.4581082037473762,
        "SFC": 0.05076489301709339,
        "TSFC": 7.160592758117871,
        "Air Mass Flow Rate": 191.71563613358117,
        "Fuel Mass Flow Rate": 0.716059275811787,
        "Core EGT": 703.7799547525897,
        "Bypass EGT": 59.94203332083493,
        "FAR": 0.02278354374501017,
        "Specific Thrust": 0.5216058638551697
    },
    "Pressure Ratios": {
        "Fan": 1.6,
        "LPC": 2.0,
        "HPC": 8.65234375,
        "HPT": 2.992070700804984,
        "LPT": 3.4453823407920416
    },
    "Mechanical Parameters": {
        "LP Shaft Speed": 5490.0,
        "Fan Power": 8.662942310867077,
        "Fan Efficiency": 0.92,
        "LPC Power": 2.5414025908171967,
        "LPC Efficiency": 0.9,
        "LPT Power": 11.433005001718646,
        "LPT Efficiency": 0.9099999999999999,
        "HP Shaft Speed": 15183.0,
        "HPC Power": 12.373356129646595,
        "HPC Efficiency": 0.89,
        "HPT Power": 12.779579203252053,
        "HPT Efficiency": 0.8999999999999999,
        "Burner Power": 5.646817492378954,
        "Burner Efficiency": 0.18339450582941114
    }
}