{
    "Stages": [
        "0. Fan Inlet",
        "1. LPC Inlet",
        "2. HPC Inlet",
        "3. Burner Inlet",
        "4. HPT Inlet",
        "5. LPT Inlet",
        "6. Core Nozz Inlet",
        "7. Core Nozz Outlet",
        "8. Byp Nozz Outlet"
    ],
    "Total Temperatures": [
        15.000057655676706,
        59.942033320834994,
        139.95697080771498,
        506.92553514796055,
        1444.140625,
        1145.7319870449899,
        862.0658190926166,
        862.0658190926166,
        59.94203332083493
    ],
    "Static Temperatures": [
        1.2698087753191583,
        44.11029440122737,
        120.50659961430016,
        473.52589766461364,
        1386.5822717681474,
        1095.7283109074135,
        819.8466166182352,
        707.9546190288372,
        4.4391862677623966
    ],
    "Total Pressures": [
        99.29823547694355,
        158.87717676310967,
        317.75435352621935,
        2656.22779900824,
        2443.729575087583,
        922.884343658778,
        314.41254680308083,
        314.4125468030808,
        158.87717676310967
    ],
    "Static Pressures": [
        84.124656235234,
        133.97926458691475,
        267.52254953831886,
        2250.6913529245276,
        2087.914782297551,
        787.9959400778354,
        267.78846689680904,
        170.42157322397506,
        84.07825298491309
    ],
    "Entropies": [
        6834.413225585567,
        6845.607178771453,
        6865.411001852655,
        6921.3264267146515,
        8016.65668877402,
        8047.434209084345,
        8078.73610131311,
        8078.73610131311,
        6845.607178771453
    ],
    "Specifice Volumes": [
        0.9354134467594015,
        0.6780422909737034,
        0.42158869626980155,
        0.09520058943373007,
        0.22813149489679566,
        0.4985698481824137,
        1.1713639272606915,
        1.6518441619813593,
        0.9458112098493389
    ],
    "Performance": {
        "Thrust": 99999.99999999999,
        "OPR": 26.214999999999996,
        "T4": 1444.140625,
        "Thermal Efficiency": 0.4045034541559355,
        "SFC": 0.05749225059651354,
        "TSFC": 8.323872237455474,
        "Air Mass Flow Rate": 185.82406407003293,
        "Fuel Mass Flow Rate": 0.8323872237455472,
        "Core EGT": 862.0658190926166,
        "Bypass EGT": 59.94203332083493,
        "FAR": 0.02732456687059765,
        "Specific Thrust": 0.538143434223418
    },
    "Pressure Ratios": {
        "Fan": 1.6,
        "LPC": 2.0,
        "HPC": 8.359375,
        "HPT": 2.64792613709255,
        "LPT": 2.9352656344111736
    },
    "Mechanical Parameters": {
        "LP Shaft Speed": 5490.0,
        "Fan Power": 8.396723290154167,
        "Fan Efficiency": 0.92,
        "LPC Power": 2.4633032932937797,
        "LPC Efficiency": 0.9,
        "LPT Power": 11.081659779028518,
        "LPT Efficiency": 0.91,
        "HP Shaft Speed": 15183.0,
        "HPC Power": 11.756979240161415,
        "HPC Efficiency": 0.89,
        "HPT Power": 12.150623193573296,
        "HPT Efficiency": 0.9,
        "Burner Power": 6.439506159189815,
        "Burner Efficiency": 0.17991140771790579
    }
}