{
    "Stages": [
        "0. Fan Inlet",
        "1. LPC Inlet",
        "2. HPC Inlet",
        "3. Burner Inlet",
        "4. HPT Inlet",
        "5. LPT Inlet",
        "6. Core Nozz Inlet",
        "7. Core Nozz Outlet",
        "8. Byp Nozz Outlet"
    ],
    "Total Temperatures": [
        15.000057655676706,
        59.942033320834994,
        139.95697080771498,
        531.9597218177287,
        1437.109375,
        1116.1685456951918,
        830.5121234141446,
        830.5121234141446,
        59.94203332083493
    ],
    "Static Temperatures": [
        1.2698087753191583,
        44.11029440122737,
        120.50659961430016,
        497.7233602113603,
        1379.6176263709685,
        1066.8588064356381,
        789.126346979285,
        679.5222871754626,
        4.4391862677623966
    ],
    "Total Pressures": [
        99.29823547694355,
        158.87717676310967,
        317.75435352621935,
        2978.9470643083064,
        2740.6312991636423,
        952.9899361817063,
        315.6714093457681,
        315.6714093457681,
        158.87717676310967
    ],
    "Static Pressures": [
        84.124656235234,
        133.97926458691475,
        267.52254953831897,
        2524.9856317544168,
        2340.8123407072267,
        812.4371303635506,
        268.8555420962031,
        171.00478580378243,
        84.07825298491301
    ],
    "Entropies": [
        6834.413225585567,
        6845.607178771453,
        6865.411001852655,
        6923.388821917921,
        7974.675663957048,
        8008.386789678863,
        8040.613304434141,
        8040.613304434141,
        6845.607178771453
    ],
    "Specifice Volumes": [
        0.9354134467594015,
        0.6780422909737034,
        0.42158869626980144,
        0.08759234947602401,
        0.2026374736471627,
        0.4733607698645356,
        1.133996515092211,
        1.5986543112999456,
        0.9458112098493399
    ],
    "Performance": {
        "Thrust": 99999.99999999999,
        "OPR": 29.4,
        "T4": 1437.109375,
        "Thermal Efficiency": 0.4138263519459596,
        "SFC": 0.05619703492571513,
        "TSFC": 8.081320698218969,
        "Air Mass Flow Rate": 186.64138879350006,
        "Fuel Mass Flow Rate": 0.8081320698218968,
        "Core EGT": 830.5121234141446,
        "Bypass EGT": 59.94203332083493,
        "FAR": 0.02641217823002638,
        "Specific Thrust": 0.5357868404560574
    },
    "Pressure Ratios": {
        "Fan": 1.6,
        "LPC": 2.0,
        "HPC": 9.375,
        "HPT": 2.8758239674013586,
        "LPT": 3.0189301532146438
    },
    "Mechanical Parameters": {
        "LP Shaft Speed": 5490.0,
        "Fan Power": 8.433655264360524,
        "Fan Efficiency": 0.92,
        "LPC Power": 2.4741378355963746,
        "LPC Efficiency": 0.9,
        "LPT Power": 11.130401122404999,
        "LPT Efficiency": 0.9099999999999999,
        "HP Shaft Speed": 15183.0,
        "HPC Power": 12.649421768397886,
        "HPC Efficiency": 0.89,
        "HPT Power": 13.061278834630924,
        "HPT Efficiency": 0.9000000000000002,
        "Burner Power": 6.415550241980309,
        "Burner Efficiency": 0.1846218562637084
    }
}