{
    "Stages": [
        "0. Fan Inlet",
        "1. LPC Inlet",
        "2. HPC Inlet",
        "3. Burner Inlet",
        "4. HPT Inlet",
        "5. LPT Inlet",
        "6. Core Nozz Inlet",
        "7. Core Nozz Outlet",
        "8. Byp Nozz Outlet"
    ],
    "Total Temperatures": [
        15.000057655676706,
        59.942033320834994,
        139.95697080771498,
        524.0904823982804,
        1310.5468749999998,
        987.4065101036743,
        692.6106029268449,
        692.6106029268449,
        59.94203332083493
    ],
    "Static Temperatures": [
        1.2698087753191583,
        44.11029440122737,
        120.50659961430016,
        490.11501219050103,
        1255.7205626345667,
        941.2205748771246,
        654.9219335719757,
        555.6401010876443,
        4.4391862677623966
    ],
    "Total Pressures": [
        99.29823547694355,
        158.87717676310967,
        317.75435352621935,
        2879.648828831363,
        2649.276922524854,
        855.8061149706446,
        245.21018835126534,
        245.21018835126515,
        158.87717676310967
    ],
    "Static Pressures": [
        84.124656235234,
        133.97926458691475,
        267.52254953831897,
        2439.099162954214,
        2262.278734632027,
        728.8258623825484,
        208.62797684793577,
        132.36137056676594,
        84.07825298491306
    ],
    "Entropies": [
        6834.413225585567,
        6845.607178771453,
        6865.411001852655,
        6922.632267286277,
        7867.880612583369,
        7904.46568314085,
        7941.529570683138,
        7941.529570683138,
        6845.607178771453
    ],
    "Specifice Volumes": [
        0.9354134467594015,
        0.6780422909737055,
        0.42158869626980144,
        0.08978779326704765,
        0.193945908500048,
        0.4781352155283825,
        1.2766199910108467,
        1.7966682713904563,
        0.9458112098493391
    ],
    "Performance": {
        "Thrust": 99999.99999999999,
        "OPR": 28.419999999999998,
        "T4": 1310.5468749999998,
        "Thermal Efficiency": 0.462431790864899,
        "SFC": 0.050290257748050536,
        "TSFC": 7.076198815279238,
        "Air Mass Flow Rate": 192.04186919708792,
        "Fuel Mass Flow Rate": 0.7076198815279237,
        "Core EGT": 692.6106029268449,
        "Bypass EGT": 59.94203332083493,
        "FAR": 0.022476771838178856,
        "Specific Thrust": 0.5207197806295689
    },
    "Pressure Ratios": {
        "Fan": 1.6,
        "LPC": 2.0,
        "HPC": 9.0625,
        "HPT": 3.0956508444856436,
        "LPT": 3.4900919930157883
    },
    "Mechanical Parameters": {
        "LP Shaft Speed": 5490.0,
        "Fan Power": 8.677683613486169,
        "Fan Efficiency": 0.92,
        "LPC Power": 2.5457271705412454,
        "LPC Efficiency": 0.9,
        "LPT Power": 11.452459983701441,
        "LPT Efficiency": 0.9100000000000001,
        "HP Shaft Speed": 15183.0,
        "HPC Power": 12.742968658512678,
        "HPC Efficiency": 0.89,
        "HPT Power": 13.156734844952139,
        "HPT Efficiency": 0.8999999999999998,
        "Burner Power": 5.637395921124789,
        "Burner Efficiency": 0.18527211310223599
    }
}