{
    "Stages": [
        "0. Fan Inlet",
        "1. LPC Inlet",
        "2. HPC Inlet",
        "3. Burner Inlet",
        "4. HPT Inlet",
        "5. LPT Inlet",
        "6. Core Nozz Inlet",
        "7. Core Nozz Outlet",
        "8. Byp Nozz Outlet"
    ],
    "Total Temperatures": [
        15.000057655676706,
        59.942033320834994,
        139.95697080771498,
        503.250631975832,
        1366.7968749999998,
        1066.3762143523973,
        777.2503033663695,
        777.2503033663695,
        59.94203332083493
    ],
    "Static Temperatures": [
        1.2698087753191583,
        44.11029440122737,
        120.50659961430016,
        469.9734516190097,
        1310.8386424253274,
        1018.2354065166528,
        737.2510567935693,
        631.5744700519895,
        4.4391862677623966
    ],
    "Total Pressures": [
        99.29823547694355,
        158.87717676310967,
        317.75435352621935,
        2612.7848209870767,
        2403.7620353081084,
        870.5838148172465,
        273.5600680766424,
        273.56006807664215,
        158.87717676310967
    ],
    "Static Pressures": [
        84.124656235234,
        133.97926458691475,
        267.52254953831897,
        2214.6830600395415,
        2052.4537709494225,
        742.0479653793866,
        232.77998665017398,
        147.92947981442038,
        84.07825298491287
    ],
    "Entropies": [
        6834.413225585567,
        6845.607178771453,
        6865.411001852655,
        6920.969738934783,
        7951.165622768037,
        7983.5275469196185,
        8017.382493773501,
        8017.382493773501,
        6845.607178771453
    ],
    "Specifice Volumes": [
        0.9354134467594015,
        0.6780422909737055,
        0.42158869626980144,
        0.09627607183186956,
        0.22148844045373356,
        0.4994149924381426,
        1.2454533146795026,
        1.7547441444945953,
        0.9458112098493415
    ],
    "Performance": {
        "Thrust": 99999.99999999999,
        "OPR": 25.786249999999995,
        "T4": 1366.7968749999998,
        "Thermal Efficiency": 0.43134611927297806,
        "SFC": 0.05391450835974926,
        "TSFC": 7.699334403499924,
        "Air Mass Flow Rate": 188.93070780924975,
        "Fuel Mass Flow Rate": 0.7699334403499922,
        "Core EGT": 777.2503033663695,
        "Bypass EGT": 59.94203332083493,
        "FAR": 0.024858817502958697,
        "Specific Thrust": 0.5292945819107556
    },
    "Pressure Ratios": {
        "Fan": 1.6,
        "LPC": 2.0,
        "HPC": 8.22265625,
        "HPT": 2.761092033180869,
        "LPT": 3.1824228621457205
    },
    "Mechanical Parameters": {
        "LP Shaft Speed": 5490.0,
        "Fan Power": 8.537101383647283,
        "Fan Efficiency": 0.92,
        "LPC Power": 2.504485288705413,
        "LPC Efficiency": 0.9,
        "LPT Power": 11.266925175870096,
        "LPT Efficiency": 0.9100000000000001,
        "HP Shaft Speed": 15183.0,
        "HPC Power": 11.829275396315124,
        "HPC Efficiency": 0.89,
        "HPT Power": 12.224394781485245,
        "HPT Efficiency": 0.9000000000000001,
        "Burner Power": 5.971570057256397,
        "Burner Efficiency": 0.18037107493168267
    }
}