{
    "Stages": [
        "0. Fan Inlet",
        "1. LPC Inlet",
        "2. HPC Inlet",
        "3. Burner Inlet",
        "4. HPT Inlet",
        "5. LPT Inlet",
        "6. Core Nozz Inlet",
        "7. Core Nozz Outlet",
        "8. Byp Nozz Outlet"
    ],
    "Total Temperatures": [
        15.000057655676706,
        59.942033320834994,
        139.95697080771498,
        504.3482085948541,
        1428.9062499999998,
        1131.7482264491493,
        847.1115917527333,
        847.1115917527333,
        59.94203332083493
    ],
    "Static Temperatures": [
        1.2698087753191583,
        44.11029440122737,
        120.50659961430016,
        471.0344447905791,
        1371.6909191268855,
        1082.0366441589565,
        805.2712354488312,
        694.4778603625421,
        4.4391862677623966
    ],
    "Total Pressures": [
        99.29823547694355,
        158.87717676310967,
        317.75435352621935,
        2625.197100421695,
        2415.1813323879596,
        910.9086021975892,
        306.04490821762056,
        306.04490821762045,
        158.87717676310967
    ],
    "Static Pressures": [
        84.124656235234,
        133.97926458691475,
        267.52254953831897,
        2225.4374882355096,
        2063.812131102726,
        777.1405159051834,
        260.48188631153863,
        165.7553955900504,
        84.07825298491295
    ],
    "Entropies": [
        6834.413225585567,
        6845.607178771453,
        6865.411001852655,
        6921.076270176687,
        8006.496330177916,
        8037.369065884466,
        8069.003196532967,
        8069.003196532967,
        6845.607178771453
    ],
    "Specifice Volumes": [
        0.9354134467594015,
        0.6780422909737034,
        0.42158869626980144,
        0.09595073614692255,
        0.22874690204924833,
        0.500415066573394,
        1.1879589358476221,
        1.6750857319580124,
        0.9458112098493403
    ],
    "Performance": {
        "Thrust": 99999.99999999999,
        "OPR": 25.908749999999998,
        "T4": 1428.9062499999998,
        "Thermal Efficiency": 0.40897100070906617,
        "SFC": 0.05686421265363042,
        "TSFC": 8.213679133768965,
        "Air Mass Flow Rate": 186.37100699895055,
        "Fuel Mass Flow Rate": 0.8213679133768963,
        "Core EGT": 847.1115917527333,
        "Bypass EGT": 59.94203332083493,
        "FAR": 0.026883710896230123,
        "Specific Thrust": 0.5365641448756194
    },
    "Pressure Ratios": {
        "Fan": 1.6,
        "LPC": 2.0,
        "HPC": 8.26171875,
        "HPT": 2.6513980947828086,
        "LPT": 2.9763886859044413
    },
    "Mechanical Parameters": {
        "LP Shaft Speed": 5490.0,
        "Fan Power": 8.421437680363052,
        "Fan Efficiency": 0.92,
        "LPC Power": 2.4705536261545373,
        "LPC Efficiency": 0.9,
        "LPT Power": 11.11427684338529,
        "LPT Efficiency": 0.9099999999999999,
        "HP Shaft Speed": 15183.0,
        "HPC Power": 11.705617638194726,
        "HPC Efficiency": 0.89,
        "HPT Power": 12.098213395648104,
        "HPT Efficiency": 0.8999999999999999,
        "Burner Power": 6.344486638179287,
        "Burner Efficiency": 0.1796347270022791
    }
}