{
    "Stages": [
        "0. Fan Inlet",
        "1. LPC Inlet",
        "2. HPC Inlet",
        "3. Burner Inlet",
        "4. HPT Inlet",
        "5. LPT Inlet",
        "6. Core Nozz Inlet",
        "7. Core Nozz Outlet",
        "8. Byp Nozz Outlet"
    ],
    "Total Temperatures": [
        15.000057655676706,
        59.942033320834994,
        139.95697080771498,
        514.4934360627394,
        1405.4687499999998,
        1097.7678089277053,
        810.8185720440924,
        810.8185720440924,
        59.94203332083493
    ],
    "Static Temperatures": [
        1.2698087753191583,
        44.11029440122737,
        120.50659961430016,
        480.83666200426666,
        1348.663208540974,
        1048.8628204777515,
        769.9308518741077,
        661.7798177891816,
        4.4391862677623966
    ],
    "Total Pressures": [
        99.29823547694355,
        158.87717676310967,
        317.75435352621935,
        2755.526034485183,
        2535.0839517263685,
        910.8632492802661,
        295.68915611575034,
        295.6891561157502,
        158.87717676310967
    ],
    "Static Pressures": [
        84.124656235234,
        133.97926458691475,
        267.52254953831886,
        2331.7546445799176,
        2166.0038330896227,
        776.8848391727113,
        251.4620058605903,
        159.82660936965945,
        84.07825298491304
    ],
    "Entropies": [
        6834.413225585567,
        6845.607178771453,
        6865.411001852655,
        6922.014224348511,
        7970.207517662145,
        8002.804959820714,
        8035.564512284911,
        8035.564512284911,
        6845.607178771453
    ],
    "Specifice Volumes": [
        0.9354134467594015,
        0.6780422909737055,
        0.42158869626980155,
        0.0928117365713905,
        0.21488473699740437,
        0.4883255844649487,
        1.190232113965268,
        1.678452023942223,
        0.9458112098493395
    ],
    "Performance": {
        "Thrust": 99999.99999999999,
        "OPR": 27.194999999999997,
        "T4": 1405.4687499999998,
        "Thermal Efficiency": 0.42016092447993475,
        "SFC": 0.055349778141015535,
        "TSFC": 7.942144119336514,
        "Air Mass Flow Rate": 187.55068477209497,
        "Fuel Mass Flow Rate": 0.7942144119336513,
        "Core EGT": 810.8185720440924,
        "Bypass EGT": 59.94203332083493,
        "FAR": 0.025831459472848057,
        "Specific Thrust": 0.533189202276262
    },
    "Pressure Ratios": {
        "Fan": 1.6,
        "LPC": 2.0,
        "HPC": 8.671875,
        "HPT": 2.7831663575509356,
        "LPT": 3.080475663178192
    },
    "Mechanical Parameters": {
        "LP Shaft Speed": 5490.0,
        "Fan Power": 8.474743089876139,
        "Fan Efficiency": 0.92,
        "LPC Power": 2.4861915585082124,
        "LPC Efficiency": 0.9,
        "LPT Power": 11.184627192228929,
        "LPT Efficiency": 0.9099999999999999,
        "HP Shaft Speed": 15183.0,
        "HPC Power": 12.120438074244468,
        "HPC Efficiency": 0.89,
        "HPT Power": 12.521499554882535,
        "HPT Efficiency": 0.9000000000000002,
        "Burner Power": 6.209080253009006,
        "Burner Efficiency": 0.18181137614299409
    }
}