{
    "Stages": [
        "0. Fan Inlet",
        "1. LPC Inlet",
        "2. HPC Inlet",
        "3. Burner Inlet",
        "4. HPT Inlet",
        "5. LPT Inlet",
        "6. Core Nozz Inlet",
        "7. Core Nozz Outlet",
        "8. Byp Nozz Outlet"
    ],
    "Total Temperatures": [
        15.000057655676706,
        59.942033320834994,
        139.95697080771498,
        473.3039731579813,
        1329.296875,
        1052.9592831418527,
        762.8910607500587,
        762.8910607500587,
        59.94203332083493
    ],
    "Static Temperatures": [
        1.2698087753191583,
        44.11029440122737,
        120.50659961430016,
        441.0425518146936,
        1274.2324080673336,
        1005.1541029810263,
        723.2887528865791,
        618.6846943531352,
        4.4391862677623966
    ],
    "Total Pressures": [
        99.29823547694355,
        158.87717676310967,
        317.75435352621935,
        2271.4471365350837,
        2089.731365612279,
        809.6496944665112,
        251.00824156492425,
        251.00824156492405,
        158.87717676310967
    ],
    "Static Pressures": [
        84.124656235234,
        133.97926458691475,
        267.52254953831897,
        1925.2433999118764,
        1784.2136886806206,
        690.7462017810586,
        213.44230820664123,
        135.70130952458015,
        84.07825298491309
    ],
    "Entropies": [
        6834.413225585567,
        6845.607178771453,
        6865.411001852655,
        6918.187419400663,
        7959.564344409077,
        7989.45928313051,
        8023.888818566661,
        8023.888818566661,
        6845.607178771453
    ],
    "Specifice Volumes": [
        0.9354134467594015,
        0.6780422909737055,
        0.42158869626980144,
        0.10645843752384763,
        0.24890337243186905,
        0.5310730948634517,
        1.3397684037675717,
        1.8861362437108296,
        0.9458112098493389
    ],
    "Performance": {
        "Thrust": 99999.99999999999,
        "OPR": 22.4175,
        "T4": 1329.296875,
        "Thermal Efficiency": 0.4365949541314664,
        "SFC": 0.05326633698676608,
        "TSFC": 7.605167934268373,
        "Air Mass Flow Rate": 189.8797332155757,
        "Fuel Mass Flow Rate": 0.7605167934268372,
        "Core EGT": 762.8910607500587,
        "Bypass EGT": 59.94203332083493,
        "FAR": 0.02443205686747384,
        "Specific Thrust": 0.5266491494722464
    },
    "Pressure Ratios": {
        "Fan": 1.6,
        "LPC": 2.0,
        "HPC": 7.1484375,
        "HPT": 2.5810315002826387,
        "LPT": 3.225590081898136
    },
    "Mechanical Parameters": {
        "LP Shaft Speed": 5490.0,
        "Fan Power": 8.579984439575076,
        "Fan Efficiency": 0.92,
        "LPC Power": 2.5170656690803748,
        "LPC Efficiency": 0.9,
        "LPT Power": 11.323520519036173,
        "LPT Efficiency": 0.9100000000000003,
        "HP Shaft Speed": 15183.0,
        "HPC Power": 10.872579474222036,
        "HPC Efficiency": 0.89,
        "HPT Power": 11.248174452818828,
        "HPT Efficiency": 0.8999999999999997,
        "Burner Power": 5.739294343720964,
        "Burner Efficiency": 0.17550166233735257
    }
}