{
    "Stages": [
        "0. Fan Inlet",
        "1. LPC Inlet",
        "2. HPC Inlet",
        "3. Burner Inlet",
        "4. HPT Inlet",
        "5. LPT Inlet",
        "6. Core Nozz Inlet",
        "7. Core Nozz Outlet",
        "8. Byp Nozz Outlet"
    ],
    "Total Temperatures": [
        15.000057655676706,
        59.94203332083493,
        139.95697080771524,
        467.80383692681534,
        1343.3593749999998,
        1072.7212631911173,
        784.0473229770414,
        784.0473229770414,
        59.94203332083493
    ],
    "Static Temperatures": [
        1.2698087753191583,
        44.11029440122737,
        120.50659961430036,
        435.72751493279304,
        1287.997450912962,
        1024.4433679265796,
        743.858796753472,
        637.6715646271883,
        4.4391862677623966
    ],
    "Total Pressures": [
        99.29823547694355,
        158.8771767631097,
        317.7543535262194,
        2215.5918790793035,
        2038.3445287529632,
        812.3610487360119,
        257.6433319063685,
        257.6433319063685,
        158.8771767631097
    ],
    "Static Pressures": [
        84.12465623523384,
        133.97926458691464,
        267.52254953831834,
        1876.7599710930376,
        1739.748983036865,
        692.9595752153369,
        219.03412175744597,
        139.11896491736954,
        84.07825298491287
    ],
    "Entropies": [
        6834.413225585567,
        6845.607178771453,
        6865.411001852656,
        6917.64936864984,
        7980.213016385276,
        8009.178512021485,
        8042.786421803213,
        8042.786421803213,
        6845.607178771453
    ],
    "Specifice Volumes": [
        0.9354134467594031,
        0.6780422909737047,
        0.4215886962698027,
        0.10837122943962581,
        0.25751970608687386,
        0.5374023963988616,
        1.3323310447792163,
        1.8784659178139829,
        0.9458112098493413
    ],
    "Performance": {
        "Thrust": 99999.99999999999,
        "OPR": 21.86625,
        "T4": 1343.3593749999998,
        "Thermal Efficiency": 0.42936446291302105,
        "SFC": 0.05416334131546291,
        "TSFC": 7.76236777147136,
        "Air Mass Flow Rate": 189.13787876336158,
        "Fuel Mass Flow Rate": 0.7762367771471358,
        "Core EGT": 784.0473229770414,
        "Bypass EGT": 59.94203332083493,
        "FAR": 0.025034881281087766,
        "Specific Thrust": 0.5287148225084739
    },
    "Pressure Ratios": {
        "Fan": 1.6,
        "LPC": 2.0,
        "HPC": 6.97265625,
        "HPT": 2.5091608367049503,
        "LPT": 3.1530451136660362
    },
    "Mechanical Parameters": {
        "LP Shaft Speed": 5490.0,
        "Fan Power": 8.546462696371432,
        "Fan Efficiency": 0.92,
        "LPC Power": 2.5072315686132063,
        "LPC Efficiency": 0.9,
        "LPT Power": 11.27927986222922,
        "LPT Efficiency": 0.9099999999999999,
        "HP Shaft Speed": 15183.0,
        "HPC Power": 10.645323710638424,
        "HPC Efficiency": 0.89,
        "HPT Power": 11.016280816509024,
        "HPT Efficiency": 0.9000000000000001,
        "Burner Power": 5.814142855913563,
        "Burner Efficiency": 0.1741899231482816
    }
}