{
    "Stages": [
        "0. Fan Inlet",
        "1. LPC Inlet",
        "2. HPC Inlet",
        "3. Burner Inlet",
        "4. HPT Inlet",
        "5. LPT Inlet",
        "6. Core Nozz Inlet",
        "7. Core Nozz Outlet",
        "8. Byp Nozz Outlet"
    ],
    "Total Temperatures": [
        15.000057655676706,
        59.942033320834994,
        139.95697080771498,
        501.60426685457116,
        1342.1874999999998,
        1041.5390799262404,
        750.6837755055573,
        750.6837755055573,
        59.94203332083493
    ],
    "Static Temperatures": [
        1.2698087753191583,
        44.11029440122737,
        120.50659961430016,
        468.3819763807956,
        1286.7449730962396,
        994.0338652140031,
        711.3901555626717,
        607.6987247427259,
        4.4391862677623966
    ],
    "Total Pressures": [
        99.29823547694355,
        158.87717676310967,
        317.75435352621935,
        2594.1664018351503,
        2386.6330896883405,
        852.6000493356978,
        260.9413938188878,
        260.94139381888766,
        158.87717676310967
    ],
    "Static Pressures": [
        84.124656235234,
        133.97926458691475,
        267.52254953831897,
        2198.5515772070476,
        2037.0208965410045,
        726.7764079445408,
        221.79515852912377,
        140.79108901099823,
        84.0782529849129
    ],
    "Entropies": [
        6834.413225585567,
        6845.607178771453,
        6865.411001852655,
        6920.809942071759,
        7930.526996436647,
        7963.379236266291,
        7998.1617611181955,
        7998.161761118196,
        6845.607178771453
    ],
    "Specifice Volumes": [
        0.9354134467594015,
        0.6780422909737055,
        0.42158869626980144,
        0.09677081085109793,
        0.21976261812546713,
        0.5004258554441728,
        1.2737624179776528,
        1.7951558501320164,
        0.9458112098493411
    ],
    "Performance": {
        "Thrust": 99999.99999999999,
        "OPR": 25.602499999999996,
        "T4": 1342.1874999999998,
        "Thermal Efficiency": 0.44066606570983075,
        "SFC": 0.052774233740979344,
        "TSFC": 7.505341111204793,
        "Air Mass Flow Rate": 189.98034939025072,
        "Fuel Mass Flow Rate": 0.7505341111204792,
        "Core EGT": 750.6837755055573,
        "Bypass EGT": 59.94203332083493,
        "FAR": 0.024098587525125725,
        "Specific Thrust": 0.5263702289260644
    },
    "Pressure Ratios": {
        "Fan": 1.6,
        "LPC": 2.0,
        "HPC": 8.1640625,
        "HPT": 2.7992410879495986,
        "LPT": 3.267400533345286
    },
    "Mechanical Parameters": {
        "LP Shaft Speed": 5490.0,
        "Fan Power": 8.584530923807288,
        "Fan Efficiency": 0.92,
        "LPC Power": 2.518399447650314,
        "LPC Efficiency": 0.9,
        "LPT Power": 11.329520787201636,
        "LPT Efficiency": 0.91,
        "HP Shaft Speed": 15183.0,
        "HPC Power": 11.839017516798762,
        "HPC Efficiency": 0.89,
        "HPT Power": 12.234335720754268,
        "HPT Efficiency": 0.8999999999999999,
        "Burner Power": 5.826028138171505,
        "Burner Efficiency": 0.18052347583087458
    }
}