{
    "Stages": [
        "0. Fan Inlet",
        "1. LPC Inlet",
        "2. HPC Inlet",
        "3. Burner Inlet",
        "4. HPT Inlet",
        "5. LPT Inlet",
        "6. Core Nozz Inlet",
        "7. Core Nozz Outlet",
        "8. Byp Nozz Outlet"
    ],
    "Total Temperatures": [
        15.000057655676706,
        59.942033320834994,
        139.95697080771498,
        507.8722392128601,
        1420.7031249999998,
        1119.8837633553794,
        834.4636690313704,
        834.4636690313704,
        59.94203332083493
    ],
    "Static Temperatures": [
        1.2698087753191583,
        44.11029440122737,
        120.50659961430016,
        474.441069769347,
        1363.6290432435014,
        1070.4772509455336,
        792.9687065660827,
        683.0926525312806,
        4.4391862677623966
    ],
    "Total Pressures": [
        99.29823547694355,
        158.87717676310967,
        317.75435352621935,
        2668.640078442858,
        2455.1488721674314,
        910.2704666441688,
        302.29711139338116,
        302.29711139338133,
        158.87717676310967
    ],
    "Static Pressures": [
        84.124656235234,
        133.97926458691475,
        267.52254953831897,
        2259.9677293196332,
        2097.803790599161,
        776.8279120760357,
        257.3025340759128,
        163.67609295379316,
        84.07825298491305
    ],
    "Entropies": [
        6834.413225585567,
        6845.607178771453,
        6865.411001852655,
        6921.418314332206,
        7994.057341577284,
        8025.52064689877,
        8057.606521238759,
        8057.606521238758,
        6845.607178771453
    ],
    "Specifice Volumes": [
        0.9354134467594015,
        0.6780422909737055,
        0.42158869626980144,
        0.09492981440050113,
        0.2239204497166265,
        0.49637294991858316,
        1.1890843091968568,
        1.676670018055968,
        0.9458112098493391
    ],
    "Performance": {
        "Thrust": 99999.99999999999,
        "OPR": 26.337499999999995,
        "T4": 1420.7031249999998,
        "Thermal Efficiency": 0.4128014613794964,
        "SFC": 0.056336559167625734,
        "TSFC": 8.118586693811132,
        "Air Mass Flow Rate": 186.77474823355644,
        "Fuel Mass Flow Rate": 0.8118586693811132,
        "Core EGT": 834.4636690313704,
        "Bypass EGT": 59.94203332083493,
        "FAR": 0.026515029092862352,
        "Specific Thrust": 0.5354042821407146
    },
    "Pressure Ratios": {
        "Fan": 1.6,
        "LPC": 2.0,
        "HPC": 8.3984375,
        "HPT": 2.6971641530002164,
        "LPT": 3.0111781831075053
    },
    "Mechanical Parameters": {
        "LP Shaft Speed": 5490.0,
        "Fan Power": 8.4396812993732,
        "Fan Efficiency": 0.92,
        "LPC Power": 2.4759056623282185,
        "LPC Efficiency": 0.9,
        "LPT Power": 11.138354042552468,
        "LPT Efficiency": 0.9100000000000003,
        "HP Shaft Speed": 15183.0,
        "HPC Power": 11.84877406926723,
        "HPC Efficiency": 0.89,
        "HPT Power": 12.244291386538418,
        "HPT Efficiency": 0.9000000000000004,
        "Burner Power": 6.297662402041858,
        "Burner Efficiency": 0.18039748873459682
    }
}