{
    "Stages": [
        "0. Fan Inlet",
        "1. LPC Inlet",
        "2. HPC Inlet",
        "3. Burner Inlet",
        "4. HPT Inlet",
        "5. LPT Inlet",
        "6. Core Nozz Inlet",
        "7. Core Nozz Outlet",
        "8. Byp Nozz Outlet"
    ],
    "Total Temperatures": [
        15.000057655676706,
        59.942033320834994,
        139.95697080771498,
        522.6149993697588,
        1317.5781249999998,
        996.3132688849776,
        702.1545128910185,
        702.1545128910185,
        59.94203332083493
    ],
    "Static Temperatures": [
        1.2698087753191583,
        44.11029440122737,
        120.50659961430016,
        488.68848933128544,
        1262.6170579685042,
        949.8972855450045,
        664.1956883359192,
        564.1866892624486,
        4.4391862677623966
    ],
    "Total Pressures": [
        99.29823547694355,
        158.87717676310967,
        317.75435352621935,
        2861.0304096794357,
        2632.147976905081,
        860.2800972450462,
        248.9907225319462,
        248.9907225319461,
        158.87717676310967
    ],
    "Static Pressures": [
        84.124656235234,
        133.97926458691475,
        267.52254953831897,
        2422.9959712863456,
        2248.8039118099896,
        732.6520929590746,
        211.76487178878008,
        134.41795404762465,
        84.07825298491309
    ],
    "Entropies": [
        6834.413225585567,
        6845.607178771453,
        6865.411001852655,
        6922.49041330131,
        7876.5429973601695,
        7912.674987889894,
        7949.3084268450375,
        7949.308426845037,
        6845.607178771453
    ],
    "Specifice Volumes": [
        0.9354134467594015,
        0.6780422909737055,
        0.42158869626980144,
        0.09021870118796528,
        0.19599617943412273,
        0.4790503296195395,
        1.270043867101214,
        1.787189833182401,
        0.9458112098493389
    ],
    "Performance": {
        "Thrust": 99999.99999999999,
        "OPR": 28.236249999999995,
        "T4": 1317.5781249999998,
        "Thermal Efficiency": 0.4586551572392511,
        "SFC": 0.050704355083392855,
        "TSFC": 7.145832184495263,
        "Air Mass Flow Rate": 191.66448346562515,
        "Fuel Mass Flow Rate": 0.7145832184495262,
        "Core EGT": 702.1545128910185,
        "Bypass EGT": 59.94203332083493,
        "FAR": 0.022742646700758647,
        "Specific Thrust": 0.521745073431588
    },
    "Pressure Ratios": {
        "Fan": 1.6,
        "LPC": 2.0,
        "HPC": 9.00390625,
        "HPT": 3.0596406743969196,
        "LPT": 3.455068881671564
    },
    "Mechanical Parameters": {
        "LP Shaft Speed": 5490.0,
        "Fan Power": 8.660630905180577,
        "Fan Efficiency": 0.92,
        "LPC Power": 2.540724505682919,
        "LPC Efficiency": 0.9,
        "LPT Power": 11.429954500881122,
        "LPT Efficiency": 0.91,
        "HP Shaft Speed": 15183.0,
        "HPC Power": 12.666940386924061,
        "HPC Efficiency": 0.89,
        "HPT Power": 13.07915497598416,
        "HPT Efficiency": 0.9,
        "Burner Power": 5.680142320882133,
        "Burner Efficiency": 0.18485787188004194
    }
}