{
    "Stages": [
        "0. Fan Inlet",
        "1. LPC Inlet",
        "2. HPC Inlet",
        "3. Burner Inlet",
        "4. HPT Inlet",
        "5. LPT Inlet",
        "6. Core Nozz Inlet",
        "7. Core Nozz Outlet",
        "8. Byp Nozz Outlet"
    ],
    "Total Temperatures": [
        15.000057655676706,
        59.942033320834994,
        139.95697080771498,
        478.15412155018225,
        1450.0,
        1176.9541594618809,
        895.3517497084262,
        895.3517497084262,
        59.94203332083493
    ],
    "Static Temperatures": [
        1.2698087753191583,
        44.11029440122737,
        120.50659961430016,
        445.7244644047634,
        1392.4283473746607,
        1126.2164135674857,
        852.2692601894581,
        737.995501445026,
        4.4391862677623966
    ],
    "Total Pressures": [
        99.29823547694355,
        158.87717676310967,
        317.75435352621935,
        2327.3023939908644,
        2141.1182024715954,
        886.8527029631233,
        310.35828648542,
        310.3582864854202,
        158.87717676310967
    ],
    "Static Pressures": [
        84.124656235234,
        133.97926458691475,
        267.52254953831897,
        1967.9541432504834,
        1829.998526704711,
        756.9868970151829,
        264.3419676404967,
        168.33514437955174,
        84.07825298491288
    ],
    "Entropies": [
        6834.413225585567,
        6845.607178771453,
        6865.411001852655,
        6918.661885500957,
        8062.738681102641,
        8090.383153591153,
        8120.755783754969,
        8120.755783754969,
        6845.607178771453
    ],
    "Specifice Volumes": [
        0.9354134467594015,
        0.6780422909737055,
        0.42158869626980144,
        0.10485202419233738,
        0.2612003069352747,
        0.5305226773202363,
        1.2217866674523086,
        1.7235011733375385,
        0.9458112098493415
    ],
    "Performance": {
        "Thrust": 99999.99999999999,
        "OPR": 22.96875,
        "T4": 1450.0,
        "Thermal Efficiency": 0.3952259134951086,
        "SFC": 0.05884182478782781,
        "TSFC": 8.582198964964869,
        "Air Mass Flow Rate": 185.02585904239774,
        "Fuel Mass Flow Rate": 0.8582198964964869,
        "Core EGT": 895.3517497084262,
        "Bypass EGT": 59.94203332083493,
        "FAR": 0.02829410654123197,
        "Specific Thrust": 0.5404649950960935
    },
    "Pressure Ratios": {
        "Fan": 1.6,
        "LPC": 2.0,
        "HPC": 7.32421875,
        "HPT": 2.414288410372727,
        "LPT": 2.8575125639662455
    },
    "Mechanical Parameters": {
        "LP Shaft Speed": 5490.0,
        "Fan Power": 8.360655266459796,
        "Fan Efficiency": 0.92,
        "LPC Power": 2.4527222036855125,
        "LPC Efficiency": 0.9,
        "LPT Power": 11.03405864300542,
        "LPT Efficiency": 0.9099999999999997,
        "HP Shaft Speed": 15183.0,
        "HPC Power": 10.754043188909119,
        "HPC Efficiency": 0.89,
        "HPT Power": 11.127219059642387,
        "HPT Efficiency": 0.9000000000000001,
        "Burner Power": 6.4389601757641195,
        "Burner Efficiency": 0.17448122621345463
    }
}