{
    "Stages": [
        "0. Fan Inlet",
        "1. LPC Inlet",
        "2. HPC Inlet",
        "3. Burner Inlet",
        "4. HPT Inlet",
        "5. LPT Inlet",
        "6. Core Nozz Inlet",
        "7. Core Nozz Outlet",
        "8. Byp Nozz Outlet"
    ],
    "Total Temperatures": [
        15.000057655676706,
        59.942033320834994,
        139.95697080771498,
        470.85946841598644,
        1316.40625,
        1041.4247627991344,
        750.5484628242466,
        750.5484628242466,
        59.94203332083493
    ],
    "Static Temperatures": [
        1.2698087753191583,
        44.11029440122737,
        120.50659961430016,
        438.68028833580127,
        1261.6259374635968,
        993.9204993682919,
        711.2573666412914,
        607.5733131052071,
        4.4391862677623966
    ],
    "Total Pressures": [
        99.29823547694355,
        158.87717676310967,
        317.75435352621935,
        2246.6225776658475,
        2066.89277145258,
        800.5886139835076,
        245.00955620742246,
        245.00955620742246,
        158.87717676310967
    ],
    "Static Pressures": [
        84.124656235234,
        133.97926458691475,
        267.52254953831886,
        1903.694964514078,
        1764.318143077491,
        683.094597137077,
        208.50377967760812,
        132.47246241430307,
        84.07825298491298
    ],
    "Entropies": [
        6834.413225585567,
        6845.607178771453,
        6865.411001852655,
        6917.948285733812,
        7950.815635653076,
        7980.784226984086,
        8015.56743187412,
        8015.56743187412,
        6845.607178771453
    ],
    "Specifice Volumes": [
        0.9354134467594015,
        0.6780422909737055,
        0.42158869626980155,
        0.10729497902878572,
        0.24965275870664913,
        0.5323777534712419,
        1.3547743858200219,
        1.9076064127459293,
        0.9458112098493401
    ],
    "Performance": {
        "Thrust": 99999.99999999999,
        "OPR": 22.1725,
        "T4": 1316.40625,
        "Thermal Efficiency": 0.44100863871929635,
        "SFC": 0.05273323901550777,
        "TSFC": 7.515359453653925,
        "Air Mass Flow Rate": 190.39211847882723,
        "Fuel Mass Flow Rate": 0.7515359453653925,
        "Core EGT": 750.5484628242466,
        "Bypass EGT": 59.94203332083493,
        "FAR": 0.024078566399473644,
        "Specific Thrust": 0.5252318257655219
    },
    "Pressure Ratios": {
        "Fan": 1.6,
        "LPC": 2.0,
        "HPC": 7.0703125,
        "HPT": 2.5817164213319157,
        "LPT": 3.267581176734746
    },
    "Mechanical Parameters": {
        "LP Shaft Speed": 5490.0,
        "Fan Power": 8.60313729275912,
        "Fan Efficiency": 0.92,
        "LPC Power": 2.523857901898655,
        "LPC Efficiency": 0.9,
        "LPT Power": 11.354076729242626,
        "LPT Efficiency": 0.9100000000000001,
        "HP Shaft Speed": 15183.0,
        "HPC Power": 10.819251169865105,
        "HPC Efficiency": 0.89,
        "HPT Power": 11.193757815719925,
        "HPT Efficiency": 0.9,
        "Burner Power": 5.665474592109479,
        "Burner Efficiency": 0.1753145992348441
    }
}