{
    "Stages": [
        "0. Fan Inlet",
        "1. LPC Inlet",
        "2. HPC Inlet",
        "3. Burner Inlet",
        "4. HPT Inlet",
        "5. LPT Inlet",
        "6. Core Nozz Inlet",
        "7. Core Nozz Outlet",
        "8. Byp Nozz Outlet"
    ],
    "Total Temperatures": [
        15.000057655676706,
        59.942033320834994,
        139.95697080771498,
        519.6640327088859,
        1447.6562499999998,
        1138.34442515661,
        854.1836889999422,
        854.1836889999422,
        59.94203332083493
    ],
    "Static Temperatures": [
        1.2698087753191583,
        44.11029440122737,
        120.50659961430016,
        485.83548377216005,
        1389.9921636052543,
        1088.495098746917,
        812.1515709171988,
        700.8404185368873,
        4.4391862677623966
    ],
    "Total Pressures": [
        99.29823547694355,
        158.87717676310967,
        317.75435352621935,
        2823.793571375582,
        2597.8900856655355,
        946.8258036819229,
        320.4309999797851,
        320.43099997978504,
        158.87717676310967
    ],
    "Static Pressures": [
        84.124656235234,
        133.97926458691475,
        267.52254953831897,
        2390.790081699337,
        2221.020661751846,
        807.3876167538712,
        272.8614243714272,
        173.68861372175792,
        84.07825298491304
    ],
    "Entropies": [
        6834.413225585567,
        6845.607178771453,
        6865.411001852655,
        6922.206705339395,
        8000.498374140279,
        8032.556415460962,
        8064.026862121266,
        8064.026862121266,
        6845.607178771453
    ],
    "Specifice Volumes": [
        0.9354134467594015,
        0.6780422909737055,
        0.42158869626980144,
        0.09109976033032785,
        0.21489969497070716,
        0.4839797203129167,
        1.141337637352225,
        1.6089794871895138,
        0.9458112098493398
    ],
    "Performance": {
        "Thrust": 99999.99999999999,
        "OPR": 27.86875,
        "T4": 1447.6562499999998,
        "Thermal Efficiency": 0.4067335800906208,
        "SFC": 0.05717701977866431,
        "TSFC": 8.259956600253327,
        "Air Mass Flow Rate": 185.93041736307475,
        "Fuel Mass Flow Rate": 0.8259956600253326,
        "Core EGT": 854.1836889999422,
        "Bypass EGT": 59.94203332083493,
        "FAR": 0.027099242811441004,
        "Specific Thrust": 0.5378356130117508
    },
    "Pressure Ratios": {
        "Fan": 1.6,
        "LPC": 2.0,
        "HPC": 8.88671875,
        "HPT": 2.743788852778532,
        "LPT": 2.954850821991785
    },
    "Mechanical Parameters": {
        "LP Shaft Speed": 5490.0,
        "Fan Power": 8.40152901419824,
        "Fan Efficiency": 0.92,
        "LPC Power": 2.4647131237068294,
        "LPC Efficiency": 0.9,
        "LPT Power": 11.088002181535785,
        "LPT Efficiency": 0.9099999999999997,
        "HP Shaft Speed": 15183.0,
        "HPC Power": 12.189058105543962,
        "HPC Efficiency": 0.89,
        "HPT Power": 12.591519994984063,
        "HPT Efficiency": 0.9000000000000002,
        "Burner Power": 6.472078444384881,
        "Burner Efficiency": 0.1822206332057254
    }
}