{
    "Stages": [
        "0. Fan Inlet",
        "1. LPC Inlet",
        "2. HPC Inlet",
        "3. Burner Inlet",
        "4. HPT Inlet",
        "5. LPT Inlet",
        "6. Core Nozz Inlet",
        "7. Core Nozz Outlet",
        "8. Byp Nozz Outlet"
    ],
    "Total Temperatures": [
        15.000057655676706,
        59.942033320834994,
        139.95697080771498,
        485.1406029220144,
        1394.9218749999998,
        1112.32720426914,
        826.3987423687093,
        826.3987423687093,
        59.94203332083493
    ],
    "Static Temperatures": [
        1.2698087753191583,
        44.11029440122737,
        120.50659961430016,
        452.4681821115206,
        1338.4571813616403,
        1063.1138657886142,
        785.1035765151432,
        675.7960283903865,
        4.4391862677623966
    ],
    "Total Pressures": [
        99.29823547694355,
        158.87717676310967,
        317.75435352621935,
        2407.982210315881,
        2215.343633490613,
        867.92061269674,
        285.35807181872894,
        285.358071818729,
        158.87717676310967
    ],
    "Static Pressures": [
        84.124656235234,
        133.97926458691475,
        267.52254953831897,
        2037.2472716876346,
        1893.7098851617823,
        740.4450416566393,
        243.0961092415671,
        154.67021146512917,
        84.07825298491298
    ],
    "Entropies": [
        6834.413225585567,
        6845.607178771453,
        6865.411001852655,
        6919.211973430701,
        8002.107457496054,
        8031.726889315101,
        8064.100967630667,
        8064.100967630667,
        6845.607178771453
    ],
    "Specifice Volumes": [
        0.9354134467594015,
        0.6780422909737055,
        0.42158869626980144,
        0.10220239984124975,
        0.24425734830401663,
        0.5179642791841357,
        1.249315361900786,
        1.7604355429676481,
        0.9458112098493401
    ],
    "Performance": {
        "Thrust": 99999.99999999999,
        "OPR": 23.764999999999997,
        "T4": 1394.9218749999998,
        "Thermal Efficiency": 0.41549626333958933,
        "SFC": 0.05597117472626019,
        "TSFC": 8.066350639566004,
        "Air Mass Flow Rate": 187.32408328039332,
        "Fuel Mass Flow Rate": 0.8066350639566002,
        "Core EGT": 826.3987423687093,
        "Bypass EGT": 59.94203332083493,
        "FAR": 0.02626717186583063,
        "Specific Thrust": 0.5338341885827699
    },
    "Pressure Ratios": {
        "Fan": 1.6,
        "LPC": 2.0,
        "HPC": 7.578125,
        "HPT": 2.5524726583082953,
        "LPT": 3.0415141480493264
    },
    "Mechanical Parameters": {
        "LP Shaft Speed": 5490.0,
        "Fan Power": 8.464503780815296,
        "Fan Efficiency": 0.92,
        "LPC Power": 2.4831877053551374,
        "LPC Efficiency": 0.9,
        "LPT Power": 11.1711137613984,
        "LPT Efficiency": 0.9099999999999998,
        "HP Shaft Speed": 15183.0,
        "HPC Power": 11.121536126870645,
        "HPC Efficiency": 0.89,
        "HPT Power": 11.502211853480675,
        "HPT Efficiency": 0.9,
        "Burner Power": 6.123777807401034,
        "Burner Efficiency": 0.1765525003126838
    }
}