{
    "Stages": [
        "0. Fan Inlet",
        "1. LPC Inlet",
        "2. HPC Inlet",
        "3. Burner Inlet",
        "4. HPT Inlet",
        "5. LPT Inlet",
        "6. Core Nozz Inlet",
        "7. Core Nozz Outlet",
        "8. Byp Nozz Outlet"
    ],
    "Total Temperatures": [
        15.000057655676706,
        59.942033320834994,
        139.95697080771538,
        518.7223232895649,
        1331.6406249999998,
        1014.9011991272159,
        722.139747466701,
        722.139747466701,
        59.942033320834994
    ],
    "Static Temperatures": [
        1.2698087753191583,
        44.1102944012275,
        120.50659961430048,
        484.9250469164317,
        1276.3808327799054,
        968.0411736949895,
        683.6330686057634,
        582.107329476158,
        4.43918626776246
    ],
    "Total Pressures": [
        99.29823547694352,
        158.87717676310965,
        317.7543535262193,
        2811.381291940964,
        2586.470788585689,
        865.8408604309603,
        256.77507538115054,
        256.77507538115043,
        158.87717676310965
    ],
    "Static Pressures": [
        84.124656235234,
        133.97926458691427,
        267.5225495383182,
        2380.0561683120977,
        2209.4428117857638,
        737.8456487173555,
        218.19188222589048,
        138.41806487974637,
        84.07825298491292
    ],
    "Entropies": [
        6834.413225585567,
        6845.607178771453,
        6865.411001852656,
        6922.169518451247,
        7895.53653447569,
        7930.763868083668,
        7966.701257409863,
        7966.701257409863,
        6845.607178771453
    ],
    "Specifice Volumes": [
        0.9354134467594013,
        0.6780422909737036,
        0.4215886962698031,
        0.09140398248959387,
        0.20127528330287434,
        0.4827502900653477,
        1.2585028914249368,
        1.7733970449884155,
        0.9458112098493409
    ],
    "Performance": {
        "Thrust": 99999.99999999999,
        "OPR": 27.746250000000003,
        "T4": 1331.6406249999998,
        "Thermal Efficiency": 0.4510111511614914,
        "SFC": 0.05156372274520829,
        "TSFC": 7.291397629516509,
        "Air Mass Flow Rate": 190.88984337027483,
        "Fuel Mass Flow Rate": 0.7291397629516508,
        "Core EGT": 722.139747466701,
        "Bypass EGT": 59.942033320834994,
        "FAR": 0.023300100599787744,
        "Specific Thrust": 0.5238623398418686
    },
    "Pressure Ratios": {
        "Fan": 1.6,
        "LPC": 2.0,
        "HPC": 8.84765625,
        "HPT": 2.98723576895379,
        "LPT": 3.3719817203337703
    },
    "Mechanical Parameters": {
        "LP Shaft Speed": 5490.0,
        "Fan Power": 8.625627696297666,
        "Fan Efficiency": 0.92,
        "LPC Power": 2.5304557952898867,
        "LPC Efficiency": 0.9,
        "LPT Power": 11.383758664885258,
        "LPT Efficiency": 0.9099999999999999,
        "HP Shaft Speed": 15183.0,
        "HPC Power": 12.481773489288807,
        "HPC Efficiency": 0.89,
        "HPT Power": 12.890209162070635,
        "HPT Efficiency": 0.8999999999999996,
        "Burner Power": 5.764690154822997,
        "Burner Efficiency": 0.18386401147204937
    }
}