{
    "Stages": [
        "0. Fan Inlet",
        "1. LPC Inlet",
        "2. HPC Inlet",
        "3. Burner Inlet",
        "4. HPT Inlet",
        "5. LPT Inlet",
        "6. Core Nozz Inlet",
        "7. Core Nozz Outlet",
        "8. Byp Nozz Outlet"
    ],
    "Total Temperatures": [
        15.000057655676706,
        59.942033320834994,
        139.95697080771498,
        497.2139587338825,
        1364.453125,
        1069.2244208963914,
        780.3052907791423,
        780.3052907791423,
        59.94203332083493
    ],
    "Static Temperatures": [
        1.2698087753191583,
        44.11029440122737,
        120.50659961430016,
        464.1381275862191,
        1308.5695105367654,
        1021.0225062494387,
        740.2213305850618,
        634.3160294963736,
        4.4391862677623966
    ],
    "Total Pressures": [
        99.29823547694355,
        158.87717676310967,
        317.75435352621935,
        2544.5172840966784,
        2340.955901368944,
        863.8270888033799,
        272.36446960705945,
        272.3644696070594,
        158.87717676310967
    ],
    "Static Pressures": [
        84.124656235234,
        133.97926458691475,
        267.52254953831897,
        2155.535225106374,
        1998.4498756204923,
        736.3465131234243,
        231.74112892587735,
        147.26752196319438,
        84.07825298491285
    ],
    "Entropies": [
        6834.413225585567,
        6845.607178771453,
        6865.411001852655,
        6920.383817102738,
        7956.946951604712,
        7988.684753184305,
        8022.4175907215795,
        8022.4175907215795,
        6845.607178771453
    ],
    "Specifice Volumes": [
        0.9354134467594015,
        0.6780422909737055,
        0.42158869626980144,
        0.0981308665967621,
        0.22715225639461617,
        0.5043814231461048,
        1.254726679885647,
        1.7679606452753753,
        0.9458112098493415
    ],
    "Performance": {
        "Thrust": 99999.99999999999,
        "OPR": 25.112499999999997,
        "T4": 1364.453125,
        "Thermal Efficiency": 0.43036297905189896,
        "SFC": 0.05403767304688137,
        "TSFC": 7.723169296145028,
        "Air Mass Flow Rate": 188.87483521370424,
        "Fuel Mass Flow Rate": 0.7723169296145027,
        "Core EGT": 780.3052907791423,
        "Bypass EGT": 59.94203332083493,
        "FAR": 0.02494314960125847,
        "Specific Thrust": 0.5294511568301518
    },
    "Pressure Ratios": {
        "Fan": 1.6,
        "LPC": 2.0,
        "HPC": 8.0078125,
        "HPT": 2.7099820458417936,
        "LPT": 3.1715850824801937
    },
    "Mechanical Parameters": {
        "LP Shaft Speed": 5490.0,
        "Fan Power": 8.534576701353597,
        "Fan Efficiency": 0.92,
        "LPC Power": 2.5037446357157114,
        "LPC Efficiency": 0.9,
        "LPT Power": 11.263593201091128,
        "LPT Efficiency": 0.9100000000000001,
        "HP Shaft Speed": 15183.0,
        "HPC Power": 11.621719791991842,
        "HPC Efficiency": 0.89,
        "HPT Power": 12.012603348502303,
        "HPT Efficiency": 0.9000000000000001,
        "Burner Power": 5.95441781912502,
        "Burner Efficiency": 0.1792979380524862
    }
}