{
    "Stages": [
        "0. Fan Inlet",
        "1. LPC Inlet",
        "2. HPC Inlet",
        "3. Burner Inlet",
        "4. HPT Inlet",
        "5. LPT Inlet",
        "6. Core Nozz Inlet",
        "7. Core Nozz Outlet",
        "8. Byp Nozz Outlet"
    ],
    "Total Temperatures": [
        15.000057655676706,
        59.942033320834994,
        139.95697080771498,
        520.1558605416091,
        1411.328125,
        1099.0151966991127,
        812.1584009826903,
        812.1584009826903,
        59.94203332083493
    ],
    "Static Temperatures": [
        1.2698087753191583,
        44.11029440122737,
        120.50659961430016,
        486.31098098034863,
        1354.3892149625901,
        1050.08410409639,
        771.2341326438908,
        662.9843622731205,
        4.4391862677623966
    ],
    "Total Pressures": [
        99.29823547694355,
        158.87717676310967,
        317.75435352621935,
        2829.9997110928907,
        2603.5997342054598,
        923.272201111781,
        300.52057352202877,
        300.5205735220287,
        158.87717676310967
    ],
    "Static Pressures": [
        84.124656235234,
        133.97926458691475,
        267.52254953831897,
        2396.157684247843,
        2225.2696097763906,
        787.6395156566663,
        255.6245821377563,
        162.49778752267417,
        84.07825298491306
    ],
    "Entropies": [
        6834.413225585567,
        6845.607178771453,
        6865.411001852655,
        6922.253989998972,
        7966.940256377044,
        8000.005001204812,
        8032.713844214398,
        8032.713844214398,
        6845.607178771453
    ],
    "Specifice Volumes": [
        0.9354134467594015,
        0.6780422909737055,
        0.42158869626980144,
        0.0909511042785939,
        0.209896940821756,
        0.482105010387791,
        1.172311123904798,
        1.6529613879151157,
        0.9458112098493391
    ],
    "Performance": {
        "Thrust": 99999.99999999999,
        "OPR": 27.929999999999996,
        "T4": 1411.328125,
        "Thermal Efficiency": 0.41968468508903417,
        "SFC": 0.05541258659118038,
        "TSFC": 7.9494445281698995,
        "Air Mass Flow Rate": 187.42024187423917,
        "Fuel Mass Flow Rate": 0.7949444528169898,
        "Core EGT": 812.1584009826903,
        "Bypass EGT": 59.94203332083493,
        "FAR": 0.025873198720111953,
        "Specific Thrust": 0.5335602974362874
    },
    "Pressure Ratios": {
        "Fan": 1.6,
        "LPC": 2.0,
        "HPC": 8.90625,
        "HPT": 2.819969810712668,
        "LPT": 3.072242909333138
    },
    "Mechanical Parameters": {
        "LP Shaft Speed": 5490.0,
        "Fan Power": 8.468848842949924,
        "Fan Efficiency": 0.92,
        "LPC Power": 2.4844623937658366,
        "LPC Efficiency": 0.9,
        "LPT Power": 11.17684820073037,
        "LPT Efficiency": 0.9099999999999999,
        "HP Shaft Speed": 15183.0,
        "HPC Power": 12.30334591444197,
        "HPC Efficiency": 0.89,
        "HPT Power": 12.708140208145297,
        "HPT Efficiency": 0.9000000000000005,
        "Burner Power": 6.247903846846857,
        "Burner Efficiency": 0.18278017910140126
    }
}