{
    "Stages": [
        "0. Fan Inlet",
        "1. LPC Inlet",
        "2. HPC Inlet",
        "3. Burner Inlet",
        "4. HPT Inlet",
        "5. LPT Inlet",
        "6. Core Nozz Inlet",
        "7. Core Nozz Outlet",
        "8. Byp Nozz Outlet"
    ],
    "Total Temperatures": [
        15.000057655676706,
        59.942033320834994,
        139.95697080771498,
        497.2139587338825,
        1351.5625,
        1055.473113411033,
        765.5855703916563,
        765.5855703916563,
        59.94203332083493
    ],
    "Static Temperatures": [
        1.2698087753191583,
        44.11029440122737,
        120.50659961430016,
        464.1381275862191,
        1295.951458282638,
        1007.6029582459273,
        725.9093774009436,
        621.1053718313502,
        4.4391862677623966
    ],
    "Total Pressures": [
        99.29823547694355,
        158.87717676310967,
        317.75435352621935,
        2544.5172840966784,
        2340.955901368944,
        855.4915942807186,
        265.76981629382664,
        265.7698162938264,
        158.87717676310967
    ],
    "Static Pressures": [
        84.124656235234,
        133.97926458691475,
        267.52254953831897,
        2155.535225106373,
        1998.2526727115608,
        729.0369153377549,
        226.09001478461394,
        143.61945112715694,
        84.07825298491304
    ],
    "Entropies": [
        6834.413225585567,
        6845.607178771453,
        6865.411001852655,
        6920.383817102738,
        7944.993060525268,
        7977.066581623853,
        8011.388017741873,
        8011.388017741873,
        6845.607178771453
    ],
    "Specifice Volumes": [
        0.9354134467594015,
        0.6780422909737055,
        0.42158869626980144,
        0.09813086659676211,
        0.22535656530088152,
        0.5041356271779065,
        1.268065802092448,
        1.7868372117662723,
        0.9458112098493393
    ],
    "Performance": {
        "Thrust": 99999.99999999999,
        "OPR": 25.112499999999997,
        "T4": 1351.5625,
        "Thermal Efficiency": 0.4354268387448724,
        "SFC": 0.053409234075978806,
        "TSFC": 7.6151843172719875,
        "Air Mass Flow Rate": 189.43443456030815,
        "Fuel Mass Flow Rate": 0.7615184317271987,
        "Core EGT": 765.5855703916563,
        "Bypass EGT": 59.94203332083493,
        "FAR": 0.02452174254547713,
        "Specific Thrust": 0.5278871300886117
    },
    "Pressure Ratios": {
        "Fan": 1.6,
        "LPC": 2.0,
        "HPC": 8.0078125,
        "HPT": 2.736386794468946,
        "LPT": 3.218919312247687
    },
    "Mechanical Parameters": {
        "LP Shaft Speed": 5490.0,
        "Fan Power": 8.559862989705428,
        "Fan Efficiency": 0.92,
        "LPC Power": 2.511162743377456,
        "LPC Efficiency": 0.9,
        "LPT Power": 11.29696503375804,
        "LPT Efficiency": 0.9100000000000001,
        "HP Shaft Speed": 15183.0,
        "HPC Power": 11.656152683989625,
        "HPC Efficiency": 0.89,
        "HPT Power": 12.047738952581673,
        "HPT Efficiency": 0.8999999999999994,
        "Burner Power": 5.878903268435408,
        "Burner Efficiency": 0.17953430273670087
    }
}