{
    "Stages": [
        "0. Fan Inlet",
        "1. LPC Inlet",
        "2. HPC Inlet",
        "3. Burner Inlet",
        "4. HPT Inlet",
        "5. LPT Inlet",
        "6. Core Nozz Inlet",
        "7. Core Nozz Outlet",
        "8. Byp Nozz Outlet"
    ],
    "Total Temperatures": [
        15.000057655676706,
        59.942033320834994,
        139.95697080771498,
        521.1395161399606,
        1303.515625,
        982.5287889634085,
        687.3879798810175,
        687.3879798810175,
        59.94203332083493
    ],
    "Static Temperatures": [
        1.2698087753191583,
        44.11029440122737,
        120.50659961430016,
        487.26197985866867,
        1248.8383692633793,
        936.4738090847957,
        649.838943265566,
        550.9640876754593,
        4.4391862677623966
    ],
    "Total Pressures": [
        99.29823547694355,
        158.87717676310967,
        317.75435352621935,
        2842.411990527509,
        2615.019031285311,
        847.3943587281682,
        241.65941917199487,
        241.65941917199487,
        158.87717676310967
    ],
    "Static Pressures": [
        84.124656235234,
        133.97926458691475,
        267.52254953831897,
        2406.892944203399,
        2233.0659485470505,
        721.6567754611814,
        205.53030226322912,
        130.3761485114968,
        84.07825298491288
    ],
    "Entropies": [
        6834.413225585567,
        6845.607178771453,
        6865.411001852655,
        6922.348559319015,
        7865.477081371644,
        7901.907081285874,
        7939.206447944592,
        7939.206447944592,
        6845.607178771453
    ],
    "Specifice Volumes": [
        0.9354134467594015,
        0.6780422909737055,
        0.42158869626980144,
        0.09065598178048223,
        0.19559850997560752,
        0.4810108019527266,
        1.2888692869808533,
        1.8140241300988968,
        0.9458112098493415
    ],
    "Performance": {
        "Thrust": 99999.99999999999,
        "OPR": 28.052499999999995,
        "T4": 1303.515625,
        "Thermal Efficiency": 0.4645750696942736,
        "SFC": 0.05005824778499737,
        "TSFC": 7.039028360077068,
        "Air Mass Flow Rate": 192.29398274866497,
        "Fuel Mass Flow Rate": 0.7039028360077068,
        "Core EGT": 687.3879798810175,
        "Bypass EGT": 59.94203332083493,
        "FAR": 0.022329389813820488,
        "Specific Thrust": 0.5200370732905538
    },
    "Pressure Ratios": {
        "Fan": 1.6,
        "LPC": 2.0,
        "HPC": 8.9453125,
        "HPT": 3.0859528439747037,
        "LPT": 3.506564576012065
    },
    "Mechanical Parameters": {
        "LP Shaft Speed": 5490.0,
        "Fan Power": 8.68907572107398,
        "Fan Efficiency": 0.92,
        "LPC Power": 2.5490692142372087,
        "LPC Efficiency": 0.9,
        "LPT Power": 11.46749483195019,
        "LPT Efficiency": 0.9100000000000001,
        "HP Shaft Speed": 15183.0,
        "HPC Power": 12.657389209990459,
        "HPC Efficiency": 0.89,
        "HPT Power": 13.069408877072322,
        "HPT Efficiency": 0.8999999999999998,
        "Burner Power": 5.5958434004175075,
        "Burner Efficiency": 0.18487763704867427
    }
}