{
    "Stages": [
        "0. Fan Inlet",
        "1. LPC Inlet",
        "2. HPC Inlet",
        "3. Burner Inlet",
        "4. HPT Inlet",
        "5. LPT Inlet",
        "6. Core Nozz Inlet",
        "7. Core Nozz Outlet",
        "8. Byp Nozz Outlet"
    ],
    "Total Temperatures": [
        15.000057655676706,
        59.942033320834994,
        139.95697080771498,
        499.409112999802,
        1351.5625,
        1053.519132346648,
        763.4994904658213,
        763.4994904658213,
        59.94203332083493
    ],
    "Static Temperatures": [
        1.2698087753191583,
        44.11029440122737,
        120.50659961430016,
        466.2600364978133,
        1295.9447119177355,
        1005.7004896348968,
        723.8813367823676,
        619.2340138414523,
        4.4391862677623966
    ],
    "Total Pressures": [
        99.29823547694355,
        158.87717676310967,
        317.75435352621935,
        2569.341842965914,
        2363.794495528641,
        857.2641708570794,
        265.76004335476455,
        265.7600433547645,
        158.87717676310967
    ],
    "Static Pressures": [
        84.124656235234,
        133.97926458691475,
        267.52254953831897,
        2177.0432310797346,
        2017.943126382469,
        730.6032148187088,
        226.08698873900528,
        143.6147066531792,
        84.07825298491304
    ],
    "Entropies": [
        6834.413225585567,
        6845.607178771453,
        6865.411001852655,
        6920.596879587424,
        7942.101095442172,
        7974.432377688285,
        8008.837129967234,
        8008.837129967234,
        6845.607178771453
    ],
    "Specifice Volumes": [
        0.9354134467594015,
        0.6780422909737055,
        0.42158869626980144,
        0.0974433055216283,
        0.22315667400895345,
        0.5023135628988888,
        1.2655696484446455,
        1.7832689753581585,
        0.9458112098493395
    ],
    "Performance": {
        "Thrust": 99999.99999999999,
        "OPR": 25.357499999999995,
        "T4": 1351.5625,
        "Thermal Efficiency": 0.4361372065915377,
        "SFC": 0.05332224263835509,
        "TSFC": 7.599284084248795,
        "Air Mass Flow Rate": 189.49114317430823,
        "Fuel Mass Flow Rate": 0.7599284084248794,
        "Core EGT": 763.4994904658213,
        "Bypass EGT": 59.94203332083493,
        "FAR": 0.024463218774967356,
        "Specific Thrust": 0.5277291504226794
    },
    "Pressure Ratios": {
        "Fan": 1.6,
        "LPC": 2.0,
        "HPC": 8.0859375,
        "HPT": 2.757369986856392,
        "LPT": 3.2257075218516307
    },
    "Mechanical Parameters": {
        "LP Shaft Speed": 5490.0,
        "Fan Power": 8.562425448676013,
        "Fan Efficiency": 0.92,
        "LPC Power": 2.511914478715522,
        "LPC Efficiency": 0.9,
        "LPT Power": 11.30034686468524,
        "LPT Efficiency": 0.9100000000000001,
        "HP Shaft Speed": 15183.0,
        "HPC Power": 11.734086831182383,
        "HPC Efficiency": 0.89,
        "HPT Power": 12.127263592574288,
        "HPT Efficiency": 0.9,
        "Burner Power": 5.87991357723455,
        "Burner Efficiency": 0.17994086640106738
    }
}