{
    "Stages": [
        "0. Fan Inlet",
        "1. LPC Inlet",
        "2. HPC Inlet",
        "3. Burner Inlet",
        "4. HPT Inlet",
        "5. LPT Inlet",
        "6. Core Nozz Inlet",
        "7. Core Nozz Outlet",
        "8. Byp Nozz Outlet"
    ],
    "Total Temperatures": [
        15.000057655676706,
        59.942033320834994,
        139.95697080771498,
        529.9924124996032,
        1359.7656249999998,
        1034.915293986879,
        743.5765782338652,
        743.5765782338652,
        59.94203332083493
    ],
    "Static Temperatures": [
        1.2698087753191583,
        44.11029440122737,
        120.50659961430016,
        495.82123750316754,
        1303.8924741696671,
        987.5541209765657,
        704.4821060169327,
        601.3279030903611,
        4.4391862677623966
    ],
    "Total Pressures": [
        99.29823547694355,
        158.87717676310967,
        317.75435352621935,
        2954.1225054390707,
        2717.792705003945,
        896.229675959814,
        272.21884940678297,
        272.2188494067827,
        158.87717676310967
    ],
    "Static Pressures": [
        84.124656235234,
        133.97926458691475,
        267.52254953831886,
        2503.513575595265,
        2320.383319980467,
        764.0905101515827,
        231.53537119992416,
        147.01744983300026,
        84.07825298491304
    ],
    "Entropies": [
        6834.413225585567,
        6845.607178771453,
        6865.411001852655,
        6923.199683252881,
        7906.414280336452,
        7942.122940281282,
        7977.150907352076,
        7977.150907352076,
        6845.607178771453
    ],
    "Specifice Volumes": [
        0.9354134467594015,
        0.6780422909737055,
        0.42158869626980155,
        0.08812549616151943,
        0.19506933625947406,
        0.4735013939049727,
        1.2115238589700768,
        1.7065557290961435,
        0.9458112098493393
    ],
    "Performance": {
        "Thrust": 99999.99999999999,
        "OPR": 29.154999999999998,
        "T4": 1359.7656249999998,
        "Thermal Efficiency": 0.44295555943746306,
        "SFC": 0.052501460830568156,
        "TSFC": 7.444320223904611,
        "Air Mass Flow Rate": 189.90721876965776,
        "Fuel Mass Flow Rate": 0.7444320223904609,
        "Core EGT": 743.5765782338652,
        "Bypass EGT": 59.94203332083493,
        "FAR": 0.023911862676951334,
        "Specific Thrust": 0.5265729267579448
    },
    "Pressure Ratios": {
        "Fan": 1.6,
        "LPC": 2.0,
        "HPC": 9.296875,
        "HPT": 3.032473458428315,
        "LPT": 3.292313070578581
    },
    "Mechanical Parameters": {
        "LP Shaft Speed": 5490.0,
        "Fan Power": 8.581226413230416,
        "Fan Efficiency": 0.92,
        "LPC Power": 2.517430020469562,
        "LPC Efficiency": 0.9,
        "LPT Power": 11.325159626224467,
        "LPT Efficiency": 0.9100000000000001,
        "HP Shaft Speed": 15183.0,
        "HPC Power": 12.803400840770793,
        "HPC Efficiency": 0.89,
        "HPT Power": 13.218400337052254,
        "HPT Efficiency": 0.8999999999999996,
        "Burner Power": 5.935248267336135,
        "Burner Efficiency": 0.18541522304441652
    }
}