{
    "Stages": [
        "0. Fan Inlet",
        "1. LPC Inlet",
        "2. HPC Inlet",
        "3. Burner Inlet",
        "4. HPT Inlet",
        "5. LPT Inlet",
        "6. Core Nozz Inlet",
        "7. Core Nozz Outlet",
        "8. Byp Nozz Outlet"
    ],
    "Total Temperatures": [
        15.000057655676706,
        59.94203332083493,
        139.95697080771524,
        485.1406029220145,
        1307.0312499999998,
        1018.7498306215008,
        726.2408839286188,
        726.2408839286188,
        59.94203332083493
    ],
    "Static Temperatures": [
        1.2698087753191583,
        44.11029440122737,
        120.50659961430041,
        452.4681821115209,
        1252.3929116174957,
        971.7857112559384,
        687.6295382407984,
        585.78037147545,
        4.4391862677624285
    ],
    "Total Pressures": [
        99.29823547694353,
        158.87717676310967,
        317.75435352621935,
        2407.982210315881,
        2215.343633490613,
        812.6689808525283,
        242.5056260622216,
        242.50562606222172,
        158.87717676310967
    ],
    "Static Pressures": [
        84.12465623523386,
        133.97926458691458,
        267.5225495383185,
        2037.2472716876368,
        1891.74389628339,
        692.7876213383701,
        206.38304417875105,
        131.04256603701438,
        84.07825298491304
    ],
    "Entropies": [
        6834.413225585567,
        6845.607178771453,
        6865.411001852656,
        6919.211973430701,
        7920.452504668564,
        7952.321822537325,
        7988.086032147638,
        7988.086032147638,
        6845.607178771453
    ],
    "Specifice Volumes": [
        0.9354134467594029,
        0.6780422909737053,
        0.4215886962698025,
        0.1022023998412497,
        0.23142718328423853,
        0.5156803212586003,
        1.3360583740295466,
        1.8810224589372346,
        0.9458112098493395
    ],
    "Performance": {
        "Thrust": 99999.99999999999,
        "OPR": 23.765,
        "T4": 1307.0312499999998,
        "Thermal Efficiency": 0.4498016953074063,
        "SFC": 0.051702370613776215,
        "TSFC": 7.3318643179248495,
        "Air Mass Flow Rate": 191.14548223060916,
        "Fuel Mass Flow Rate": 0.7331864317924849,
        "Core EGT": 726.2408839286188,
        "Bypass EGT": 59.94203332083493,
        "FAR": 0.02339807973352123,
        "Specific Thrust": 0.5231617239028129
    },
    "Pressure Ratios": {
        "Fan": 1.6,
        "LPC": 2.0,
        "HPC": 7.578125,
        "HPT": 2.7260098338756955,
        "LPT": 3.351134544994106
    },
    "Mechanical Parameters": {
        "LP Shaft Speed": 5490.0,
        "Fan Power": 8.637179099950247,
        "Fan Efficiency": 0.92,
        "LPC Power": 2.5338445708486725,
        "LPC Efficiency": 0.9,
        "LPT Power": 11.399003745713182,
        "LPT Efficiency": 0.91,
        "HP Shaft Speed": 15183.0,
        "HPC Power": 11.348414730709294,
        "HPC Efficiency": 0.89,
        "HPT Power": 11.73372063290787,
        "HPT Efficiency": 0.8999999999999998,
        "Burner Power": 5.617577930307053,
        "Burner Efficiency": 0.17818298532482765
    }
}