{
    "Stages": [
        "0. Fan Inlet",
        "1. LPC Inlet",
        "2. HPC Inlet",
        "3. Burner Inlet",
        "4. HPT Inlet",
        "5. LPT Inlet",
        "6. Core Nozz Inlet",
        "7. Core Nozz Outlet",
        "8. Byp Nozz Outlet"
    ],
    "Total Temperatures": [
        15.000057655676706,
        59.94203332083512,
        139.9569708077155,
        482.39665668477613,
        1389.0624999999998,
        1108.5061977946787,
        822.3213333817691,
        822.3213333817691,
        59.94203332083512
    ],
    "Static Temperatures": [
        1.2698087753191583,
        44.11029440122756,
        120.50659961430067,
        449.816052401158,
        1332.7196869845498,
        1059.3731475198083,
        781.1168948161536,
        672.111631233392,
        4.439186267762555
    ],
    "Total Pressures": [
        99.29823547694357,
        158.87717676310973,
        317.75435352621946,
        2376.9515117293367,
        2186.79539079099,
        860.2671864619787,
        282.0360826115223,
        282.03608261152215,
        158.87717676310973
    ],
    "Static Pressures": [
        84.12465623523386,
        133.9792645869146,
        267.5225495383188,
        2010.3650805430584,
        1868.838544389243,
        733.6854547539973,
        240.14279163115893,
        152.77447419347772,
        84.0782529849129
    ],
    "Entropies": [
        6834.413225585567,
        6845.607178771454,
        6865.411001852656,
        6918.945645321941,
        8000.873526928215,
        8030.340069902023,
        8062.842648784242,
        8062.842648784242,
        6845.607178771454
    ],
    "Specifice Volumes": [
        0.9354134467594029,
        0.6780422909737045,
        0.4215886962698024,
        0.10320168733968027,
        0.24661365129227628,
        0.5212392639963849,
        1.2598072387650394,
        1.7752774375101028,
        0.9458112098493415
    ],
    "Performance": {
        "Thrust": 99999.99999999999,
        "OPR": 23.45875,
        "T4": 1389.0624999999998,
        "Thermal Efficiency": 0.41679505173658266,
        "SFC": 0.05579676115777451,
        "TSFC": 8.037405066575564,
        "Air Mass Flow Rate": 187.50879689734094,
        "Fuel Mass Flow Rate": 0.8037405066575564,
        "Core EGT": 822.3213333817691,
        "Bypass EGT": 59.94203332083512,
        "FAR": 0.026147131077243986,
        "Specific Thrust": 0.5333083122214736
    },
    "Pressure Ratios": {
        "Fan": 1.6,
        "LPC": 2.0,
        "HPC": 7.48046875,
        "HPT": 2.5419955860278995,
        "LPT": 3.0502025786782547
    },
    "Mechanical Parameters": {
        "LP Shaft Speed": 5490.0,
        "Fan Power": 8.472850326980883,
        "Fan Efficiency": 0.92,
        "LPC Power": 2.485636288444859,
        "LPC Efficiency": 0.9,
        "LPT Power": 11.182129199414021,
        "LPT Efficiency": 0.9099999999999999,
        "HP Shaft Speed": 15183.0,
        "HPC Power": 11.040420187263619,
        "HPC Efficiency": 0.89,
        "HPT Power": 11.419440486534727,
        "HPT Efficiency": 0.9,
        "Burner Power": 6.087135899990049,
        "Burner Efficiency": 0.1761281145185364
    }
}