{
    "Stages": [
        "0. Fan Inlet",
        "1. LPC Inlet",
        "2. HPC Inlet",
        "3. Burner Inlet",
        "4. HPT Inlet",
        "5. LPT Inlet",
        "6. Core Nozz Inlet",
        "7. Core Nozz Outlet",
        "8. Byp Nozz Outlet"
    ],
    "Total Temperatures": [
        15.000057655676706,
        59.942033320834994,
        139.95697080771498,
        530.4842398626813,
        1318.75,
        990.4091775163218,
        695.8275441725604,
        695.8275441725604,
        59.94203332083493
    ],
    "Static Temperatures": [
        1.2698087753191583,
        44.11029440122737,
        120.50659961430016,
        496.29676594866214,
        1263.7416169537833,
        944.1429517184,
        658.0479787613295,
        558.521383274859,
        4.4391862677623966
    ],
    "Total Pressures": [
        99.29823547694355,
        158.87717676310967,
        317.75435352621935,
        2960.3286451563795,
        2723.5023535438663,
        865.4665791389734,
        248.6704643783826,
        248.6704643783823,
        158.87717676310967
    ],
    "Static Pressures": [
        84.124656235234,
        133.97926458691475,
        267.52254953831897,
        2508.8815621986705,
        2324.2271551038375,
        737.1055744461721,
        211.53285858689154,
        134.24008462112212,
        84.07825298491292
    ],
    "Entropies": [
        6834.413225585567,
        6845.607178771453,
        6865.411001852655,
        6923.246967918695,
        7867.436640901365,
        7904.5760417951215,
        7941.494742327267,
        7941.494742327268,
        6845.607178771453
    ],
    "Specifice Volumes": [
        0.9354134467594015,
        0.6780422909737055,
        0.42158869626980144,
        0.08799125384023028,
        0.18977692770432042,
        0.4739013146478211,
        1.2632242163382048,
        1.7775626290475453,
        0.9458112098493409
    ],
    "Performance": {
        "Thrust": 99999.99999999999,
        "OPR": 29.216249999999995,
        "T4": 1318.75,
        "Thermal Efficiency": 0.46107600922549086,
        "SFC": 0.050438134902210954,
        "TSFC": 7.098618614332806,
        "Air Mass Flow Rate": 191.85468895638425,
        "Fuel Mass Flow Rate": 0.7098618614332806,
        "Core EGT": 695.8275441725604,
        "Bypass EGT": 59.94203332083493,
        "FAR": 0.0225699844934591,
        "Specific Thrust": 0.5212278133203913
    },
    "Pressure Ratios": {
        "Fan": 1.6,
        "LPC": 2.0,
        "HPC": 9.31640625,
        "HPT": 3.1468602245200463,
        "LPT": 3.4803754491006207
    },
    "Mechanical Parameters": {
        "LP Shaft Speed": 5490.0,
        "Fan Power": 8.66922560943573,
        "Fan Efficiency": 0.92,
        "LPC Power": 2.543245889628181,
        "LPC Efficiency": 0.9,
        "LPT Power": 11.441297448024397,
        "LPT Efficiency": 0.9100000000000001,
        "HP Shaft Speed": 15183.0,
        "HPC Power": 12.95171026579693,
        "HPC Efficiency": 0.89,
        "HPT Power": 13.369736485038118,
        "HPT Efficiency": 0.9000000000000002,
        "Burner Power": 5.685788404389346,
        "Burner Efficiency": 0.18627235029136457
    }
}