{
    "Stages": [
        "0. Fan Inlet",
        "1. LPC Inlet",
        "2. HPC Inlet",
        "3. Burner Inlet",
        "4. HPT Inlet",
        "5. LPT Inlet",
        "6. Core Nozz Inlet",
        "7. Core Nozz Outlet",
        "8. Byp Nozz Outlet"
    ],
    "Total Temperatures": [
        15.000057655676706,
        59.942033320834994,
        139.95697080771498,
        499.409112999802,
        1301.171875,
        999.6950285297376,
        705.7838514883197,
        705.7838514883199,
        59.94203332083493
    ],
    "Static Temperatures": [
        1.2698087753191583,
        44.11029440122737,
        120.50659961430016,
        466.2600364978133,
        1246.618026706005,
        953.2042536990978,
        667.7216457613723,
        567.43473656373,
        4.4391862677623966
    ],
    "Total Pressures": [
        99.29823547694355,
        158.87717676310967,
        317.75435352621935,
        2569.341842965914,
        2363.794495528641,
        822.5945978878101,
        239.89269340608544,
        239.89269340608533,
        158.87717676310967
    ],
    "Static Pressures": [
        84.124656235234,
        133.97926458691475,
        267.52254953831897,
        2177.0432310797346,
        2016.6047949236613,
        700.321887136054,
        204.0283534609069,
        129.47003549335318,
        84.07825298491294
    ],
    "Entropies": [
        6834.413225585567,
        6845.607178771453,
        6865.411001852655,
        6920.596879587424,
        7894.878016016841,
        7928.6508260831715,
        7965.12093655127,
        7965.12093655127,
        6845.607178771453
    ],
    "Specifice Volumes": [
        0.9354134467594015,
        0.6780422909737055,
        0.42158869626980144,
        0.0974433055216283,
        0.21627941353530325,
        0.5025396843029579,
        1.323136225390988,
        1.862696969211828,
        0.9458112098493409
    ],
    "Performance": {
        "Thrust": 99999.99999999999,
        "OPR": 25.357499999999995,
        "T4": 1301.171875,
        "Thermal Efficiency": 0.4574774033331641,
        "SFC": 0.05083489104390148,
        "TSFC": 7.179599185315778,
        "Air Mass Flow Rate": 191.8173011510194,
        "Fuel Mass Flow Rate": 0.7179599185315777,
        "Core EGT": 705.7838514883199,
        "Bypass EGT": 59.94203332083493,
        "FAR": 0.02283191076489269,
        "Specific Thrust": 0.5213294077225554
    },
    "Pressure Ratios": {
        "Fan": 1.6,
        "LPC": 2.0,
        "HPC": 8.0859375,
        "HPT": 2.8735837818509817,
        "LPT": 3.4290106389165365
    },
    "Mechanical Parameters": {
        "LP Shaft Speed": 5490.0,
        "Fan Power": 8.667536188543739,
        "Fan Efficiency": 0.92,
        "LPC Power": 2.542750272956868,
        "LPC Efficiency": 0.9,
        "LPT Power": 11.43906781785776,
        "LPT Efficiency": 0.91,
        "HP Shaft Speed": 15183.0,
        "HPC Power": 11.878132295390008,
        "HPC Efficiency": 0.89,
        "HPT Power": 12.274248760133085,
        "HPT Efficiency": 0.8999999999999997,
        "Burner Power": 5.586456999425735,
        "Burner Efficiency": 0.18095384057584224
    }
}