{
    "Stages": [
        "0. Fan Inlet",
        "1. LPC Inlet",
        "2. HPC Inlet",
        "3. Burner Inlet",
        "4. HPT Inlet",
        "5. LPT Inlet",
        "6. Core Nozz Inlet",
        "7. Core Nozz Outlet",
        "8. Byp Nozz Outlet"
    ],
    "Total Temperatures": [
        15.000057655676706,
        59.942033320834994,
        139.95697080771498,
        508.8189432336985,
        1363.2812499999998,
        1057.6745175451258,
        767.9414749588256,
        767.9414749588256,
        59.94203332083493
    ],
    "Static Temperatures": [
        1.2698087753191583,
        44.11029440122737,
        120.50659961430016,
        475.3562476365862,
        1307.3897873661679,
        1009.7470519758857,
        728.2003579625075,
        623.220819161619,
        4.4391862677623966
    ],
    "Total Pressures": [
        99.29823547694355,
        158.87717676310967,
        317.75435352621935,
        2681.0523578774755,
        2466.568169247275,
        874.6451990547059,
        272.26394719032646,
        272.26394719032623,
        158.87717676310967
    ],
    "Static Pressures": [
        84.124656235234,
        133.97926458691475,
        267.52254953831897,
        2269.244169003596,
        2106.8255202201735,
        745.5160408191299,
        231.6855280171491,
        147.21353826589984,
        84.07825298491285
    ],
    "Entropies": [
        6834.413225585567,
        6845.607178771453,
        6865.411001852655,
        6921.510201949659,
        7939.995813979796,
        7973.102786815964,
        8007.329854999212,
        8007.329854999212,
        6845.607178771453
    ],
    "Specifice Volumes": [
        0.9354134467594015,
        0.6780422909737055,
        0.42158869626980144,
        0.09466155412617833,
        0.21530954598377808,
        0.4938132961662411,
        1.2402223735374085,
        1.7472306303562415,
        0.9458112098493415
    ],
    "Performance": {
        "Thrust": 99999.99999999999,
        "OPR": 26.459999999999997,
        "T4": 1363.2812499999998,
        "Thermal Efficiency": 0.4344983318065932,
        "SFC": 0.05352336764284783,
        "TSFC": 7.629162708532289,
        "Air Mass Flow Rate": 189.21488204483543,
        "Fuel Mass Flow Rate": 0.7629162708532288,
        "Core EGT": 767.9414749588256,
        "Bypass EGT": 59.94203332083493,
        "FAR": 0.02459526017145922,
        "Specific Thrust": 0.5284996556259485
    },
    "Pressure Ratios": {
        "Fan": 1.6,
        "LPC": 2.0,
        "HPC": 8.4375,
        "HPT": 2.8200785551822367,
        "LPT": 3.212489968211928
    },
    "Mechanical Parameters": {
        "LP Shaft Speed": 5490.0,
        "Fan Power": 8.549942198610324,
        "Fan Efficiency": 0.92,
        "LPC Power": 2.5082523321929764,
        "LPC Efficiency": 0.9,
        "LPT Power": 11.28387197020745,
        "LPT Efficiency": 0.91,
        "HP Shaft Speed": 15183.0,
        "HPC Power": 12.03563237461878,
        "HPC Efficiency": 0.89,
        "HPT Power": 12.434963126693061,
        "HPT Efficiency": 0.9,
        "Burner Power": 5.952704298018926,
        "Burner Efficiency": 0.18145501539773964
    }
}