{
    "Stages": [
        "0. Fan Inlet",
        "1. LPC Inlet",
        "2. HPC Inlet",
        "3. Burner Inlet",
        "4. HPT Inlet",
        "5. LPT Inlet",
        "6. Core Nozz Inlet",
        "7. Core Nozz Outlet",
        "8. Byp Nozz Outlet"
    ],
    "Total Temperatures": [
        15.000057655676706,
        59.942033320834994,
        139.95697080771498,
        497.2139587338825,
        1438.28125,
        1147.9405617993598,
        864.4149901363267,
        864.4149901363267,
        59.94203332083493
    ],
    "Static Temperatures": [
        1.2698087753191583,
        44.11029440122737,
        120.50659961430016,
        464.1381275862191,
        1380.874189858587,
        1097.8889585422019,
        822.1448233073734,
        710.0790103926498,
        4.4391862677623966
    ],
    "Total Pressures": [
        99.29823547694355,
        158.87717676310967,
        317.75435352621935,
        2544.5172840966784,
        2340.955901368944,
        908.8255793908411,
        310.04078856477423,
        310.04078856477423,
        158.87717676310967
    ],
    "Static Pressures": [
        84.124656235234,
        133.97926458691475,
        267.52254953831886,
        2155.535225106373,
        1999.3071000095024,
        775.9341473327489,
        264.08002858545694,
        168.0384395915322,
        84.07825298491294
    ],
    "Entropies": [
        6834.413225585567,
        6845.607178771453,
        6865.411001852655,
        6920.383817102738,
        8024.370628802053,
        8054.254067790346,
        8085.476671617606,
        8085.476671617606,
        6845.607178771453
    ],
    "Specifice Volumes": [
        0.9354134467594015,
        0.6780422909737055,
        0.42158869626980155,
        0.09813086659676211,
        0.23742823271175703,
        0.5071326017858061,
        1.1903826581533363,
        1.678945723686554,
        0.9458112098493409
    ],
    "Performance": {
        "Thrust": 99999.99999999999,
        "OPR": 25.112499999999997,
        "T4": 1438.28125,
        "Thermal Efficiency": 0.4038894090042596,
        "SFC": 0.057579657785092116,
        "TSFC": 8.344103294843189,
        "Air Mass Flow Rate": 185.8389356511148,
        "Fuel Mass Flow Rate": 0.8344103294843188,
        "Core EGT": 864.4149901363267,
        "Bypass EGT": 59.94203332083493,
        "FAR": 0.027388786919280934,
        "Specific Thrust": 0.5381003698155872
    },
    "Pressure Ratios": {
        "Fan": 1.6,
        "LPC": 2.0,
        "HPC": 8.0078125,
        "HPT": 2.575803272326487,
        "LPT": 2.931309727335981
    },
    "Mechanical Parameters": {
        "LP Shaft Speed": 5490.0,
        "Fan Power": 8.397395283589766,
        "Fan Efficiency": 0.92,
        "LPC Power": 2.4635004325331926,
        "LPC Efficiency": 0.9,
        "LPT Power": 11.082546649105062,
        "LPT Efficiency": 0.9099999999999997,
        "HP Shaft Speed": 15183.0,
        "HPC Power": 11.434916854516743,
        "HPC Efficiency": 0.89,
        "HPT Power": 11.821988106180772,
        "HPT Efficiency": 0.8999999999999997,
        "Burner Power": 6.39317171072981,
        "Burner Efficiency": 0.17818381031946653
    }
}