{
    "Stages": [
        "0. Fan Inlet",
        "1. LPC Inlet",
        "2. HPC Inlet",
        "3. Burner Inlet",
        "4. HPT Inlet",
        "5. LPT Inlet",
        "6. Core Nozz Inlet",
        "7. Core Nozz Outlet",
        "8. Byp Nozz Outlet"
    ],
    "Total Temperatures": [
        15.000057655676706,
        59.942033320834994,
        139.95697080771498,
        507.398887185918,
        1319.9218749999998,
        1012.5633352276025,
        719.6346471711021,
        719.6346471711021,
        59.94203332083493
    ],
    "Static Temperatures": [
        1.2698087753191583,
        44.11029440122737,
        120.50659961430016,
        473.98348299667555,
        1264.9612813936617,
        965.7650215118459,
        681.1828279473095,
        579.8466455704845,
        4.4391862677623966
    ],
    "Total Pressures": [
        99.29823547694355,
        158.87717676310967,
        317.75435352621935,
        2662.433938725549,
        2449.4392236275075,
        842.5368622372707,
        248.93524240317313,
        248.93524240317302,
        158.87717676310967
    ],
    "Static Pressures": [
        84.124656235234,
        133.97926458691475,
        267.52254953831897,
        2255.329533211052,
        2091.437906955156,
        717.7880691749072,
        211.70792081981148,
        134.4644323915455,
        84.07825298491292
    ],
    "Entropies": [
        6834.413225585567,
        6845.607178771453,
        6865.411001852655,
        6921.372370523442,
        7901.707894728183,
        7935.900423813168,
        7971.938175138459,
        7971.93817513846,
        6845.607178771453
    ],
    "Specifice Volumes": [
        0.9354134467594015,
        0.6780422909737055,
        0.42158869626980144,
        0.09506488570689645,
        0.21106985031570683,
        0.4953453184974988,
        1.2936246269633342,
        1.820530736860743,
        0.9458112098493406
    ],
    "Performance": {
        "Thrust": 99999.99999999999,
        "OPR": 26.276249999999997,
        "T4": 1319.9218749999998,
        "Thermal Efficiency": 0.45207587607647914,
        "SFC": 0.05144228034312123,
        "TSFC": 7.277588257518074,
        "Air Mass Flow Rate": 191.15614402344303,
        "Fuel Mass Flow Rate": 0.7277588257518073,
        "Core EGT": 719.6346471711021,
        "Bypass EGT": 59.94203332083493,
        "FAR": 0.023223573899573916,
        "Specific Thrust": 0.5231325443964604
    },
    "Pressure Ratios": {
        "Fan": 1.6,
        "LPC": 2.0,
        "HPC": 8.37890625,
        "HPT": 2.90721905878785,
        "LPT": 3.384562403071499
    },
    "Mechanical Parameters": {
        "LP Shaft Speed": 5490.0,
        "Fan Power": 8.6376608681467,
        "Fan Efficiency": 0.92,
        "LPC Power": 2.5339859046932953,
        "LPC Efficiency": 0.9,
        "LPT Power": 11.399639564122444,
        "LPT Efficiency": 0.9099999999999998,
        "HP Shaft Speed": 15183.0,
        "HPC Power": 12.110530777446145,
        "HPC Efficiency": 0.89,
        "HPT Power": 12.511390068353636,
        "HPT Efficiency": 0.9,
        "Burner Power": 5.696305013834838,
        "Burner Efficiency": 0.18202762362547276
    }
}