{
    "Stages": [
        "0. Fan Inlet",
        "1. LPC Inlet",
        "2. HPC Inlet",
        "3. Burner Inlet",
        "4. HPT Inlet",
        "5. LPT Inlet",
        "6. Core Nozz Inlet",
        "7. Core Nozz Outlet",
        "8. Byp Nozz Outlet"
    ],
    "Total Temperatures": [
        15.000057655676706,
        59.942033320834994,
        139.95697080771498,
        531.9597218177287,
        1426.5625,
        1104.8686976462018,
        818.4399840311322,
        818.4399840311322,
        59.94203332083493
    ],
    "Static Temperatures": [
        1.2698087753191583,
        44.11029440122737,
        120.50659961430016,
        497.7233602113603,
        1369.3016283479863,
        1055.814599806041,
        777.3439461942774,
        668.6303699905137,
        4.4391862677623966
    ],
    "Total Pressures": [
        99.29823547694355,
        158.87717676310967,
        317.75435352621935,
        2978.9470643083064,
        2740.6312991636423,
        945.1878501109613,
        309.932165437403,
        309.93216543740334,
        158.87717676310967
    ],
    "Static Pressures": [
        84.124656235234,
        133.97926458691475,
        267.52254953831897,
        2524.9856317544195,
        2341.1524821441667,
        806.0021716423357,
        263.7203884237655,
        167.69318025712852,
        84.07825298491288
    ],
    "Entropies": [
        6834.413225585567,
        6845.607178771453,
        6865.411001852655,
        6923.388821917921,
        7965.100865505595,
        7999.084601242618,
        8031.589906655861,
        8031.589906655861,
        6845.607178771453
    ],
    "Specifice Volumes": [
        0.9354134467594015,
        0.6780422909737034,
        0.42158869626980144,
        0.08759234947602393,
        0.20135069125073,
        0.47318288428826655,
        1.1430079505423223,
        1.6113586557556268,
        0.9458112098493415
    ],
    "Performance": {
        "Thrust": 99999.99999999999,
        "OPR": 29.4,
        "T4": 1426.5625,
        "Thermal Efficiency": 0.41759641703539535,
        "SFC": 0.05568968747046796,
        "TSFC": 7.992460563567959,
        "Air Mass Flow Rate": 187.07606418304098,
        "Fuel Mass Flow Rate": 0.7992460563567958,
        "Core EGT": 818.4399840311322,
        "Bypass EGT": 59.94203332083493,
        "FAR": 0.026061062194499728,
        "Specific Thrust": 0.5345419278340008
    },
    "Pressure Ratios": {
        "Fan": 1.6,
        "LPC": 2.0,
        "HPC": 9.375,
        "HPT": 2.899562556630305,
        "LPT": 3.0496603951288197
    },
    "Mechanical Parameters": {
        "LP Shaft Speed": 5490.0,
        "Fan Power": 8.453296686935591,
        "Fan Efficiency": 0.92,
        "LPC Power": 2.479899938174039,
        "LPC Efficiency": 0.9,
        "LPT Power": 11.15632308684656,
        "LPT Efficiency": 0.9100000000000001,
        "HP Shaft Speed": 15183.0,
        "HPC Power": 12.678881430963566,
        "HPC Efficiency": 0.89,
        "HPT Power": 13.091339714799979,
        "HPT Efficiency": 0.9000000000000006,
        "Burner Power": 6.349624686857506,
        "Burner Efficiency": 0.18475623272404962
    }
}