{
    "Stages": [
        "0. Fan Inlet",
        "1. LPC Inlet",
        "2. HPC Inlet",
        "3. Burner Inlet",
        "4. HPT Inlet",
        "5. LPT Inlet",
        "6. Core Nozz Inlet",
        "7. Core Nozz Outlet",
        "8. Byp Nozz Outlet"
    ],
    "Total Temperatures": [
        15.000057655676706,
        59.94203332083493,
        139.95697080771544,
        508.34559122878704,
        1414.8437499999998,
        1113.2006618876123,
        827.3388774739363,
        827.3388774739363,
        59.94203332083487
    ],
    "Static Temperatures": [
        1.2698087753191583,
        44.11029440122737,
        120.50659961430054,
        474.89865798264515,
        1357.8773364509134,
        1063.9663503279335,
        786.0244358032229,
        676.6494044493751,
        4.4391862677623966
    ],
    "Total Pressures": [
        99.29823547694355,
        158.87717676310967,
        317.75435352621935,
        2674.8462181601667,
        2460.858520707354,
        907.2778626689116,
        299.25219901989993,
        299.25219901989954,
        158.87717676310967
    ],
    "Static Pressures": [
        84.124656235234,
        133.97926458691455,
        267.5225495383194,
        2264.605941250408,
        2102.394394410078,
        774.381498880003,
        254.62380831902422,
        161.8566439793253,
        84.07825298491304
    ],
    "Entropies": [
        6834.413225585567,
        6845.607178771453,
        6865.411001852656,
        6921.464258140947,
        7988.0484308852865,
        8019.714813855949,
        8052.054965295032,
        8052.054965295032,
        6845.607178771453
    ],
    "Specifice Volumes": [
        0.9354134467594015,
        0.678042290973704,
        0.4215886962698011,
        0.09479537177610711,
        0.222640979255654,
        0.49557499333104743,
        1.1938209502245027,
        1.683810549776647,
        0.9458112098493393
    ],
    "Performance": {
        "Thrust": 99999.99999999999,
        "OPR": 26.39875,
        "T4": 1414.8437499999998,
        "Thermal Efficiency": 0.41501191509350416,
        "SFC": 0.05603649704430467,
        "TSFC": 8.065957452654187,
        "Air Mass Flow Rate": 187.03301368191384,
        "Fuel Mass Flow Rate": 0.8065957452654187,
        "Core EGT": 827.3388774739363,
        "Bypass EGT": 59.94203332083487,
        "FAR": 0.02630676771581552,
        "Specific Thrust": 0.5346649665286873
    },
    "Pressure Ratios": {
        "Fan": 1.6,
        "LPC": 2.0,
        "HPC": 8.41796875,
        "HPT": 2.7123537583825987,
        "LPT": 3.031816860963412
    },
    "Mechanical Parameters": {
        "LP Shaft Speed": 5490.0,
        "Fan Power": 8.45135138912242,
        "Fan Efficiency": 0.92,
        "LPC Power": 2.4793292562134845,
        "LPC Efficiency": 0.9,
        "LPT Power": 11.15375576054684,
        "LPT Efficiency": 0.9099999999999998,
        "HP Shaft Speed": 15183.0,
        "HPC Power": 11.881002810518963,
        "HPC Efficiency": 0.89,
        "HPT Power": 12.277177857203448,
        "HPT Efficiency": 0.9000000000000001,
        "Burner Power": 6.262701538202979,
        "Burner Efficiency": 0.18056656345335442
    }
}