{
    "Stages": [
        "0. Fan Inlet",
        "1. LPC Inlet",
        "2. HPC Inlet",
        "3. Burner Inlet",
        "4. HPT Inlet",
        "5. LPT Inlet",
        "6. Core Nozz Inlet",
        "7. Core Nozz Outlet",
        "8. Byp Nozz Outlet"
    ],
    "Total Temperatures": [
        15.000057655676706,
        59.942033320834994,
        139.95697080771498,
        497.2139587338825,
        1369.140625,
        1074.210885291397,
        785.658105774956,
        785.658105774956,
        59.94203332083493
    ],
    "Static Temperatures": [
        1.2698087753191583,
        44.11029440122737,
        120.50659961430016,
        464.1381275862191,
        1313.1451052305194,
        1025.9026588368145,
        745.4263559400682,
        639.1218152443718,
        4.4391862677623966
    ],
    "Total Pressures": [
        99.29823547694355,
        158.87717676310967,
        317.75435352621935,
        2544.5172840966784,
        2340.955901368944,
        866.6636290393603,
        274.68608455046956,
        274.68608455046933,
        158.87717676310967
    ],
    "Static Pressures": [
        84.124656235234,
        133.97926458691475,
        267.52254953831897,
        2155.535225106373,
        1998.1574387922903,
        739.0153635522454,
        233.73055950736594,
        148.5528126331261,
        84.07825298491295
    ],
    "Entropies": [
        6834.413225585567,
        6845.607178771453,
        6865.411001852655,
        6920.383817102738,
        7961.297796655818,
        7992.910549672469,
        8026.516438287941,
        8026.516438287941,
        6845.607178771453
    ],
    "Specifice Volumes": [
        0.9354134467594015,
        0.6780422909737055,
        0.42158869626980144,
        0.09813086659676211,
        0.22783449209074488,
        0.5044897375516579,
        1.250510751021772,
        1.7620022149978845,
        0.9458112098493403
    ],
    "Performance": {
        "Thrust": 99999.99999999999,
        "OPR": 25.112499999999997,
        "T4": 1369.140625,
        "Thermal Efficiency": 0.42856084622453433,
        "SFC": 0.054264905808273575,
        "TSFC": 7.762381898714156,
        "Air Mass Flow Rate": 188.67362819964876,
        "Fuel Mass Flow Rate": 0.7762381898714155,
        "Core EGT": 785.658105774956,
        "Bypass EGT": 59.94203332083493,
        "FAR": 0.025096527815774785,
        "Specific Thrust": 0.5300157788569316
    },
    "Pressure Ratios": {
        "Fan": 1.6,
        "LPC": 2.0,
        "HPC": 8.0078125,
        "HPT": 2.701112430394408,
        "LPT": 3.155105692586053
    },
    "Mechanical Parameters": {
        "LP Shaft Speed": 5490.0,
        "Fan Power": 8.525484877700308,
        "Fan Efficiency": 0.92,
        "LPC Power": 2.501077414423156,
        "LPC Efficiency": 0.9,
        "LPT Power": 11.251594175636185,
        "LPT Efficiency": 0.9099999999999999,
        "HP Shaft Speed": 15183.0,
        "HPC Power": 11.609339256835367,
        "HPC Efficiency": 0.89,
        "HPT Power": 11.999970149363044,
        "HPT Efficiency": 0.8999999999999997,
        "Burner Power": 5.981845459084944,
        "Burner Efficiency": 0.17921391514896068
    }
}