{
    "Stages": [
        "0. Fan Inlet",
        "1. LPC Inlet",
        "2. HPC Inlet",
        "3. Burner Inlet",
        "4. HPT Inlet",
        "5. LPT Inlet",
        "6. Core Nozz Inlet",
        "7. Core Nozz Outlet",
        "8. Byp Nozz Outlet"
    ],
    "Total Temperatures": [
        15.000057655676706,
        59.942033320834994,
        139.95697080771498,
        496.1163814467416,
        1393.75,
        1101.4505945078695,
        814.7605460228177,
        814.7605460228177,
        59.94203332083493
    ],
    "Static Temperatures": [
        1.2698087753191583,
        44.11029440122737,
        120.50659961430016,
        463.07718474417237,
        1337.2750827495668,
        1052.4669420428825,
        773.763842158482,
        665.3190251889497,
        4.4391862677623966
    ],
    "Total Pressures": [
        99.29823547694355,
        158.87717676310967,
        317.75435352621935,
        2532.1050046620603,
        2329.5366042890932,
        881.3890973334477,
        286.61265021408934,
        286.6126502140893,
        158.87717676310967
    ],
    "Static Pressures": [
        84.124656235234,
        133.97926458691475,
        267.52254953831897,
        2144.781349671715,
        1989.4240912611003,
        751.6132108764398,
        244.11327569963083,
        155.32214378199214,
        84.07825298491291
    ],
    "Entropies": [
        6834.413225585567,
        6845.607178771453,
        6865.411001852655,
        6920.277285860263,
        7985.362126258838,
        8016.220950830895,
        8048.8319253908985,
        8048.8319253908985,
        6845.607178771453
    ],
    "Specifice Volumes": [
        0.9354134467594015,
        0.6780422909737055,
        0.42158869626980144,
        0.09848043404506625,
        0.23233477401762978,
        0.5061301915517796,
        1.2305721567148813,
        1.7336004250114545,
        0.9458112098493411
    ],
    "Performance": {
        "Thrust": 99999.99999999999,
        "OPR": 24.99,
        "T4": 1393.75,
        "Thermal Efficiency": 0.4190612484344387,
        "SFC": 0.05549502379513552,
        "TSFC": 7.976826504903283,
        "Air Mass Flow Rate": 187.61247765555095,
        "Fuel Mass Flow Rate": 0.7976826504903282,
        "Core EGT": 814.7605460228177,
        "Bypass EGT": 59.94203332083493,
        "FAR": 0.025935717223054506,
        "Specific Thrust": 0.5330135886995534
    },
    "Pressure Ratios": {
        "Fan": 1.6,
        "LPC": 2.0,
        "HPC": 7.96875,
        "HPT": 2.643028613965009,
        "LPT": 3.075192587190696
    },
    "Mechanical Parameters": {
        "LP Shaft Speed": 5490.0,
        "Fan Power": 8.477535288756716,
        "Fan Efficiency": 0.92,
        "LPC Power": 2.487010691455718,
        "LPC Efficiency": 0.9,
        "LPT Power": 11.188312224706566,
        "LPT Efficiency": 0.9099999999999999,
        "HP Shaft Speed": 15183.0,
        "HPC Power": 11.507191889980255,
        "HPC Efficiency": 0.89,
        "HPT Power": 11.895738142368037,
        "HPT Efficiency": 0.9000000000000006,
        "Burner Power": 6.126576790128947,
        "Burner Efficiency": 0.17861555584218677
    }
}