{
    "Stages": [
        "0. Fan Inlet",
        "1. LPC Inlet",
        "2. HPC Inlet",
        "3. Burner Inlet",
        "4. HPT Inlet",
        "5. LPT Inlet",
        "6. Core Nozz Inlet",
        "7. Core Nozz Outlet",
        "8. Byp Nozz Outlet"
    ],
    "Total Temperatures": [
        15.000057655676706,
        59.942033320834994,
        139.95697080771498,
        524.0904823982804,
        1426.5625,
        1111.8408424736695,
        825.8952850209711,
        825.8952850209711,
        59.94203332083493
    ],
    "Static Temperatures": [
        1.2698087753191583,
        44.11029440122737,
        120.50659961430016,
        490.11501219050103,
        1369.3269694847834,
        1062.639501117343,
        784.6126616314408,
        675.3462992508184,
        4.4391862677623966
    ],
    "Total Pressures": [
        99.29823547694355,
        158.87717676310967,
        317.75435352621935,
        2879.648828831363,
        2649.276922524854,
        938.007694502934,
        309.7677803886555,
        309.7677803886552,
        158.87717676310967
    ],
    "Static Pressures": [
        84.124656235234,
        133.97926458691475,
        267.52254953831897,
        2439.099162954214,
        2264.7143789187994,
        800.8789678532162,
        263.65237805353655,
        167.650319882046,
        84.07825298491291
    ],
    "Entropies": [
        6834.413225585567,
        6845.607178771453,
        6865.411001852655,
        6922.632267286277,
        7975.138316361698,
        8008.247473057262,
        8040.6388544265565,
        8040.638854426557,
        6845.607178771453
    ],
    "Specifice Volumes": [
        0.9354134467594015,
        0.6780422909737055,
        0.42158869626980144,
        0.08978779326704765,
        0.20814979434971254,
        0.478704463120229,
        1.151361095709932,
        1.623354270325545,
        0.9458112098493411
    ],
    "Performance": {
        "Thrust": 99999.99999999999,
        "OPR": 28.419999999999998,
        "T4": 1426.5625,
        "Thermal Efficiency": 0.41533019600180254,
        "SFC": 0.05599355447150643,
        "TSFC": 8.04884991613073,
        "Air Mass Flow Rate": 186.87548749448962,
        "Fuel Mass Flow Rate": 0.8048849916130729,
        "Core EGT": 825.8952850209711,
        "Bypass EGT": 59.94203332083493,
        "FAR": 0.026273100419253865,
        "Specific Thrust": 0.5351156609180682
    },
    "Pressure Ratios": {
        "Fan": 1.6,
        "LPC": 2.0,
        "HPC": 9.0625,
        "HPT": 2.8243658746624147,
        "LPT": 3.028099608442318
    },
    "Mechanical Parameters": {
        "LP Shaft Speed": 5490.0,
        "Fan Power": 8.444233345432163,
        "Fan Efficiency": 0.92,
        "LPC Power": 2.477241072542511,
        "LPC Efficiency": 0.9,
        "LPT Power": 11.144361650994565,
        "LPT Efficiency": 0.9099999999999998,
        "HP Shaft Speed": 15183.0,
        "HPC Power": 12.400152582053021,
        "HPC Efficiency": 0.89,
        "HPT Power": 12.80692252203412,
        "HPT Efficiency": 0.9,
        "Burner Power": 6.344400501554997,
        "Burner Efficiency": 0.18331090683513362
    }
}