{
    "Stages": [
        "0. Fan Inlet",
        "1. LPC Inlet",
        "2. HPC Inlet",
        "3. Burner Inlet",
        "4. HPT Inlet",
        "5. LPT Inlet",
        "6. Core Nozz Inlet",
        "7. Core Nozz Outlet",
        "8. Byp Nozz Outlet"
    ],
    "Total Temperatures": [
        15.000057655676706,
        59.94203332083493,
        139.95697080771524,
        478.68124256317117,
        1439.453125,
        1165.2996786141593,
        882.9015303297552,
        882.9015303297552,
        59.94203332083493
    ],
    "Static Temperatures": [
        1.2698087753191583,
        44.11029440122737,
        120.50659961430041,
        446.23009159399174,
        1382.078707784161,
        1114.8061959316103,
        840.1337026837549,
        726.7683615921854,
        4.4391862677624285
    ],
    "Total Pressures": [
        99.29823547694353,
        158.87717676310967,
        317.75435352621935,
        2333.508533708173,
        2146.827851011522,
        882.2459536866259,
        305.50482111497763,
        305.50482111497763,
        158.87717676310967
    ],
    "Static Pressures": [
        84.12465623523386,
        133.97926458691458,
        267.5225495383185,
        1973.0733837784098,
        1834.5913387314201,
        752.6528229179131,
        260.1012019949454,
        165.64999207639636,
        84.07825298491294
    ],
    "Entropies": [
        6834.413225585567,
        6845.607178771453,
        6865.411001852656,
        6918.713451166558,
        8052.445614156503,
        8080.371404760481,
        8110.968535200627,
        8110.968535200627,
        6845.607178771453
    ],
    "Specifice Volumes": [
        0.9354134467594029,
        0.6780422909737053,
        0.4215886962698025,
        0.10465035989196837,
        0.2589316723591692,
        0.5291914581227154,
        1.2281700399534345,
        1.7321691104315387,
        0.9458112098493406
    ],
    "Performance": {
        "Thrust": 99999.99999999999,
        "OPR": 23.03,
        "T4": 1439.453125,
        "Thermal Efficiency": 0.3987095197858483,
        "SFC": 0.05832771177868878,
        "TSFC": 8.489064227392753,
        "Air Mass Flow Rate": 185.4351298365095,
        "Fuel Mass Flow Rate": 0.8489064227392751,
        "Core EGT": 882.9015303297552,
        "Bypass EGT": 59.94203332083493,
        "FAR": 0.02792528677427571,
        "Specific Thrust": 0.5392721437850846
    },
    "Pressure Ratios": {
        "Fan": 1.6,
        "LPC": 2.0,
        "HPC": 7.34375,
        "HPT": 2.4333666162369347,
        "LPT": 2.8878298891219196
    },
    "Mechanical Parameters": {
        "LP Shaft Speed": 5490.0,
        "Fan Power": 8.37914874644095,
        "Fan Efficiency": 0.92,
        "LPC Power": 2.4581475402802715,
        "LPC Efficiency": 0.9,
        "LPT Power": 11.058465598695127,
        "LPT Efficiency": 0.9099999999999998,
        "HP Shaft Speed": 15183.0,
        "HPC Power": 10.795192710312955,
        "HPC Efficiency": 0.89,
        "HPT Power": 11.169208367197319,
        "HPT Efficiency": 0.9,
        "Burner Power": 6.376944880397684,
        "Burner Efficiency": 0.17469657403655484
    }
}