{
    "Stages": [
        "0. Fan Inlet",
        "1. LPC Inlet",
        "2. HPC Inlet",
        "3. Burner Inlet",
        "4. HPT Inlet",
        "5. LPT Inlet",
        "6. Core Nozz Inlet",
        "7. Core Nozz Outlet",
        "8. Byp Nozz Outlet"
    ],
    "Total Temperatures": [
        15.000057655676706,
        59.942033320834994,
        139.95697080771498,
        529.9924124996032,
        1329.2968749999998,
        1002.1796761169912,
        708.4700864825192,
        708.4700864825192,
        59.94203332083493
    ],
    "Static Temperatures": [
        1.2698087753191583,
        44.11029440122737,
        120.50659961430016,
        495.82123750316754,
        1274.0592416531715,
        955.6363936791643,
        670.333303912938,
        569.8450612660508,
        4.4391862677623966
    ],
    "Total Pressures": [
        99.29823547694355,
        158.87717676310967,
        317.75435352621935,
        2954.1225054390707,
        2717.792705003945,
        873.369668024813,
        255.0105182013282,
        255.01051820132818,
        158.87717676310967
    ],
    "Static Pressures": [
        84.124656235234,
        133.97926458691475,
        267.52254953831897,
        2503.513575595266,
        2319.4077892361843,
        744.2477656561573,
        216.6051160848406,
        137.32346670596624,
        84.07825298491291
    ],
    "Entropies": [
        6834.413225585567,
        6845.607178771453,
        6865.411001852655,
        6923.199683252881,
        7877.991530194869,
        7914.667589512684,
        7951.01582991228,
        7951.015829912281,
        6845.607178771453
    ],
    "Specifice Volumes": [
        0.9354134467594015,
        0.6780422909737055,
        0.42158869626980144,
        0.08812549616151942,
        0.19144972052309805,
        0.4738348892491989,
        1.2497753863292784,
        1.7612467221583814,
        0.9458112098493411
    ],
    "Performance": {
        "Thrust": 99999.99999999999,
        "OPR": 29.154999999999998,
        "T4": 1329.2968749999998,
        "Thermal Efficiency": 0.4561143888694687,
        "SFC": 0.050986801822083594,
        "TSFC": 7.1903421644862,
        "Air Mass Flow Rate": 191.340168328225,
        "Fuel Mass Flow Rate": 0.7190342164486199,
        "Core EGT": 708.4700864825192,
        "Bypass EGT": 59.94203332083493,
        "FAR": 0.022923094291485355,
        "Specific Thrust": 0.5226294137489205
    },
    "Pressure Ratios": {
        "Fan": 1.6,
        "LPC": 2.0,
        "HPC": 9.296875,
        "HPT": 3.111846912602798,
        "LPT": 3.4248378231022474
    },
    "Mechanical Parameters": {
        "LP Shaft Speed": 5490.0,
        "Fan Power": 8.645976266766626,
        "Fan Efficiency": 0.92,
        "LPC Power": 2.536425350188604,
        "LPC Efficiency": 0.9,
        "LPT Power": 11.410613894852276,
        "LPT Efficiency": 0.9099999999999999,
        "HP Shaft Speed": 15183.0,
        "HPC Power": 12.900009214595675,
        "HPC Efficiency": 0.89,
        "HPT Power": 13.316980310342947,
        "HPT Efficiency": 0.8999999999999995,
        "Burner Power": 5.750011622829128,
        "Burner Efficiency": 0.18597334796022919
    }
}