{
    "Stages": [
        "0. Fan Inlet",
        "1. LPC Inlet",
        "2. HPC Inlet",
        "3. Burner Inlet",
        "4. HPT Inlet",
        "5. LPT Inlet",
        "6. Core Nozz Inlet",
        "7. Core Nozz Outlet",
        "8. Byp Nozz Outlet"
    ],
    "Total Temperatures": [
        15.000057655676706,
        59.942033320834994,
        139.95697080771498,
        513.0791107822114,
        1386.71875,
        1078.959439644627,
        790.7480142624157,
        790.7480142624157,
        59.94203332083493
    ],
    "Static Temperatures": [
        1.2698087753191583,
        44.11029440122737,
        120.50659961430016,
        479.473891331439,
        1330.3237732297923,
        1030.5426404612037,
        750.3902024268599,
        643.7071110888049,
        4.4391862677623966
    ],
    "Total Pressures": [
        99.29823547694355,
        158.87717676310967,
        317.75435352621935,
        2736.9076153332567,
        2517.9550061066006,
        896.3629233296354,
        285.06407240792606,
        285.06407240792595,
        158.87717676310967
    ],
    "Static Pressures": [
        84.124656235234,
        133.97926458691475,
        267.52254953831897,
        2315.9861552852763,
        2151.4433742581773,
        764.7340764750912,
        242.737273726788,
        154.34133710067917,
        84.07825298491291
    ],
    "Entropies": [
        6834.413225585567,
        6845.607178771453,
        6865.411001852655,
        6921.923696226899,
        7955.139290880391,
        7988.085033432573,
        8021.601986432632,
        8021.601986432632,
        6845.607178771453
    ],
    "Specifice Volumes": [
        0.9354134467594015,
        0.6780422909737055,
        0.42158869626980144,
        0.09328179608622002,
        0.2138960484697596,
        0.4892764825777387,
        1.210106936462041,
        1.7045840542842299,
        0.9458112098493411
    ],
    "Performance": {
        "Thrust": 99999.99999999999,
        "OPR": 27.011249999999997,
        "T4": 1386.71875,
        "Thermal Efficiency": 0.4267212992450244,
        "SFC": 0.054498835644327254,
        "TSFC": 7.7947814098595565,
        "Air Mass Flow Rate": 188.30065406974074,
        "Fuel Mass Flow Rate": 0.7794781409859556,
        "Core EGT": 790.7480142624157,
        "Bypass EGT": 59.94203332083493,
        "FAR": 0.02525119566633736,
        "Specific Thrust": 0.5310656008818911
    },
    "Pressure Ratios": {
        "Fan": 1.6,
        "LPC": 2.0,
        "HPC": 8.61328125,
        "HPT": 2.8090798275696063,
        "LPT": 3.1444261486750733
    },
    "Mechanical Parameters": {
        "LP Shaft Speed": 5490.0,
        "Fan Power": 8.508631513853722,
        "Fan Efficiency": 0.92,
        "LPC Power": 2.4961332302179855,
        "LPC Efficiency": 0.9,
        "LPT Power": 11.229351779665006,
        "LPT Efficiency": 0.9100000000000001,
        "HP Shaft Speed": 15183.0,
        "HPC Power": 12.121048532621973,
        "HPC Efficiency": 0.89,
        "HPT Power": 12.522122471594287,
        "HPT Efficiency": 0.9,
        "Burner Power": 6.094786911024858,
        "Burner Efficiency": 0.18183862129817444
    }
}