{
    "Stages": [
        "0. Fan Inlet",
        "1. LPC Inlet",
        "2. HPC Inlet",
        "3. Burner Inlet",
        "4. HPT Inlet",
        "5. LPT Inlet",
        "6. Core Nozz Inlet",
        "7. Core Nozz Outlet",
        "8. Byp Nozz Outlet"
    ],
    "Total Temperatures": [
        15.000057655676706,
        59.942033320834994,
        139.95697080771498,
        465.35933128613374,
        1385.5468749999998,
        1119.6040292542625,
        834.1491443123128,
        834.1491443123128,
        59.94203332083493
    ],
    "Static Temperatures": [
        1.2698087753191583,
        44.11029440122737,
        120.50659961430016,
        433.36534096391125,
        1329.3238259526695,
        1070.2028331406393,
        792.6609621311383,
        682.8021637162566,
        4.4391862677623966
    ],
    "Total Pressures": [
        99.29823547694355,
        158.87717676310967,
        317.75435352621935,
        2190.767320210067,
        2015.5059345932634,
        833.986481597849,
        276.81909871136276,
        276.8190987113628,
        158.87717676310967
    ],
    "Static Pressures": [
        84.124656235234,
        133.97926458691475,
        267.52254953831897,
        1855.212416988083,
        1720.9662231531283,
        711.0344257589933,
        235.80051876382274,
        150.06923095130762,
        84.07825298491287
    ],
    "Entropies": [
        6834.413225585567,
        6845.607178771453,
        6865.411001852655,
        6917.410234982334,
        8022.563669861308,
        8050.255193605199,
        8082.353022180405,
        8082.353022180405,
        6845.607178771453
    ],
    "Specifice Volumes": [
        0.9354134467594015,
        0.6780422909737034,
        0.42158869626980144,
        0.10925757904430464,
        0.2672297883631402,
        0.5421944302199407,
        1.2971482214694778,
        1.828121826936236,
        0.9458112098493415
    ],
    "Performance": {
        "Thrust": 99999.99999999999,
        "OPR": 21.621249999999996,
        "T4": 1385.5468749999998,
        "Thermal Efficiency": 0.41324639593838086,
        "SFC": 0.056275902662575296,
        "TSFC": 8.131553006776258,
        "Air Mass Flow Rate": 187.29694995080777,
        "Fuel Mass Flow Rate": 0.8131553006776256,
        "Core EGT": 834.1491443123128,
        "Bypass EGT": 59.94203332083493,
        "FAR": 0.02648333213881107,
        "Specific Thrust": 0.5339115240598648
    },
    "Pressure Ratios": {
        "Fan": 1.6,
        "LPC": 2.0,
        "HPC": 6.89453125,
        "HPT": 2.416712955264839,
        "LPT": 3.0127490678215105
    },
    "Mechanical Parameters": {
        "LP Shaft Speed": 5490.0,
        "Fan Power": 8.463277722922255,
        "Fan Efficiency": 0.92,
        "LPC Power": 2.4828280230908377,
        "LPC Efficiency": 0.9,
        "LPT Power": 11.169495659197032,
        "LPT Efficiency": 0.91,
        "HP Shaft Speed": 15183.0,
        "HPC Power": 10.46038621982606,
        "HPC Efficiency": 0.89,
        "HPT Power": 10.827569091190286,
        "HPT Efficiency": 0.9000000000000002,
        "Burner Power": 6.048695209385066,
        "Burner Efficiency": 0.17298950192367113
    }
}