{
    "Stages": [
        "0. Fan Inlet",
        "1. LPC Inlet",
        "2. HPC Inlet",
        "3. Burner Inlet",
        "4. HPT Inlet",
        "5. LPT Inlet",
        "6. Core Nozz Inlet",
        "7. Core Nozz Outlet",
        "8. Byp Nozz Outlet"
    ],
    "Total Temperatures": [
        15.000057655676706,
        59.942033320834994,
        139.95697080771498,
        489.5309155653572,
        1329.2968749999998,
        1038.5609838447854,
        747.4781891594292,
        747.4781891594292,
        59.94203332083493
    ],
    "Static Temperatures": [
        1.2698087753191583,
        44.11029440122737,
        120.50659961430016,
        456.7116902712544,
        1274.1830999593365,
        991.1192567865409,
        708.2733318205015,
        604.8218108275759,
        4.4391862677623966
    ],
    "Total Pressures": [
        99.29823547694355,
        158.87717676310967,
        317.75435352621935,
        2457.6313280543527,
        2261.0208218100047,
        833.4700041343045,
        254.16382317919434,
        254.16382317919434,
        158.87717676310967
    ],
    "Static Pressures": [
        84.124656235234,
        133.97926458691475,
        267.52254953831897,
        2080.2598826479566,
        1931.905370473874,
        710.1319990644457,
        215.95478693908512,
        137.06644295157503,
        84.07825298491298
    ],
    "Entropies": [
        6834.413225585567,
        6845.607178771453,
        6865.411001852655,
        6919.638098403577,
        7934.728238063569,
        7966.522619841537,
        8001.385704920039,
        8001.385704920039,
        6845.607178771453
    ],
    "Specifice Volumes": [
        0.9354134467594015,
        0.6780422909737055,
        0.42158869626980144,
        0.10066250613859834,
        0.22986812591866293,
        0.5109483419032459,
        1.3040080376210534,
        1.8378230957416701,
        0.9458112098493401
    ],
    "Performance": {
        "Thrust": 99999.99999999999,
        "OPR": 24.255,
        "T4": 1329.2968749999998,
        "Thermal Efficiency": 0.44193459103983707,
        "SFC": 0.052622751024691876,
        "TSFC": 7.485515207395408,
        "Air Mass Flow Rate": 190.24713207579057,
        "Fuel Mass Flow Rate": 0.7485515207395407,
        "Core EGT": 747.4781891594292,
        "Bypass EGT": 59.94203332083493,
        "FAR": 0.024001225283607066,
        "Specific Thrust": 0.5256321023549623
    },
    "Pressure Ratios": {
        "Fan": 1.6,
        "LPC": 2.0,
        "HPC": 7.734375,
        "HPT": 2.7127800767808625,
        "LPT": 3.279262932501134
    },
    "Mechanical Parameters": {
        "LP Shaft Speed": 5490.0,
        "Fan Power": 8.596585876971147,
        "Fan Efficiency": 0.92,
        "LPC Power": 2.5219359469254377,
        "LPC Efficiency": 0.9,
        "LPT Power": 11.345430432547532,
        "LPT Efficiency": 0.9100000000000003,
        "HP Shaft Speed": 15183.0,
        "HPC Power": 11.444562764672726,
        "HPC Efficiency": 0.89,
        "HPT Power": 11.831830871646066,
        "HPT Efficiency": 0.8999999999999998,
        "Burner Power": 5.746796395696741,
        "Burner Efficiency": 0.17854005249346538
    }
}