{
    "Stages": [
        "0. Fan Inlet",
        "1. LPC Inlet",
        "2. HPC Inlet",
        "3. Burner Inlet",
        "4. HPT Inlet",
        "5. LPT Inlet",
        "6. Core Nozz Inlet",
        "7. Core Nozz Outlet",
        "8. Byp Nozz Outlet"
    ],
    "Total Temperatures": [
        15.000057655676706,
        59.942033320834994,
        139.95697080771498,
        493.37243777919446,
        1401.9531249999998,
        1112.582990898613,
        826.674598682631,
        826.674598682631,
        59.94203332083493
    ],
    "Static Temperatures": [
        1.2698087753191583,
        44.11029440122737,
        120.50659961430016,
        460.42486151081926,
        1345.2971046799382,
        1063.363910347888,
        785.37383792933,
        676.04662665045,
        4.4391862677623966
    ],
    "Total Pressures": [
        99.29823547694355,
        158.87717676310967,
        317.75435352621935,
        2501.074306075516,
        2300.9883615894746,
        883.529811236126,
        290.6305033565732,
        290.6305033565731,
        158.87717676310967
    ],
    "Static Pressures": [
        84.124656235234,
        133.97926458691475,
        267.52254953831886,
        2117.8970330934235,
        1964.6039449206573,
        753.9099326272864,
        247.28569060769783,
        157.35885232282763,
        84.07825298491302
    ],
    "Entropies": [
        6834.413225585567,
        6845.607178771453,
        6865.411001852655,
        6920.010957753696,
        7996.521631211095,
        8026.868541989509,
        8059.232641754906,
        8059.232641754906,
        6845.607178771453
    ],
    "Specifice Volumes": [
        0.9354134467594015,
        0.6780422909737055,
        0.42158869626980155,
        0.09937168761139145,
        0.23642634792032644,
        0.5088081105126319,
        1.2284711787553826,
        1.7308209969559043,
        0.9458112098493398
    ],
    "Performance": {
        "Thrust": 99999.99999999999,
        "OPR": 24.68375,
        "T4": 1401.9531249999998,
        "Thermal Efficiency": 0.41534215642248334,
        "SFC": 0.055991942050381986,
        "TSFC": 8.065423389330295,
        "Air Mass Flow Rate": 187.2143628629053,
        "Fuel Mass Flow Rate": 0.8065423389330294,
        "Core EGT": 826.674598682631,
        "Bypass EGT": 59.94203332083493,
        "FAR": 0.02627954496789472,
        "Specific Thrust": 0.5341470519183869
    },
    "Pressure Ratios": {
        "Fan": 1.6,
        "LPC": 2.0,
        "HPC": 7.87109375,
        "HPT": 2.6043132131220506,
        "LPT": 3.0400450091507687
    },
    "Mechanical Parameters": {
        "LP Shaft Speed": 5490.0,
        "Fan Power": 8.459545908488385,
        "Fan Efficiency": 0.92,
        "LPC Power": 2.481733239987089,
        "LPC Efficiency": 0.9,
        "LPT Power": 11.164570559668848,
        "LPT Efficiency": 0.9100000000000001,
        "HP Shaft Speed": 15183.0,
        "HPC Power": 11.3908356613377,
        "HPC Efficiency": 0.89,
        "HPT Power": 11.777007296814407,
        "HPT Efficiency": 0.9000000000000002,
        "Burner Power": 6.1726120036521195,
        "Burner Efficiency": 0.1779808813929138
    }
}