{
    "Stages": [
        "0. Fan Inlet",
        "1. LPC Inlet",
        "2. HPC Inlet",
        "3. Burner Inlet",
        "4. HPT Inlet",
        "5. LPT Inlet",
        "6. Core Nozz Inlet",
        "7. Core Nozz Outlet",
        "8. Byp Nozz Outlet"
    ],
    "Total Temperatures": [
        15.000057655676706,
        59.942033320834994,
        139.95697080771498,
        470.24834216807875,
        1432.421875,
        1165.0997042959552,
        882.6854425336461,
        882.6854425336461,
        59.94203332083493
    ],
    "Static Temperatures": [
        1.2698087753191583,
        44.11029440122737,
        120.50659961430016,
        438.08972868238277,
        1375.2369816681253,
        1114.6109734558556,
        839.9230788413317,
        726.5726473056131,
        4.4391862677623966
    ],
    "Total Pressures": [
        99.29823547694355,
        158.87717676310967,
        317.75435352621935,
        2240.4164379485387,
        2061.183122912656,
        865.2920579878543,
        299.42446324331314,
        299.424463243313,
        158.87717676310967
    ],
    "Static Pressures": [
        84.124656235234,
        133.97926458691475,
        267.52254953831897,
        1898.3079168687798,
        1761.1219752813033,
        738.0332703893171,
        254.85756660891784,
        162.28563791739495,
        84.07825298491305
    ],
    "Entropies": [
        6834.413225585567,
        6845.607178771453,
        6865.411001852655,
        6917.8885023170515,
        8058.5155241072325,
        8085.732714055038,
        8116.337307061253,
        8116.337307061253,
        6845.607178771453
    ],
    "Specifice Volumes": [
        0.9354134467594015,
        0.6780422909737055,
        0.42158869626980144,
        0.1075074742827592,
        0.26863292385129395,
        0.5395982537491107,
        1.2532022743968911,
        1.767739830573641,
        0.9458112098493391
    ],
    "Performance": {
        "Thrust": 99999.99999999999,
        "OPR": 22.11125,
        "T4": 1432.421875,
        "Thermal Efficiency": 0.3988337553165368,
        "SFC": 0.058309542869638145,
        "TSFC": 8.491374731934892,
        "Air Mass Flow Rate": 185.55765226538088,
        "Fuel Mass Flow Rate": 0.849137473193489,
        "Core EGT": 882.6854425336461,
        "Bypass EGT": 59.94203332083493,
        "FAR": 0.02791444342630679,
        "Specific Thrust": 0.5389160661344322
    },
    "Pressure Ratios": {
        "Fan": 1.6,
        "LPC": 2.0,
        "HPC": 7.05078125,
        "HPT": 2.3820663831189215,
        "LPT": 2.8898509113622937
    },
    "Mechanical Parameters": {
        "LP Shaft Speed": 5490.0,
        "Fan Power": 8.384685095768049,
        "Fan Efficiency": 0.92,
        "LPC Power": 2.459771710454625,
        "LPC Efficiency": 0.9,
        "LPT Power": 11.065772251247628,
        "LPT Efficiency": 0.9099999999999999,
        "HP Shaft Speed": 15183.0,
        "HPC Power": 10.52438492735726,
        "HPC Efficiency": 0.89,
        "HPT Power": 10.892873894793548,
        "HPT Efficiency": 0.9000000000000001,
        "Burner Power": 6.3245243016066155,
        "Burner Efficiency": 0.1732133666758628
    }
}