{
    "Stages": [
        "0. Fan Inlet",
        "1. LPC Inlet",
        "2. HPC Inlet",
        "3. Burner Inlet",
        "4. HPT Inlet",
        "5. LPT Inlet",
        "6. Core Nozz Inlet",
        "7. Core Nozz Outlet",
        "8. Byp Nozz Outlet"
    ],
    "Total Temperatures": [
        15.000057655676706,
        59.942033320834994,
        139.95697080771498,
        476.04563730107816,
        1399.6093749999998,
        1125.2538488799528,
        840.176757185229,
        840.176757185229,
        59.94203332083493
    ],
    "Static Temperatures": [
        1.2698087753191583,
        44.11029440122737,
        120.50659961430016,
        443.6920257873239,
        1343.0630407789404,
        1075.7078063284987,
        798.5243010318777,
        688.2384430019521,
        4.4391862677623966
    ],
    "Total Pressures": [
        99.29823547694355,
        158.87717676310967,
        317.75435352621935,
        2302.4778351216287,
        2118.2796083119,
        855.4765671419314,
        284.85121981751706,
        284.8512198175171,
        158.87717676310967
    ],
    "Static Pressures": [
        84.124656235234,
        133.97926458691475,
        267.52254953831886,
        1949.4117873994903,
        1809.7651241139533,
        729.457280543402,
        242.70660222726923,
        154.55074480794272,
        84.07825298491287
    ],
    "Entropies": [
        6834.413225585567,
        6845.607178771453,
        6865.411001852655,
        6918.455622842224,
        8020.446909717233,
        8048.947798598507,
        8080.830203836384,
        8080.830203836383,
        6845.607178771453
    ],
    "Specifice Volumes": [
        0.9354134467594015,
        0.6780422909737055,
        0.42158869626980155,
        0.10554514073123678,
        0.25630452686274013,
        0.5306426263575613,
        1.267042131010077,
        1.7852072743436675,
        0.9458112098493415
    ],
    "Performance": {
        "Thrust": 99999.99999999999,
        "OPR": 22.72375,
        "T4": 1399.6093749999998,
        "Thermal Efficiency": 0.4113048627091517,
        "SFC": 0.05654154876825122,
        "TSFC": 8.172632187936443,
        "Air Mass Flow Rate": 186.95722134028563,
        "Fuel Mass Flow Rate": 0.8172632187936443,
        "Core EGT": 840.176757185229,
        "Bypass EGT": 59.94203332083493,
        "FAR": 0.02666548849465059,
        "Specific Thrust": 0.5348817193746553
    },
    "Pressure Ratios": {
        "Fan": 1.6,
        "LPC": 2.0,
        "HPC": 7.24609375,
        "HPT": 2.4761398379255173,
        "LPT": 3.003239963959609
    },
    "Mechanical Parameters": {
        "LP Shaft Speed": 5490.0,
        "Fan Power": 8.447926604914048,
        "Fan Efficiency": 0.92,
        "LPC Power": 2.478324544979359,
        "LPC Efficiency": 0.9,
        "LPT Power": 11.149235867238172,
        "LPT Efficiency": 0.91,
        "HP Shaft Speed": 15183.0,
        "HPC Power": 10.796279674169666,
        "HPC Efficiency": 0.89,
        "HPT Power": 11.170317513989884,
        "HPT Efficiency": 0.9,
        "Burner Power": 6.141780021568774,
        "Burner Efficiency": 0.17476877735387203
    }
}