{
    "Stages": [
        "0. Fan Inlet",
        "1. LPC Inlet",
        "2. HPC Inlet",
        "3. Burner Inlet",
        "4. HPT Inlet",
        "5. LPT Inlet",
        "6. Core Nozz Inlet",
        "7. Core Nozz Outlet",
        "8. Byp Nozz Outlet"
    ],
    "Total Temperatures": [
        15.000057655676706,
        59.94203332083493,
        139.95697080771524,
        513.5524626769704,
        1350.390625,
        1039.6606686199584,
        748.6698168759366,
        748.6698168759364,
        59.94203332083493
    ],
    "Static Temperatures": [
        1.2698087753191583,
        44.11029440122737,
        120.50659961430041,
        479.9281469153633,
        1294.7519527519348,
        992.1964543717976,
        709.4327392463703,
        605.893776981955,
        4.4391862677624285
    ],
    "Total Pressures": [
        99.29823547694353,
        158.87717676310967,
        317.75435352621935,
        2743.1137550505655,
        2523.6646546465254,
        872.3792394740694,
        266.44664295520494,
        266.4466429552049,
        158.87717676310967
    ],
    "Static Pressures": [
        84.12465623523386,
        133.97926458691458,
        267.5225495383185,
        2321.107368944429,
        2155.704444273838,
        743.7465376995149,
        226.5473251844141,
        143.83376429792418,
        84.07825298491284
    ],
    "Entropies": [
        6834.413225585567,
        6845.607178771453,
        6865.411001852656,
        6921.969640035351,
        7920.895693530902,
        7954.921425191794,
        7989.733433800794,
        7989.733433800794,
        6845.607178771453
    ],
    "Specifice Volumes": [
        0.9354134467594029,
        0.6780422909737053,
        0.4215886962698025,
        0.0931297519014069,
        0.20873537407154275,
        0.4882805451634269,
        1.2445244062671337,
        1.7535207059453368,
        0.9458112098493421
    ],
    "Performance": {
        "Thrust": 99999.99999999999,
        "OPR": 27.072499999999998,
        "T4": 1350.390625,
        "Thermal Efficiency": 0.44127422846842757,
        "SFC": 0.052701500457446926,
        "TSFC": 7.486340669409327,
        "Air Mass Flow Rate": 189.90032805739014,
        "Fuel Mass Flow Rate": 0.7486340669409326,
        "Core EGT": 748.6698168759364,
        "Bypass EGT": 59.94203332083493,
        "FAR": 0.024047708895792885,
        "Specific Thrust": 0.5265920339525627
    },
    "Pressure Ratios": {
        "Fan": 1.6,
        "LPC": 2.0,
        "HPC": 8.6328125,
        "HPT": 2.8928527186959805,
        "LPT": 3.2741235911186948
    },
    "Mechanical Parameters": {
        "LP Shaft Speed": 5490.0,
        "Fan Power": 8.580915046645716,
        "Fan Efficiency": 0.92,
        "LPC Power": 2.5173386764646546,
        "LPC Efficiency": 0.9,
        "LPT Power": 11.324748697051398,
        "LPT Efficiency": 0.9099999999999999,
        "HP Shaft Speed": 15183.0,
        "HPC Power": 12.2401082848942,
        "HPC Efficiency": 0.89,
        "HPT Power": 12.643612014729204,
        "HPT Efficiency": 0.8999999999999999,
        "Burner Power": 5.8766417410713245,
        "Burner Efficiency": 0.1825539245897578
    }
}