{
    "Stages": [
        "0. Fan Inlet",
        "1. LPC Inlet",
        "2. HPC Inlet",
        "3. Burner Inlet",
        "4. HPT Inlet",
        "5. LPT Inlet",
        "6. Core Nozz Inlet",
        "7. Core Nozz Outlet",
        "8. Byp Nozz Outlet"
    ],
    "Total Temperatures": [
        15.000057655676706,
        59.942033320834994,
        139.95697080771498,
        499.409112999802,
        1373.8281249999998,
        1077.264565855293,
        788.934214990365,
        788.934214990365,
        59.94203332083493
    ],
    "Static Temperatures": [
        1.2698087753191583,
        44.11029440122737,
        120.50659961430016,
        466.2600364978133,
        1317.7213080412898,
        1028.8913318291484,
        748.615015289994,
        642.066447512433,
        4.4391862677623966
    ],
    "Total Pressures": [
        99.29823547694355,
        158.87717676310967,
        317.75435352621935,
        2569.341842965914,
        2363.794495528641,
        871.5262175076871,
        276.99662852951604,
        276.9966285295159,
        158.87717676310967
    ],
    "Static Pressures": [
        84.124656235234,
        133.97926458691475,
        267.52254953831897,
        2177.0432310797364,
        2017.7435911764421,
        743.3445765044767,
        235.72944678633633,
        149.84104726420892,
        84.07825298491287
    ],
    "Entropies": [
        6834.413225585567,
        6845.607178771453,
        6865.411001852655,
        6920.596879587424,
        7962.738459287815,
        7994.475526545878,
        8028.0610952667685,
        8028.0610952667685,
        6845.607178771453
    ],
    "Specifice Volumes": [
        0.9354134467594015,
        0.6780422909737034,
        0.42158869626980144,
        0.09744330552162822,
        0.2262694101176586,
        0.5027334269024933,
        1.2438661953832237,
        1.7525750900637893,
        0.9458112098493416
    ],
    "Performance": {
        "Thrust": 99999.99999999999,
        "OPR": 25.357499999999995,
        "T4": 1373.8281249999998,
        "Thermal Efficiency": 0.42744757931929445,
        "SFC": 0.05440623617642893,
        "TSFC": 7.785873742468061,
        "Air Mass Flow Rate": 188.52988683866698,
        "Fuel Mass Flow Rate": 0.778587374246806,
        "Core EGT": 788.934214990365,
        "Bypass EGT": 59.94203332083493,
        "FAR": 0.025191671530412393,
        "Specific Thrust": 0.5304198802472853
    },
    "Pressure Ratios": {
        "Fan": 1.6,
        "LPC": 2.0,
        "HPC": 8.0859375,
        "HPT": 2.7122471453451045,
        "LPT": 3.14634232963171
    },
    "Mechanical Parameters": {
        "LP Shaft Speed": 5490.0,
        "Fan Power": 8.518989720899414,
        "Fan Efficiency": 0.92,
        "LPC Power": 2.49917196385807,
        "LPC Efficiency": 0.9,
        "LPT Power": 11.243022127303554,
        "LPT Efficiency": 0.9100000000000004,
        "HP Shaft Speed": 15183.0,
        "HPC Power": 11.674561804732663,
        "HPC Efficiency": 0.89,
        "HPT Power": 12.066523769666412,
        "HPT Efficiency": 0.9,
        "Burner Power": 6.0108496369685795,
        "Burner Efficiency": 0.1795395166726952
    }
}