{
    "Stages": [
        "0. Fan Inlet",
        "1. LPC Inlet",
        "2. HPC Inlet",
        "3. Burner Inlet",
        "4. HPT Inlet",
        "5. LPT Inlet",
        "6. Core Nozz Inlet",
        "7. Core Nozz Outlet",
        "8. Byp Nozz Outlet"
    ],
    "Total Temperatures": [
        15.000057655676706,
        59.942033320834994,
        139.95697080771498,
        521.6313439055914,
        1424.21875,
        1111.5090449878237,
        825.5406102836367,
        825.5406102836367,
        59.94203332083493
    ],
    "Static Temperatures": [
        1.2698087753191583,
        44.11029440122737,
        120.50659961430016,
        487.7374815288386,
        1367.0348032502002,
        1062.3145714948896,
        784.2655329005496,
        675.0252518803238,
        4.4391862677623966
    ],
    "Total Pressures": [
        99.29823547694355,
        158.87717676310967,
        317.75435352621935,
        2848.618130244818,
        2620.7286798252353,
        933.4890292297488,
        308.0638720050936,
        308.0638720050936,
        158.87717676310967
    ],
    "Static Pressures": [
        84.124656235234,
        133.97926458691475,
        267.52254953831897,
        2412.260601610859,
        2240.7680595761026,
        796.9676244597465,
        262.172411959333,
        166.70051395848182,
        84.07825298491288
    ],
    "Entropies": [
        6834.413225585567,
        6845.607178771453,
        6865.411001852655,
        6922.395843979485,
        7976.494278882083,
        8009.390658609635,
        8041.79473265858,
        8041.79473265858,
        6845.607178771453
    ],
    "Specifice Volumes": [
        0.9354134467594015,
        0.6780422909737055,
        0.42158869626980144,
        0.09050950584395714,
        0.2100758681274643,
        0.48093390238169886,
        1.1574709471602431,
        1.6320429256882507,
        0.9458112098493415
    ],
    "Performance": {
        "Thrust": 99999.99999999999,
        "OPR": 28.11375,
        "T4": 1424.21875,
        "Thermal Efficiency": 0.4154612291268213,
        "SFC": 0.055975894555468704,
        "TSFC": 8.047051498098796,
        "Air Mass Flow Rate": 186.91647318786596,
        "Fuel Mass Flow Rate": 0.8047051498098795,
        "Core EGT": 825.5406102836367,
        "Bypass EGT": 59.94203332083493,
        "FAR": 0.026261470324804536,
        "Specific Thrust": 0.5349983246232771
    },
    "Pressure Ratios": {
        "Fan": 1.6,
        "LPC": 2.0,
        "HPC": 8.96484375,
        "HPT": 2.807455254173235,
        "LPT": 3.0301801478828065
    },
    "Mechanical Parameters": {
        "LP Shaft Speed": 5490.0,
        "Fan Power": 8.44608534198524,
        "Fan Efficiency": 0.92,
        "LPC Power": 2.4777843831948596,
        "LPC Efficiency": 0.9,
        "LPT Power": 11.146805842020507,
        "LPT Efficiency": 0.9099999999999999,
        "HP Shaft Speed": 15183.0,
        "HPC Power": 12.319999342532007,
        "HPC Efficiency": 0.89,
        "HPT Power": 12.72513350211472,
        "HPT Efficiency": 0.8999999999999998,
        "Burner Power": 6.328332867525248,
        "Burner Efficiency": 0.1828875232595236
    }
}