{
    "Stages": [
        "0. Fan Inlet",
        "1. LPC Inlet",
        "2. HPC Inlet",
        "3. Burner Inlet",
        "4. HPT Inlet",
        "5. LPT Inlet",
        "6. Core Nozz Inlet",
        "7. Core Nozz Outlet",
        "8. Byp Nozz Outlet"
    ],
    "Total Temperatures": [
        15.000057655676706,
        59.942033320834994,
        139.95697080771498,
        501.60426685457156,
        1437.1093749999998,
        1142.8699323798826,
        859.014856101325,
        859.014856101325,
        59.94203332083493
    ],
    "Static Temperatures": [
        1.2698087753191583,
        44.11029440122737,
        120.50659961430016,
        468.38197638079583,
        1379.7154369824511,
        1092.9255730085604,
        816.8611341906202,
        705.193256450061,
        4.4391862677623966
    ],
    "Total Pressures": [
        99.29823547694355,
        158.87717676310967,
        317.75435352621935,
        2594.1664018351503,
        2386.6330896883405,
        912.6878409007676,
        309.98124687025734,
        309.98124687025734,
        158.87717676310967
    ],
    "Static Pressures": [
        84.124656235234,
        133.97926458691475,
        267.52254953831897,
        2198.5515772070426,
        2038.7620880081581,
        779.0911481537158,
        263.88516445905134,
        167.9210663546294,
        84.07825298491291
    ],
    "Entropies": [
        6834.413225585567,
        6845.607178771453,
        6865.411001852655,
        6920.809942071759,
        8017.530938448543,
        8047.912447801935,
        8079.317583436722,
        8079.317583436722,
        6845.607178771453
    ],
    "Specifice Volumes": [
        0.9354134467594015,
        0.6780422909737055,
        0.42158869626980144,
        0.09677081085109819,
        0.23267215398889543,
        0.5032146308628591,
        1.1853666794068414,
        1.671685585786436,
        0.9458112098493411
    ],
    "Performance": {
        "Thrust": 99999.99999999999,
        "OPR": 25.602499999999996,
        "T4": 1437.1093749999998,
        "Thermal Efficiency": 0.4054450058842297,
        "SFC": 0.05735873821597597,
        "TSFC": 8.302818896530134,
        "Air Mass Flow Rate": 185.9862354155629,
        "Fuel Mass Flow Rate": 0.8302818896530133,
        "Core EGT": 859.014856101325,
        "Bypass EGT": 59.94203332083493,
        "FAR": 0.02723169010635062,
        "Specific Thrust": 0.5376741981822608
    },
    "Pressure Ratios": {
        "Fan": 1.6,
        "LPC": 2.0,
        "HPC": 8.1640625,
        "HPT": 2.6149500220501216,
        "LPT": 2.9443324398355397
    },
    "Mechanical Parameters": {
        "LP Shaft Speed": 5490.0,
        "Fan Power": 8.404051231886697,
        "Fan Efficiency": 0.92,
        "LPC Power": 2.4654530536680404,
        "LPC Efficiency": 0.9,
        "LPT Power": 11.091330903627284,
        "LPT Efficiency": 0.9099999999999999,
        "HP Shaft Speed": 15183.0,
        "HPC Power": 11.590116062189455,
        "HPC Efficiency": 0.89,
        "HPT Power": 11.98035464462232,
        "HPT Efficiency": 0.8999999999999998,
        "Burner Power": 6.391226954691049,
        "Burner Efficiency": 0.17901532822175736
    }
}