{
    "Stages": [
        "0. Fan Inlet",
        "1. LPC Inlet",
        "2. HPC Inlet",
        "3. Burner Inlet",
        "4. HPT Inlet",
        "5. LPT Inlet",
        "6. Core Nozz Inlet",
        "7. Core Nozz Outlet",
        "8. Byp Nozz Outlet"
    ],
    "Total Temperatures": [
        15.000057655676706,
        59.942033320834994,
        139.95697080771498,
        480.77907232499285,
        1414.8437499999998,
        1137.3340585446388,
        853.086461895028,
        853.086461895028,
        59.94203332083493
    ],
    "Static Temperatures": [
        1.2698087753191583,
        44.11029440122737,
        120.50659961430016,
        448.2526177175495,
        1357.964739475853,
        1087.5041382422096,
        811.0824696305882,
        699.8479221840282,
        4.4391862677623966
    ],
    "Total Pressures": [
        99.29823547694355,
        158.87717676310967,
        317.75435352621935,
        2358.3330925774094,
        2169.6664451712168,
        872.4682003130837,
        294.12796138777196,
        294.127961387772,
        158.87717676310967
    ],
    "Static Pressures": [
        84.124656235234,
        133.97926458691475,
        267.52254953831897,
        1994.237241243565,
        1854.0972772490425,
        744.1877313482408,
        250.17807394036063,
        159.137305723889,
        84.078252984913
    ],
    "Entropies": [
        6834.413225585567,
        6845.607178771453,
        6865.411001852655,
        6918.826679817172,
        8026.863266344065,
        8055.56371726881,
        8087.035783117329,
        8087.035783117329,
        6845.607178771453
    ],
    "Specifice Volumes": [
        0.9354134467594015,
        0.6780422909737055,
        0.42158869626980144,
        0.10381923040477681,
        0.2524697380032594,
        0.5246952958027307,
        1.2435818453786887,
        1.7543217725679565,
        0.9458112098493399
    ],
    "Performance": {
        "Thrust": 99999.99999999999,
        "OPR": 23.275,
        "T4": 1414.8437499999998,
        "Thermal Efficiency": 0.40736806052253216,
        "SFC": 0.05708796591381776,
        "TSFC": 8.266787998545684,
        "Air Mass Flow Rate": 186.44775131502558,
        "Fuel Mass Flow Rate": 0.8266787998545684,
        "Core EGT": 853.086461895028,
        "Bypass EGT": 59.94203332083493,
        "FAR": 0.02704640116893959,
        "Specific Thrust": 0.5363432881045486
    },
    "Pressure Ratios": {
        "Fan": 1.6,
        "LPC": 2.0,
        "HPC": 7.421875,
        "HPT": 2.486814355403023,
        "LPT": 2.966287857150855
    },
    "Mechanical Parameters": {
        "LP Shaft Speed": 5490.0,
        "Fan Power": 8.424905480883934,
        "Fan Efficiency": 0.92,
        "LPC Power": 2.471570956861813,
        "LPC Efficiency": 0.9,
        "LPT Power": 11.118853507903827,
        "LPT Efficiency": 0.91,
        "HP Shaft Speed": 15183.0,
        "HPC Power": 10.923969983170933,
        "HPC Efficiency": 0.89,
        "HPT Power": 11.300613747664645,
        "HPT Efficiency": 0.8999999999999999,
        "Burner Power": 6.235855195008391,
        "Burner Efficiency": 0.1754247094294923
    }
}