{
    "Stages": [
        "0. Fan Inlet",
        "1. LPC Inlet",
        "2. HPC Inlet",
        "3. Burner Inlet",
        "4. HPT Inlet",
        "5. LPT Inlet",
        "6. Core Nozz Inlet",
        "7. Core Nozz Outlet",
        "8. Byp Nozz Outlet"
    ],
    "Total Temperatures": [
        15.000057655676706,
        59.942033320834994,
        139.95697080771498,
        525.0741376388085,
        1435.9374999999998,
        1121.0091063862703,
        835.670045596994,
        835.670045596994,
        59.94203332083493
    ],
    "Static Temperatures": [
        1.2698087753191583,
        44.11029440122737,
        120.50659961430016,
        491.0660348672205,
        1378.4950071857593,
        1071.5743892783398,
        794.142838574953,
        684.186263280645,
        4.4391862677623966
    ],
    "Total Pressures": [
        99.29823547694355,
        158.87717676310967,
        317.75435352621935,
        2892.0611082659807,
        2660.6962196047025,
        945.754853499869,
        314.88910281041746,
        314.8891028104171,
        158.87717676310967
    ],
    "Static Pressures": [
        84.124656235234,
        133.97926458691475,
        267.52254953831897,
        2449.834715505168,
        2272.9832626884427,
        806.5632348871771,
        268.1586812831737,
        170.66897698716406,
        84.07825298491285
    ],
    "Entropies": [
        6834.413225585567,
        6845.607178771453,
        6865.411001852655,
        6922.726836611075,
        7982.369824280598,
        8015.346125857014,
        8047.388631604991,
        8047.388631604991,
        6845.607178771453
    ],
    "Specifice Volumes": [
        0.9354134467594015,
        0.6780422909737055,
        0.42158869626980144,
        0.08950400132442939,
        0.20854439704137703,
        0.4784581928057482,
        1.1421737931091516,
        1.6098708921362255,
        0.9458112098493415
    ],
    "Performance": {
        "Thrust": 99999.99999999999,
        "OPR": 28.542499999999997,
        "T4": 1435.9374999999998,
        "Thermal Efficiency": 0.4122882572359927,
        "SFC": 0.056406685238616444,
        "TSFC": 8.120703018694238,
        "Air Mass Flow Rate": 186.51041115949147,
        "Fuel Mass Flow Rate": 0.8120703018694237,
        "Core EGT": 835.670045596994,
        "Bypass EGT": 59.94203332083493,
        "FAR": 0.02655952989759626,
        "Specific Thrust": 0.5361630987692507
    },
    "Pressure Ratios": {
        "Fan": 1.6,
        "LPC": 2.0,
        "HPC": 9.1015625,
        "HPT": 2.8133043248559657,
        "LPT": 3.0034537399322816
    },
    "Mechanical Parameters": {
        "LP Shaft Speed": 5490.0,
        "Fan Power": 8.427736854624559,
        "Fan Efficiency": 0.92,
        "LPC Power": 2.4724015823354435,
        "LPC Efficiency": 0.9,
        "LPT Power": 11.122590241795923,
        "LPT Efficiency": 0.9099999999999999,
        "HP Shaft Speed": 15183.0,
        "HPC Power": 12.409005010706167,
        "HPC Efficiency": 0.89,
        "HPT Power": 12.815955612496507,
        "HPT Efficiency": 0.8999999999999999,
        "Burner Power": 6.40295976953815,
        "Burner Efficiency": 0.18336594850133214
    }
}