{
    "Stages": [
        "0. Fan Inlet",
        "1. LPC Inlet",
        "2. HPC Inlet",
        "3. Burner Inlet",
        "4. HPT Inlet",
        "5. LPT Inlet",
        "6. Core Nozz Inlet",
        "7. Core Nozz Outlet",
        "8. Byp Nozz Outlet"
    ],
    "Total Temperatures": [
        15.000057655676706,
        59.942033320834994,
        139.95697080771498,
        509.29229522759437,
        1389.0624999999998,
        1084.8175526723323,
        796.9970946740791,
        796.9970946740791,
        59.94203332083493
    ],
    "Static Temperatures": [
        1.2698087753191583,
        44.11029440122737,
        120.50659961430016,
        475.8138387311871,
        1332.6349593267548,
        1036.247915288692,
        756.4896340940903,
        649.3535954177906,
        4.4391862677623966
    ],
    "Total Pressures": [
        99.29823547694355,
        158.87717676310967,
        317.75435352621935,
        2687.2584975947843,
        2472.277817787202,
        892.3351353155316,
        285.40397805968223,
        285.403978059682,
        158.87717676310967
    ],
    "Static Pressures": [
        84.124656235234,
        133.97926458691475,
        267.52254953831897,
        2273.8824125793785,
        2112.203282636408,
        761.1442710420915,
        243.1262428285103,
        154.64949079799288,
        84.07825298491305
    ],
    "Entropies": [
        6834.413225585567,
        6845.607178771453,
        6865.411001852655,
        6921.556145758345,
        7963.01801401235,
        7995.469894302745,
        8028.75124308103,
        8028.75124308103,
        6845.607178771453
    ],
    "Specifice Volumes": [
        0.9354134467594015,
        0.6780422909737034,
        0.42158869626980144,
        0.09452835777377178,
        0.21818795405165434,
        0.49369402799371714,
        1.215421343265913,
        1.7119591681633266,
        0.9458112098493391
    ],
    "Performance": {
        "Thrust": 99999.99999999999,
        "OPR": 26.521249999999995,
        "T4": 1389.0624999999998,
        "Thermal Efficiency": 0.42468775726206215,
        "SFC": 0.05475979365032156,
        "TSFC": 7.842042732780817,
        "Air Mass Flow Rate": 188.11385251366434,
        "Fuel Mass Flow Rate": 0.7842042732780815,
        "Core EGT": 796.9970946740791,
        "Bypass EGT": 59.94203332083493,
        "FAR": 0.025429525806180697,
        "Specific Thrust": 0.5315929617290471
    },
    "Pressure Ratios": {
        "Fan": 1.6,
        "LPC": 2.0,
        "HPC": 8.45703125,
        "HPT": 2.7705709659331066,
        "LPT": 3.1265686672697015
    },
    "Mechanical Parameters": {
        "LP Shaft Speed": 5490.0,
        "Fan Power": 8.500190621204034,
        "Fan Efficiency": 0.92,
        "LPC Power": 2.4936569691880788,
        "LPC Efficiency": 0.9,
        "LPT Power": 11.218211826930727,
        "LPT Efficiency": 0.9099999999999999,
        "HP Shaft Speed": 15183.0,
        "HPC Power": 11.981534028829913,
        "HPC Efficiency": 0.89,
        "HPT Power": 12.37976073303095,
        "HPT Efficiency": 0.9000000000000004,
        "Burner Power": 6.107278685646623,
        "Burner Efficiency": 0.18111318914624003
    }
}