{
    "Stages": [
        "0. Fan Inlet",
        "1. LPC Inlet",
        "2. HPC Inlet",
        "3. Burner Inlet",
        "4. HPT Inlet",
        "5. LPT Inlet",
        "6. Core Nozz Inlet",
        "7. Core Nozz Outlet",
        "8. Byp Nozz Outlet"
    ],
    "Total Temperatures": [
        15.000057655676706,
        59.942033320834994,
        139.95697080771498,
        527.0414478514949,
        1309.3749999999998,
        983.452386390979,
        688.3790826293454,
        688.3790826293454,
        59.94203332083493
    ],
    "Static Temperatures": [
        1.2698087753191583,
        44.11029440122737,
        120.50659961430016,
        492.9680980706924,
        1254.5629489108949,
        937.3728625575859,
        650.8086548583248,
        551.8520446348286,
        4.4391862677623966
    ],
    "Total Pressures": [
        99.29823547694355,
        158.87717676310967,
        317.75435352621935,
        2916.8856671352164,
        2683.5348137643964,
        856.2583600480315,
        244.25428315837422,
        244.25428315837416,
        158.87717676310967
    ],
    "Static Pressures": [
        84.124656235234,
        133.97926458691475,
        267.52254953831897,
        2471.3060400687755,
        2289.0091937342418,
        729.2861049046908,
        207.79874797019647,
        131.81621321631067,
        84.07825298491298
    ],
    "Entropies": [
        6834.413225585567,
        6845.607178771453,
        6865.411001852655,
        6922.915975264233,
        7863.014118905473,
        7900.009395362849,
        7937.263979494849,
        7937.263979494849,
        6845.607178771453
    ],
    "Specifice Volumes": [
        0.9354134467594015,
        0.6780422909737055,
        0.42158869626980144,
        0.08894461073318204,
        0.19153541757654158,
        0.4763289384103374,
        1.2761877746804766,
        1.7960764665025006,
        0.9458112098493401
    ],
    "Performance": {
        "Thrust": 99999.99999999999,
        "OPR": 28.787499999999994,
        "T4": 1309.3749999999998,
        "Thermal Efficiency": 0.4641083119950749,
        "SFC": 0.05010859179297605,
        "TSFC": 7.044931237281442,
        "Air Mass Flow Rate": 192.1903626297283,
        "Fuel Mass Flow Rate": 0.704493123728144,
        "Core EGT": 688.3790826293454,
        "Bypass EGT": 59.94203332083493,
        "FAR": 0.022360164141117807,
        "Specific Thrust": 0.520317453131918
    },
    "Pressure Ratios": {
        "Fan": 1.6,
        "LPC": 2.0,
        "HPC": 9.1796875,
        "HPT": 3.134024657714132,
        "LPT": 3.505602231314136
    },
    "Mechanical Parameters": {
        "LP Shaft Speed": 5490.0,
        "Fan Power": 8.684393499369495,
        "Fan Efficiency": 0.92,
        "LPC Power": 2.5476956150669103,
        "LPC Efficiency": 0.9,
        "LPT Power": 11.46131542289429,
        "LPT Efficiency": 0.9099999999999999,
        "HP Shaft Speed": 15183.0,
        "HPC Power": 12.855075316952757,
        "HPC Efficiency": 0.89,
        "HPT Power": 13.271129394380798,
        "HPT Efficiency": 0.9000000000000001,
        "Burner Power": 5.6295826654000365,
        "Burner Efficiency": 0.18583648681977372
    }
}