{
    "Stages": [
        "0. Fan Inlet",
        "1. LPC Inlet",
        "2. HPC Inlet",
        "3. Burner Inlet",
        "4. HPT Inlet",
        "5. LPT Inlet",
        "6. Core Nozz Inlet",
        "7. Core Nozz Outlet",
        "8. Byp Nozz Outlet"
    ],
    "Total Temperatures": [
        15.000057655676706,
        59.942033320834994,
        139.95697080771498,
        516.372941710726,
        1343.3593749999998,
        1029.5995301801863,
        737.8581868139411,
        737.8581868139411,
        59.94203332083493
    ],
    "Static Temperatures": [
        1.2698087753191583,
        44.11029440122737,
        120.50659961430016,
        482.65370839812533,
        1287.8486538354473,
        982.3524063936487,
        698.922821615294,
        596.198430847819,
        4.4391862677623966
    ],
    "Total Pressures": [
        99.29823547694355,
        158.87717676310967,
        317.75435352621935,
        2780.3505933544193,
        2557.9225458860683,
        871.4500967180211,
        262.90118034517906,
        262.90118034517917,
        158.87717676310967
    ],
    "Static Pressures": [
        84.124656235234,
        133.97926458691475,
        267.52254953831897,
        2353.2218215551925,
        2184.783853987361,
        742.4613674263528,
        223.50888106441778,
        141.84755703636782,
        84.07825298491292
    ],
    "Entropies": [
        6834.413225585567,
        6845.607178771453,
        6865.411001852655,
        6922.08324394714,
        7910.096001238365,
        7944.670900778427,
        7979.94184669611,
        7979.94184669611,
        6845.607178771453
    ],
    "Specifice Volumes": [
        0.9354134467594015,
        0.6780422909737055,
        0.42158869626980144,
        0.09217831849715356,
        0.20504481916467507,
        0.4852605651366939,
        1.2479087521620769,
        1.7583999113143696,
        0.9458112098493406
    ],
    "Performance": {
        "Thrust": 99999.99999999999,
        "OPR": 27.439999999999998,
        "T4": 1343.3593749999998,
        "Thermal Efficiency": 0.4451809222904548,
        "SFC": 0.05223901741754176,
        "TSFC": 7.406592525699382,
        "Air Mass Flow Rate": 190.2932933906838,
        "Fuel Mass Flow Rate": 0.7406592525699381,
        "Core EGT": 737.8581868139411,
        "Bypass EGT": 59.94203332083493,
        "FAR": 0.02374241025615573,
        "Specific Thrust": 0.5255045946085649
    },
    "Pressure Ratios": {
        "Fan": 1.6,
        "LPC": 2.0,
        "HPC": 8.75,
        "HPT": 2.935248450277866,
        "LPT": 3.314743948938688
    },
    "Mechanical Parameters": {
        "LP Shaft Speed": 5490.0,
        "Fan Power": 8.598671741306362,
        "Fan Efficiency": 0.92,
        "LPC Power": 2.5225478661597314,
        "LPC Efficiency": 0.9,
        "LPT Power": 11.34818327292459,
        "LPT Efficiency": 0.9099999999999999,
        "HP Shaft Speed": 15183.0,
        "HPC Power": 12.36216230217878,
        "HPC Efficiency": 0.89,
        "HPT Power": 12.76815693032571,
        "HPT Efficiency": 0.8999999999999996,
        "Burner Power": 5.8349563602385714,
        "Burner Efficiency": 0.18321064520505465
    }
}