{
    "Stages": [
        "0. Fan Inlet",
        "1. LPC Inlet",
        "2. HPC Inlet",
        "3. Burner Inlet",
        "4. HPT Inlet",
        "5. LPT Inlet",
        "6. Core Nozz Inlet",
        "7. Core Nozz Outlet",
        "8. Byp Nozz Outlet"
    ],
    "Total Temperatures": [
        15.000057655676706,
        59.94203332083493,
        139.95697080771524,
        491.177282382612,
        1317.578125,
        1024.609821410594,
        732.5088122714392,
        732.5088122714392,
        59.94203332083493
    ],
    "Static Temperatures": [
        1.2698087753191583,
        44.11029440122737,
        120.50659961430041,
        458.3030377619469,
        1262.7131594754778,
        977.4902697158415,
        693.722060733425,
        591.3993218763151,
        4.4391862677624285
    ],
    "Total Pressures": [
        99.29823547694353,
        158.87717676310967,
        317.75435352621935,
        2476.2497472062796,
        2278.1497674297775,
        828.139903776648,
        248.11720626965268,
        248.11720626965268,
        158.87717676310967
    ],
    "Static Pressures": [
        84.12465623523386,
        133.97926458691458,
        267.5225495383185,
        2096.3899624491337,
        1946.5368070633135,
        705.1469946067771,
        211.20196117409319,
        134.1520895836126,
        84.07825298491287
    ],
    "Entropies": [
        6834.413225585567,
        6845.607178771453,
        6865.411001852656,
        6919.797895268046,
        7921.242988255295,
        7953.535284660492,
        7989.033634455029,
        7989.033634455029,
        6845.607178771453
    ],
    "Specifice Volumes": [
        0.9354134467594029,
        0.6780422909737053,
        0.4215886962698025,
        0.10010300840288629,
        0.22644512510744508,
        0.5089528012741695,
        1.313651163850774,
        1.8491406520141411,
        0.9458112098493415
    ],
    "Performance": {
        "Thrust": 99999.99999999999,
        "OPR": 24.438750000000002,
        "T4": 1317.578125,
        "Thermal Efficiency": 0.4474026213536602,
        "SFC": 0.05197961040801603,
        "TSFC": 7.375297493889536,
        "Air Mass Flow Rate": 190.81064683591333,
        "Fuel Mass Flow Rate": 0.7375297493889535,
        "Core EGT": 732.5088122714392,
        "Bypass EGT": 59.94203332083493,
        "FAR": 0.023577989728956004,
        "Specific Thrust": 0.5240797704857344
    },
    "Pressure Ratios": {
        "Fan": 1.6,
        "LPC": 2.0,
        "HPC": 7.79296875,
        "HPT": 2.750923795653847,
        "LPT": 3.3376963904556223
    },
    "Mechanical Parameters": {
        "LP Shaft Speed": 5490.0,
        "Fan Power": 8.622049088823427,
        "Fan Efficiency": 0.92,
        "LPC Power": 2.5294059577196717,
        "LPC Efficiency": 0.9,
        "LPT Power": 11.379035761778674,
        "LPT Efficiency": 0.91,
        "HP Shaft Speed": 15183.0,
        "HPC Power": 11.534684110367184,
        "HPC Efficiency": 0.89,
        "HPT Power": 11.923791428477141,
        "HPT Efficiency": 0.9000000000000002,
        "Burner Power": 5.679656742001185,
        "Burner Efficiency": 0.17909113580989577
    }
}