{
    "Stages": [
        "0. Fan Inlet",
        "1. LPC Inlet",
        "2. HPC Inlet",
        "3. Burner Inlet",
        "4. HPT Inlet",
        "5. LPT Inlet",
        "6. Core Nozz Inlet",
        "7. Core Nozz Outlet",
        "8. Byp Nozz Outlet"
    ],
    "Total Temperatures": [
        15.000057655676706,
        59.942033320834994,
        139.95697080771498,
        481.30222285334486,
        1311.71875,
        1027.1966132183143,
        735.270634390733,
        735.270634390733,
        59.94203332083493
    ],
    "Static Temperatures": [
        1.2698087753191583,
        44.11029440122737,
        120.50659961430016,
        448.7582536166866,
        1256.999488236445,
        980.0079089985043,
        696.4062127472105,
        593.8739814934012,
        4.4391862677623966
    ],
    "Total Pressures": [
        99.29823547694355,
        158.87717676310967,
        317.75435352621935,
        2364.539232294718,
        2175.376093711143,
        810.9244413308702,
        244.21988032214867,
        244.21988032214864,
        158.87717676310967
    ],
    "Static Pressures": [
        84.124656235234,
        133.97926458691475,
        267.52254953831897,
        1999.612486297015,
        1857.56804039006,
        691.3555180508866,
        207.84671867667655,
        132.00660636588606,
        84.07825298491304
    ],
    "Entropies": [
        6834.413225585567,
        6845.607178771453,
        6865.411001852655,
        6918.843575223881,
        7930.683042835977,
        7961.958056816299,
        7997.339454089305,
        7997.339454089305,
        6845.607178771453
    ],
    "Specifice Volumes": [
        0.9354134467594015,
        0.6780422909737055,
        0.42158869626980144,
        0.10361006578208136,
        0.23639894551207935,
        0.5201527992526979,
        1.3385055841884546,
        1.8844877438243959,
        0.9458112098493395
    ],
    "Performance": {
        "Thrust": 99999.99999999999,
        "OPR": 23.336249999999996,
        "T4": 1311.71875,
        "Thermal Efficiency": 0.4464798046495119,
        "SFC": 0.052087045620673164,
        "TSFC": 7.399348992364472,
        "Air Mass Flow Rate": 190.84428407693179,
        "Fuel Mass Flow Rate": 0.7399348992364472,
        "Core EGT": 735.270634390733,
        "Bypass EGT": 59.94203332083493,
        "FAR": 0.023650710353592962,
        "Specific Thrust": 0.5239873988559631
    },
    "Pressure Ratios": {
        "Fan": 1.6,
        "LPC": 2.0,
        "HPC": 7.44140625,
        "HPT": 2.68258789948539,
        "LPT": 3.3204685886389984
    },
    "Mechanical Parameters": {
        "LP Shaft Speed": 5490.0,
        "Fan Power": 8.623569035158104,
        "Fan Efficiency": 0.92,
        "LPC Power": 2.5298518565164234,
        "LPC Efficiency": 0.9,
        "LPT Power": 11.381041726198497,
        "LPT Efficiency": 0.91,
        "HP Shaft Speed": 15183.0,
        "HPC Power": 11.199431148283452,
        "HPC Efficiency": 0.89,
        "HPT Power": 11.581696569208036,
        "HPT Efficiency": 0.8999999999999999,
        "Burner Power": 5.643343280788219,
        "Burner Efficiency": 0.1773676867371834
    }
}