{
    "Stages": [
        "0. Fan Inlet",
        "1. LPC Inlet",
        "2. HPC Inlet",
        "3. Burner Inlet",
        "4. HPT Inlet",
        "5. LPT Inlet",
        "6. Core Nozz Inlet",
        "7. Core Nozz Outlet",
        "8. Byp Nozz Outlet"
    ],
    "Total Temperatures": [
        15.000057655676706,
        59.942033320834994,
        139.95697080771498,
        511.659055031845,
        1427.734375,
        1124.0821720964623,
        838.9411832191145,
        838.9411832191145,
        59.94203332083493
    ],
    "Static Temperatures": [
        1.2698087753191583,
        44.11029440122737,
        120.50659961430016,
        478.10181527975914,
        1370.51730327208,
        1074.5678116406189,
        797.3240058718079,
        687.132689766999,
        4.4391862677623966
    ],
    "Total Pressures": [
        99.29823547694355,
        158.87717676310967,
        317.75435352621935,
        2718.2891961813298,
        2500.8260604868237,
        920.6035712487692,
        307.214064893018,
        307.2140648930182,
        158.87717676310967
    ],
    "Static Pressures": [
        84.124656235234,
        133.97926458691475,
        267.52254953831897,
        2299.9091847061973,
        2137.587712152805,
        785.6563701192559,
        261.5246536716282,
        166.43832702937186,
        84.07825298491288
    ],
    "Entropies": [
        6834.413225585567,
        6845.607178771453,
        6865.411001852655,
        6921.785864801387,
        7994.696321491098,
        8026.395856649471,
        8058.321779136307,
        8058.321779136307,
        6845.607178771453
    ],
    "Specifice Volumes": [
        0.9354134467594015,
        0.6780422909737055,
        0.42158869626980144,
        0.09375584424814708,
        0.2206914521205261,
        0.4922717898143927,
        1.1745736406567666,
        1.6558526814986105,
        0.9458112098493415
    ],
    "Performance": {
        "Thrust": 99999.99999999999,
        "OPR": 26.827499999999997,
        "T4": 1427.734375,
        "Thermal Efficiency": 0.4113940871893972,
        "SFC": 0.056529285854275975,
        "TSFC": 8.150011906593258,
        "Air Mass Flow Rate": 186.56089254523818,
        "Fuel Mass Flow Rate": 0.8150011906593257,
        "Core EGT": 838.9411832191145,
        "Bypass EGT": 59.94203332083493,
        "FAR": 0.026648174733707234,
        "Specific Thrust": 0.5360180187589503
    },
    "Pressure Ratios": {
        "Fan": 1.6,
        "LPC": 2.0,
        "HPC": 8.5546875,
        "HPT": 2.716507016255143,
        "LPT": 2.996619219140743
    },
    "Mechanical Parameters": {
        "LP Shaft Speed": 5490.0,
        "Fan Power": 8.430017927474516,
        "Fan Efficiency": 0.92,
        "LPC Power": 2.4730707688823106,
        "LPC Efficiency": 0.9,
        "LPT Power": 11.12560071056819,
        "LPT Efficiency": 0.9100000000000003,
        "HP Shaft Speed": 15183.0,
        "HPC Power": 11.961644780936172,
        "HPC Efficiency": 0.89,
        "HPT Power": 12.359465582118977,
        "HPT Efficiency": 0.9000000000000006,
        "Burner Power": 6.342929831061582,
        "Burner Efficiency": 0.1809935957907814
    }
}