{
    "Stages": [
        "0. Fan Inlet",
        "1. LPC Inlet",
        "2. HPC Inlet",
        "3. Burner Inlet",
        "4. HPT Inlet",
        "5. LPT Inlet",
        "6. Core Nozz Inlet",
        "7. Core Nozz Outlet",
        "8. Byp Nozz Outlet"
    ],
    "Total Temperatures": [
        15.000057655676706,
        59.942033320834994,
        139.95697080771498,
        524.5823100297264,
        1311.7187499999998,
        988.2197960036797,
        693.4814091083609,
        693.4814091083609,
        59.94203332083493
    ],
    "Static Temperatures": [
        1.2698087753191583,
        44.11029440122737,
        120.50659961430016,
        490.5905227851243,
        1256.8677045094428,
        942.012044455331,
        655.7680772834314,
        556.4198578859649,
        4.4391862677623966
    ],
    "Total Pressures": [
        99.29823547694355,
        158.87717676310967,
        317.75435352621935,
        2885.854968548672,
        2654.986571064778,
        856.9859171844708,
        245.7434279502868,
        245.74342795028664,
        158.87717676310967
    ],
    "Static Pressures": [
        84.124656235234,
        133.97926458691475,
        267.52254953831897,
        2444.4669300856453,
        2266.6065034440808,
        729.8291265432357,
        209.0870303363612,
        132.65988180940874,
        84.07825298491285
    ],
    "Entropies": [
        6834.413225585567,
        6845.607178771453,
        6865.411001852655,
        6922.679551948526,
        7868.354915222684,
        7904.965802500449,
        7941.990416903561,
        7941.990416903561,
        6845.607178771453
    ],
    "Specifice Volumes": [
        0.9354134467594015,
        0.6780422909737055,
        0.42158869626980144,
        0.08964555226698002,
        0.19372162607306262,
        0.47778837033420835,
        1.2749469106865357,
        1.7942751191136004,
        0.9458112098493415
    ],
    "Performance": {
        "Thrust": 99999.99999999999,
        "OPR": 28.481249999999996,
        "T4": 1311.7187499999998,
        "Thermal Efficiency": 0.46207701829609893,
        "SFC": 0.050328869501547135,
        "TSFC": 7.082455792543675,
        "Air Mass Flow Rate": 192.00171717562125,
        "Fuel Mass Flow Rate": 0.7082455792543674,
        "Core EGT": 693.4814091083609,
        "Bypass EGT": 59.94203332083493,
        "FAR": 0.022501351013959562,
        "Specific Thrust": 0.5208286752380001
    },
    "Pressure Ratios": {
        "Fan": 1.6,
        "LPC": 2.0,
        "HPC": 9.08203125,
        "HPT": 3.0980515756751665,
        "LPT": 3.4873197803598504
    },
    "Mechanical Parameters": {
        "LP Shaft Speed": 5490.0,
        "Fan Power": 8.675869287578038,
        "Fan Efficiency": 0.92,
        "LPC Power": 2.5451949111312144,
        "LPC Efficiency": 0.9,
        "LPT Power": 11.450065508886992,
        "LPT Efficiency": 0.9099999999999999,
        "HP Shaft Speed": 15183.0,
        "HPC Power": 12.75732986239403,
        "HPC Efficiency": 0.89,
        "HPT Power": 13.171389134626985,
        "HPT Efficiency": 0.9000000000000001,
        "Burner Power": 5.6443902580233996,
        "Burner Efficiency": 0.18533809961746397
    }
}