{
    "Stages": [
        "0. Fan Inlet",
        "1. LPC Inlet",
        "2. HPC Inlet",
        "3. Burner Inlet",
        "4. HPT Inlet",
        "5. LPT Inlet",
        "6. Core Nozz Inlet",
        "7. Core Nozz Outlet",
        "8. Byp Nozz Outlet"
    ],
    "Total Temperatures": [
        15.000057655676706,
        59.942033320834994,
        139.95697080771498,
        500.50668997858105,
        1356.2499999999998,
        1057.5544693078884,
        767.8099186947578,
        767.8099186947578,
        59.94203332083493
    ],
    "Static Temperatures": [
        1.2698087753191583,
        44.11029440122737,
        120.50659961430016,
        467.3210025677772,
        1300.53803194362,
        1009.6297525696989,
        728.0721126867719,
        623.1016667042716,
        4.4391862677623966
    ],
    "Total Pressures": [
        99.29823547694355,
        158.87717676310967,
        317.75435352621935,
        2581.754122400532,
        2375.2137926084897,
        861.3709535332191,
        268.1612980793402,
        268.16129807934027,
        158.87717676310967
    ],
    "Static Pressures": [
        84.124656235234,
        133.97926458691475,
        267.52254953831897,
        2187.7973616229997,
        2028.096288745496,
        734.0685135838023,
        228.14708925925757,
        144.94261253283693,
        84.078252984913
    ],
    "Entropies": [
        6834.413225585567,
        6845.607178771453,
        6865.411001852655,
        6920.703410829637,
        7944.999528219063,
        7977.328005547601,
        8011.560484110545,
        8011.560484110545,
        6845.607178771453
    ],
    "Specifice Volumes": [
        0.9354134467594015,
        0.6780422909737055,
        0.42158869626980144,
        0.0971052017440814,
        0.22269934669220715,
        0.5014684544505453,
        1.2592991018859672,
        1.7743755271394195,
        0.9458112098493399
    ],
    "Performance": {
        "Thrust": 99999.99999999999,
        "OPR": 25.479999999999997,
        "T4": 1356.2499999999998,
        "Thermal Efficiency": 0.43462086064944444,
        "SFC": 0.05350827826979524,
        "TSFC": 7.630707554923937,
        "Air Mass Flow Rate": 189.3158607848188,
        "Fuel Mass Flow Rate": 0.7630707554923936,
        "Core EGT": 767.8099186947578,
        "Bypass EGT": 59.94203332083493,
        "FAR": 0.024587119057046608,
        "Specific Thrust": 0.5282177604424941
    },
    "Pressure Ratios": {
        "Fan": 1.6,
        "LPC": 2.0,
        "HPC": 8.125,
        "HPT": 2.757480714743986,
        "LPT": 3.2121374698833964
    },
    "Mechanical Parameters": {
        "LP Shaft Speed": 5490.0,
        "Fan Power": 8.554505065869051,
        "Fan Efficiency": 0.92,
        "LPC Power": 2.50959091696669,
        "LPC Efficiency": 0.9,
        "LPT Power": 11.289893860036473,
        "LPT Efficiency": 0.91,
        "HP Shaft Speed": 15183.0,
        "HPC Power": 11.760420574061381,
        "HPC Efficiency": 0.89,
        "HPT Power": 12.154134758777346,
        "HPT Efficiency": 0.9,
        "Burner Power": 5.908032685217428,
        "Burner Efficiency": 0.18005684003691902
    }
}