{
    "Stages": [
        "0. Fan Inlet",
        "1. LPC Inlet",
        "2. HPC Inlet",
        "3. Burner Inlet",
        "4. HPT Inlet",
        "5. LPT Inlet",
        "6. Core Nozz Inlet",
        "7. Core Nozz Outlet",
        "8. Byp Nozz Outlet"
    ],
    "Total Temperatures": [
        15.000057655676706,
        59.942033320834994,
        139.95697080771498,
        495.01880405681385,
        1308.203125,
        1011.1427613093277,
        718.1008504661024,
        718.1008504661024,
        59.94203332083493
    ],
    "Static Temperatures": [
        1.2698087753191583,
        44.11029440122737,
        120.50659961430016,
        462.0162496443472,
        1253.5117033600068,
        964.3816929441793,
        679.6916333142735,
        578.4704037588546,
        4.4391862677623966
    ],
    "Total Pressures": [
        99.29823547694355,
        158.87717676310967,
        317.75435352621935,
        2519.6927252274427,
        2318.1173072092497,
        824.2929929358816,
        243.62107016121533,
        243.6210701612153,
        158.87717676310967
    ],
    "Static Pressures": [
        84.124656235234,
        133.97926458691475,
        267.52254953831897,
        2134.027559268666,
        1977.3927478639089,
        702.0780511574907,
        207.23332705565022,
        131.58543584028817,
        84.07825298491292
    ],
    "Entropies": [
        6834.413225585567,
        6845.607178771453,
        6865.411001852655,
        6920.170754617703,
        7907.321144388624,
        7940.354954155431,
        7976.394445557825,
        7976.394445557826,
        6845.607178771453
    ],
    "Specifice Volumes": [
        0.9354134467594015,
        0.6780422909737055,
        0.42158869626980144,
        0.0988339347339512,
        0.22156586001030992,
        0.5058750616720628,
        1.319437907025095,
        1.857260263141692,
        0.9458112098493409
    ],
    "Performance": {
        "Thrust": 99999.99999999999,
        "OPR": 24.867499999999996,
        "T4": 1308.203125,
        "Thermal Efficiency": 0.4527821773595297,
        "SFC": 0.05136203480690936,
        "TSFC": 7.269419989405508,
        "Air Mass Flow Rate": 191.34863043197745,
        "Fuel Mass Flow Rate": 0.7269419989405507,
        "Core EGT": 718.1008504661024,
        "Bypass EGT": 59.94203332083493,
        "FAR": 0.023174172626825917,
        "Specific Thrust": 0.5226063012536115
    },
    "Pressure Ratios": {
        "Fan": 1.6,
        "LPC": 2.0,
        "HPC": 7.9296875,
        "HPT": 2.8122491966755887,
        "LPT": 3.3835045236046644
    },
    "Mechanical Parameters": {
        "LP Shaft Speed": 5490.0,
        "Fan Power": 8.6463586388992,
        "Fan Efficiency": 0.92,
        "LPC Power": 2.536537524723941,
        "LPC Efficiency": 0.9,
        "LPT Power": 11.411118534309328,
        "LPT Efficiency": 0.9099999999999999,
        "HP Shaft Speed": 15183.0,
        "HPC Power": 11.698761165664731,
        "HPC Efficiency": 0.89,
        "HPT Power": 12.091216995107295,
        "HPT Efficiency": 0.8999999999999998,
        "Burner Power": 5.62637204044082,
        "Burner Efficiency": 0.17999491238131235
    }
}