{
    "Stages": [
        "0. Fan Inlet",
        "1. LPC Inlet",
        "2. HPC Inlet",
        "3. Burner Inlet",
        "4. HPT Inlet",
        "5. LPT Inlet",
        "6. Core Nozz Inlet",
        "7. Core Nozz Outlet",
        "8. Byp Nozz Outlet"
    ],
    "Total Temperatures": [
        15.000057655676706,
        59.942033320834994,
        139.95697080771498,
        486.7869703559949,
        1445.3124999999998,
        1164.5103963501883,
        882.0635816605111,
        882.0635816605111,
        59.94203332083493
    ],
    "Static Temperatures": [
        1.2698087753191583,
        44.11029440122737,
        120.50659961430016,
        454.05948315794546,
        1387.797678063472,
        1114.0372245169935,
        839.318746584272,
        726.0153876033769,
        4.4391862677623966
    ],
    "Total Pressures": [
        99.29823547694355,
        158.87717676310967,
        317.75435352621935,
        2426.6006294678077,
        2232.472579110385,
        899.5410079883724,
        311.426302316627,
        311.4263023166268,
        158.87717676310967
    ],
    "Static Pressures": [
        84.124656235234,
        133.97926458691475,
        267.52254953831897,
        2053.376841398444,
        1908.5519522630632,
        767.5867364771675,
        265.21271773280137,
        168.9327142739213,
        84.07825298491282
    ],
    "Entropies": [
        6834.413225585567,
        6845.607178771453,
        6865.411001852655,
        6919.371770295694,
        8045.292145517947,
        8073.9045570857315,
        8104.529937769027,
        8104.529937769027,
        6845.607178771453
    ],
    "Specifice Volumes": [
        0.9354134467594015,
        0.6780422909737055,
        0.42158869626980144,
        0.10161660854548968,
        0.24975291310098058,
        0.5186083404319424,
        1.2036179686906214,
        1.6972569505381787,
        0.9458112098493421
    ],
    "Performance": {
        "Thrust": 99999.99999999999,
        "OPR": 23.948749999999997,
        "T4": 1445.3124999999998,
        "Thermal Efficiency": 0.39888575884942723,
        "SFC": 0.058301940938099664,
        "TSFC": 8.478806699865956,
        "Air Mass Flow Rate": 185.34694041885936,
        "Fuel Mass Flow Rate": 0.8478806699865955,
        "Core EGT": 882.0635816605111,
        "Bypass EGT": 59.94203332083493,
        "FAR": 0.027904815020037766,
        "Specific Thrust": 0.5395287333797544
    },
    "Pressure Ratios": {
        "Fan": 1.6,
        "LPC": 2.0,
        "HPC": 7.63671875,
        "HPT": 2.481790779169506,
        "LPT": 2.8884554750093305
    },
    "Mechanical Parameters": {
        "LP Shaft Speed": 5490.0,
        "Fan Power": 8.375163782809723,
        "Fan Efficiency": 0.92,
        "LPC Power": 2.4569784921054834,
        "LPC Efficiency": 0.9,
        "LPT Power": 11.053206402974702,
        "LPT Efficiency": 0.9100000000000003,
        "HP Shaft Speed": 15183.0,
        "HPC Power": 11.058764546936109,
        "HPC Efficiency": 0.89,
        "HPT Power": 11.438159220894416,
        "HPT Efficiency": 0.9000000000000001,
        "Burner Power": 6.422292995771219,
        "Burner Efficiency": 0.17615173496856368
    }
}