{
    "Stages": [
        "0. Fan Inlet",
        "1. LPC Inlet",
        "2. HPC Inlet",
        "3. Burner Inlet",
        "4. HPT Inlet",
        "5. LPT Inlet",
        "6. Core Nozz Inlet",
        "7. Core Nozz Outlet",
        "8. Byp Nozz Outlet"
    ],
    "Total Temperatures": [
        15.000057655676706,
        59.942033320834994,
        139.95697080771498,
        506.4521830989886,
        1446.484375,
        1148.6514798089613,
        865.1758118839745,
        865.1758118839745,
        59.94203332083493
    ],
    "Static Temperatures": [
        1.2698087753191583,
        44.11029440122737,
        120.50659961430016,
        473.06831377314535,
        1388.8848393979474,
        1098.582165363639,
        822.8892313875762,
        710.7688621754003,
        4.4391862677623966
    ],
    "Total Pressures": [
        99.29823547694355,
        158.87717676310967,
        317.75435352621935,
        2650.021659290931,
        2438.0199265476567,
        923.5530956384276,
        315.47483290166787,
        315.47483290166764,
        158.87717676310967
    ],
    "Static Pressures": [
        84.124656235234,
        133.97926458691475,
        267.52254953831897,
        2246.0531884598604,
        2083.1152621384167,
        788.6228332999823,
        268.7848951367332,
        171.0583397737628,
        84.07825298491285
    ],
    "Entropies": [
        6834.413225585567,
        6845.607178771453,
        6865.411001852655,
        6921.280482905834,
        8019.469147659654,
        8050.138196512007,
        8081.334914655781,
        8081.334914655781,
        6845.607178771453
    ],
    "Specifice Volumes": [
        0.9354134467594015,
        0.6780422909737055,
        0.42158869626980144,
        0.09533692935066472,
        0.22897366683807258,
        0.4992192829937822,
        1.1703606031424532,
        1.6504809146692039,
        0.9458112098493415
    ],
    "Performance": {
        "Thrust": 99999.99999999999,
        "OPR": 26.15375,
        "T4": 1446.484375,
        "Thermal Efficiency": 0.40359538829353275,
        "SFC": 0.05762160477555939,
        "TSFC": 8.347135437955258,
        "Air Mass Flow Rate": 185.72096681317726,
        "Fuel Mass Flow Rate": 0.8347135437955256,
        "Core EGT": 865.1758118839745,
        "Bypass EGT": 59.94203332083493,
        "FAR": 0.02741614317717108,
        "Specific Thrust": 0.5384421679249238
    },
    "Pressure Ratios": {
        "Fan": 1.6,
        "LPC": 2.0,
        "HPC": 8.33984375,
        "HPT": 2.6398264897399484,
        "LPT": 2.9275016556591544
    },
    "Mechanical Parameters": {
        "LP Shaft Speed": 5490.0,
        "Fan Power": 8.392064694712705,
        "Fan Efficiency": 0.92,
        "LPC Power": 2.4619366252380943,
        "LPC Efficiency": 0.9,
        "LPT Power": 11.075511550970205,
        "LPT Efficiency": 0.9100000000000004,
        "HP Shaft Speed": 15183.0,
        "HPC Power": 11.734722808847872,
        "HPC Efficiency": 0.89,
        "HPT Power": 12.12791254937581,
        "HPT Efficiency": 0.9000000000000001,
        "Burner Power": 6.453455920797904,
        "Burner Efficiency": 0.17979865232410588
    }
}