{
    "Stages": [
        "0. Fan Inlet",
        "1. LPC Inlet",
        "2. HPC Inlet",
        "3. Burner Inlet",
        "4. HPT Inlet",
        "5. LPT Inlet",
        "6. Core Nozz Inlet",
        "7. Core Nozz Outlet",
        "8. Byp Nozz Outlet"
    ],
    "Total Temperatures": [
        15.000057655676706,
        59.942033320834994,
        139.95697080771498,
        492.82364896859434,
        1304.6874999999998,
        1009.3541968171553,
        716.1752364581645,
        716.1752364581645,
        59.94203332083493
    ],
    "Static Temperatures": [
        1.2698087753191583,
        44.11029440122737,
        120.50659961430016,
        459.8944026705285,
        1250.072277732245,
        962.6407097465457,
        677.8200606258474,
        576.7444048894055,
        4.4391862677623966
    ],
    "Total Pressures": [
        99.29823547694355,
        158.87717676310967,
        317.75435352621935,
        2494.8681663582065,
        2295.2787130495503,
        820.190766834382,
        242.07639922063566,
        242.07639922063564,
        158.87717676310967
    ],
    "Static Pressures": [
        84.124656235234,
        133.97926458691475,
        267.52254953831897,
        2112.520233548352,
        1958.6267648602286,
        698.5729637105118,
        205.90259170007403,
        130.7221361912534,
        84.07825298491295
    ],
    "Entropies": [
        6834.413225585567,
        6845.607178771453,
        6865.411001852655,
        6919.957692132315,
        7906.911690867144,
        7939.782206446532,
        7975.823636631446,
        7975.823636631446,
        6845.607178771453
    ],
    "Specifice Volumes": [
        0.9354134467594015,
        0.6780422909737055,
        0.42158869626980144,
        0.09955296869089422,
        0.22318501449326636,
        0.5077138321079715,
        1.325298580853211,
        1.8656238479520397,
        0.9458112098493403
    ],
    "Performance": {
        "Thrust": 99999.99999999999,
        "OPR": 24.622499999999995,
        "T4": 1304.6874999999998,
        "Thermal Efficiency": 0.4535369716613995,
        "SFC": 0.05127655606178593,
        "TSFC": 7.25600367851214,
        "Air Mass Flow Rate": 191.4501607763612,
        "Fuel Mass Flow Rate": 0.7256003678512138,
        "Core EGT": 716.1752364581645,
        "Bypass EGT": 59.94203332083493,
        "FAR": 0.02311913568494069,
        "Specific Thrust": 0.522329151328387
    },
    "Pressure Ratios": {
        "Fan": 1.6,
        "LPC": 2.0,
        "HPC": 7.8515625,
        "HPT": 2.798469338917865,
        "LPT": 3.388148408828717
    },
    "Mechanical Parameters": {
        "LP Shaft Speed": 5490.0,
        "Fan Power": 8.65094643118332,
        "Fan Efficiency": 0.92,
        "LPC Power": 2.5378834216234707,
        "LPC Efficiency": 0.9,
        "LPT Power": 11.417173319190601,
        "LPT Efficiency": 0.9100000000000003,
        "HP Shaft Speed": 15183.0,
        "HPC Power": 11.629754150982079,
        "HPC Efficiency": 0.89,
        "HPT Power": 12.020801674002543,
        "HPT Efficiency": 0.9,
        "Burner Power": 5.605584798491009,
        "Burner Efficiency": 0.17966148165037954
    }
}