{
    "Stages": [
        "0. Fan Inlet",
        "1. LPC Inlet",
        "2. HPC Inlet",
        "3. Burner Inlet",
        "4. HPT Inlet",
        "5. LPT Inlet",
        "6. Core Nozz Inlet",
        "7. Core Nozz Outlet",
        "8. Byp Nozz Outlet"
    ],
    "Total Temperatures": [
        15.000057655676706,
        59.942033320834994,
        139.95697080771498,
        479.2083635564447,
        1339.8437499999998,
        1058.965839484622,
        769.3088157635925,
        769.3088157635925,
        59.94203332083493
    ],
    "Static Temperatures": [
        1.2698087753191583,
        44.11029440122737,
        120.50659961430016,
        446.7357205416482,
        1284.5152847927097,
        1011.0029957818145,
        729.528553131408,
        624.4438416919055,
        4.4391862677623966
    ],
    "Total Pressures": [
        99.29823547694355,
        158.87717676310967,
        317.75435352621935,
        2339.714673425482,
        2152.537499551444,
        825.3358118642823,
        257.51637977362964,
        257.5163797736296,
        158.87717676310967
    ],
    "Static Pressures": [
        84.124656235234,
        133.97926458691475,
        267.52254953831897,
        1978.192643615775,
        1838.0086408329018,
        702.9592601872488,
        218.9614021503918,
        139.04994805594413,
        84.07825298491302
    ],
    "Entropies": [
        6834.413225585567,
        6845.607178771453,
        6865.411001852655,
        6918.765016832529,
        7960.339437442952,
        7990.628098504869,
        8024.801054457387,
        8024.801054457387,
        6845.607178771453
    ],
    "Specifice Volumes": [
        0.9354134467594015,
        0.6780422909737055,
        0.42158869626980144,
        0.10444983311124069,
        0.2432094631322137,
        0.5242201465060414,
        1.3140061180552174,
        1.8522782951269614,
        0.9458112098493398
    ],
    "Performance": {
        "Thrust": 99999.99999999999,
        "OPR": 23.091249999999995,
        "T4": 1339.8437499999998,
        "Thermal Efficiency": 0.43429715582615896,
        "SFC": 0.053548160842198184,
        "TSFC": 7.649708551013736,
        "Air Mass Flow Rate": 189.5432159803122,
        "Fuel Mass Flow Rate": 0.7649708551013736,
        "Core EGT": 769.3088157635925,
        "Bypass EGT": 59.94203332083493,
        "FAR": 0.024618777263983267,
        "Specific Thrust": 0.5275841685116652
    },
    "Pressure Ratios": {
        "Fan": 1.6,
        "LPC": 2.0,
        "HPC": 7.36328125,
        "HPT": 2.608074760126131,
        "LPT": 3.204983747401993
    },
    "Mechanical Parameters": {
        "LP Shaft Speed": 5490.0,
        "Fan Power": 8.564778432102273,
        "Fan Efficiency": 0.92,
        "LPC Power": 2.51260476129632,
        "LPC Efficiency": 0.9,
        "LPT Power": 11.30345223816183,
        "LPT Efficiency": 0.9099999999999998,
        "HP Shaft Speed": 15183.0,
        "HPC Power": 11.052093447048186,
        "HPC Efficiency": 0.89,
        "HPT Power": 11.43135197611082,
        "HPT Efficiency": 0.8999999999999998,
        "Burner Power": 5.802042465248189,
        "Burner Efficiency": 0.17638739988880997
    }
}