{
    "Stages": [
        "0. Fan Inlet",
        "1. LPC Inlet",
        "2. HPC Inlet",
        "3. Burner Inlet",
        "4. HPT Inlet",
        "5. LPT Inlet",
        "6. Core Nozz Inlet",
        "7. Core Nozz Outlet",
        "8. Byp Nozz Outlet"
    ],
    "Total Temperatures": [
        15.000057655676706,
        59.942033320834994,
        139.95697080771498,
        490.6284934692238,
        1341.015625,
        1050.060990113666,
        759.8025101086519,
        759.8025101086519,
        59.94203332083493
    ],
    "Static Temperatures": [
        1.2698087753191583,
        44.11029440122737,
        120.50659961430016,
        457.77258666309643,
        1285.6293595003717,
        1002.3329597024235,
        720.2867996576401,
        615.9107072064138,
        4.4391862677623966
    ],
    "Total Pressures": [
        99.29823547694355,
        158.87717676310967,
        317.75435352621935,
        2470.0436074889703,
        2272.440118889853,
        842.5481389453616,
        260.27057853014213,
        260.27057853014196,
        158.87717676310967
    ],
    "Static Pressures": [
        84.124656235234,
        133.97926458691475,
        267.52254953831897,
        2091.013247927128,
        1941.457483047025,
        717.975989289841,
        221.36165213342628,
        140.5560756791123,
        84.07825298491291
    ],
    "Entropies": [
        6834.413225585567,
        6845.607178771453,
        6865.411001852655,
        6919.744629646577,
        7944.025044627967,
        7975.621260249135,
        8010.173859137759,
        8010.173859137759,
        6845.607178771453
    ],
    "Specifice Volumes": [
        0.9354134467594015,
        0.6780422909737055,
        0.42158869626980144,
        0.10028844625320597,
        0.23041484746149765,
        0.5098181553840814,
        1.2880609277047128,
        1.8153977542103452,
        0.9458112098493411
    ],
    "Performance": {
        "Thrust": 99999.99999999999,
        "OPR": 24.377499999999994,
        "T4": 1341.015625,
        "Thermal Efficiency": 0.4375222937181557,
        "SFC": 0.05315343763595591,
        "TSFC": 7.574591632280227,
        "Air Mass Flow Rate": 189.73132490798358,
        "Fuel Mass Flow Rate": 0.7574591632280225,
        "Core EGT": 759.8025101086519,
        "Bypass EGT": 59.94203332083493,
        "FAR": 0.024352862648968493,
        "Specific Thrust": 0.5270610957283847
    },
    "Pressure Ratios": {
        "Fan": 1.6,
        "LPC": 2.0,
        "HPC": 7.7734375,
        "HPT": 2.697104193636131,
        "LPT": 3.2372008534486945
    },
    "Mechanical Parameters": {
        "LP Shaft Speed": 5490.0,
        "Fan Power": 8.57327840018751,
        "Fan Efficiency": 0.92,
        "LPC Power": 2.5150983529812816,
        "LPC Efficiency": 0.9,
        "LPT Power": 11.314670156294683,
        "LPT Efficiency": 0.91,
        "HP Shaft Speed": 15183.0,
        "HPC Power": 11.450803291208247,
        "HPC Efficiency": 0.89,
        "HPT Power": 11.838198755865989,
        "HPT Efficiency": 0.8999999999999998,
        "Burner Power": 5.814129487073437,
        "Burner Efficiency": 0.1785077271712493
    }
}