{
    "Stages": [
        "0. Fan Inlet",
        "1. LPC Inlet",
        "2. HPC Inlet",
        "3. Burner Inlet",
        "4. HPT Inlet",
        "5. LPT Inlet",
        "6. Core Nozz Inlet",
        "7. Core Nozz Outlet",
        "8. Byp Nozz Outlet"
    ],
    "Total Temperatures": [
        15.000057655676706,
        59.942033320834994,
        139.95697080771498,
        481.847867360237,
        1396.09375,
        1116.4588062039693,
        830.8022093150738,
        830.8022093150738,
        59.94203332083493
    ],
    "Static Temperatures": [
        1.2698087753191583,
        44.11029440122737,
        120.50659961430016,
        449.28563226390196,
        1339.6118655971352,
        1067.139326146324,
        789.4063361012269,
        679.7775281711984,
        4.4391862677623966
    ],
    "Total Pressures": [
        99.29823547694355,
        158.87717676310967,
        317.75435352621935,
        2370.7453720120275,
        2181.0857422510653,
        863.5001139741828,
        285.05972427608054,
        285.05972427608054,
        158.87717676310967
    ],
    "Static Pressures": [
        84.124656235234,
        133.97926458691475,
        267.52254953831897,
        2004.988706067586,
        1864.1084913994275,
        736.5549312304217,
        242.9208794308137,
        154.57630716798363,
        84.07825298491292
    ],
    "Entropies": [
        6834.413225585567,
        6845.607178771453,
        6865.411001852655,
        6918.892379700123,
        8008.153014607012,
        8037.37983158114,
        8069.596847321368,
        8069.596847321368,
        6845.607178771453
    ],
    "Specifice Volumes": [
        0.9354134467594015,
        0.6780422909737034,
        0.42158869626980144,
        0.10340507120949598,
        0.24831030696010428,
        0.5222352040167307,
        1.2553850724438642,
        1.7690460512297834,
        0.9458112098493406
    ],
    "Performance": {
        "Thrust": 99999.99999999999,
        "OPR": 23.3975,
        "T4": 1396.09375,
        "Thermal Efficiency": 0.4141503134324761,
        "SFC": 0.0561530758258862,
        "TSFC": 8.100284106803796,
        "Air Mass Flow Rate": 187.20788962898698,
        "Fuel Mass Flow Rate": 0.8100284106803796,
        "Core EGT": 830.8022093150738,
        "Bypass EGT": 59.94203332083493,
        "FAR": 0.026394044155632807,
        "Specific Thrust": 0.5341655215396229
    },
    "Pressure Ratios": {
        "Fan": 1.6,
        "LPC": 2.0,
        "HPC": 7.4609375,
        "HPT": 2.525866189192276,
        "LPT": 3.0291901676642414
    },
    "Mechanical Parameters": {
        "LP Shaft Speed": 5490.0,
        "Fan Power": 8.45925340625367,
        "Fan Efficiency": 0.92,
        "LPC Power": 2.4816474301189806,
        "LPC Efficiency": 0.9,
        "LPT Power": 11.164184526910866,
        "LPT Efficiency": 0.91,
        "HP Shaft Speed": 15183.0,
        "HPC Power": 11.004315980151663,
        "HPC Efficiency": 0.89,
        "HPT Power": 11.382599458869477,
        "HPT Efficiency": 0.9000000000000001,
        "Burner Power": 6.1273061503269055,
        "Burner Efficiency": 0.17591419015584792
    }
}