{
    "Stages": [
        "0. Fan Inlet",
        "1. LPC Inlet",
        "2. HPC Inlet",
        "3. Burner Inlet",
        "4. HPT Inlet",
        "5. LPT Inlet",
        "6. Core Nozz Inlet",
        "7. Core Nozz Outlet",
        "8. Byp Nozz Outlet"
    ],
    "Total Temperatures": [
        15.000057655676706,
        59.94203332083493,
        139.95697080771544,
        529.0087577063579,
        1318.75,
        991.7550674140095,
        697.2677057278224,
        697.2677057278224,
        59.94203332083487
    ],
    "Static Temperatures": [
        1.2698087753191583,
        44.11029440122737,
        120.50659961430054,
        494.8701850751808,
        1263.746144236993,
        945.4526588053119,
        659.4473150467729,
        559.8108556511993,
        4.4391862677623966
    ],
    "Total Pressures": [
        99.29823547694355,
        158.87717676310967,
        317.75435352621935,
        2941.7102260044526,
        2706.3734079240935,
        864.7673807149836,
        248.88074455822144,
        248.88074455822144,
        158.87717676310967
    ],
    "Static Pressures": [
        84.124656235234,
        133.97926458691455,
        267.52254953831886,
        2492.7776572599173,
        2309.459785324434,
        736.4787288914175,
        211.6878554961067,
        134.34609962278597,
        84.07825298491287
    ],
    "Entropies": [
        6834.413225585567,
        6845.607178771453,
        6865.411001852656,
        6923.1051139221445,
        7869.3196204758415,
        7906.272145718804,
        7943.125920919155,
        7943.125920919155,
        6845.607178771453
    ],
    "Specifice Volumes": [
        0.9354134467594015,
        0.678042290973704,
        0.42158869626980217,
        0.08839591602680846,
        0.1909909653944271,
        0.4748163953393013,
        1.2641579430383922,
        1.778873839828769,
        0.9458112098493413
    ],
    "Performance": {
        "Thrust": 99999.99999999999,
        "OPR": 29.032499999999995,
        "T4": 1318.75,
        "Thermal Efficiency": 0.4605185705111859,
        "SFC": 0.05049918818186615,
        "TSFC": 7.109306113534849,
        "Air Mass Flow Rate": 191.8081974024494,
        "Fuel Mass Flow Rate": 0.7109306113534848,
        "Core EGT": 697.2677057278224,
        "Bypass EGT": 59.94203332083487,
        "FAR": 0.022609444163416537,
        "Specific Thrust": 0.5213541514609061
    },
    "Pressure Ratios": {
        "Fan": 1.6,
        "LPC": 2.0,
        "HPC": 9.2578125,
        "HPT": 3.129597008719828,
        "LPT": 3.4746254968418646
    },
    "Mechanical Parameters": {
        "LP Shaft Speed": 5490.0,
        "Fan Power": 8.66712482278209,
        "Fan Efficiency": 0.92,
        "LPC Power": 2.542629592710512,
        "LPC Efficiency": 0.9,
        "LPT Power": 11.438524913767958,
        "LPT Efficiency": 0.9100000000000001,
        "HP Shaft Speed": 15183.0,
        "HPC Power": 12.897546705071198,
        "HPC Efficiency": 0.89,
        "HPT Power": 13.314467545522058,
        "HPT Efficiency": 0.8999999999999999,
        "Burner Power": 5.686136448137052,
        "Burner Efficiency": 0.18600371012337094
    }
}