{
    "Stages": [
        "0. Fan Inlet",
        "1. LPC Inlet",
        "2. HPC Inlet",
        "3. Burner Inlet",
        "4. HPT Inlet",
        "5. LPT Inlet",
        "6. Core Nozz Inlet",
        "7. Core Nozz Outlet",
        "8. Byp Nozz Outlet"
    ],
    "Total Temperatures": [
        15.000057655676706,
        59.942033320834994,
        139.95697080771498,
        499.9579015020404,
        1345.7031249999998,
        1046.765291874384,
        756.2863654660749,
        756.2863654660749,
        59.94203332083493
    ],
    "Static Temperatures": [
        1.2698087753191583,
        44.11029440122737,
        120.50659961430016,
        466.7905185649268,
        1290.1973269244004,
        999.1245714280442,
        716.8502427750744,
        612.7370122534171,
        4.4391862677623966
    ],
    "Total Pressures": [
        99.29823547694355,
        158.87717676310967,
        317.75435352621935,
        2575.5479826832234,
        2369.5041440685654,
        853.6844223000473,
        262.7517179290123,
        262.7517179290123,
        158.87717676310967
    ],
    "Static Pressures": [
        84.124656235234,
        133.97926458691475,
        267.52254953831897,
        2182.420285721417,
        2022.4822047890193,
        727.6450184367598,
        223.41459475003202,
        141.85007318124934,
        84.07825298491302
    ],
    "Entropies": [
        6834.413225585567,
        6845.607178771453,
        6865.411001852655,
        6920.650145208541,
        7935.950422357674,
        7968.510640783095,
        8003.203492203881,
        8003.203492203881,
        6845.607178771453
    ],
    "Specifice Volumes": [
        0.9354134467594015,
        0.6780422909737055,
        0.42158869626980144,
        0.09727378620672954,
        0.22183344843376468,
        0.5017998690254785,
        1.2717092773046332,
        1.7921963248109205,
        0.9458112098493398
    ],
    "Performance": {
        "Thrust": 99999.99999999999,
        "OPR": 25.41875,
        "T4": 1345.7031249999998,
        "Thermal Efficiency": 0.43868208441059586,
        "SFC": 0.053012910214317054,
        "TSFC": 7.546490518925809,
        "Air Mass Flow Rate": 189.7726407787181,
        "Fuel Mass Flow Rate": 0.7546490518925808,
        "Core EGT": 756.2863654660749,
        "Bypass EGT": 59.94203332083493,
        "FAR": 0.024257233274802927,
        "Specific Thrust": 0.526946347954359
    },
    "Pressure Ratios": {
        "Fan": 1.6,
        "LPC": 2.0,
        "HPC": 8.10546875,
        "HPT": 2.775620688596503,
        "LPT": 3.2490155688751283
    },
    "Mechanical Parameters": {
        "LP Shaft Speed": 5490.0,
        "Fan Power": 8.575145316271742,
        "Fan Efficiency": 0.92,
        "LPC Power": 2.515646040499338,
        "LPC Efficiency": 0.9,
        "LPT Power": 11.31713403752151,
        "LPT Efficiency": 0.9099999999999998,
        "HP Shaft Speed": 15183.0,
        "HPC Power": 11.7701571896778,
        "HPC Efficiency": 0.89,
        "HPT Power": 12.16407008083491,
        "HPT Efficiency": 0.8999999999999997,
        "Burner Power": 5.845931838052621,
        "Burner Efficiency": 0.18015248660231262
    }
}