{
    "Stages": [
        "0. Fan Inlet",
        "1. LPC Inlet",
        "2. HPC Inlet",
        "3. Burner Inlet",
        "4. HPT Inlet",
        "5. LPT Inlet",
        "6. Core Nozz Inlet",
        "7. Core Nozz Outlet",
        "8. Byp Nozz Outlet"
    ],
    "Total Temperatures": [
        15.000057655676706,
        59.942033320834994,
        139.95697080771498,
        503.250631975832,
        1413.6718749999998,
        1116.4196620492196,
        830.7687253945164,
        830.7687253945164,
        59.94203332083493
    ],
    "Static Temperatures": [
        1.2698087753191583,
        44.11029440122737,
        120.50659961430016,
        469.9734516190097,
        1356.7434677846845,
        1067.1021528469491,
        789.3746862054091,
        679.7502687697536,
        4.4391862677623966
    ],
    "Total Pressures": [
        99.29823547694355,
        158.87717676310967,
        317.75435352621935,
        2612.7848209870767,
        2403.7620353081084,
        900.1980461204364,
        297.6908344499975,
        297.6908344499975,
        158.87717676310967
    ],
    "Static Pressures": [
        84.124656235234,
        133.97926458691475,
        267.52254953831897,
        2214.6830600395415,
        2053.0995990340566,
        768.209723940524,
        253.3451789639588,
        161.05672758918314,
        84.07825298491292
    ],
    "Entropies": [
        6834.413225585567,
        6845.607178771453,
        6865.411001852655,
        6920.969738934783,
        7994.171077499037,
        8025.305972364487,
        8057.523819373792,
        8057.523819373792,
        6845.607178771453
    ],
    "Specifice Volumes": [
        0.9354134467594015,
        0.6780422909737055,
        0.42158869626980144,
        0.09627607183186956,
        0.22782758963132885,
        0.5007023284148934,
        1.2036953361903031,
        1.697815284886889,
        0.9458112098493406
    ],
    "Performance": {
        "Thrust": 99999.99999999999,
        "OPR": 25.786249999999995,
        "T4": 1413.6718749999998,
        "Thermal Efficiency": 0.41398429218543165,
        "SFC": 0.05617559504666336,
        "TSFC": 8.093069196935105,
        "Air Mass Flow Rate": 186.96777047317633,
        "Fuel Mass Flow Rate": 0.8093069196935104,
        "Core EGT": 830.7687253945164,
        "Bypass EGT": 59.94203332083493,
        "FAR": 0.026404402200638517,
        "Specific Thrust": 0.5348515401714472
    },
    "Pressure Ratios": {
        "Fan": 1.6,
        "LPC": 2.0,
        "HPC": 8.22265625,
        "HPT": 2.6702591120560064,
        "LPT": 3.0239360502435644
    },
    "Mechanical Parameters": {
        "LP Shaft Speed": 5490.0,
        "Fan Power": 8.448403282411538,
        "Fan Efficiency": 0.92,
        "LPC Power": 2.4784643853919612,
        "LPC Efficiency": 0.9,
        "LPT Power": 11.149864967146424,
        "LPT Efficiency": 0.91,
        "HP Shaft Speed": 15183.0,
        "HPC Power": 11.706372525715787,
        "HPC Efficiency": 0.89,
        "HPT Power": 12.098983689036947,
        "HPT Efficiency": 0.9000000000000002,
        "Burner Power": 6.2516555448635565,
        "Burner Efficiency": 0.17964425450322352
    }
}