{
    "Stages": [
        "0. Fan Inlet",
        "1. LPC Inlet",
        "2. HPC Inlet",
        "3. Burner Inlet",
        "4. HPT Inlet",
        "5. LPT Inlet",
        "6. Core Nozz Inlet",
        "7. Core Nozz Outlet",
        "8. Byp Nozz Outlet"
    ],
    "Total Temperatures": [
        15.000057655676706,
        59.942033320834994,
        139.95697080771498,
        529.9924124996035,
        1366.796875,
        1042.449066382123,
        751.6733481388211,
        751.6733481388211,
        59.94203332083493
    ],
    "Static Temperatures": [
        1.2698087753191583,
        44.11029440122737,
        120.50659961430016,
        495.82123750316765,
        1310.755294509411,
        994.923687549217,
        712.3533499706272,
        608.5901652348778,
        4.4391862677623966
    ],
    "Total Pressures": [
        99.29823547694355,
        158.87717676310967,
        317.75435352621935,
        2954.1225054390707,
        2717.792705003945,
        901.0776181315076,
        276.0569643745205,
        276.0569643745205,
        158.87717676310967
    ],
    "Static Pressures": [
        84.124656235234,
        133.97926458691475,
        267.52254953831897,
        2503.5135755952515,
        2319.871749177419,
        768.60754595181,
        234.83148986652702,
        149.16043603013682,
        84.07825298491308
    ],
    "Entropies": [
        6834.413225585567,
        6845.607178771453,
        6865.411001852655,
        6923.199683252881,
        7912.929272118572,
        7948.439701249185,
        7983.220761625067,
        7983.220761625067,
        6845.607178771453
    ],
    "Specifice Volumes": [
        0.9354134467594015,
        0.6780422909737055,
        0.42158869626980144,
        0.08812549616151993,
        0.19594708075636566,
        0.47352371109830915,
        1.2042506022991548,
        1.6961786520135864,
        0.9458112098493389
    ],
    "Performance": {
        "Thrust": 99999.99999999999,
        "OPR": 29.154999999999998,
        "T4": 1366.796875,
        "Thermal Efficiency": 0.4400399296953194,
        "SFC": 0.052849326581773014,
        "TSFC": 7.503286431253588,
        "Air Mass Flow Rate": 189.58911745056278,
        "Fuel Mass Flow Rate": 0.7503286431253586,
        "Core EGT": 751.6733481388211,
        "Bypass EGT": 59.94203332083493,
        "FAR": 0.024141705940786316,
        "Specific Thrust": 0.5274564349722023
    },
    "Pressure Ratios": {
        "Fan": 1.6,
        "LPC": 2.0,
        "HPC": 9.296875,
        "HPT": 3.016158264633866,
        "LPT": 3.264100292391229
    },
    "Mechanical Parameters": {
        "LP Shaft Speed": 5490.0,
        "Fan Power": 8.56685255498961,
        "Fan Efficiency": 0.92,
        "LPC Power": 2.513213236002765,
        "LPC Efficiency": 0.9,
        "LPT Power": 11.30618958264528,
        "LPT Efficiency": 0.9099999999999999,
        "HP Shaft Speed": 15183.0,
        "HPC Power": 12.781954690789055,
        "HPC Efficiency": 0.89,
        "HPT Power": 13.196516510540272,
        "HPT Efficiency": 0.8999999999999996,
        "Burner Power": 5.978131733639259,
        "Burner Efficiency": 0.18528723468141967
    }
}