{
    "Stages": [
        "0. Fan Inlet",
        "1. LPC Inlet",
        "2. HPC Inlet",
        "3. Burner Inlet",
        "4. HPT Inlet",
        "5. LPT Inlet",
        "6. Core Nozz Inlet",
        "7. Core Nozz Outlet",
        "8. Byp Nozz Outlet"
    ],
    "Total Temperatures": [
        15.000057655676706,
        59.942033320834994,
        139.95697080771498,
        509.76564721047475,
        1383.2031249999998,
        1078.1301987189408,
        789.8619237887322,
        789.8619237887322,
        59.94203332083493
    ],
    "Static Temperatures": [
        1.2698087753191583,
        44.11029440122737,
        120.50659961430016,
        476.2714312664642,
        1326.8854705038239,
        1029.7348747371864,
        749.5231107729342,
        642.9060447610517,
        4.4391862677623966
    ],
    "Total Pressures": [
        99.29823547694355,
        158.87717676310967,
        317.75435352621935,
        2693.4646373120936,
        2477.987466327126,
        889.1606113227768,
        282.63399581487903,
        282.633995814879,
        158.87717676310967
    ],
    "Static Pressures": [
        84.124656235234,
        133.97926458691475,
        267.52254953831897,
        2278.5206719779308,
        2116.7687666895213,
        758.5381030913177,
        240.6171629542012,
        152.97926458249373,
        84.07825298491305
    ],
    "Entropies": [
        6834.413225585567,
        6845.607178771453,
        6865.411001852655,
        6921.602089567005,
        7956.926396210302,
        7989.589685256493,
        8023.140102304535,
        8023.140102304535,
        6845.607178771453
    ],
    "Specifice Volumes": [
        0.9354134467594015,
        0.6780422909737034,
        0.42158869626980144,
        0.09439577907222575,
        0.21692909724696136,
        0.49297476043567867,
        1.2197083785980272,
        1.7182273108027042,
        0.9458112098493391
    ],
    "Performance": {
        "Thrust": 99999.99999999999,
        "OPR": 26.582499999999996,
        "T4": 1383.2031249999998,
        "Thermal Efficiency": 0.4270459592844039,
        "SFC": 0.05445740311524754,
        "TSFC": 7.7895618510609665,
        "Air Mass Flow Rate": 188.37830638866978,
        "Fuel Mass Flow Rate": 0.7789561851060965,
        "Core EGT": 789.8619237887322,
        "Bypass EGT": 59.94203332083493,
        "FAR": 0.025223884959149314,
        "Specific Thrust": 0.5308466878010673
    },
    "Pressure Ratios": {
        "Fan": 1.6,
        "LPC": 2.0,
        "HPC": 8.4765625,
        "HPT": 2.7868839833567307,
        "LPT": 3.145978985150687
    },
    "Mechanical Parameters": {
        "LP Shaft Speed": 5490.0,
        "Fan Power": 8.512140343768454,
        "Fan Efficiency": 0.92,
        "LPC Power": 2.4971625975063776,
        "LPC Efficiency": 0.9,
        "LPT Power": 11.233982593137581,
        "LPT Efficiency": 0.9100000000000001,
        "HP Shaft Speed": 15183.0,
        "HPC Power": 12.014336534869646,
        "HPC Efficiency": 0.89,
        "HPT Power": 12.413232677969448,
        "HPT Efficiency": 0.8999999999999999,
        "Burner Power": 6.072376356315157,
        "Burner Efficiency": 0.1812913967411306
    }
}