{
    "Stages": [
        "0. Fan Inlet",
        "1. LPC Inlet",
        "2. HPC Inlet",
        "3. Burner Inlet",
        "4. HPT Inlet",
        "5. LPT Inlet",
        "6. Core Nozz Inlet",
        "7. Core Nozz Outlet",
        "8. Byp Nozz Outlet"
    ],
    "Total Temperatures": [
        15.000057655676706,
        59.942033320834994,
        139.95697080771498,
        497.7627473389082,
        1314.0625,
        1014.9455807911964,
        722.1786460181062,
        722.1786460181062,
        59.94203332083493
    ],
    "Static Temperatures": [
        1.2698087753191583,
        44.11029440122737,
        120.50659961430016,
        464.66860191064177,
        1259.2469371786651,
        968.0833328477138,
        683.6702928490571,
        582.1397362222302,
        4.4391862677623966
    ],
    "Total Pressures": [
        99.29823547694355,
        158.87717676310967,
        317.75435352621935,
        2550.723423813987,
        2346.665549908869,
        830.469267444918,
        246.2324682666235,
        246.23246826662339,
        158.87717676310967
    ],
    "Static Pressures": [
        84.124656235234,
        133.97926458691475,
        267.52254953831897,
        2160.9121947112826,
        2002.4176745322834,
        707.3347735036881,
        209.55121182271165,
        133.09288243791627,
        84.07825298491302
    ],
    "Entropies": [
        6834.413225585567,
        6845.607178771453,
        6865.411001852655,
        6920.437082723944,
        7909.212872539431,
        7942.407711624997,
        7978.343841758411,
        7978.343841758411,
        6845.607178771453
    ],
    "Specifice Volumes": [
        0.9354134467594015,
        0.6780422909737055,
        0.42158869626980144,
        0.09795754005651974,
        0.2196233861953963,
        0.5035906306853233,
        1.3104489693992185,
        1.844425332225642,
        0.9458112098493398
    ],
    "Performance": {
        "Thrust": 99999.99999999999,
        "OPR": 25.17375,
        "T4": 1314.0625,
        "Thermal Efficiency": 0.4512080692297466,
        "SFC": 0.05154121909474751,
        "TSFC": 7.298274658712903,
        "Air Mass Flow Rate": 191.1511356892485,
        "Fuel Mass Flow Rate": 0.7298274658712902,
        "Core EGT": 722.1786460181062,
        "Bypass EGT": 59.94203332083493,
        "FAR": 0.023290196659110272,
        "Specific Thrust": 0.5231462509465206
    },
    "Pressure Ratios": {
        "Fan": 1.6,
        "LPC": 2.0,
        "HPC": 8.02734375,
        "HPT": 2.825710284414004,
        "LPT": 3.3727041494206027
    },
    "Mechanical Parameters": {
        "LP Shaft Speed": 5490.0,
        "Fan Power": 8.637434559478947,
        "Fan Efficiency": 0.92,
        "LPC Power": 2.533919513689649,
        "LPC Efficiency": 0.9,
        "LPT Power": 11.399340890988364,
        "LPT Efficiency": 0.9099999999999999,
        "HP Shaft Speed": 15183.0,
        "HPC Power": 11.78055782416715,
        "HPC Efficiency": 0.89,
        "HPT Power": 12.174682973170988,
        "HPT Efficiency": 0.8999999999999999,
        "Burner Power": 5.660827030585235,
        "Burner Efficiency": 0.18038118103571765
    }
}