{
    "Stages": [
        "0. Fan Inlet",
        "1. LPC Inlet",
        "2. HPC Inlet",
        "3. Burner Inlet",
        "4. HPT Inlet",
        "5. LPT Inlet",
        "6. Core Nozz Inlet",
        "7. Core Nozz Outlet",
        "8. Byp Nozz Outlet"
    ],
    "Total Temperatures": [
        15.000057655676706,
        59.942033320834994,
        139.95697080771498,
        526.05779278988,
        1410.15625,
        1092.5025990613397,
        805.2038105955704,
        805.2038105955704,
        59.94203332083493
    ],
    "Static Temperatures": [
        1.2698087753191583,
        44.11029440122737,
        120.50659961430016,
        492.01706349390224,
        1353.220356875777,
        1043.7338523683757,
        764.4709395971402,
        656.7375488879106,
        4.4391862677623966
    ],
    "Total Pressures": [
        99.29823547694355,
        158.87717676310967,
        317.75435352621935,
        2904.4733877005983,
        2672.1155166845506,
        928.6244770313054,
        300.3521001372431,
        300.3521001372431,
        158.87717676310967
    ],
    "Static Pressures": [
        84.124656235234,
        133.97926458691475,
        267.52254953831897,
        2460.570341209433,
        2281.0064301000966,
        792.294959872368,
        255.50429649265752,
        162.421306135532,
        84.07825298491305
    ],
    "Entropies": [
        6834.413225585567,
        6845.607178771453,
        6865.411001852655,
        6922.821405937059,
        7957.726787026604,
        7991.527622978915,
        8024.498979043141,
        8024.498979043141,
        6845.607178771453
    ],
    "Specifice Volumes": [
        0.9354134467594015,
        0.6780422909737055,
        0.42158869626980144,
        0.08922295205582158,
        0.20462134579786803,
        0.47696956318448663,
        1.16531867731561,
        1.6429005415966271,
        0.9458112098493391
    ],
    "Performance": {
        "Thrust": 99999.99999999999,
        "OPR": 28.664999999999996,
        "T4": 1410.15625,
        "Thermal Efficiency": 0.42186594496705254,
        "SFC": 0.055126075548251795,
        "TSFC": 7.896597837056214,
        "Air Mass Flow Rate": 187.60869077869685,
        "Fuel Mass Flow Rate": 0.7896597837056213,
        "Core EGT": 805.2038105955704,
        "Bypass EGT": 59.94203332083493,
        "FAR": 0.02567538135152988,
        "Specific Thrust": 0.5330243475658596
    },
    "Pressure Ratios": {
        "Fan": 1.6,
        "LPC": 2.0,
        "HPC": 9.140625,
        "HPT": 2.8774984751930774,
        "LPT": 3.0917861956249966
    },
    "Mechanical Parameters": {
        "LP Shaft Speed": 5490.0,
        "Fan Power": 8.477364173367345,
        "Fan Efficiency": 0.92,
        "LPC Power": 2.486960492218754,
        "LPC Efficiency": 0.9,
        "LPT Power": 11.188086393455203,
        "LPT Efficiency": 0.9100000000000001,
        "HP Shaft Speed": 15183.0,
        "HPC Power": 12.515348209544356,
        "HPC Efficiency": 0.89,
        "HPT Power": 12.924469080698751,
        "HPT Efficiency": 0.8999999999999999,
        "Burner Power": 6.2438135203262775,
        "Burner Efficiency": 0.18388294375025996
    }
}