{
    "Stages": [
        "0. Fan Inlet",
        "1. LPC Inlet",
        "2. HPC Inlet",
        "3. Burner Inlet",
        "4. HPT Inlet",
        "5. LPT Inlet",
        "6. Core Nozz Inlet",
        "7. Core Nozz Outlet",
        "8. Byp Nozz Outlet"
    ],
    "Total Temperatures": [
        15.000057655676706,
        59.942033320834994,
        139.95697080771498,
        498.86032447186795,
        1435.9374999999998,
        1144.0137135140662,
        860.2322946574703,
        860.2322946574703,
        59.94203332083493
    ],
    "Static Temperatures": [
        1.2698087753191583,
        44.11029440122737,
        120.50659961430016,
        465.7295563664126,
        1378.5794673556181,
        1094.0454304634184,
        818.0522198139273,
        706.294397182818,
        4.4391862677623966
    ],
    "Total Pressures": [
        99.29823547694355,
        158.87717676310967,
        317.75435352621935,
        2563.1357032486053,
        2358.0848469887173,
        909.2061761765234,
        309.06701100336875,
        309.06701100336875,
        158.87717676310967
    ],
    "Static Pressures": [
        84.124656235234,
        133.97926458691475,
        267.52254953831897,
        2171.6661976976775,
        2014.2210300874722,
        776.1318388520142,
        263.12890546540166,
        167.43397644495323,
        84.07825298491308
    ],
    "Entropies": [
        6834.413225585567,
        6845.607178771453,
        6865.411001852655,
        6920.543613966286,
        8020.081395884763,
        8050.198291634504,
        8081.56231242353,
        8081.56231242353,
        6845.607178771453
    ],
    "Specifice Volumes": [
        0.9354134467594015,
        0.6780422909737034,
        0.42158869626980144,
        0.09761376640273318,
        0.23534710586419985,
        0.5055554530208735,
        1.1901011480274708,
        1.678447645909146,
        0.9458112098493389
    ],
    "Performance": {
        "Thrust": 99999.99999999999,
        "OPR": 25.296249999999997,
        "T4": 1435.9374999999998,
        "Thermal Efficiency": 0.4051065363089098,
        "SFC": 0.057406661875618055,
        "TSFC": 8.312608996785531,
        "Air Mass Flow Rate": 185.97005455763332,
        "Fuel Mass Flow Rate": 0.8312608996785531,
        "Core EGT": 860.2322946574703,
        "Bypass EGT": 59.94203332083493,
        "FAR": 0.027266171965700713,
        "Specific Thrust": 0.5377209800678385
    },
    "Pressure Ratios": {
        "Fan": 1.6,
        "LPC": 2.0,
        "HPC": 8.06640625,
        "HPT": 2.5935644838062473,
        "LPT": 2.941776843878732
    },
    "Mechanical Parameters": {
        "LP Shaft Speed": 5490.0,
        "Fan Power": 8.403320076924008,
        "Fan Efficiency": 0.92,
        "LPC Power": 2.4652385585173406,
        "LPC Efficiency": 0.9,
        "LPT Power": 11.090365954531988,
        "LPT Efficiency": 0.9099999999999998,
        "HP Shaft Speed": 15183.0,
        "HPC Power": 11.497780879001011,
        "HPC Efficiency": 0.89,
        "HPT Power": 11.88613506994023,
        "HPT Efficiency": 0.8999999999999999,
        "Burner Power": 6.381117627465713,
        "Burner Efficiency": 0.1785216704130472
    }
}