{
    "Stages": [
        "0. Fan Inlet",
        "1. LPC Inlet",
        "2. HPC Inlet",
        "3. Burner Inlet",
        "4. HPT Inlet",
        "5. LPT Inlet",
        "6. Core Nozz Inlet",
        "7. Core Nozz Outlet",
        "8. Byp Nozz Outlet"
    ],
    "Total Temperatures": [
        15.000057655676706,
        59.942033320834994,
        139.95697080771498,
        529.008757706357,
        1421.8749999999998,
        1102.4628672689182,
        815.8589403757669,
        815.8589403757669,
        59.94203332083493
    ],
    "Static Temperatures": [
        1.2698087753191583,
        44.11029440122737,
        120.50659961430016,
        494.8701850751801,
        1364.7109444812215,
        1053.4593827440303,
        774.8335190635004,
        666.3105918737713,
        4.4391862677623966
    ],
    "Total Pressures": [
        99.29823547694355,
        158.87717676310967,
        317.75435352621935,
        2941.7102260044526,
        2706.3734079240935,
        938.9978399306257,
        307.25651995334806,
        307.25651995334806,
        158.87717676310967
    ],
    "Static Pressures": [
        84.124656235234,
        133.97926458691475,
        267.52254953831886,
        2492.777657259923,
        2311.308910804695,
        801.2976556713475,
        261.42158530552246,
        166.2178697224137,
        84.07825298491304
    ],
    "Entropies": [
        6834.413225585567,
        6845.607178771453,
        6865.411001852655,
        6923.105113922144,
        7964.605102364641,
        7998.381854314295,
        8030.950731933491,
        8030.950731933491,
        6845.607178771453
    ],
    "Specifice Volumes": [
        0.9354134467594015,
        0.6780422909737055,
        0.42158869626980155,
        0.08839591602680814,
        0.20337210767375513,
        0.47510660530181537,
        1.1502784702850346,
        1.6216637293923426,
        0.9458112098493393
    ],
    "Performance": {
        "Thrust": 99999.99999999999,
        "OPR": 29.032499999999995,
        "T4": 1421.8749999999998,
        "Thermal Efficiency": 0.41843493021513023,
        "SFC": 0.055578089385443626,
        "TSFC": 7.974127289982722,
        "Air Mass Flow Rate": 187.19424541905914,
        "Fuel Mass Flow Rate": 0.7974127289982721,
        "Core EGT": 815.8589403757669,
        "Bypass EGT": 59.94203332083493,
        "FAR": 0.025984867408719022,
        "Specific Thrust": 0.5342044557840799
    },
    "Pressure Ratios": {
        "Fan": 1.6,
        "LPC": 2.0,
        "HPC": 9.2578125,
        "HPT": 2.8821934330797223,
        "LPT": 3.056071324615591
    },
    "Mechanical Parameters": {
        "LP Shaft Speed": 5490.0,
        "Fan Power": 8.458636873320486,
        "Fan Efficiency": 0.92,
        "LPC Power": 2.481466561040383,
        "LPC Efficiency": 0.9,
        "LPT Power": 11.163370851388644,
        "LPT Efficiency": 0.9100000000000001,
        "HP Shaft Speed": 15183.0,
        "HPC Power": 12.587295829422358,
        "HPC Efficiency": 0.89,
        "HPT Power": 12.99788501934977,
        "HPT Efficiency": 0.9000000000000001,
        "Burner Power": 6.318547709813053,
        "Burner Efficiency": 0.1842746731422829
    }
}