{
    "Stages": [
        "0. Fan Inlet",
        "1. LPC Inlet",
        "2. HPC Inlet",
        "3. Burner Inlet",
        "4. HPT Inlet",
        "5. LPT Inlet",
        "6. Core Nozz Inlet",
        "7. Core Nozz Outlet",
        "8. Byp Nozz Outlet"
    ],
    "Total Temperatures": [
        15.000057655676706,
        59.942033320834994,
        139.95697080771498,
        513.5524626769696,
        1382.0312499999998,
        1073.5241391723425,
        784.9274117989391,
        784.9274117989391,
        59.94203332083493
    ],
    "Static Temperatures": [
        1.2698087753191583,
        44.11029440122737,
        120.50659961430016,
        479.9281469153627,
        1325.7239750862227,
        1025.2313283734113,
        744.716499932008,
        638.4679545529988,
        4.4391862677623966
    ],
    "Total Pressures": [
        99.29823547694355,
        158.87717676310967,
        317.75435352621935,
        2743.1137550505655,
        2523.6646546465254,
        893.9616613098848,
        282.86827376814347,
        282.86827376814335,
        158.87717676310967
    ],
    "Static Pressures": [
        84.124656235234,
        133.97926458691475,
        267.52254953831897,
        2321.1073689444306,
        2156.0809645600534,
        762.530874492287,
        240.78995341955633,
        153.08188581744398,
        84.07825298491301
    ],
    "Entropies": [
        6834.413225585567,
        6845.607178771453,
        6865.411001852655,
        6921.9696400353505,
        7950.1242959051215,
        7983.249979272694,
        8016.85627229112,
        8016.856272291119,
        6845.607178771453
    ],
    "Specifice Volumes": [
        0.9354134467594015,
        0.6780422909737034,
        0.42158869626980144,
        0.09312975190140674,
        0.21281818764529,
        0.4886737081371394,
        1.2129891317885861,
        1.708633026610928,
        0.9458112098493399
    ],
    "Performance": {
        "Thrust": 99999.99999999999,
        "OPR": 27.072499999999994,
        "T4": 1382.0312499999998,
        "Thermal Efficiency": 0.428659582892796,
        "SFC": 0.05425240652861935,
        "TSFC": 7.751881412713565,
        "Air Mass Flow Rate": 188.51105483157653,
        "Fuel Mass Flow Rate": 0.7751881412713564,
        "Core EGT": 784.9274117989391,
        "Bypass EGT": 59.94203332083493,
        "FAR": 0.02508419289245419,
        "Specific Thrust": 0.5304728684975216
    },
    "Pressure Ratios": {
        "Fan": 1.6,
        "LPC": 2.0,
        "HPC": 8.6328125,
        "HPT": 2.823012175878666,
        "LPT": 3.160346154771077
    },
    "Mechanical Parameters": {
        "LP Shaft Speed": 5490.0,
        "Fan Power": 8.518138770010314,
        "Fan Efficiency": 0.92,
        "LPC Power": 2.4989223247958874,
        "LPC Efficiency": 0.9,
        "LPT Power": 11.241899076332857,
        "LPT Efficiency": 0.9099999999999999,
        "HP Shaft Speed": 15183.0,
        "HPC Power": 12.150562074546805,
        "HPC Efficiency": 0.89,
        "HPT Power": 12.55223833070125,
        "HPT Efficiency": 0.8999999999999999,
        "Burner Power": 6.066569595869829,
        "Burner Efficiency": 0.18199841605684658
    }
}