{
    "Stages": [
        "0. Fan Inlet",
        "1. LPC Inlet",
        "2. HPC Inlet",
        "3. Burner Inlet",
        "4. HPT Inlet",
        "5. LPT Inlet",
        "6. Core Nozz Inlet",
        "7. Core Nozz Outlet",
        "8. Byp Nozz Outlet"
    ],
    "Total Temperatures": [
        15.000057655676706,
        59.942033320834994,
        139.95697080771498,
        493.3724377791942,
        1425.390625,
        1137.576752117989,
        853.3512346105197,
        853.3512346105197,
        59.94203332083493
    ],
    "Static Temperatures": [
        1.2698087753191583,
        44.11029440122737,
        120.50659961430016,
        460.42486151081897,
        1368.2755134963977,
        1087.7422984916147,
        811.3405950395866,
        700.0878818198124,
        4.4391862677623966
    ],
    "Total Pressures": [
        99.29823547694355,
        158.87717676310967,
        317.75435352621935,
        2501.074306075516,
        2300.9883615894746,
        897.6460590596281,
        303.1422142663611,
        303.14221426636095,
        158.87717676310967
    ],
    "Static Pressures": [
        84.124656235234,
        133.97926458691475,
        267.52254953831897,
        2117.8970330934317,
        1965.2708597125506,
        765.9142511678584,
        257.95228038290406,
        164.12218320090605,
        84.07825298491291
    ],
    "Entropies": [
        6834.413225585567,
        6845.607178771453,
        6865.411001852655,
        6920.010957753695,
        8017.758081934737,
        8047.546716486909,
        8079.01833919111,
        8079.01833919111,
        6845.607178771453
    ],
    "Specifice Volumes": [
        0.9354134467594015,
        0.6780422909737034,
        0.42158869626980144,
        0.09937168761139105,
        0.23970846025396889,
        0.5099015056252899,
        1.206392597461299,
        1.7014549283600728,
        0.9458112098493411
    ],
    "Performance": {
        "Thrust": 99999.99999999999,
        "OPR": 24.68375,
        "T4": 1425.390625,
        "Thermal Efficiency": 0.4071892014709367,
        "SFC": 0.05711304197036343,
        "TSFC": 8.263033159158033,
        "Air Mass Flow Rate": 186.26347254227827,
        "Fuel Mass Flow Rate": 0.8263033159158031,
        "Core EGT": 853.3512346105197,
        "Bypass EGT": 59.94203332083493,
        "FAR": 0.02706086254213001,
        "Specific Thrust": 0.5368739164749647
    },
    "Pressure Ratios": {
        "Fan": 1.6,
        "LPC": 2.0,
        "HPC": 7.87109375,
        "HPT": 2.563358172596429,
        "LPT": 2.961138425514346
    },
    "Mechanical Parameters": {
        "LP Shaft Speed": 5490.0,
        "Fan Power": 8.4165785837689,
        "Fan Efficiency": 0.92,
        "LPC Power": 2.469128138112452,
        "LPC Efficiency": 0.9,
        "LPT Power": 11.10786400191975,
        "LPT Efficiency": 0.9100000000000001,
        "HP Shaft Speed": 15183.0,
        "HPC Power": 11.332979868605856,
        "HPC Efficiency": 0.89,
        "HPT Power": 11.717970773618648,
        "HPT Efficiency": 0.9,
        "Burner Power": 6.311803608986093,
        "Burner Efficiency": 0.17764194771365766
    }
}