{
    "Stages": [
        "0. Fan Inlet",
        "1. LPC Inlet",
        "2. HPC Inlet",
        "3. Burner Inlet",
        "4. HPT Inlet",
        "5. LPT Inlet",
        "6. Core Nozz Inlet",
        "7. Core Nozz Outlet",
        "8. Byp Nozz Outlet"
    ],
    "Total Temperatures": [
        15.000057655676706,
        59.942033320834994,
        139.95697080771498,
        484.04302450421,
        1445.3125,
        1166.8917934192255,
        884.6029957834311,
        884.6029957834311,
        59.94203332083493
    ],
    "Static Temperatures": [
        1.2698087753191583,
        44.11029440122737,
        120.50659961430016,
        451.40732442245417,
        1387.8066205160305,
        1116.3612183847845,
        841.789469043578,
        728.3005582152234,
        4.4391862677623966
    ],
    "Total Pressures": [
        99.29823547694355,
        158.87717676310967,
        317.75435352621935,
        2395.5699308812627,
        2203.924336410762,
        894.9158966223072,
        310.4726971130892,
        310.4726971130892,
        158.87717676310967
    ],
    "Static Pressures": [
        84.124656235234,
        133.97926458691475,
        267.52254953831897,
        2026.4943314752215,
        1883.9369886979223,
        763.5850086102286,
        264.3783262881174,
        168.38967243716942,
        84.07825298491309
    ],
    "Entropies": [
        6834.413225585567,
        6845.607178771453,
        6865.411001852655,
        6919.105442187262,
        8049.436242766176,
        8077.800607229745,
        8108.339998719299,
        8108.339998719299,
        6845.607178771453
    ],
    "Specifice Volumes": [
        0.9354134467594015,
        0.6780422909737034,
        0.42158869626980144,
        0.10259862498206113,
        0.25301742965514984,
        0.5222000558148975,
        1.2101005850485065,
        1.7065492650005536,
        0.9458112098493389
    ],
    "Performance": {
        "Thrust": 99999.99999999999,
        "OPR": 23.6425,
        "T4": 1445.3125,
        "Thermal Efficiency": 0.3981884849410787,
        "SFC": 0.0584040343530517,
        "TSFC": 8.49903317053425,
        "Air Mass Flow Rate": 185.29999948391662,
        "Fuel Mass Flow Rate": 0.8499033170534249,
        "Core EGT": 884.6029957834311,
        "Bypass EGT": 59.94203332083493,
        "FAR": 0.027978468691123113,
        "Specific Thrust": 0.5396654089504174
    },
    "Pressure Ratios": {
        "Fan": 1.6,
        "LPC": 2.0,
        "HPC": 7.5390625,
        "HPT": 2.462716714195225,
        "LPT": 2.882430258581918
    },
    "Mechanical Parameters": {
        "LP Shaft Speed": 5490.0,
        "Fan Power": 8.373042690239352,
        "Fan Efficiency": 0.92,
        "LPC Power": 2.456356238146001,
        "LPC Efficiency": 0.9,
        "LPT Power": 11.05040706978097,
        "LPT Efficiency": 0.9100000000000003,
        "HP Shaft Speed": 15183.0,
        "HPC Power": 10.96496601935932,
        "HPC Efficiency": 0.89,
        "HPT Power": 11.342446437652796,
        "HPT Efficiency": 0.8999999999999999,
        "Burner Power": 6.418798585033802,
        "Burner Efficiency": 0.17563690210786306
    }
}