{
    "Stages": [
        "0. Fan Inlet",
        "1. LPC Inlet",
        "2. HPC Inlet",
        "3. Burner Inlet",
        "4. HPT Inlet",
        "5. LPT Inlet",
        "6. Core Nozz Inlet",
        "7. Core Nozz Outlet",
        "8. Byp Nozz Outlet"
    ],
    "Total Temperatures": [
        15.000057655676706,
        59.942033320834994,
        139.95697080771498,
        470.24834216807875,
        1448.828125,
        1182.4819559025275,
        901.2340709426927,
        901.2340709426927,
        59.94203332083493
    ],
    "Static Temperatures": [
        1.2698087753191583,
        44.11029440122737,
        120.50659961430016,
        438.08972868238277,
        1391.3033003529652,
        1131.63053600748,
        858.0202102006582,
        743.3208707249537,
        4.4391862677623966
    ],
    "Total Pressures": [
        99.29823547694355,
        158.87717676310967,
        317.75435352621935,
        2240.4164379485387,
        2061.183122912656,
        873.681505617381,
        307.16864631271477,
        307.1686463127147,
        158.87717676310967
    ],
    "Static Pressures": [
        84.124656235234,
        133.97926458691475,
        267.52254953831897,
        1898.3079168687814,
        1761.0236493917148,
        745.8229209497745,
        261.70831488755897,
        166.6456025076474,
        84.07825298491308
    ],
    "Entropies": [
        6834.413225585567,
        6845.607178771453,
        6865.411001852655,
        6917.8885023170515,
        8073.308635734236,
        8100.166976877273,
        8130.350859047894,
        8130.350859047894,
        6845.607178771453
    ],
    "Specifice Volumes": [
        0.9354134467594015,
        0.6780422909737055,
        0.42158869626980144,
        0.10750747428275906,
        0.2712468782117046,
        0.5405899998073647,
        1.2405038138872573,
        1.7502103904988338,
        0.9458112098493389
    ],
    "Performance": {
        "Thrust": 99999.99999999999,
        "OPR": 22.11125,
        "T4": 1448.828125,
        "Thermal Efficiency": 0.39365817639129197,
        "SFC": 0.05907616137095637,
        "TSFC": 8.629600503762793,
        "Air Mass Flow Rate": 184.9299171164203,
        "Fuel Mass Flow Rate": 0.8629600503762792,
        "Core EGT": 901.2340709426927,
        "Bypass EGT": 59.94203332083493,
        "FAR": 0.028465141764928075,
        "Specific Thrust": 0.5407453891684072
    },
    "Pressure Ratios": {
        "Fan": 1.6,
        "LPC": 2.0,
        "HPC": 7.05078125,
        "HPT": 2.3591928061429375,
        "LPT": 2.8443056155149526
    },
    "Mechanical Parameters": {
        "LP Shaft Speed": 5490.0,
        "Fan Power": 8.3563199947694,
        "Fan Efficiency": 0.92,
        "LPC Power": 2.4514503874468137,
        "LPC Efficiency": 0.9,
        "LPT Power": 11.028337124710424,
        "LPT Efficiency": 0.9099999999999998,
        "HP Shaft Speed": 15183.0,
        "HPC Power": 10.488781295497095,
        "HPC Efficiency": 0.89,
        "HPT Power": 10.856543658201545,
        "HPT Efficiency": 0.9,
        "Burner Power": 6.420155520343034,
        "Burner Efficiency": 0.17301605360347397
    }
}