{
    "Stages": [
        "0. Fan Inlet",
        "1. LPC Inlet",
        "2. HPC Inlet",
        "3. Burner Inlet",
        "4. HPT Inlet",
        "5. LPT Inlet",
        "6. Core Nozz Inlet",
        "7. Core Nozz Outlet",
        "8. Byp Nozz Outlet"
    ],
    "Total Temperatures": [
        15.000057655676706,
        59.94203332083493,
        139.95697080771524,
        477.6270005174788,
        1442.9687499999998,
        1169.9357125448373,
        887.8593780157235,
        887.8593780157235,
        59.94203332083493
    ],
    "Static Temperatures": [
        1.2698087753191583,
        44.11029440122737,
        120.50659961430041,
        445.21883890532496,
        1385.5263058415555,
        1119.342231064656,
        844.9577159879957,
        731.230767808554,
        4.4391862677624285
    ],
    "Total Pressures": [
        99.29823547694353,
        158.87717676310967,
        317.75435352621935,
        2321.096254273555,
        2135.408553931671,
        882.0764713182012,
        306.7706684043687,
        306.7706684043686,
        158.87717676310967
    ],
    "Static Pressures": [
        84.12465623523386,
        133.97926458691458,
        267.5225495383185,
        1963.266548182828,
        1824.7533224053832,
        752.6180762456238,
        261.1699960238594,
        166.3211937565029,
        84.07825298491305
    ],
    "Entropies": [
        6834.413225585567,
        6845.607178771453,
        6865.411001852656,
        6918.610319835722,
        8057.263696854652,
        8085.018731432734,
        8115.518296181118,
        8115.518296181118,
        6845.607178771453
    ],
    "Specifice Volumes": [
        0.9354134467594029,
        0.6780422909737053,
        0.4215886962698025,
        0.10503173826938672,
        0.26086621774125596,
        0.5309509971516652,
        1.2284676850549319,
        1.732756145283937,
        0.9458112098493391
    ],
    "Performance": {
        "Thrust": 99999.99999999999,
        "OPR": 22.9075,
        "T4": 1442.9687499999998,
        "Thermal Efficiency": 0.3973208593369773,
        "SFC": 0.05853157066129407,
        "TSFC": 8.526612210357928,
        "Air Mass Flow Rate": 185.28582884567302,
        "Fuel Mass Flow Rate": 0.8526612210357927,
        "Core EGT": 887.8593780157235,
        "Bypass EGT": 59.94203332083493,
        "FAR": 0.028071404492841758,
        "Specific Thrust": 0.5397066824969722
    },
    "Pressure Ratios": {
        "Fan": 1.6,
        "LPC": 2.0,
        "HPC": 7.3046875,
        "HPT": 2.420888237434152,
        "LPT": 2.875361180735441
    },
    "Mechanical Parameters": {
        "LP Shaft Speed": 5490.0,
        "Fan Power": 8.372402369897776,
        "Fan Efficiency": 0.92,
        "LPC Power": 2.4561683906784157,
        "LPC Efficiency": 0.9,
        "LPT Power": 11.049562000587951,
        "LPT Efficiency": 0.9099999999999999,
        "HP Shaft Speed": 15183.0,
        "HPC Power": 10.751805140539037,
        "HPC Efficiency": 0.89,
        "HPT Power": 11.124935336815772,
        "HPT Efficiency": 0.9000000000000004,
        "Burner Power": 6.39643504215282,
        "Burner Efficiency": 0.1744588584961989
    }
}