{
    "Stages": [
        "0. Fan Inlet",
        "1. LPC Inlet",
        "2. HPC Inlet",
        "3. Burner Inlet",
        "4. HPT Inlet",
        "5. LPT Inlet",
        "6. Core Nozz Inlet",
        "7. Core Nozz Outlet",
        "8. Byp Nozz Outlet"
    ],
    "Total Temperatures": [
        15.000057655676706,
        59.94203332083493,
        139.95697080771544,
        502.7018436277757,
        1386.7187499999998,
        1088.1371180939907,
        800.5365201886715,
        800.5365201886715,
        59.94203332083487
    ],
    "Static Temperatures": [
        1.2698087753191583,
        44.11029440122737,
        120.50659961430054,
        469.4429579370795,
        1330.3564758314133,
        1039.4807723505073,
        759.9311852401005,
        652.5423372832072,
        4.4391862677623966
    ],
    "Total Pressures": [
        99.29823547694355,
        158.87717676310967,
        317.75435352621935,
        2606.578681269768,
        2398.052386768187,
        882.9466948547398,
        283.41897942868945,
        283.41897942868945,
        158.87717676310967
    ],
    "Static Pressures": [
        84.124656235234,
        133.97926458691455,
        267.52254953831886,
        2209.3058778341465,
        2048.0640172742874,
        752.9809264045527,
        241.40282683318443,
        153.58422405026178,
        84.07825298491298
    ],
    "Entropies": [
        6834.413225585567,
        6845.607178771453,
        6865.411001852656,
        6920.916473313798,
        7970.220200462413,
        8001.985546153438,
        8035.13347251466,
        8035.13347251466,
        6845.607178771453
    ],
    "Specifice Volumes": [
        0.9354134467594015,
        0.678042290973704,
        0.42158869626980217,
        0.09644008044532339,
        0.22469727260090624,
        0.5002630653932656,
        1.2280879795461335,
        1.7298173194314248,
        0.9458112098493401
    ],
    "Performance": {
        "Thrust": 99999.99999999999,
        "OPR": 25.724999999999998,
        "T4": 1386.7187499999998,
        "Thermal Efficiency": 0.42358537267838775,
        "SFC": 0.05490230648532244,
        "TSFC": 7.870158241398184,
        "Air Mass Flow Rate": 188.0583149606717,
        "Fuel Mass Flow Rate": 0.7870158241398183,
        "Core EGT": 800.5365201886715,
        "Bypass EGT": 59.94203332083487,
        "FAR": 0.02552823324114583,
        "Specific Thrust": 0.5317499522470612
    },
    "Pressure Ratios": {
        "Fan": 1.6,
        "LPC": 2.0,
        "HPC": 8.203125,
        "HPT": 2.7159650755164875,
        "LPT": 3.1153407461792666
    },
    "Mechanical Parameters": {
        "LP Shaft Speed": 5490.0,
        "Fan Power": 8.497681078282197,
        "Fan Efficiency": 0.92,
        "LPC Power": 2.4929207575576307,
        "LPC Efficiency": 0.9,
        "LPT Power": 11.21489983248962,
        "LPT Efficiency": 0.9099999999999997,
        "HP Shaft Speed": 15183.0,
        "HPC Power": 11.756182915000867,
        "HPC Efficiency": 0.89,
        "HPT Power": 12.149810616878856,
        "HPT Efficiency": 0.8999999999999998,
        "Burner Power": 6.089543535236977,
        "Burner Efficiency": 0.17994211447008948
    }
}