{
    "Stages": [
        "0. Fan Inlet",
        "1. LPC Inlet",
        "2. HPC Inlet",
        "3. Burner Inlet",
        "4. HPT Inlet",
        "5. LPT Inlet",
        "6. Core Nozz Inlet",
        "7. Core Nozz Outlet",
        "8. Byp Nozz Outlet"
    ],
    "Total Temperatures": [
        15.000057655676706,
        59.94203332083493,
        139.95697080771524,
        487.8845485168307,
        1316.40625,
        1026.3082948078895,
        734.3235047469403,
        734.3235047469403,
        59.94203332083493
    ],
    "Static Temperatures": [
        1.2698087753191583,
        44.11029440122737,
        120.50659961430041,
        455.12036019774877,
        1261.5744571839707,
        979.1434918694384,
        695.4858386998341,
        593.0257163819591,
        4.4391862677624285
    ],
    "Total Pressures": [
        99.29823547694353,
        158.87717676310967,
        317.75435352621935,
        2439.012908902426,
        2243.891876190232,
        822.9722670824527,
        247.17595912391113,
        247.175959123911,
        158.87717676310967
    ],
    "Static Pressures": [
        84.12465623523386,
        133.97926458691458,
        267.5225495383185,
        2064.1299941370944,
        1916.928160383811,
        700.6584082772315,
        210.3980450958365,
        133.64122886985436,
        84.07825298491301
    ],
    "Entropies": [
        6834.413225585567,
        6845.607178771453,
        6865.411001852656,
        6919.478301538913,
        7925.1259884874235,
        7957.053143342682,
        7992.474590163631,
        7992.474590163631,
        6845.607178771453
    ],
    "Specifice Volumes": [
        0.9354134467594029,
        0.678042290973705,
        0.4215886962698025,
        0.1012316773815585,
        0.22976998949858676,
        0.5128912993304832,
        1.3210365716706967,
        1.859642199856523,
        0.9458112098493398
    ],
    "Performance": {
        "Thrust": 99999.99999999999,
        "OPR": 24.07125,
        "T4": 1316.40625,
        "Thermal Efficiency": 0.44676414798243624,
        "SFC": 0.05205389478656787,
        "TSFC": 7.389818857137593,
        "Air Mass Flow Rate": 190.786132473978,
        "Fuel Mass Flow Rate": 0.7389818857137592,
        "Core EGT": 734.3235047469403,
        "Bypass EGT": 59.94203332083493,
        "FAR": 0.023627448412524243,
        "Specific Thrust": 0.5241471101870537
    },
    "Pressure Ratios": {
        "Fan": 1.6,
        "LPC": 2.0,
        "HPC": 7.67578125,
        "HPT": 2.7265704640874455,
        "LPT": 3.329499640656894
    },
    "Mechanical Parameters": {
        "LP Shaft Speed": 5490.0,
        "Fan Power": 8.620941372689696,
        "Fan Efficiency": 0.92,
        "LPC Power": 2.529080992765372,
        "LPC Efficiency": 0.9,
        "LPT Power": 11.37757384230109,
        "LPT Efficiency": 0.9100000000000001,
        "HP Shaft Speed": 15183.0,
        "HPC Power": 11.420771870188588,
        "HPC Efficiency": 0.89,
        "HPT Power": 11.807554448703073,
        "HPT Efficiency": 0.9000000000000002,
        "Burner Power": 5.672149527583365,
        "Burner Efficiency": 0.1785029601942645
    }
}