{
    "Stages": [
        "0. Fan Inlet",
        "1. LPC Inlet",
        "2. HPC Inlet",
        "3. Burner Inlet",
        "4. HPT Inlet",
        "5. LPT Inlet",
        "6. Core Nozz Inlet",
        "7. Core Nozz Outlet",
        "8. Byp Nozz Outlet"
    ],
    "Total Temperatures": [
        15.000057655676706,
        59.942033320834994,
        139.95697080771498,
        464.74820481355533,
        1424.2187499999998,
        1161.1294009897165,
        878.4536094717935,
        878.4536094717935,
        59.94203332083493
    ],
    "Static Temperatures": [
        1.2698087753191583,
        44.11029440122737,
        120.50659961430016,
        432.7748036871431,
        1367.216857598839,
        1110.7411621692358,
        835.8053737932253,
        722.7633890561818,
        4.4391862677623966
    ],
    "Total Pressures": [
        99.29823547694355,
        158.87717676310967,
        317.75435352621935,
        2184.561180492758,
        2009.7962860533376,
        854.2756850419665,
        294.3868248024657,
        294.3868248024657,
        158.87717676310967
    ],
    "Static Pressures": [
        84.124656235234,
        133.97926458691475,
        267.52254953831897,
        1849.82558965761,
        1716.7197448192521,
        728.6118724550795,
        250.5321618962184,
        159.52269439641253,
        84.07825298491304
    ],
    "Entropies": [
        6834.413225585567,
        6845.607178771453,
        6865.411001852655,
        6917.350451565413,
        8058.591846995984,
        8085.362960193867,
        8116.110982754616,
        8116.110982754616,
        6845.607178771453
    ],
    "Specifice Volumes": [
        0.9354134467594015,
        0.6780422909737055,
        0.42158869626980144,
        0.10948278622844361,
        0.274233831187234,
        0.5450562425697649,
        1.2701411671498866,
        1.7916703414336577,
        0.9458112098493395
    ],
    "Performance": {
        "Thrust": 99999.99999999999,
        "OPR": 21.56,
        "T4": 1424.2187499999998,
        "Thermal Efficiency": 0.4000788467226897,
        "SFC": 0.05812807686282872,
        "TSFC": 8.461871611073898,
        "Air Mass Flow Rate": 185.76500517363309,
        "Fuel Mass Flow Rate": 0.8461871611073896,
        "Core EGT": 878.4536094717935,
        "Bypass EGT": 59.94203332083493,
        "FAR": 0.027786405076297538,
        "Specific Thrust": 0.5383145221917915
    },
    "Pressure Ratios": {
        "Fan": 1.6,
        "LPC": 2.0,
        "HPC": 6.875,
        "HPT": 2.352631967928018,
        "LPT": 2.90188151462005
    },
    "Mechanical Parameters": {
        "LP Shaft Speed": 5490.0,
        "Fan Power": 8.39405463034752,
        "Fan Efficiency": 0.92,
        "LPC Power": 2.462520402365588,
        "LPC Efficiency": 0.9,
        "LPT Power": 11.078137788482763,
        "LPT Efficiency": 0.91,
        "HP Shaft Speed": 15183.0,
        "HPC Power": 10.354663671995242,
        "HPC Efficiency": 0.89,
        "HPT Power": 10.719688940342513,
        "HPT Efficiency": 0.9000000000000004,
        "Burner Power": 6.268796210612933,
        "Burner Efficiency": 0.17228571300415368
    }
}