{
    "Stages": [
        "0. Fan Inlet",
        "1. LPC Inlet",
        "2. HPC Inlet",
        "3. Burner Inlet",
        "4. HPT Inlet",
        "5. LPT Inlet",
        "6. Core Nozz Inlet",
        "7. Core Nozz Outlet",
        "8. Byp Nozz Outlet"
    ],
    "Total Temperatures": [
        15.000057655676706,
        59.942033320834994,
        139.95697080771498,
        530.9760672033939,
        1423.0468749999998,
        1101.9741717482375,
        815.335674839442,
        815.335674839442,
        59.94203332083493
    ],
    "Static Temperatures": [
        1.2698087753191583,
        44.11029440122737,
        120.50659961430016,
        496.77229588184605,
        1365.8546570735025,
        1052.9811003392801,
        774.3246867786467,
        665.8406778612347,
        4.4391862677623966
    ],
    "Total Pressures": [
        99.29823547694355,
        158.87717676310967,
        317.75435352621935,
        2966.5347848736883,
        2729.2120020837906,
        941.6808186995817,
        307.91342096678886,
        307.91342096678903,
        158.87717676310967
    ],
    "Static Pressures": [
        84.124656235234,
        133.97926458691475,
        267.52254953831897,
        2514.249567092838,
        2331.0760273427845,
        803.2736476119845,
        261.9900581071555,
        166.58268147764812,
        84.07825298491309
    ],
    "Entropies": [
        6834.413225585567,
        6845.607178771453,
        6865.411001852655,
        6923.294252584806,
        7963.160750305733,
        7997.125935522428,
        8029.714549086572,
        8029.714549086572,
        6845.607178771453
    ],
    "Specifice Volumes": [
        0.9354134467594015,
        0.6780422909737055,
        0.42158869626980144,
        0.08785765125409499,
        0.20179014310387275,
        0.47376516847366396,
        1.1472218397098928,
        1.6173068175544323,
        0.9458112098493389
    ],
    "Performance": {
        "Thrust": 99999.99999999999,
        "OPR": 29.277499999999996,
        "T4": 1423.0468749999998,
        "Thermal Efficiency": 0.41858377283631815,
        "SFC": 0.055558326582770476,
        "TSFC": 7.969886774867242,
        "Air Mass Flow Rate": 187.19618793628234,
        "Fuel Mass Flow Rate": 0.7969886774867241,
        "Core EGT": 815.335674839442,
        "Bypass EGT": 59.94203332083493,
        "FAR": 0.025970779566963264,
        "Specific Thrust": 0.5341989123947218
    },
    "Pressure Ratios": {
        "Fan": 1.6,
        "LPC": 2.0,
        "HPC": 9.3359375,
        "HPT": 2.898234675580103,
        "LPT": 3.058264936107316
    },
    "Mechanical Parameters": {
        "LP Shaft Speed": 5490.0,
        "Fan Power": 8.458724648710026,
        "Fan Efficiency": 0.92,
        "LPC Power": 2.4814923112525373,
        "LPC Efficiency": 0.9,
        "LPT Power": 11.163486693839355,
        "LPT Efficiency": 0.91,
        "HP Shaft Speed": 15183.0,
        "HPC Power": 12.653823943075468,
        "HPC Efficiency": 0.89,
        "HPT Power": 13.065770849608047,
        "HPT Efficiency": 0.9,
        "Burner Power": 6.3270364572899425,
        "Burner Efficiency": 0.18462041793576683
    }
}