{
    "Stages": [
        "0. Fan Inlet",
        "1. LPC Inlet",
        "2. HPC Inlet",
        "3. Burner Inlet",
        "4. HPT Inlet",
        "5. LPT Inlet",
        "6. Core Nozz Inlet",
        "7. Core Nozz Outlet",
        "8. Byp Nozz Outlet"
    ],
    "Total Temperatures": [
        15.000057655676706,
        59.942033320834994,
        139.95697080771498,
        492.27486013229566,
        1426.5624999999998,
        1139.7789767226154,
        855.7102944475517,
        855.7102944475517,
        59.94203332083493
    ],
    "Static Temperatures": [
        1.2698087753191583,
        44.11029440122737,
        120.50659961430016,
        459.3639457656355,
        1369.4291188298498,
        1089.8985731804053,
        813.6354951840698,
        702.209641299058,
        4.4391862677623966
    ],
    "Total Pressures": [
        99.29823547694355,
        158.87717676310967,
        317.75435352621935,
        2488.6620266408977,
        2289.569064509626,
        897.1721969211534,
        303.5953369211697,
        303.59533692116963,
        158.87717676310967
    ],
    "Static Pressures": [
        84.124656235234,
        133.97926458691475,
        267.52254953831897,
        2107.1434552594596,
        1956.8368478792129,
        765.5896887124308,
        258.3334311702811,
        164.3631999128389,
        84.0782529849129
    ],
    "Entropies": [
        6834.413225585567,
        6845.607178771453,
        6865.411001852655,
        6919.904426510913,
        8020.262360011179,
        8049.904979777844,
        8081.374499929629,
        8081.374499929629,
        6845.607178771453
    ],
    "Specifice Volumes": [
        0.9354134467594015,
        0.6780422909737055,
        0.42158869626980144,
        0.09973527739805094,
        0.2409136556583489,
        0.5109359284942216,
        1.207193967376424,
        1.7026522498707195,
        0.9458112098493411
    ],
    "Performance": {
        "Thrust": 99999.99999999999,
        "OPR": 24.561249999999998,
        "T4": 1426.5624999999998,
        "Thermal Efficiency": 0.4064971286949812,
        "SFC": 0.057210278528039935,
        "TSFC": 8.280863199730016,
        "Air Mass Flow Rate": 186.19326431198752,
        "Fuel Mass Flow Rate": 0.8280863199730014,
        "Core EGT": 855.7102944475517,
        "Bypass EGT": 59.94203332083493,
        "FAR": 0.027129480599100773,
        "Specific Thrust": 0.5370763564918163
    },
    "Pressure Ratios": {
        "Fan": 1.6,
        "LPC": 2.0,
        "HPC": 7.83203125,
        "HPT": 2.551983969595573,
        "LPT": 2.9551580271936433
    },
    "Mechanical Parameters": {
        "LP Shaft Speed": 5490.0,
        "Fan Power": 8.41340612553324,
        "Fan Efficiency": 0.92,
        "LPC Power": 2.4681974504442166,
        "LPC Efficiency": 0.9,
        "LPT Power": 11.103677118344343,
        "LPT Efficiency": 0.91,
        "HP Shaft Speed": 15183.0,
        "HPC Power": 11.292133550440504,
        "HPC Efficiency": 0.89,
        "HPT Power": 11.676290857123394,
        "HPT Efficiency": 0.9000000000000004,
        "Burner Power": 6.317534837647639,
        "Burner Efficiency": 0.1774204105120405
    }
}