{
    "Stages": [
        "0. Fan Inlet",
        "1. LPC Inlet",
        "2. HPC Inlet",
        "3. Burner Inlet",
        "4. HPT Inlet",
        "5. LPT Inlet",
        "6. Core Nozz Inlet",
        "7. Core Nozz Outlet",
        "8. Byp Nozz Outlet"
    ],
    "Total Temperatures": [
        15.000057655676706,
        59.942033320834994,
        139.95697080771498,
        505.44578511108926,
        1448.8281249999998,
        1152.0350403598402,
        868.7800081098721,
        868.7800081098721,
        59.94203332083493
    ],
    "Static Temperatures": [
        1.2698087753191583,
        44.11029440122737,
        120.50659961430016,
        472.09544570593386,
        1391.1891639753178,
        1101.8795503668823,
        826.3955656832627,
        714.0306287887241,
        4.4391862677623966
    ],
    "Total Pressures": [
        99.29823547694355,
        158.87717676310967,
        317.75435352621935,
        2637.609379856313,
        2426.6006294678104,
        923.6152158553551,
        316.45293881515084,
        316.4529388151511,
        158.87717676310967
    ],
    "Static Pressures": [
        84.124656235234,
        133.97926458691475,
        267.52254953831897,
        2236.1920014802463,
        2073.3932368013343,
        788.6069172403239,
        269.6112987518683,
        171.65651907856818,
        84.07825298491304
    ],
    "Entropies": [
        6834.413225585567,
        6845.607178771453,
        6865.411001852655,
        6921.182801418505,
        8023.003187732418,
        8053.506769617353,
        8084.581571432228,
        8084.581571432228,
        6845.607178771453
    ],
    "Specifice Volumes": [
        0.9354134467594015,
        0.6780422909737055,
        0.42158869626980144,
        0.09562893438577126,
        0.2303664695329393,
        0.5004043560612054,
        1.1704036473199406,
        1.6502917051845112,
        0.9458112098493393
    ],
    "Performance": {
        "Thrust": 99999.99999999999,
        "OPR": 26.031249999999996,
        "T4": 1448.8281249999998,
        "Thermal Efficiency": 0.40255351887842133,
        "SFC": 0.05777073820714026,
        "TSFC": 8.374187822455198,
        "Air Mass Flow Rate": 185.60580594722728,
        "Fuel Mass Flow Rate": 0.8374187822455198,
        "Core EGT": 868.7800081098721,
        "Bypass EGT": 59.94203332083493,
        "FAR": 0.0275220623925422,
        "Specific Thrust": 0.538776249426339
    },
    "Pressure Ratios": {
        "Fan": 1.6,
        "LPC": 2.0,
        "HPC": 8.30078125,
        "HPT": 2.6272852458591736,
        "LPT": 2.918649513300506
    },
    "Mechanical Parameters": {
        "LP Shaft Speed": 5490.0,
        "Fan Power": 8.386860988023392,
        "Fan Efficiency": 0.92,
        "LPC Power": 2.460410040714326,
        "LPC Efficiency": 0.9,
        "LPT Power": 11.06864390687522,
        "LPT Efficiency": 0.9099999999999999,
        "HP Shaft Speed": 15183.0,
        "HPC Power": 11.694015963146647,
        "HPC Efficiency": 0.89,
        "HPT Power": 12.0863749517215,
        "HPT Efficiency": 0.9,
        "Burner Power": 6.466775062563251,
        "Burner Efficiency": 0.17958770560502757
    }
}