{
    "Stages": [
        "0. Fan Inlet",
        "1. LPC Inlet",
        "2. HPC Inlet",
        "3. Burner Inlet",
        "4. HPT Inlet",
        "5. LPT Inlet",
        "6. Core Nozz Inlet",
        "7. Core Nozz Outlet",
        "8. Byp Nozz Outlet"
    ],
    "Total Temperatures": [
        15.000057655676706,
        59.942033320834994,
        139.95697080771498,
        488.98212657487846,
        1337.5,
        1047.772304736678,
        757.3574576536764,
        757.3574576536764,
        59.94203332083493
    ],
    "Static Temperatures": [
        1.2698087753191583,
        44.11029440122737,
        120.50659961430016,
        456.1812449782108,
        1282.1892903056298,
        1000.1044988134969,
        717.8977391837293,
        613.7026677119131,
        4.4391862677623966
    ],
    "Total Pressures": [
        99.29823547694355,
        158.87717676310967,
        317.75435352621935,
        2451.425188337044,
        2255.3111732700827,
        837.865383912068,
        258.18782201531997,
        258.18782201531974,
        158.87717676310967
    ],
    "Static Pressures": [
        84.124656235234,
        133.97926458691475,
        267.52254953831897,
        2074.8832318902287,
        1926.5415488816564,
        713.9807955927797,
        219.5096260088254,
        139.34793158425552,
        84.07825298491295
    ],
    "Entropies": [
        6834.413225585567,
        6845.607178771453,
        6865.411001852655,
        6919.584832782045,
        7943.25154207837,
        7974.752893465776,
        8009.4031715496,
        8009.4031715496,
        6845.607178771453
    ],
    "Specifice Volumes": [
        0.9354134467594015,
        0.6780422909737055,
        0.42158869626980144,
        0.10085114421657976,
        0.2316880515095665,
        0.5117898650140257,
        1.2957438283220573,
        1.8264287671208197,
        0.9458112098493406
    ],
    "Performance": {
        "Thrust": 99999.99999999999,
        "OPR": 24.193749999999998,
        "T4": 1337.5,
        "Thermal Efficiency": 0.4384046863657499,
        "SFC": 0.053046453828476274,
        "TSFC": 7.557609282971742,
        "Air Mass Flow Rate": 189.8577981932519,
        "Fuel Mass Flow Rate": 0.7557609282971741,
        "Core EGT": 757.3574576536764,
        "Bypass EGT": 59.94203332083493,
        "FAR": 0.024282076935919193,
        "Specific Thrust": 0.5267099953314126
    },
    "Pressure Ratios": {
        "Fan": 1.6,
        "LPC": 2.0,
        "HPC": 7.71484375,
        "HPT": 2.6917345155612398,
        "LPT": 3.2451777832587005
    },
    "Mechanical Parameters": {
        "LP Shaft Speed": 5490.0,
        "Fan Power": 8.578993274551651,
        "Fan Efficiency": 0.92,
        "LPC Power": 2.516774896122636,
        "LPC Efficiency": 0.9,
        "LPT Power": 11.322212419055397,
        "LPT Efficiency": 0.9100000000000003,
        "HP Shaft Speed": 15183.0,
        "HPC Power": 11.40249467108635,
        "HPC Efficiency": 0.89,
        "HPT Power": 11.788904245537514,
        "HPT Efficiency": 0.8999999999999998,
        "Burner Power": 5.793318361854169,
        "Burner Efficiency": 0.17826845626985338
    }
}