{
    "Stages": [
        "0. Fan Inlet",
        "1. LPC Inlet",
        "2. HPC Inlet",
        "3. Burner Inlet",
        "4. HPT Inlet",
        "5. LPT Inlet",
        "6. Core Nozz Inlet",
        "7. Core Nozz Outlet",
        "8. Byp Nozz Outlet"
    ],
    "Total Temperatures": [
        15.000057655676706,
        59.942033320834994,
        139.95697080771498,
        480.77907232499336,
        1380.859375,
        1101.208257709727,
        814.4946892139797,
        814.4946892139797,
        59.94203332083493
    ],
    "Static Temperatures": [
        1.2698087753191583,
        44.11029440122737,
        120.50659961430016,
        448.25261771755004,
        1324.677095641901,
        1052.2290132822752,
        773.5046254708184,
        665.0780079766549,
        4.4391862677623966
    ],
    "Total Pressures": [
        99.29823547694355,
        158.87717676310967,
        317.75435352621935,
        2358.3330925774094,
        2169.6664451712168,
        852.8787641003273,
        277.8039305669857,
        277.8039305669857,
        158.87717676310967
    ],
    "Static Pressures": [
        84.124656235234,
        133.97926458691475,
        267.52254953831897,
        1994.2372412435634,
        1853.6357851846337,
        727.0114830911037,
        236.51606707765384,
        150.4467634274134,
        84.07825298491304
    ],
    "Entropies": [
        6834.413225585567,
        6845.607178771453,
        6865.411001852655,
        6918.826679817173,
        7995.8267900450755,
        8025.324095422991,
        8057.9453910022985,
        8057.9453910022985,
        6845.607178771453
    ],
    "Specifice Volumes": [
        0.9354134467594015,
        0.6780422909737055,
        0.42158869626980144,
        0.10381923040477696,
        0.2473787267644072,
        0.5231626574014142,
        1.2697839843861243,
        1.7893229905278625,
        0.9458112098493393
    ],
    "Performance": {
        "Thrust": 99999.99999999999,
        "OPR": 23.275,
        "T4": 1380.859375,
        "Thermal Efficiency": 0.4192754894595999,
        "SFC": 0.0554666669961141,
        "TSFC": 7.9804647761161265,
        "Air Mass Flow Rate": 187.81229881508486,
        "Fuel Mass Flow Rate": 0.7980464776116125,
        "Core EGT": 814.4946892139797,
        "Bypass EGT": 59.94203332083493,
        "FAR": 0.025919939983397065,
        "Specific Thrust": 0.5324464938180508
    },
    "Pressure Ratios": {
        "Fan": 1.6,
        "LPC": 2.0,
        "HPC": 7.421875,
        "HPT": 2.5439330142777368,
        "LPT": 3.070074503120381
    },
    "Mechanical Parameters": {
        "LP Shaft Speed": 5490.0,
        "Fan Power": 8.486564490612357,
        "Fan Efficiency": 0.92,
        "LPC Power": 2.4896595417153065,
        "LPC Efficiency": 0.9,
        "LPT Power": 11.200228604415983,
        "LPT Efficiency": 0.9099999999999999,
        "HP Shaft Speed": 15183.0,
        "HPC Power": 11.003918793634599,
        "HPC Efficiency": 0.89,
        "HPT Power": 11.382194166505117,
        "HPT Efficiency": 0.8999999999999999,
        "Burner Power": 6.037976826493676,
        "Burner Efficiency": 0.17595224046681243
    }
}