{
    "Stages": [
        "0. Fan Inlet",
        "1. LPC Inlet",
        "2. HPC Inlet",
        "3. Burner Inlet",
        "4. HPT Inlet",
        "5. LPT Inlet",
        "6. Core Nozz Inlet",
        "7. Core Nozz Outlet",
        "8. Byp Nozz Outlet"
    ],
    "Total Temperatures": [
        15.000057655676706,
        59.942033320834994,
        139.95697080771498,
        474.9913950582364,
        1309.375,
        1030.306997532436,
        738.6016481148321,
        738.6016481148321,
        59.94203332083493
    ],
    "Static Temperatures": [
        1.2698087753191583,
        44.11029440122737,
        120.50659961430016,
        442.6732270069376,
        1254.7210502353787,
        983.0425471517223,
        699.6438555597509,
        596.8596714059483,
        4.4391862677623966
    ],
    "Total Pressures": [
        99.29823547694355,
        158.87717676310967,
        317.75435352621935,
        2290.0655556870106,
        2106.8603112320498,
        800.7721771272326,
        241.99805005624188,
        241.99805005624182,
        158.87717676310967
    ],
    "Static Pressures": [
        84.124656235234,
        133.97926458691475,
        267.52254953831897,
        1940.11834454891,
        1798.3493717252386,
        682.7916434481303,
        205.9248853302583,
        130.78269437864603,
        84.07825298491292
    ],
    "Entropies": [
        6834.413225585567,
        6845.607178771453,
        6865.411001852655,
        6918.352491515063,
        7938.404995279666,
        7969.050138762209,
        8004.290328797473,
        8004.290328797473,
        6845.607178771453
    ],
    "Specifice Volumes": [
        0.9354134467594015,
        0.6780422909737055,
        0.42158869626980144,
        0.10589326393364254,
        0.24381797043381742,
        0.5279605109811298,
        1.3554659943834264,
        1.908609791301225,
        0.9458112098493409
    ],
    "Performance": {
        "Thrust": 99999.99999999999,
        "OPR": 22.601249999999997,
        "T4": 1309.375,
        "Thermal Efficiency": 0.4453133629976357,
        "SFC": 0.0522234810043458,
        "TSFC": 7.426718763682922,
        "Air Mass Flow Rate": 190.81620813361945,
        "Fuel Mass Flow Rate": 0.7426718763682921,
        "Core EGT": 738.6016481148321,
        "Bypass EGT": 59.94203332083493,
        "FAR": 0.02374168573077519,
        "Specific Thrust": 0.5240644962925517
    },
    "Pressure Ratios": {
        "Fan": 1.6,
        "LPC": 2.0,
        "HPC": 7.20703125,
        "HPT": 2.631035856903025,
        "LPT": 3.309002601223968
    },
    "Mechanical Parameters": {
        "LP Shaft Speed": 5490.0,
        "Fan Power": 8.622300383929943,
        "Fan Efficiency": 0.92,
        "LPC Power": 2.529479678865646,
        "LPC Efficiency": 0.9,
        "LPT Power": 11.37936741101591,
        "LPT Efficiency": 0.9099999999999999,
        "HP Shaft Speed": 15183.0,
        "HPC Power": 10.98339430264719,
        "HPC Efficiency": 0.89,
        "HPT Power": 11.361250808354702,
        "HPT Efficiency": 0.8999999999999997,
        "Burner Power": 5.628215749449346,
        "Burner Efficiency": 0.17624033240539622
    }
}