{
    "Stages": [
        "0. Fan Inlet",
        "1. LPC Inlet",
        "2. HPC Inlet",
        "3. Burner Inlet",
        "4. HPT Inlet",
        "5. LPT Inlet",
        "6. Core Nozz Inlet",
        "7. Core Nozz Outlet",
        "8. Byp Nozz Outlet"
    ],
    "Total Temperatures": [
        15.000057655676706,
        59.942033320834994,
        139.95697080771498,
        497.7627473389082,
        1367.96875,
        1072.478899568934,
        783.799077973748,
        783.799077973748,
        59.94203332083493
    ],
    "Static Temperatures": [
        1.2698087753191583,
        44.11029440122737,
        120.50659961430016,
        464.66860191064177,
        1311.9994984544546,
        1024.2076042503318,
        743.6186482260733,
        637.4527392263101,
        4.4391862677623966
    ],
    "Total Pressures": [
        99.29823547694355,
        158.87717676310967,
        317.75435352621935,
        2550.723423813987,
        2346.665549908869,
        866.4398974500572,
        274.1524817000247,
        274.1524817000248,
        158.87717676310967
    ],
    "Static Pressures": [
        84.124656235234,
        133.97926458691475,
        267.52254953831897,
        2160.9121947112826,
        2003.1532236937749,
        738.7451529769324,
        233.27482003750845,
        148.25731506467622,
        84.07825298491304
    ],
    "Entropies": [
        6834.413225585567,
        6845.607178771453,
        6865.411001852655,
        6920.437082723944,
        7959.486552956432,
        7991.1929873527315,
        8024.800613219682,
        8024.800613219682,
        6845.607178771453
    ],
    "Specifice Volumes": [
        0.9354134467594015,
        0.6780422909737055,
        0.42158869626980144,
        0.09795754005651974,
        0.22710385937211044,
        0.5040020434621147,
        1.2506969198792826,
        1.7622532081121274,
        0.9458112098493393
    ],
    "Performance": {
        "Thrust": 99999.99999999999,
        "OPR": 25.17375,
        "T4": 1367.96875,
        "Thermal Efficiency": 0.4291794791148765,
        "SFC": 0.054186686654847244,
        "TSFC": 7.7486017889544145,
        "Air Mass Flow Rate": 188.7371747917475,
        "Fuel Mass Flow Rate": 0.7748601788954413,
        "Core EGT": 783.799077973748,
        "Bypass EGT": 59.94203332083493,
        "FAR": 0.025043540555683173,
        "Specific Thrust": 0.5298373259552069
    },
    "Pressure Ratios": {
        "Fan": 1.6,
        "LPC": 2.0,
        "HPC": 8.02734375,
        "HPT": 2.7083996902902703,
        "LPT": 3.160430619038161
    },
    "Mechanical Parameters": {
        "LP Shaft Speed": 5490.0,
        "Fan Power": 8.52835632038754,
        "Fan Efficiency": 0.92,
        "LPC Power": 2.501919794716461,
        "LPC Efficiency": 0.9,
        "LPT Power": 11.255383790922448,
        "LPT Efficiency": 0.91,
        "HP Shaft Speed": 15183.0,
        "HPC Power": 11.63178650854954,
        "HPC Efficiency": 0.89,
        "HPT Power": 12.022875508255062,
        "HPT Efficiency": 0.9000000000000001,
        "Burner Power": 5.97531183991779,
        "Burner Efficiency": 0.179336536123578
    }
}