{
    "Stages": [
        "0. Fan Inlet",
        "1. LPC Inlet",
        "2. HPC Inlet",
        "3. Burner Inlet",
        "4. HPT Inlet",
        "5. LPT Inlet",
        "6. Core Nozz Inlet",
        "7. Core Nozz Outlet",
        "8. Byp Nozz Outlet"
    ],
    "Total Temperatures": [
        15.000057655676706,
        59.942033320834994,
        139.95697080771498,
        514.0235595972823,
        1417.1874999999998,
        1110.7186568815061,
        824.6950569970758,
        824.6950569970758,
        59.94203332083493
    ],
    "Static Temperatures": [
        1.2698087753191583,
        44.11029440122737,
        120.50659961430016,
        480.3824037974446,
        1360.1591765758237,
        1061.5404746660863,
        783.4378980094529,
        674.2596332321182,
        4.4391862677623966
    ],
    "Total Pressures": [
        99.29823547694355,
        158.87717676310967,
        317.75435352621935,
        2749.3198947678743,
        2529.3743031864446,
        917.553040073988,
        302.1675217969413,
        302.167521796941,
        158.87717676310967
    ],
    "Static Pressures": [
        84.124656235234,
        133.97926458691475,
        267.52254953831897,
        2326.38789206087,
        2161.602523142549,
        783.1892481848108,
        257.0620582783608,
        163.42090085365274,
        84.07825298491306
    ],
    "Entropies": [
        6834.413225585567,
        6845.607178771453,
        6865.411001852655,
        6921.996969449502,
        7981.579605563618,
        8013.811970204608,
        8046.246331874554,
        8046.246331874555,
        6845.607178771453
    ],
    "Specifice Volumes": [
        0.9354134467594015,
        0.6780422909737055,
        0.42158869626980144,
        0.0929720722436254,
        0.21684711542716692,
        0.4891042976947007,
        1.179535027791188,
        1.6634332277599828,
        0.9458112098493391
    ],
    "Performance": {
        "Thrust": 99999.99999999999,
        "OPR": 27.13375,
        "T4": 1417.1874999999998,
        "Thermal Efficiency": 0.4157887912593225,
        "SFC": 0.055931796244560135,
        "TSFC": 8.04403067188521,
        "Air Mass Flow Rate": 187.05045295641094,
        "Fuel Mass Flow Rate": 0.804403067188521,
        "Core EGT": 824.6950569970758,
        "Bypass EGT": 59.94203332083493,
        "FAR": 0.026232808487202334,
        "Specific Thrust": 0.5346151181109589
    },
    "Pressure Ratios": {
        "Fan": 1.6,
        "LPC": 2.0,
        "HPC": 8.65234375,
        "HPT": 2.756651869392188,
        "LPT": 3.0365706897202207
    },
    "Mechanical Parameters": {
        "LP Shaft Speed": 5490.0,
        "Fan Power": 8.452139407418484,
        "Fan Efficiency": 0.92,
        "LPC Power": 2.479560433066244,
        "LPC Efficiency": 0.9,
        "LPT Power": 11.154795755596663,
        "LPT Efficiency": 0.9100000000000003,
        "HP Shaft Speed": 15183.0,
        "HPC Power": 12.072264502352597,
        "HPC Efficiency": 0.89,
        "HPT Power": 12.472342848870428,
        "HPT Efficiency": 0.8999999999999999,
        "Burner Power": 6.2803993498338535,
        "Burner Efficiency": 0.18157041512015468
    }
}