{
    "Stages": [
        "0. Fan Inlet",
        "1. LPC Inlet",
        "2. HPC Inlet",
        "3. Burner Inlet",
        "4. HPT Inlet",
        "5. LPT Inlet",
        "6. Core Nozz Inlet",
        "7. Core Nozz Outlet",
        "8. Byp Nozz Outlet"
    ],
    "Total Temperatures": [
        15.000057655676706,
        59.94203332083493,
        139.95697080771544,
        494.47001532330427,
        1386.71875,
        1095.4075177284665,
        808.2910522479145,
        808.2910522479145,
        59.94203332083487
    ],
    "Static Temperatures": [
        1.2698087753191583,
        44.11029440122737,
        120.50659961430054,
        461.4857849977027,
        1330.3822610847253,
        1046.561831582923,
        767.4719343449905,
        659.5063945544565,
        4.4391862677623966
    ],
    "Total Pressures": [
        99.29823547694355,
        158.87717676310967,
        317.75435352621935,
        2513.4865855101334,
        2312.4076586693227,
        875.6554402843685,
        283.13958878427167,
        283.1395887842716,
        158.87717676310967
    ],
    "Static Pressures": [
        84.124656235234,
        133.97926458691455,
        267.52254953831886,
        2128.650695953298,
        1974.2247758164065,
        746.5493778043837,
        241.1375098035882,
        153.41281819413447,
        84.07825298491282
    ],
    "Entropies": [
        6834.413225585567,
        6845.607178771453,
        6865.411001852656,
        6920.1174889963895,
        7981.076156276307,
        8011.905631327556,
        8044.76099170644,
        8044.76099170644,
        6845.607178771453
    ],
    "Specifice Volumes": [
        0.9354134467594015,
        0.678042290973704,
        0.42158869626980217,
        0.09901217809663687,
        0.23310497566608754,
        0.5072818362550388,
        1.2382819165042458,
        1.7444406221874913,
        0.9458112098493419
    ],
    "Performance": {
        "Thrust": 99999.99999999999,
        "OPR": 24.806249999999995,
        "T4": 1386.71875,
        "Thermal Efficiency": 0.4211420883155676,
        "SFC": 0.05522082593669068,
        "TSFC": 7.9294658685755,
        "Air Mass Flow Rate": 187.85914301634452,
        "Fuel Mass Flow Rate": 0.7929465868575498,
        "Core EGT": 808.2910522479145,
        "Bypass EGT": 59.94203332083487,
        "FAR": 0.025747877383908952,
        "Specific Thrust": 0.5323137239655116
    },
    "Pressure Ratios": {
        "Fan": 1.6,
        "LPC": 2.0,
        "HPC": 7.91015625,
        "HPT": 2.640773473546136,
        "LPT": 3.092663389263955
    },
    "Mechanical Parameters": {
        "LP Shaft Speed": 5490.0,
        "Fan Power": 8.488681212134361,
        "Fan Efficiency": 0.92,
        "LPC Power": 2.4902805133629498,
        "LPC Efficiency": 0.9,
        "LPT Power": 11.203022168874805,
        "LPT Efficiency": 0.9099999999999998,
        "HP Shaft Speed": 15183.0,
        "HPC Power": 11.466968360343122,
        "HPC Efficiency": 0.89,
        "HPT Power": 11.854693724370955,
        "HPT Efficiency": 0.9000000000000001,
        "Burner Power": 6.0834918111762235,
        "Burner Efficiency": 0.17841876879621407
    }
}