{
    "Stages": [
        "0. Fan Inlet",
        "1. LPC Inlet",
        "2. HPC Inlet",
        "3. Burner Inlet",
        "4. HPT Inlet",
        "5. LPT Inlet",
        "6. Core Nozz Inlet",
        "7. Core Nozz Outlet",
        "8. Byp Nozz Outlet"
    ],
    "Total Temperatures": [
        15.000057655676706,
        59.942033320834994,
        139.95697080771498,
        491.72607127030255,
        1386.71875,
        1097.827820460947,
        810.8739985268656,
        810.8739985268656,
        59.94203332083493
    ],
    "Static Temperatures": [
        1.2698087753191583,
        44.11029440122737,
        120.50659961430016,
        458.8334907961181,
        1330.3908292247727,
        1048.9204898762473,
        769.9837906057398,
        661.8264595900905,
        4.4391862677623966
    ],
    "Total Pressures": [
        99.29823547694355,
        158.87717676310967,
        317.75435352621935,
        2482.4558869235884,
        2283.859415969699,
        873.0920549434072,
        283.01136812151213,
        283.01136812151213,
        158.87717676310967
    ],
    "Static Pressures": [
        84.124656235234,
        133.97926458691475,
        267.52254953831897,
        2101.7666982264977,
        1951.8610075827826,
        744.3074863535649,
        241.0189057017605,
        153.33650268007764,
        84.07825298491306
    ],
    "Entropies": [
        6834.413225585567,
        6845.607178771453,
        6865.411001852655,
        6919.85116088949,
        7984.694727698456,
        8015.249092505038,
        8048.006959277686,
        8048.006959277686,
        6845.607178771453
    ],
    "Specifice Volumes": [
        0.9354134467594015,
        0.6780422909737055,
        0.42158869626980144,
        0.09991862138996625,
        0.23577703916718387,
        0.5097213508076394,
        1.2418665900061958,
        1.7495802209148146,
        0.9458112098493391
    ],
    "Performance": {
        "Thrust": 99999.99999999999,
        "OPR": 24.499999999999996,
        "T4": 1386.71875,
        "Thermal Efficiency": 0.4203368292894545,
        "SFC": 0.05532661506915881,
        "TSFC": 7.949220226563328,
        "Air Mass Flow Rate": 187.79330690341993,
        "Fuel Mass Flow Rate": 0.7949220226563327,
        "Core EGT": 810.8739985268656,
        "Bypass EGT": 59.94203332083493,
        "FAR": 0.025821071145509092,
        "Specific Thrust": 0.5325003411938899
    },
    "Pressure Ratios": {
        "Fan": 1.6,
        "LPC": 2.0,
        "HPC": 7.8125,
        "HPT": 2.615828884295295,
        "LPT": 3.0850070113386434
    },
    "Mechanical Parameters": {
        "LP Shaft Speed": 5490.0,
        "Fan Power": 8.485706314208782,
        "Fan Efficiency": 0.92,
        "LPC Power": 2.489407782941305,
        "LPC Efficiency": 0.9,
        "LPT Power": 11.199096017500086,
        "LPT Efficiency": 0.9099999999999998,
        "HP Shaft Speed": 15183.0,
        "HPC Power": 11.370727498808758,
        "HPC Efficiency": 0.89,
        "HPT Power": 11.756488763621608,
        "HPT Efficiency": 0.9000000000000005,
        "Burner Power": 6.081183386664385,
        "Burner Efficiency": 0.17790785187297845
    }
}