{
    "Stages": [
        "0. Fan Inlet",
        "1. LPC Inlet",
        "2. HPC Inlet",
        "3. Burner Inlet",
        "4. HPT Inlet",
        "5. LPT Inlet",
        "6. Core Nozz Inlet",
        "7. Core Nozz Outlet",
        "8. Byp Nozz Outlet"
    ],
    "Total Temperatures": [
        15.000057655676706,
        59.942033320834994,
        139.95697080771498,
        513.5524626769696,
        1325.78125,
        1013.3066177700133,
        720.4327737290176,
        720.4327737290176,
        59.94203332083493
    ],
    "Static Temperatures": [
        1.2698087753191583,
        44.11029440122737,
        120.50659961430016,
        479.9281469153627,
        1270.6796070448313,
        966.4888048224816,
        681.9629422667686,
        580.566622242068,
        4.4391862677623966
    ],
    "Total Pressures": [
        99.29823547694355,
        158.87717676310967,
        317.75435352621935,
        2743.1137550505655,
        2523.6646546465254,
        854.8092959439826,
        252.91830928680406,
        252.91830928680415,
        158.87717676310967
    ],
    "Static Pressures": [
        84.124656235234,
        133.97926458691475,
        267.52254953831897,
        2321.1073689444306,
        2155.656561179266,
        728.3599140553636,
        214.81009299933805,
        136.38163922343318,
        84.07825298491287
    ],
    "Entropies": [
        6834.413225585567,
        6845.607178771453,
        6865.411001852655,
        6921.9696400353505,
        7897.904775446529,
        7932.672230310625,
        7968.682040301284,
        7968.682040301284,
        6845.607178771453
    ],
    "Specifice Volumes": [
        0.9354134467594015,
        0.6780422909737034,
        0.42158869626980144,
        0.09312975190140674,
        0.20555076966054578,
        0.48843561941458535,
        1.276014726316896,
        1.7965082570861792,
        0.9458112098493415
    ],
    "Performance": {
        "Thrust": 99999.99999999999,
        "OPR": 27.072499999999994,
        "T4": 1325.78125,
        "Thermal Efficiency": 0.4517105306182973,
        "SFC": 0.05148388708506757,
        "TSFC": 7.281131558450528,
        "Air Mass Flow Rate": 191.0378846867873,
        "Fuel Mass Flow Rate": 0.7281131558450527,
        "Core EGT": 720.4327737290176,
        "Bypass EGT": 59.94203332083493,
        "FAR": 0.023249264186194198,
        "Specific Thrust": 0.5234563822979572
    },
    "Pressure Ratios": {
        "Fan": 1.6,
        "LPC": 2.0,
        "HPC": 8.6328125,
        "HPT": 2.9523130675124354,
        "LPT": 3.379784161749424
    },
    "Mechanical Parameters": {
        "LP Shaft Speed": 5490.0,
        "Fan Power": 8.632317152673977,
        "Fan Efficiency": 0.92,
        "LPC Power": 2.532418246516704,
        "LPC Efficiency": 0.9,
        "LPT Power": 11.392587142031307,
        "LPT Efficiency": 0.9099999999999999,
        "HP Shaft Speed": 15183.0,
        "HPC Power": 12.313429992478662,
        "HPC Efficiency": 0.89,
        "HPT Power": 12.71843008369294,
        "HPT Efficiency": 0.9000000000000004,
        "Burner Power": 5.730308237342676,
        "Burner Efficiency": 0.18302509876932155
    }
}