{
    "Stages": [
        "0. Fan Inlet",
        "1. LPC Inlet",
        "2. HPC Inlet",
        "3. Burner Inlet",
        "4. HPT Inlet",
        "5. LPT Inlet",
        "6. Core Nozz Inlet",
        "7. Core Nozz Outlet",
        "8. Byp Nozz Outlet"
    ],
    "Total Temperatures": [
        15.000057655676706,
        59.942033320834994,
        139.95697080771498,
        531.9597218177287,
        1309.375,
        978.9627790032971,
        683.5627896941656,
        683.5627896941656,
        59.94203332083493
    ],
    "Static Temperatures": [
        1.2698087753191583,
        44.11029440122737,
        120.50659961430016,
        497.7233602113603,
        1254.5479488671938,
        933.0043060521166,
        646.1099133190613,
        547.5490284981064,
        4.4391862677623966
    ],
    "Total Pressures": [
        99.29823547694355,
        158.87717676310967,
        317.75435352621935,
        2978.9470643083064,
        2740.6312991636423,
        858.5862735851896,
        243.64920289761295,
        243.64920289761304,
        158.87717676310967
    ],
    "Static Pressures": [
        84.124656235234,
        133.97926458691475,
        267.52254953831897,
        2524.9856317544195,
        2338.23451404797,
        731.3740759490745,
        207.18727577587052,
        131.48690889629827,
        84.0782529849129
    ],
    "Entropies": [
        6834.413225585567,
        6845.607178771453,
        6865.411001852655,
        6923.388821917921,
        7856.739317863672,
        7894.35763130906,
        7931.746659279742,
        7931.746659279742,
        6845.607178771453
    ],
    "Specifice Volumes": [
        0.9354134467594015,
        0.6780422909737055,
        0.42158869626980144,
        0.08759234947602393,
        0.18750137870636877,
        0.4732771793435501,
        1.2732343679080924,
        1.7914315277038233,
        0.9458112098493411
    ],
    "Performance": {
        "Thrust": 99999.99999999999,
        "OPR": 29.4,
        "T4": 1309.375,
        "Thermal Efficiency": 0.4660139669707673,
        "SFC": 0.04990368444246048,
        "TSFC": 7.00912221660896,
        "Air Mass Flow Rate": 192.34467570729944,
        "Fuel Mass Flow Rate": 0.7009122216608958,
        "Core EGT": 683.5627896941656,
        "Bypass EGT": 59.94203332083493,
        "FAR": 0.022228660795569958,
        "Specific Thrust": 0.5199000161157308
    },
    "Pressure Ratios": {
        "Fan": 1.6,
        "LPC": 2.0,
        "HPC": 9.375,
        "HPT": 3.1920278526229136,
        "LPT": 3.523862435724804
    },
    "Mechanical Parameters": {
        "LP Shaft Speed": 5490.0,
        "Fan Power": 8.691366354144261,
        "Fan Efficiency": 0.92,
        "LPC Power": 2.5497412054164785,
        "LPC Efficiency": 0.9,
        "LPT Power": 11.470517917919121,
        "LPT Efficiency": 0.9099999999999997,
        "HP Shaft Speed": 15183.0,
        "HPC Power": 13.035955977691906,
        "HPC Efficiency": 0.89,
        "HPT Power": 13.455701497175852,
        "HPT Efficiency": 0.9000000000000002,
        "Burner Power": 5.627964221210828,
        "Burner Efficiency": 0.18673221099672843
    }
}