{
    "Stages": [
        "0. Fan Inlet",
        "1. LPC Inlet",
        "2. HPC Inlet",
        "3. Burner Inlet",
        "4. HPT Inlet",
        "5. LPT Inlet",
        "6. Core Nozz Inlet",
        "7. Core Nozz Outlet",
        "8. Byp Nozz Outlet"
    ],
    "Total Temperatures": [
        15.000057655676706,
        59.94203332083493,
        139.95697080771544,
        517.7825707221817,
        1392.5781249999998,
        1081.040663841976,
        792.9705141912499,
        792.9705141912499,
        59.94203332083487
    ],
    "Static Temperatures": [
        1.2698087753191583,
        44.11029440122737,
        120.50659961430054,
        484.0165074388658,
        1336.056796213139,
        1032.5698201545529,
        752.5649353572173,
        645.7159817110776,
        4.4391862677623966
    ],
    "Total Pressures": [
        99.29823547694355,
        158.87717676310967,
        317.75435352621935,
        2798.969012506346,
        2575.051491505841,
        907.2070280538393,
        289.16902943016913,
        289.1690294301689,
        158.87717676310967
    ],
    "Static Pressures": [
        84.124656235234,
        133.97926458691455,
        267.5225495383194,
        2369.3223795362633,
        2201.030122741764,
        774.0465649200247,
        246.14655925006542,
        156.5330698271111,
        84.07825298491298
    ],
    "Entropies": [
        6834.413225585567,
        6845.607178771453,
        6865.411001852656,
        6922.135008648827,
        7953.354827232492,
        7986.681485710008,
        8020.11455414699,
        8020.11455414699,
        6845.607178771453
    ],
    "Specifice Volumes": [
        0.9354134467594015,
        0.678042290973704,
        0.4215886962698011,
        0.09171142809998174,
        0.20983648590541032,
        0.4841251899294221,
        1.1959553938156962,
        1.6844876850353756,
        0.9458112098493401
    ],
    "Performance": {
        "Thrust": 99999.99999999999,
        "OPR": 27.623749999999998,
        "T4": 1392.5781249999998,
        "Thermal Efficiency": 0.42594143077434043,
        "SFC": 0.05459861913693263,
        "TSFC": 7.809313710483791,
        "Air Mass Flow Rate": 188.15530181281457,
        "Fuel Mass Flow Rate": 0.7809313710483791,
        "Core EGT": 792.9705141912499,
        "Bypass EGT": 59.94203332083487,
        "FAR": 0.025317816279948557,
        "Specific Thrust": 0.5314758555115525
    },
    "Pressure Ratios": {
        "Fan": 1.6,
        "LPC": 2.0,
        "HPC": 8.80859375,
        "HPT": 2.8384386494777245,
        "LPT": 3.13728973618497
    },
    "Mechanical Parameters": {
        "LP Shaft Speed": 5490.0,
        "Fan Power": 8.502063566440025,
        "Fan Efficiency": 0.92,
        "LPC Power": 2.494206425447231,
        "LPC Efficiency": 0.9,
        "LPT Power": 11.220683665191078,
        "LPT Efficiency": 0.9100000000000001,
        "HP Shaft Speed": 15183.0,
        "HPC Power": 12.271089659631631,
        "HPC Efficiency": 0.89,
        "HPT Power": 12.675225662420461,
        "HPT Efficiency": 0.9000000000000001,
        "Burner Power": 6.132283934121748,
        "Burner Efficiency": 0.18261688487485067
    }
}