{
    "Stages": [
        "0. Fan Inlet",
        "1. LPC Inlet",
        "2. HPC Inlet",
        "3. Burner Inlet",
        "4. HPT Inlet",
        "5. LPT Inlet",
        "6. Core Nozz Inlet",
        "7. Core Nozz Outlet",
        "8. Byp Nozz Outlet"
    ],
    "Total Temperatures": [
        15.000057655676706,
        59.942033320834994,
        139.95697080771498,
        519.1921995411799,
        1319.9218749999998,
        1001.9263221701757,
        708.19300427678,
        708.19300427678,
        59.94203332083493
    ],
    "Static Temperatures": [
        1.2698087753191583,
        44.11029440122737,
        120.50659961430016,
        485.37931869038374,
        1264.9250150808848,
        955.3880051308165,
        670.063612445538,
        569.595461122633,
        4.4391862677623966
    ],
    "Total Pressures": [
        99.29823547694355,
        158.87717676310967,
        317.75435352621935,
        2817.587431658273,
        2592.180437125614,
        858.0594737678084,
        250.23057643446936,
        250.23057643446936,
        158.87717676310967
    ],
    "Static Pressures": [
        84.124656235234,
        133.97926458691484,
        267.52254953831897,
        2385.4230877371456,
        2214.509215141416,
        731.0285609534201,
        212.68163690947802,
        135.0344717251013,
        84.07825298491298
    ],
    "Entropies": [
        6834.413225585567,
        6845.607178771453,
        6865.411001852655,
        6922.186773352845,
        7883.782056637249,
        7919.412190968437,
        7955.773156754339,
        7955.773156754339,
        6845.607178771453
    ],
    "Specifice Volumes": [
        0.9354134467594015,
        0.678042290973703,
        0.42158869626980144,
        0.0912513889651252,
        0.1993350621612607,
        0.48230376209359377,
        1.2724655791238215,
        1.790566041511108,
        0.9458112098493401
    ],
    "Performance": {
        "Thrust": 99999.99999999999,
        "OPR": 27.807499999999994,
        "T4": 1319.9218749999998,
        "Thermal Efficiency": 0.4563341350318884,
        "SFC": 0.05096224929976643,
        "TSFC": 7.190622174630804,
        "Air Mass Flow Rate": 191.459794843357,
        "Fuel Mass Flow Rate": 0.7190622174630803,
        "Core EGT": 708.19300427678,
        "Bypass EGT": 59.94203332083493,
        "FAR": 0.022909663776216976,
        "Specific Thrust": 0.5223028682435134
    },
    "Pressure Ratios": {
        "Fan": 1.6,
        "LPC": 2.0,
        "HPC": 8.8671875,
        "HPT": 3.0209799161626174,
        "LPT": 3.429075239302411
    },
    "Mechanical Parameters": {
        "LP Shaft Speed": 5490.0,
        "Fan Power": 8.651381760133463,
        "Fan Efficiency": 0.92,
        "LPC Power": 2.5380111318265444,
        "LPC Efficiency": 0.9,
        "LPT Power": 11.417747848938783,
        "LPT Efficiency": 0.9099999999999999,
        "HP Shaft Speed": 15183.0,
        "HPC Power": 12.535260782273205,
        "HPC Efficiency": 0.89,
        "HPT Power": 12.94478803246289,
        "HPT Efficiency": 0.9,
        "Burner Power": 5.694844627125821,
        "Burner Efficiency": 0.18418190238073648
    }
}