{
    "Stages": [
        "0. Fan Inlet",
        "1. LPC Inlet",
        "2. HPC Inlet",
        "3. Burner Inlet",
        "4. HPT Inlet",
        "5. LPT Inlet",
        "6. Core Nozz Inlet",
        "7. Core Nozz Outlet",
        "8. Byp Nozz Outlet"
    ],
    "Total Temperatures": [
        15.000057655676706,
        59.942033320834994,
        139.95697080771498,
        503.250631975832,
        1356.2499999999998,
        1055.1117387740587,
        765.2020258422505,
        765.2020258422505,
        59.94203332083493
    ],
    "Static Temperatures": [
        1.2698087753191583,
        44.11029440122737,
        120.50659961430016,
        469.9734516190097,
        1300.5295688760493,
        1007.2513857825331,
        725.5367297548913,
        620.7620399068409,
        4.4391862677623966
    ],
    "Total Pressures": [
        99.29823547694355,
        158.87717676310967,
        317.75435352621935,
        2612.7848209870767,
        2403.7620353081084,
        863.5860132807859,
        268.14868422713573,
        268.1486842271356,
        158.87717676310967
    ],
    "Static Pressures": [
        84.124656235234,
        133.97926458691475,
        267.52254953831897,
        2214.6830600395406,
        2052.7091798246447,
        736.0257491702032,
        228.14292490376,
        144.93636361308302,
        84.07825298491287
    ],
    "Entropies": [
        6834.413225585567,
        6845.607178771453,
        6865.411001852655,
        6920.969738934783,
        7941.384027383238,
        7974.034733117279,
        8008.3713863044395,
        8008.3713863044395,
        6845.607178771453
    ],
    "Specifice Volumes": [
        0.9354134467594015,
        0.6780422909737055,
        0.42158869626980144,
        0.09627607183186959,
        0.2200279256346058,
        0.49921251819643264,
        1.2561969176672831,
        1.7699412166922697,
        0.9458112098493416
    ],
    "Performance": {
        "Thrust": 99999.99999999999,
        "OPR": 25.786249999999995,
        "T4": 1356.2499999999998,
        "Thermal Efficiency": 0.43550496314784837,
        "SFC": 0.05339965309555685,
        "TSFC": 7.610852015814833,
        "Air Mass Flow Rate": 189.3869026807952,
        "Fuel Mass Flow Rate": 0.7610852015814832,
        "Core EGT": 765.2020258422505,
        "Bypass EGT": 59.94203332083493,
        "FAR": 0.024513942959783316,
        "Specific Thrust": 0.5280196179592545
    },
    "Pressure Ratios": {
        "Fan": 1.6,
        "LPC": 2.0,
        "HPC": 8.22265625,
        "HPT": 2.783465686499661,
        "LPT": 3.2205491359013494
    },
    "Mechanical Parameters": {
        "LP Shaft Speed": 5490.0,
        "Fan Power": 8.55771519446842,
        "Fan Efficiency": 0.92,
        "LPC Power": 2.5105326557947376,
        "LPC Efficiency": 0.9,
        "LPT Power": 11.294130459452202,
        "LPT Efficiency": 0.9100000000000003,
        "HP Shaft Speed": 15183.0,
        "HPC Power": 11.857838539027458,
        "HPC Efficiency": 0.89,
        "HPT Power": 12.253540845477426,
        "HPT Efficiency": 0.8999999999999999,
        "Burner Power": 5.909220445517441,
        "Burner Efficiency": 0.18056287391417694
    }
}