{
    "Stages": [
        "0. Fan Inlet",
        "1. LPC Inlet",
        "2. HPC Inlet",
        "3. Burner Inlet",
        "4. HPT Inlet",
        "5. LPT Inlet",
        "6. Core Nozz Inlet",
        "7. Core Nozz Outlet",
        "8. Byp Nozz Outlet"
    ],
    "Total Temperatures": [
        15.000057655676706,
        59.942033320834994,
        139.95697080771498,
        531.9597218177289,
        1338.6718749999998,
        1010.4474823907253,
        717.367842961958,
        717.367842961958,
        59.94203332083493
    ],
    "Static Temperatures": [
        1.2698087753191583,
        44.11029440122737,
        120.50659961430016,
        497.72336021136056,
        1283.2041197380545,
        963.7067893848472,
        678.9806797078697,
        577.8181834529869,
        4.4391862677623966
    ],
    "Total Pressures": [
        99.29823547694355,
        158.87717676310967,
        317.75435352621935,
        2978.9470643083064,
        2740.6312991636423,
        881.2458132098856,
        260.16878032095764,
        260.1687803209576,
        158.87717676310967
    ],
    "Static Pressures": [
        84.124656235234,
        133.97926458691475,
        267.52254953831897,
        2524.9856317544295,
        2338.5230786030697,
        751.2161896202244,
        221.04533060045023,
        140.22221547813183,
        84.07825298491287
    ],
    "Entropies": [
        6834.413225585567,
        6845.607178771453,
        6865.411001852655,
        6923.388821917922,
        7884.303711181661,
        7920.943825780583,
        7956.983356333169,
        7956.983356333169,
        6845.607178771453
    ],
    "Specifice Volumes": [
        0.9354134467594015,
        0.6780422909737055,
        0.42158869626980144,
        0.08759234947602362,
        0.19099577577871657,
        0.4725325787963645,
        1.2360479653825212,
        1.7414885400113773,
        0.9458112098493415
    ],
    "Performance": {
        "Thrust": 99999.99999999999,
        "OPR": 29.4,
        "T4": 1338.6718749999998,
        "Thermal Efficiency": 0.45268369842564765,
        "SFC": 0.051373208344740275,
        "TSFC": 7.253759284168925,
        "Air Mass Flow Rate": 190.94556025539663,
        "Fuel Mass Flow Rate": 0.7253759284168925,
        "Core EGT": 717.367842961958,
        "Bypass EGT": 59.94203332083493,
        "FAR": 0.02317306125067649,
        "Specific Thrust": 0.5237094796351711
    },
    "Pressure Ratios": {
        "Fan": 1.6,
        "LPC": 2.0,
        "HPC": 9.375,
        "HPT": 3.1099510012774476,
        "LPT": 3.387208150504204
    },
    "Mechanical Parameters": {
        "LP Shaft Speed": 5490.0,
        "Fan Power": 8.628145342595513,
        "Fan Efficiency": 0.92,
        "LPC Power": 2.53119438416586,
        "LPC Efficiency": 0.9,
        "LPT Power": 11.387081353838138,
        "LPT Efficiency": 0.91,
        "HP Shaft Speed": 15183.0,
        "HPC Power": 12.941132414878725,
        "HPC Efficiency": 0.89,
        "HPT Power": 13.358942759611367,
        "HPT Efficiency": 0.9000000000000001,
        "Burner Power": 5.806262415907458,
        "Burner Efficiency": 0.18615086773581338
    }
}