{
    "Stages": [
        "0. Fan Inlet",
        "1. LPC Inlet",
        "2. HPC Inlet",
        "3. Burner Inlet",
        "4. HPT Inlet",
        "5. LPT Inlet",
        "6. Core Nozz Inlet",
        "7. Core Nozz Outlet",
        "8. Byp Nozz Outlet"
    ],
    "Total Temperatures": [
        15.000057655676706,
        59.942033320834994,
        139.95697080771498,
        478.68124256317094,
        1403.125,
        1126.6984395560326,
        841.7179067624193,
        841.7179067624193,
        59.94203332083493
    ],
    "Static Temperatures": [
        1.2698087753191583,
        44.11029440122737,
        120.50659961430016,
        446.23009159399163,
        1346.4877841433529,
        1077.1153848339286,
        800.0234966740959,
        689.6243951395466,
        4.4391862677623966
    ],
    "Total Pressures": [
        99.29823547694355,
        158.87717676310967,
        317.75435352621935,
        2333.508533708173,
        2146.827851011522,
        862.1240694573855,
        287.25820529970645,
        287.25820529970645,
        158.87717676310967
    ],
    "Static Pressures": [
        84.124656235234,
        133.97926458691475,
        267.52254953831897,
        1973.0733837784007,
        1834.1921528387143,
        735.1621451817509,
        244.7771533880875,
        155.87719672410333,
        84.07825298491304
    ],
    "Entropies": [
        6834.413225585567,
        6845.607178771453,
        6865.411001852655,
        6918.713451166558,
        8019.535444378849,
        8048.234670034543,
        8080.06197798546,
        8080.06197798546,
        6845.607178771453
    ],
    "Specifice Volumes": [
        0.9354134467594015,
        0.6780422909737055,
        0.42158869626980144,
        0.1046503598919688,
        0.25342028456431226,
        0.5270709483300275,
        1.2580609127609013,
        1.772496576554674,
        0.9458112098493393
    ],
    "Performance": {
        "Thrust": 99999.99999999999,
        "OPR": 23.029999999999998,
        "T4": 1403.125,
        "Thermal Efficiency": 0.4108127477781458,
        "SFC": 0.056609280211643714,
        "TSFC": 8.18290818000793,
        "Air Mass Flow Rate": 186.86613635515275,
        "Fuel Mass Flow Rate": 0.818290818000793,
        "Core EGT": 841.7179067624193,
        "Bypass EGT": 59.94203332083493,
        "FAR": 0.026712030800048144,
        "Specific Thrust": 0.5351424391305586
    },
    "Pressure Ratios": {
        "Fan": 1.6,
        "LPC": 2.0,
        "HPC": 7.34375,
        "HPT": 2.4901611346528334,
        "LPT": 3.0012165137559825
    },
    "Mechanical Parameters": {
        "LP Shaft Speed": 5490.0,
        "Fan Power": 8.443810800968656,
        "Fan Efficiency": 0.92,
        "LPC Power": 2.4771171128581737,
        "LPC Efficiency": 0.9,
        "LPT Power": 11.14380399370085,
        "LPT Efficiency": 0.91,
        "HP Shaft Speed": 15183.0,
        "HPC Power": 10.878499423297104,
        "HPC Efficiency": 0.89,
        "HPT Power": 11.254215217181143,
        "HPT Efficiency": 0.9,
        "Burner Power": 6.164779376625521,
        "Burner Efficiency": 0.175202946303824
    }
}