{
    "Stages": [
        "0. Fan Inlet",
        "1. LPC Inlet",
        "2. HPC Inlet",
        "3. Burner Inlet",
        "4. HPT Inlet",
        "5. LPT Inlet",
        "6. Core Nozz Inlet",
        "7. Core Nozz Outlet",
        "8. Byp Nozz Outlet"
    ],
    "Total Temperatures": [
        15.000057655676706,
        59.94203332083493,
        139.95697080771544,
        503.2506319758322,
        1417.1874999999998,
        1120.1789640898776,
        834.7766143930919,
        834.7766143930919,
        59.94203332083487
    ],
    "Static Temperatures": [
        1.2698087753191583,
        44.11029440122737,
        120.50659961430054,
        469.9734516190101,
        1360.193581542253,
        1070.7646466046174,
        793.2728941312728,
        683.3750469797684,
        4.4391862677623966
    ],
    "Total Pressures": [
        99.29823547694355,
        158.87717676310967,
        317.75435352621935,
        2612.7848209870767,
        2403.7620353081084,
        902.4314101561326,
        299.5992383724203,
        299.59923837242036,
        158.87717676310967
    ],
    "Static Pressures": [
        84.124656235234,
        133.97926458691455,
        267.5225495383194,
        2214.6830600395438,
        2053.2988740926776,
        770.0603492810737,
        254.97412998158418,
        162.18863274717853,
        84.07825298491295
    ],
    "Entropies": [
        6834.413225585567,
        6845.607178771453,
        6865.411001852656,
        6920.969738934783,
        7997.346732619004,
        8028.391156827739,
        8060.4659374526855,
        8060.4659374526855,
        6845.607178771453
    ],
    "Specifice Volumes": [
        0.9354134467594015,
        0.6780422909737039,
        0.4215886962698011,
        0.09627607183186947,
        0.22828965328904852,
        0.5008408175651088,
        1.2002774181816571,
        1.692562841036787,
        0.9458112098493401
    ],
    "Performance": {
        "Thrust": 99999.99999999999,
        "OPR": 25.786249999999995,
        "T4": 1417.1874999999998,
        "Thermal Efficiency": 0.41274273455313326,
        "SFC": 0.056344574977599274,
        "TSFC": 8.122522578685164,
        "Air Mass Flow Rate": 186.81799543429884,
        "Fuel Mass Flow Rate": 0.8122522578685163,
        "Core EGT": 834.7766143930919,
        "Bypass EGT": 59.94203332083487,
        "FAR": 0.02652174251993009,
        "Specific Thrust": 0.5352803393887637
    },
    "Pressure Ratios": {
        "Fan": 1.6,
        "LPC": 2.0,
        "HPC": 8.22265625,
        "HPT": 2.663650675559071,
        "LPT": 3.012128518946215
    },
    "Mechanical Parameters": {
        "LP Shaft Speed": 5490.0,
        "Fan Power": 8.441635485336803,
        "Fan Efficiency": 0.92,
        "LPC Power": 2.476478951759543,
        "LPC Efficiency": 0.9,
        "LPT Power": 11.140933099077907,
        "LPT Efficiency": 0.9099999999999999,
        "HP Shaft Speed": 15183.0,
        "HPC Power": 11.696994853854392,
        "HPC Efficiency": 0.89,
        "HPT Power": 12.089414636117155,
        "HPT Efficiency": 0.9,
        "Burner Power": 6.272670976390614,
        "Burner Efficiency": 0.17959453827951088
    }
}