{
    "Stages": [
        "0. Fan Inlet",
        "1. LPC Inlet",
        "2. HPC Inlet",
        "3. Burner Inlet",
        "4. HPT Inlet",
        "5. LPT Inlet",
        "6. Core Nozz Inlet",
        "7. Core Nozz Outlet",
        "8. Byp Nozz Outlet"
    ],
    "Total Temperatures": [
        15.000057655676706,
        59.942033320834994,
        139.95697080771538,
        520.1558605416099,
        1343.3593749999998,
        1026.1817963749288,
        734.2013924589719,
        734.2013924589719,
        59.942033320834994
    ],
    "Static Temperatures": [
        1.2698087753191583,
        44.1102944012275,
        120.50659961430048,
        486.31098098034937,
        1287.8368900753019,
        979.0219561037137,
        695.3684295343384,
        592.9204142525807,
        4.43918626776246
    ],
    "Total Pressures": [
        99.29823547694352,
        158.87717676310965,
        317.7543535262193,
        2829.9997110928903,
        2603.5997342054593,
        876.3476649355591,
        263.3628368332788,
        263.3628368332786,
        158.87717676310965
    ],
    "Static Pressures": [
        84.124656235234,
        133.97926458691427,
        267.5225495383182,
        2396.157684247843,
        2224.1673499575923,
        746.7001489201004,
        223.91396193759758,
        142.09560667619883,
        84.07825298491301
    ],
    "Entropies": [
        6834.413225585567,
        6845.607178771453,
        6865.411001852656,
        6922.253989998973,
        7904.363965390213,
        7939.420203890729,
        7974.846218608296,
        7974.846218608296,
        6845.607178771453
    ],
    "Specifice Volumes": [
        0.9354134467594013,
        0.6780422909737036,
        0.4215886962698031,
        0.09095110427859399,
        0.20141261681681774,
        0.4812193547080161,
        1.2411476635095164,
        1.7487879916597657,
        0.9458112098493401
    ],
    "Performance": {
        "Thrust": 99999.99999999999,
        "OPR": 27.930000000000003,
        "T4": 1343.3593749999998,
        "Thermal Efficiency": 0.4464912276966684,
        "SFC": 0.05208571302387964,
        "TSFC": 7.378471205168551,
        "Air Mass Flow Rate": 190.384444266771,
        "Fuel Mass Flow Rate": 0.737847120516855,
        "Core EGT": 734.2013924589719,
        "Bypass EGT": 59.942033320834994,
        "FAR": 0.023640941109905472,
        "Specific Thrust": 0.5252529973503388
    },
    "Pressure Ratios": {
        "Fan": 1.6,
        "LPC": 2.0,
        "HPC": 8.90625,
        "HPT": 2.9709667044750603,
        "LPT": 3.3275297132079538
    },
    "Mechanical Parameters": {
        "LP Shaft Speed": 5490.0,
        "Fan Power": 8.602790522627767,
        "Fan Efficiency": 0.92,
        "LPC Power": 2.5237561717383343,
        "LPC Efficiency": 0.9,
        "LPT Power": 11.35361907588378,
        "LPT Efficiency": 0.9099999999999998,
        "HP Shaft Speed": 15183.0,
        "HPC Power": 12.497933260136517,
        "HPC Efficiency": 0.89,
        "HPT Power": 12.906698724160146,
        "HPT Efficiency": 0.9,
        "Burner Power": 5.834977132621752,
        "Burner Efficiency": 0.183909564523415
    }
}