{
    "Stages": [
        "0. Fan Inlet",
        "1. LPC Inlet",
        "2. HPC Inlet",
        "3. Burner Inlet",
        "4. HPT Inlet",
        "5. LPT Inlet",
        "6. Core Nozz Inlet",
        "7. Core Nozz Outlet",
        "8. Byp Nozz Outlet"
    ],
    "Total Temperatures": [
        15.000057655676706,
        59.94203332083493,
        139.95697080771524,
        482.3966566847756,
        1308.2031249999998,
        1022.4608507237853,
        730.207544997561,
        730.207544997561,
        59.94203332083493
    ],
    "Static Temperatures": [
        1.2698087753191583,
        44.11029440122737,
        120.50659961430041,
        449.8160524011575,
        1253.549951707402,
        975.3979409645157,
        691.4848890820119,
        589.335327596226,
        4.4391862677624285
    ],
    "Total Pressures": [
        99.29823547694353,
        158.87717676310967,
        317.75435352621935,
        2376.9515117293363,
        2186.795390790989,
        809.896005133458,
        242.7281095069407,
        242.7281095069407,
        158.87717676310967
    ],
    "Static Pressures": [
        84.12465623523386,
        133.97926458691458,
        267.5225495383185,
        2010.3650805430536,
        1867.2002880660068,
        690.6654726600552,
        206.56830368496836,
        131.17219618824282,
        84.07825298491308
    ],
    "Entropies": [
        6834.413225585567,
        6845.607178771453,
        6865.411001852656,
        6918.945645321941,
        7925.710547286569,
        7957.212564820312,
        7992.808665204266,
        7992.808665204266,
        6845.607178771453
    ],
    "Specifice Volumes": [
        0.9354134467594029,
        0.6780422909737053,
        0.4215886962698025,
        0.10320168733968044,
        0.2346471543041405,
        0.5187563837369253,
        1.3400741894938224,
        1.8867283152491743,
        0.9458112098493389
    ],
    "Performance": {
        "Thrust": 99999.99999999999,
        "OPR": 23.458750000000002,
        "T4": 1308.2031249999998,
        "Thermal Efficiency": 0.44834474626405685,
        "SFC": 0.05187038355478273,
        "TSFC": 7.36196272829824,
        "Air Mass Flow Rate": 191.02884521894816,
        "Fuel Mass Flow Rate": 0.7361962728298239,
        "Core EGT": 730.207544997561,
        "Bypass EGT": 59.94203332083493,
        "FAR": 0.023508477262241666,
        "Specific Thrust": 0.5234811522070646
    },
    "Pressure Ratios": {
        "Fan": 1.6,
        "LPC": 2.0,
        "HPC": 7.48046875,
        "HPT": 2.7000940576679366,
        "LPT": 3.33663870566385
    },
    "Mechanical Parameters": {
        "LP Shaft Speed": 5490.0,
        "Fan Power": 8.631908691528121,
        "Fan Efficiency": 0.92,
        "LPC Power": 2.5322984183824544,
        "LPC Efficiency": 0.9,
        "LPT Power": 11.392048071337321,
        "LPT Efficiency": 0.9100000000000001,
        "HP Shaft Speed": 15183.0,
        "HPC Power": 11.247678796955896,
        "HPC Efficiency": 0.89,
        "HPT Power": 11.630928863771748,
        "HPT Efficiency": 0.9,
        "Burner Power": 5.623612799100325,
        "Burner Efficiency": 0.17764514414020147
    }
}