{
    "Stages": [
        "0. Fan Inlet",
        "1. LPC Inlet",
        "2. HPC Inlet",
        "3. Burner Inlet",
        "4. HPT Inlet",
        "5. LPT Inlet",
        "6. Core Nozz Inlet",
        "7. Core Nozz Outlet",
        "8. Byp Nozz Outlet"
    ],
    "Total Temperatures": [
        15.000057655676706,
        59.942033320834994,
        139.95697080771538,
        523.598654744472,
        1371.484375,
        1053.2176246173162,
        763.1872116441497,
        763.1872116441497,
        59.942033320834994
    ],
    "Static Temperatures": [
        1.2698087753191583,
        44.1102944012275,
        120.50659961430048,
        489.6395030833338,
        1315.3505732183273,
        1005.4080960175374,
        723.5787250441417,
        618.9570617773514,
        4.43918626776246
    ],
    "Total Pressures": [
        99.29823547694352,
        158.87717676310965,
        317.7543535262193,
        2873.4426891140533,
        2643.5672739849265,
        900.1913294023403,
        278.8315157485818,
        278.83151574858164,
        158.87717676310965
    ],
    "Static Pressures": [
        84.124656235234,
        133.97926458691427,
        267.5225495383182,
        2433.731414110675,
        2258.801471885546,
        767.6360870187231,
        237.36268540199757,
        150.85027253606538,
        84.07825298491296
    ],
    "Entropies": [
        6834.413225585567,
        6845.607178771453,
        6865.411001852656,
        6922.584982624327,
        7925.417138572967,
        7960.038249823033,
        7994.455037882546,
        7994.455037882546,
        6845.607178771453
    ],
    "Specifice Volumes": [
        0.9354134467594013,
        0.6780422909737036,
        0.4215886962698031,
        0.08993072876239278,
        0.20182287116031575,
        0.4779722565126286,
        1.2050934601365249,
        1.69722409498449,
        0.9458112098493406
    ],
    "Performance": {
        "Thrust": 99999.99999999999,
        "OPR": 28.35875,
        "T4": 1371.484375,
        "Thermal Efficiency": 0.4360204165456749,
        "SFC": 0.05333652524285461,
        "TSFC": 7.588584695468252,
        "Air Mass Flow Rate": 189.1945115499774,
        "Fuel Mass Flow Rate": 0.758858469546825,
        "Core EGT": 763.1872116441497,
        "Bypass EGT": 59.942033320834994,
        "FAR": 0.02446707690573152,
        "Specific Thrust": 0.5285565589654228
    },
    "Pressure Ratios": {
        "Fan": 1.6,
        "LPC": 2.0,
        "HPC": 9.04296875,
        "HPT": 2.936672667085317,
        "LPT": 3.228441812691709
    },
    "Mechanical Parameters": {
        "LP Shaft Speed": 5490.0,
        "Fan Power": 8.549021728974369,
        "Fan Efficiency": 0.92,
        "LPC Power": 2.507982298775512,
        "LPC Efficiency": 0.9,
        "LPT Power": 11.28265717117335,
        "LPT Efficiency": 0.9100000000000001,
        "HP Shaft Speed": 15183.0,
        "HPC Power": 12.53725521830652,
        "HPC Efficiency": 0.89,
        "HPT Power": 12.946823171272387,
        "HPT Efficiency": 0.9,
        "Burner Power": 6.004976684547675,
        "Burner Efficiency": 0.18402722796817791
    }
}