{
    "Stages": [
        "0. Fan Inlet",
        "1. LPC Inlet",
        "2. HPC Inlet",
        "3. Burner Inlet",
        "4. HPT Inlet",
        "5. LPT Inlet",
        "6. Core Nozz Inlet",
        "7. Core Nozz Outlet",
        "8. Byp Nozz Outlet"
    ],
    "Total Temperatures": [
        15.000057655676706,
        59.942033320834994,
        139.95697080771498,
        519.6640327088859,
        1315.2343749999998,
        996.4787072665066,
        702.3313073325231,
        702.3313073325231,
        59.94203332083493
    ],
    "Static Temperatures": [
        1.2698087753191583,
        44.11029440122737,
        120.50659961430016,
        485.83548377216005,
        1260.3287718252504,
        950.0589714639107,
        664.3673728911288,
        564.3446705279832,
        4.4391862677623966
    ],
    "Total Pressures": [
        99.29823547694355,
        158.87717676310967,
        317.75435352621935,
        2823.793571375582,
        2597.8900856655355,
        855.3126830844075,
        247.59351132723344,
        247.59351132723333,
        158.87717676310967
    ],
    "Static Pressures": [
        84.124656235234,
        133.97926458691475,
        267.52254953831897,
        2390.790081699337,
        2219.1026763021455,
        728.3759976079965,
        210.67403126139303,
        133.71874090038878,
        84.07825298491292
    ],
    "Entropies": [
        6834.413225585567,
        6845.607178771453,
        6865.411001852655,
        6922.206705339395,
        7878.653774253996,
        7914.480692451663,
        7951.106212536284,
        7951.106212536284,
        6845.607178771453
    ],
    "Specifice Volumes": [
        0.9354134467594015,
        0.6780422909737055,
        0.42158869626980144,
        0.09109976033032785,
        0.19831985730778962,
        0.48192713520332275,
        1.2768518122967436,
        1.7968731641126634,
        0.9458112098493406
    ],
    "Performance": {
        "Thrust": 99999.99999999999,
        "OPR": 27.86875,
        "T4": 1315.2343749999998,
        "Thermal Efficiency": 0.4586168812212201,
        "SFC": 0.050708586852629654,
        "TSFC": 7.148016064193508,
        "Air Mass Flow Rate": 191.69453001090872,
        "Fuel Mass Flow Rate": 0.7148016064193506,
        "Core EGT": 702.3313073325231,
        "Bypass EGT": 59.94203332083493,
        "FAR": 0.02274603140167802,
        "Specific Thrust": 0.5216632941707273
    },
    "Pressure Ratios": {
        "Fan": 1.6,
        "LPC": 2.0,
        "HPC": 8.88671875,
        "HPT": 3.0373571408962254,
        "LPT": 3.454503627738363
    },
    "Mechanical Parameters": {
        "LP Shaft Speed": 5490.0,
        "Fan Power": 8.661988600847357,
        "Fan Efficiency": 0.92,
        "LPC Power": 2.5411228058402187,
        "LPC Efficiency": 0.9,
        "LPT Power": 11.431746333354669,
        "LPT Efficiency": 0.9100000000000003,
        "HP Shaft Speed": 15183.0,
        "HPC Power": 12.566936588192398,
        "HPC Efficiency": 0.89,
        "HPT Power": 12.977110283400835,
        "HPT Efficiency": 0.8999999999999999,
        "Burner Power": 5.6666827074408985,
        "Burner Efficiency": 0.1843634899449042
    }
}