{
    "Stages": [
        "0. Fan Inlet",
        "1. LPC Inlet",
        "2. HPC Inlet",
        "3. Burner Inlet",
        "4. HPT Inlet",
        "5. LPT Inlet",
        "6. Core Nozz Inlet",
        "7. Core Nozz Outlet",
        "8. Byp Nozz Outlet"
    ],
    "Total Temperatures": [
        15.000057655676706,
        59.942033320834994,
        139.95697080771498,
        527.5332753487565,
        1411.328125,
        1092.4487329482233,
        805.1469199056078,
        805.1469199056078,
        59.94203332083493
    ],
    "Static Temperatures": [
        1.2698087753191583,
        44.11029440122737,
        120.50659961430016,
        493.44361759042357,
        1354.365629210466,
        1043.68145792216,
        764.4156767354872,
        656.6866514665534,
        4.4391862677623966
    ],
    "Total Pressures": [
        99.29823547694355,
        158.87717676310967,
        317.75435352621935,
        2923.0918068525257,
        2689.244462304324,
        930.5308342056752,
        301.01278613843095,
        301.01278613843095,
        158.87717676310967
    ],
    "Static Pressures": [
        84.124656235234,
        133.97926458691475,
        267.52254953831897,
        2476.673916932184,
        2295.850663732535,
        793.9403652457198,
        256.07438612097314,
        162.78716500184527,
        84.07825298491305
    ],
    "Entropies": [
        6834.413225585567,
        6845.607178771453,
        6865.411001852655,
        6922.963259928265,
        7956.909233573216,
        7990.847410339377,
        8023.820887749434,
        8023.820887749434,
        6845.607178771453
    ],
    "Specifice Volumes": [
        0.9354134467594015,
        0.6780422909737055,
        0.42158869626980144,
        0.08880644486493727,
        0.20344126696333478,
        0.4759621943778866,
        1.1626632532530192,
        1.6391206350234921,
        0.9458112098493391
    ],
    "Performance": {
        "Thrust": 99999.99999999999,
        "OPR": 28.84875,
        "T4": 1411.328125,
        "Thermal Efficiency": 0.42187160008924635,
        "SFC": 0.05512533659191242,
        "TSFC": 7.895861221478035,
        "Air Mass Flow Rate": 187.5974918839227,
        "Fuel Mass Flow Rate": 0.7895861221478034,
        "Core EGT": 805.1469199056078,
        "Bypass EGT": 59.94203332083493,
        "FAR": 0.025674518868737492,
        "Specific Thrust": 0.5330561672001228
    },
    "Pressure Ratios": {
        "Fan": 1.6,
        "LPC": 2.0,
        "HPC": 9.19921875,
        "HPT": 2.8900111242417146,
        "LPT": 3.0913332491389216
    },
    "Mechanical Parameters": {
        "LP Shaft Speed": 5490.0,
        "Fan Power": 8.47685813545969,
        "Fan Efficiency": 0.92,
        "LPC Power": 2.4868120384944388,
        "LPC Efficiency": 0.9,
        "LPT Power": 11.187418544851154,
        "LPT Efficiency": 0.9099999999999999,
        "HP Shaft Speed": 15183.0,
        "HPC Power": 12.564506009399796,
        "HPC Efficiency": 0.89,
        "HPT Power": 12.974630100959406,
        "HPT Efficiency": 0.8999999999999999,
        "Burner Power": 6.251926272875888,
        "Burner Efficiency": 0.18413904471551903
    }
}