{
    "Stages": [
        "0. Fan Inlet",
        "1. LPC Inlet",
        "2. HPC Inlet",
        "3. Burner Inlet",
        "4. HPT Inlet",
        "5. LPT Inlet",
        "6. Core Nozz Inlet",
        "7. Core Nozz Outlet",
        "8. Byp Nozz Outlet"
    ],
    "Total Temperatures": [
        15.000057655676706,
        59.94203332083493,
        139.95697080771524,
        488.4333375587036,
        1304.6874999999998,
        1013.2929756559867,
        720.4079594636908,
        720.4079594636908,
        59.94203332083493
    ],
    "Static Temperatures": [
        1.2698087753191583,
        44.11029440122737,
        120.50659961430041,
        455.65080162038504,
        1250.085541967845,
        966.4742784687239,
        681.9376780213826,
        580.5410317763616,
        4.4391862677624285
    ],
    "Total Pressures": [
        99.29823547694353,
        158.87717676310967,
        317.75435352621935,
        2445.219048619735,
        2249.601524730156,
        815.3258786580029,
        241.80353355888693,
        241.803533558887,
        158.87717676310967
    ],
    "Static Pressures": [
        84.12465623523386,
        133.97926458691458,
        267.5225495383185,
        2069.5066023867043,
        1921.1397113300243,
        694.8515739725899,
        205.68168124335048,
        130.60092263129243,
        84.07825298491305
    ],
    "Entropies": [
        6834.413225585567,
        6845.607178771453,
        6865.411001852656,
        6919.531567160491,
        7913.261105233954,
        7945.598745350414,
        7981.610070211572,
        7981.610070211572,
        6845.607178771453
    ],
    "Specifice Volumes": [
        0.9354134467594029,
        0.6780422909737053,
        0.4215886962698025,
        0.10104086521992121,
        0.22754189265009805,
        0.511983990532935,
        1.332609679923946,
        1.8759679189067346,
        0.9458112098493391
    ],
    "Performance": {
        "Thrust": 99999.99999999999,
        "OPR": 24.1325,
        "T4": 1304.6874999999998,
        "Thermal Efficiency": 0.45197389194424226,
        "SFC": 0.05145388786385327,
        "TSFC": 7.288055218773927,
        "Air Mass Flow Rate": 191.33349623600537,
        "Fuel Mass Flow Rate": 0.7288055218773926,
        "Core EGT": 720.4079594636908,
        "Bypass EGT": 59.94203332083493,
        "FAR": 0.023235417587145382,
        "Specific Thrust": 0.5226476386374728
    },
    "Pressure Ratios": {
        "Fan": 1.6,
        "LPC": 2.0,
        "HPC": 7.6953125,
        "HPT": 2.7591440227957253,
        "LPT": 3.371852622076944
    },
    "Mechanical Parameters": {
        "LP Shaft Speed": 5490.0,
        "Fan Power": 8.645674778838156,
        "Fan Efficiency": 0.92,
        "LPC Power": 2.5363369042339943,
        "LPC Efficiency": 0.9,
        "LPT Power": 11.410216003134849,
        "LPT Efficiency": 0.9099999999999999,
        "HP Shaft Speed": 15183.0,
        "HPC Power": 11.472330113365263,
        "HPC Efficiency": 0.89,
        "HPT Power": 11.860164900924168,
        "HPT Efficiency": 0.8999999999999999,
        "Burner Power": 5.60478665325002,
        "Burner Efficiency": 0.17884589474735765
    }
}