{
    "Stages": [
        "0. Fan Inlet",
        "1. LPC Inlet",
        "2. HPC Inlet",
        "3. Burner Inlet",
        "4. HPT Inlet",
        "5. LPT Inlet",
        "6. Core Nozz Inlet",
        "7. Core Nozz Outlet",
        "8. Byp Nozz Outlet"
    ],
    "Total Temperatures": [
        15.000057655676706,
        59.942033320834994,
        139.95697080771498,
        475.5185161895148,
        1307.0312499999998,
        1027.343476755633,
        735.4253236014896,
        735.4253236014896,
        59.94203332083493
    ],
    "Static Temperatures": [
        1.2698087753191583,
        44.11029440122737,
        120.50659961430016,
        443.1826254719568,
        1252.422019253497,
        980.1505934902477,
        696.5563450403758,
        594.0119173426315,
        4.4391862677623966
    ],
    "Total Pressures": [
        99.29823547694355,
        158.87717676310967,
        317.75435352621935,
        2296.2716954043194,
        2112.569959771976,
        800.2301913731402,
        241.0370580229301,
        241.0370580229301,
        158.87717676310967
    ],
    "Static Pressures": [
        84.124656235234,
        133.97926458691475,
        267.52254953831897,
        1944.7650568663937,
        1803.1300791659583,
        682.2888620412095,
        205.1011092113906,
        130.24509873194364,
        84.07825298491282
    ],
    "Entropies": [
        6834.413225585567,
        6845.607178771453,
        6865.411001852655,
        6918.40405717846,
        7935.379533447511,
        7966.112714721629,
        8001.487659852573,
        8001.487659852573,
        6845.607178771453
    ],
    "Specifice Volumes": [
        0.9354134467594015,
        0.6780422909737055,
        0.42158869626980144,
        0.10571872844502615,
        0.24280497926292677,
        0.5271251770110225,
        1.356631055009181,
        1.9102745639919216,
        0.9458112098493421
    ],
    "Performance": {
        "Thrust": 99999.99999999999,
        "OPR": 22.662499999999998,
        "T4": 1307.0312499999998,
        "Thermal Efficiency": 0.4464796297787717,
        "SFC": 0.05208706602138042,
        "TSFC": 7.403225928260972,
        "Air Mass Flow Rate": 190.93350459040423,
        "Fuel Mass Flow Rate": 0.7403225928260971,
        "Core EGT": 735.4253236014896,
        "Bypass EGT": 59.94203332083493,
        "FAR": 0.02365204486204226,
        "Specific Thrust": 0.5237425469904966
    },
    "Pressure Ratios": {
        "Fan": 1.6,
        "LPC": 2.0,
        "HPC": 7.2265625,
        "HPT": 2.6399528317557603,
        "LPT": 3.319946724943072
    },
    "Mechanical Parameters": {
        "LP Shaft Speed": 5490.0,
        "Fan Power": 8.62760059031315,
        "Fan Efficiency": 0.92,
        "LPC Power": 2.5310345730056243,
        "LPC Efficiency": 0.9,
        "LPT Power": 11.386362411549769,
        "LPT Efficiency": 0.91,
        "HP Shaft Speed": 15183.0,
        "HPC Power": 11.008022647789685,
        "HPC Efficiency": 0.89,
        "HPT Power": 11.38638177278582,
        "HPT Efficiency": 0.8999999999999999,
        "Burner Power": 5.615134860932525,
        "Burner Efficiency": 0.17638868908633737
    }
}