{
    "Stages": [
        "0. Fan Inlet",
        "1. LPC Inlet",
        "2. HPC Inlet",
        "3. Burner Inlet",
        "4. HPT Inlet",
        "5. LPT Inlet",
        "6. Core Nozz Inlet",
        "7. Core Nozz Outlet",
        "8. Byp Nozz Outlet"
    ],
    "Total Temperatures": [
        15.000057655676706,
        59.942033320834994,
        139.95697080771498,
        502.1530552540222,
        1303.5156249999998,
        999.7243400901855,
        705.8165169963228,
        705.816516996323,
        59.94203332083493
    ],
    "Static Temperatures": [
        1.2698087753191583,
        44.11029440122737,
        120.50659961430016,
        468.9124661910167,
        1248.895990533652,
        953.2330644318176,
        667.753495179846,
        567.4643408661364,
        4.4391862677623966
    ],
    "Total Pressures": [
        99.29823547694355,
        158.87717676310967,
        317.75435352621935,
        2600.372541552459,
        2392.342738228265,
        826.1197564576655,
        240.83346456693704,
        240.83346456693704,
        158.87717676310967
    ],
    "Static Pressures": [
        84.124656235234,
        133.97926458691475,
        267.52254953831897,
        2203.928716890063,
        2041.0726152119198,
        703.3640901974958,
        204.8397980010077,
        129.99092848922425,
        84.07825298491298
    ],
    "Entropies": [
        6834.413225585567,
        6845.607178771453,
        6865.411001852655,
        6920.86320769279,
        7893.490149750892,
        7927.5277191412615,
        7963.9963009269,
        7963.996300926901,
        6845.607178771453
    ],
    "Specifice Volumes": [
        0.9354134467594015,
        0.6780422909737055,
        0.42158869626980144,
        0.09660499132182068,
        0.21400518776672717,
        0.5003780352616566,
        1.317939349943782,
        1.8552985284993915,
        0.9458112098493401
    ],
    "Performance": {
        "Thrust": 99999.99999999999,
        "OPR": 25.663749999999997,
        "T4": 1303.5156249999998,
        "Thermal Efficiency": 0.45743612801126243,
        "SFC": 0.05083947797170011,
        "TSFC": 7.179251520161288,
        "Air Mass Flow Rate": 191.78830323972267,
        "Fuel Mass Flow Rate": 0.7179251520161287,
        "Core EGT": 705.816516996323,
        "Bypass EGT": 59.94203332083493,
        "FAR": 0.02283425711225202,
        "Specific Thrust": 0.5214082314238248
    },
    "Pressure Ratios": {
        "Fan": 1.6,
        "LPC": 2.0,
        "HPC": 8.18359375,
        "HPT": 2.8958788596055802,
        "LPT": 3.4302531749197773
    },
    "Mechanical Parameters": {
        "LP Shaft Speed": 5490.0,
        "Fan Power": 8.666225876887548,
        "Fan Efficiency": 0.92,
        "LPC Power": 2.5423658736017396,
        "LPC Efficiency": 0.9,
        "LPT Power": 11.437338520907435,
        "LPT Efficiency": 0.9099999999999999,
        "HP Shaft Speed": 15183.0,
        "HPC Power": 11.97052070903176,
        "HPC Efficiency": 0.89,
        "HPT Power": 12.36852265160427,
        "HPT Efficiency": 0.9000000000000004,
        "Burner Power": 5.600163313934139,
        "Burner Efficiency": 0.18140659339245072
    }
}