{
    "Stages": [
        "0. Fan Inlet",
        "1. LPC Inlet",
        "2. HPC Inlet",
        "3. Burner Inlet",
        "4. HPT Inlet",
        "5. LPT Inlet",
        "6. Core Nozz Inlet",
        "7. Core Nozz Outlet",
        "8. Byp Nozz Outlet"
    ],
    "Total Temperatures": [
        15.000057655676706,
        59.942033320834994,
        139.95697080771498,
        512.6057588764381,
        1387.890625,
        1080.6323568835503,
        792.5328052795579,
        792.5328052795579,
        59.94203332083493
    ],
    "Static Temperatures": [
        1.2698087753191583,
        44.11029440122737,
        120.50659961430016,
        479.0170159145301,
        1331.4748662329378,
        1032.1719141266374,
        752.1364498034607,
        645.3197459081942,
        4.4391862677623966
    ],
    "Total Pressures": [
        99.29823547694355,
        158.87717676310967,
        317.75435352621935,
        2730.7014756159474,
        2512.245357566674,
        896.44061557428,
        285.53737105110895,
        285.5373710511091,
        158.87717676310967
    ],
    "Static Pressures": [
        84.124656235234,
        133.97926458691475,
        267.52254953831897,
        2310.6642593803767,
        2146.5919648322474,
        764.7680177248745,
        243.19395290085072,
        154.63751357424218,
        84.07825298491288
    ],
    "Entropies": [
        6834.413225585567,
        6845.607178771453,
        6865.411001852655,
        6921.877752418422,
        7956.93041905646,
        7989.790778337154,
        8023.240443148331,
        8023.240443148331,
        6845.607178771453
    ],
    "Specifice Volumes": [
        0.9354134467594015,
        0.6780422909737055,
        0.42158869626980144,
        0.09343831372471328,
        0.21453530661397163,
        0.4898526243743816,
        1.2099542057675516,
        1.7043820353671002,
        0.9458112098493415
    ],
    "Performance": {
        "Thrust": 99999.99999999999,
        "OPR": 26.949999999999996,
        "T4": 1387.890625,
        "Thermal Efficiency": 0.42613242473952007,
        "SFC": 0.05457414785486892,
        "TSFC": 7.808058549801411,
        "Air Mass Flow Rate": 188.239391155428,
        "Fuel Mass Flow Rate": 0.7808058549801409,
        "Core EGT": 792.5328052795579,
        "Bypass EGT": 59.94203332083493,
        "FAR": 0.025302439017379483,
        "Specific Thrust": 0.5312384373227741
    },
    "Pressure Ratios": {
        "Fan": 1.6,
        "LPC": 2.0,
        "HPC": 8.59375,
        "HPT": 2.802467128240583,
        "LPT": 3.1394861284683597
    },
    "Mechanical Parameters": {
        "LP Shaft Speed": 5490.0,
        "Fan Power": 8.505863262378828,
        "Fan Efficiency": 0.92,
        "LPC Power": 2.4953211225970553,
        "LPC Efficiency": 0.9,
        "LPT Power": 11.22569835201621,
        "LPT Efficiency": 0.9100000000000004,
        "HP Shaft Speed": 15183.0,
        "HPC Power": 12.10115811545894,
        "HPC Efficiency": 0.89,
        "HPT Power": 12.50182612755036,
        "HPT Efficiency": 0.8999999999999998,
        "Burner Power": 6.101667540476221,
        "Burner Efficiency": 0.18173435076375424
    }
}