{
    "Stages": [
        "0. Fan Inlet",
        "1. LPC Inlet",
        "2. HPC Inlet",
        "3. Burner Inlet",
        "4. HPT Inlet",
        "5. LPT Inlet",
        "6. Core Nozz Inlet",
        "7. Core Nozz Outlet",
        "8. Byp Nozz Outlet"
    ],
    "Total Temperatures": [
        15.000057655676706,
        59.942033320834994,
        139.95697080771498,
        487.3357594492608,
        1328.125,
        1039.2701365578152,
        748.2394493171984,
        748.2394493171984,
        59.94203332083493
    ],
    "Static Temperatures": [
        1.2698087753191583,
        44.11029440122737,
        120.50659961430016,
        454.5899207102772,
        1273.0463163367767,
        991.813035483816,
        709.0132995831606,
        605.5043232741461,
        4.4391862677623966
    ],
    "Total Pressures": [
        99.29823547694355,
        158.87717676310967,
        317.75435352621935,
        2432.806769185117,
        2238.1822276503076,
        829.6678613427035,
        253.22842785021302,
        253.22842785021302,
        158.87717676310967
    ],
    "Static Pressures": [
        84.124656235234,
        133.97926458691475,
        267.52254953831897,
        2058.7534071410983,
        1912.276377709604,
        706.8866014208344,
        215.1465950831897,
        136.62134258454302,
        84.07825298491295
    ],
    "Entropies": [
        6834.413225585567,
        6845.607178771453,
        6865.411001852655,
        6919.425035917314,
        7936.9448421203615,
        7968.514094237214,
        8003.344891999152,
        8003.344891999152,
        6845.607178771453
    ],
    "Specifice Volumes": [
        0.9354134467594015,
        0.6780422909737034,
        0.42158869626980144,
        0.101423589021007,
        0.23205980922934577,
        0.513582225491545,
        1.30990554904272,
        1.8452621853861921,
        0.9458112098493406
    ],
    "Performance": {
        "Thrust": 99999.99999999999,
        "OPR": 24.009999999999998,
        "T4": 1328.125,
        "Thermal Efficiency": 0.44168116851065253,
        "SFC": 0.05265294427631339,
        "TSFC": 7.4919042732996175,
        "Air Mass Flow Rate": 190.24739994900023,
        "Fuel Mass Flow Rate": 0.7491904273299616,
        "Core EGT": 748.2394493171984,
        "Bypass EGT": 59.94203332083493,
        "FAR": 0.024021677079097352,
        "Specific Thrust": 0.5256313622515055
    },
    "Pressure Ratios": {
        "Fan": 1.6,
        "LPC": 2.0,
        "HPC": 7.65625,
        "HPT": 2.69768461806887,
        "LPT": 3.2763614590438466
    },
    "Mechanical Parameters": {
        "LP Shaft Speed": 5490.0,
        "Fan Power": 8.596597981201187,
        "Fan Efficiency": 0.92,
        "LPC Power": 2.5219394978808145,
        "LPC Efficiency": 0.9,
        "LPT Power": 11.34544640722653,
        "LPT Efficiency": 0.91,
        "HP Shaft Speed": 15183.0,
        "HPC Power": 11.369836979875343,
        "HPC Efficiency": 0.89,
        "HPT Power": 11.755580070832412,
        "HPT Efficiency": 0.9000000000000001,
        "Burner Power": 5.739260598070302,
        "Burner Efficiency": 0.17815387360859247
    }
}