{
    "Stages": [
        "0. Fan Inlet",
        "1. LPC Inlet",
        "2. HPC Inlet",
        "3. Burner Inlet",
        "4. HPT Inlet",
        "5. LPT Inlet",
        "6. Core Nozz Inlet",
        "7. Core Nozz Outlet",
        "8. Byp Nozz Outlet"
    ],
    "Total Temperatures": [
        15.000057655676706,
        59.942033320834994,
        139.95697080771498,
        503.250631975832,
        1448.8281249999998,
        1153.946568318978,
        870.8155850082338,
        870.8155850082338,
        59.94203332083493
    ],
    "Static Temperatures": [
        1.2698087753191583,
        44.11029440122737,
        120.50659961430016,
        469.9734516190097,
        1391.196239806741,
        1103.7423572549474,
        828.3758493761285,
        715.8727538208973,
        4.4391862677623966
    ],
    "Total Pressures": [
        99.29823547694355,
        158.87717676310967,
        317.75435352621935,
        2612.7848209870767,
        2403.7620353081084,
        921.3553733883235,
        316.190145323927,
        316.190145323927,
        158.87717676310967
    ],
    "Static Pressures": [
        84.124656235234,
        133.97926458691475,
        267.52254953831897,
        2214.6830600395415,
        2053.702418533683,
        786.6184811292532,
        269.3749115280852,
        171.54323002494368,
        84.07825298491304
    ],
    "Entropies": [
        6834.413225585567,
        6845.607178771453,
        6865.411001852655,
        6920.969738934783,
        8025.893437990909,
        8056.162354249439,
        8087.168309693305,
        8087.168309693305,
        6845.607178771453
    ],
    "Specifice Volumes": [
        0.9354134467594015,
        0.6780422909737055,
        0.42158869626980144,
        0.09627607183186956,
        0.232576175477243,
        0.5023372270065867,
        1.1734928892306102,
        1.6545417069293344,
        0.9458112098493395
    ],
    "Performance": {
        "Thrust": 99999.99999999999,
        "OPR": 25.786249999999995,
        "T4": 1448.8281249999998,
        "Thermal Efficiency": 0.4019807822540217,
        "SFC": 0.05785304915097271,
        "TSFC": 8.389832416144495,
        "Air Mass Flow Rate": 185.55492943944753,
        "Fuel Mass Flow Rate": 0.8389832416144494,
        "Core EGT": 870.8155850082338,
        "Bypass EGT": 59.94203332083493,
        "FAR": 0.02758103915271214,
        "Specific Thrust": 0.5389239741681622
    },
    "Pressure Ratios": {
        "Fan": 1.6,
        "LPC": 2.0,
        "HPC": 8.22265625,
        "HPT": 2.6089412454047682,
        "LPT": 2.9139281758589393
    },
    "Mechanical Parameters": {
        "LP Shaft Speed": 5490.0,
        "Fan Power": 8.384562061025244,
        "Fan Efficiency": 0.92,
        "LPC Power": 2.459735616388325,
        "LPC Efficiency": 0.9,
        "LPT Power": 11.065609874911804,
        "LPT Efficiency": 0.91,
        "HP Shaft Speed": 15183.0,
        "HPC Power": 11.617912127334883,
        "HPC Efficiency": 0.89,
        "HPT Power": 12.008717976403368,
        "HPT Efficiency": 0.9000000000000001,
        "Burner Power": 6.464220979187623,
        "Burner Efficiency": 0.1791820300926911
    }
}