{
    "Stages": [
        "0. Fan Inlet",
        "1. LPC Inlet",
        "2. HPC Inlet",
        "3. Burner Inlet",
        "4. HPT Inlet",
        "5. LPT Inlet",
        "6. Core Nozz Inlet",
        "7. Core Nozz Outlet",
        "8. Byp Nozz Outlet"
    ],
    "Total Temperatures": [
        15.000057655676706,
        59.942033320834994,
        139.95697080771498,
        464.7482048135552,
        1321.0937499999998,
        1051.7929080233016,
        761.6419085989409,
        761.6419085989411,
        59.94203332083493
    ],
    "Static Temperatures": [
        1.2698087753191583,
        44.11029440122737,
        120.50659961430016,
        432.77480368714293,
        1266.2395028753438,
        1004.0180165620623,
        722.0739843107249,
        617.5629222294025,
        4.4391862677623966
    ],
    "Total Pressures": [
        99.29823547694355,
        158.87717676310967,
        317.75435352621935,
        2184.561180492758,
        2009.7962860533376,
        797.9386991614648,
        246.72701419631167,
        246.72701419631173,
        158.87717676310967
    ],
    "Static Pressures": [
        84.124656235234,
        133.97926458691475,
        267.52254953831897,
        1849.8255896576095,
        1715.378267814091,
        680.6729385150214,
        210.10602147324497,
        133.55888213355408,
        84.07825298491292
    ],
    "Entropies": [
        6834.413225585567,
        6845.607178771453,
        6865.411001852655,
        6917.350451565413,
        7963.553005395632,
        7992.679842784177,
        8027.1594350591895,
        8027.1594350591895,
        6845.607178771453
    ],
    "Specifice Volumes": [
        0.9354134467594015,
        0.6780422909737055,
        0.42158869626980144,
        0.1094827862284436,
        0.2575590847628725,
        0.5384588445551364,
        1.3594298804931408,
        1.9140642473658565,
        0.9458112098493406
    ],
    "Performance": {
        "Thrust": 99999.99999999999,
        "OPR": 21.56,
        "T4": 1321.0937499999998,
        "Thermal Efficiency": 0.4371147822649668,
        "SFC": 0.05320299128980576,
        "TSFC": 7.598345576731119,
        "Air Mass Flow Rate": 190.0220235598755,
        "Fuel Mass Flow Rate": 0.7598345576731118,
        "Core EGT": 761.6419085989411,
        "Bypass EGT": 59.94203332083493,
        "FAR": 0.024391861085225768,
        "Specific Thrust": 0.5262547894533405
    },
    "Pressure Ratios": {
        "Fan": 1.6,
        "LPC": 2.0,
        "HPC": 6.875,
        "HPT": 2.518735196281851,
        "LPT": 3.2340953898407494
    },
    "Mechanical Parameters": {
        "LP Shaft Speed": 5490.0,
        "Fan Power": 8.586414030133897,
        "Fan Efficiency": 0.92,
        "LPC Power": 2.518951884816059,
        "LPC Efficiency": 0.9,
        "LPT Power": 11.332006035663218,
        "LPT Efficiency": 0.91,
        "HP Shaft Speed": 15183.0,
        "HPC Power": 10.591952679113877,
        "HPC Efficiency": 0.89,
        "HPT Power": 10.96182058025949,
        "HPT Efficiency": 0.9000000000000001,
        "Burner Power": 5.687158688111193,
        "Burner Efficiency": 0.17406355507138996
    }
}