{
    "Stages": [
        "0. Fan Inlet",
        "1. LPC Inlet",
        "2. HPC Inlet",
        "3. Burner Inlet",
        "4. HPT Inlet",
        "5. LPT Inlet",
        "6. Core Nozz Inlet",
        "7. Core Nozz Outlet",
        "8. Byp Nozz Outlet"
    ],
    "Total Temperatures": [
        15.000057655676706,
        59.94203332083493,
        139.95697080771524,
        466.5815841564018,
        1407.8124999999998,
        1142.1339785717348,
        858.2177689352037,
        858.2177689352037,
        59.94203332083493
    ],
    "Static Temperatures": [
        1.2698087753191583,
        44.11029440122737,
        120.50659961430036,
        434.5464229759152,
        1351.1088302198825,
        1092.2034777203398,
        816.0796965973926,
        704.4670355578182,
        4.4391862677623966
    ],
    "Total Pressures": [
        99.29823547694355,
        158.8771767631097,
        317.7543535262194,
        2203.1795996446854,
        2026.9252316731126,
        847.334157942345,
        286.6898768844911,
        286.68987688449107,
        158.8771767631097
    ],
    "Static Pressures": [
        84.12465623523384,
        133.9792645869146,
        267.52254953831846,
        1865.9861450832004,
        1730.6785177789327,
        722.6918422943739,
        244.25606584729834,
        155.52023889360515,
        84.07825298491284
    ],
    "Entropies": [
        6834.413225585567,
        6845.607178771453,
        6865.411001852656,
        6917.529801816124,
        8041.245955215326,
        8068.611520936034,
        8100.044171224982,
        8100.044171224982,
        6845.607178771453
    ],
    "Specifice Volumes": [
        0.9354134467594031,
        0.6780422909737037,
        0.42158869626980255,
        0.10881153267247058,
        0.26933771157200803,
        0.542194047233999,
        1.2796896549532453,
        1.8036364171461805,
        0.9458112098493419
    ],
    "Performance": {
        "Thrust": 99999.99999999999,
        "OPR": 21.743750000000002,
        "T4": 1407.8124999999998,
        "Thermal Efficiency": 0.4059554468897425,
        "SFC": 0.057286616380355294,
        "TSFC": 8.310631722044642,
        "Air Mass Flow Rate": 186.44924694815504,
        "Fuel Mass Flow Rate": 0.831063172204464,
        "Core EGT": 858.2177689352037,
        "Bypass EGT": 59.94203332083493,
        "FAR": 0.027189626310782984,
        "Specific Thrust": 0.5363389857391404
    },
    "Pressure Ratios": {
        "Fan": 1.6,
        "LPC": 2.0,
        "HPC": 6.93359375,
        "HPT": 2.3921202900580223,
        "LPT": 2.955577529107316
    },
    "Mechanical Parameters": {
        "LP Shaft Speed": 5490.0,
        "Fan Power": 8.424973063183312,
        "Fan Efficiency": 0.92,
        "LPC Power": 2.471590783131534,
        "LPC Efficiency": 0.9,
        "LPT Power": 11.118942700321265,
        "LPT Efficiency": 0.91,
        "HP Shaft Speed": 15183.0,
        "HPC Power": 10.453520518975097,
        "HPC Efficiency": 0.89,
        "HPT Power": 10.820563273995425,
        "HPT Efficiency": 0.9000000000000001,
        "Burner Power": 6.177247556592786,
        "Burner Efficiency": 0.1728592058046569
    }
}