{
    "Stages": [
        "0. Fan Inlet",
        "1. LPC Inlet",
        "2. HPC Inlet",
        "3. Burner Inlet",
        "4. HPT Inlet",
        "5. LPT Inlet",
        "6. Core Nozz Inlet",
        "7. Core Nozz Outlet",
        "8. Byp Nozz Outlet"
    ],
    "Total Temperatures": [
        15.000057655676706,
        59.942033320834994,
        139.95697080771498,
        517.3126944064134,
        1408.9843749999998,
        1099.0260579941464,
        812.168930291964,
        812.168930291964,
        59.94203332083493
    ],
    "Static Temperatures": [
        1.2698087753191583,
        44.11029440122737,
        120.50659961430016,
        483.56223973521986,
        1352.0983951748283,
        1050.0946046900117,
        771.2442506661632,
        662.9934227977843,
        4.4391862677623966
    ],
    "Total Pressures": [
        99.29823547694355,
        158.87717676310967,
        317.75435352621935,
        2792.7628727890374,
        2569.341842965917,
        917.4595038767601,
        298.45892498565684,
        298.45892498565684,
        158.87717676310967
    ],
    "Static Pressures": [
        84.124656235234,
        133.97926458691475,
        267.52254953831897,
        2363.9555101850638,
        2195.599817613292,
        782.6261958836795,
        253.84625825629632,
        161.35658107209102,
        84.078252984913
    ],
    "Entropies": [
        6834.413225585567,
        6845.607178771453,
        6865.411001852655,
        6922.117753748006,
        7969.113767445956,
        8001.92288552993,
        8034.631382395901,
        8034.631382395901,
        6845.607178771453
    ],
    "Specifice Volumes": [
        0.9354134467594015,
        0.6780422909737055,
        0.42158869626980144,
        0.09186629021698665,
        0.21243457742705818,
        0.4851971451677643,
        1.180535214291082,
        1.664668025235157,
        0.9458112098493399
    ],
    "Performance": {
        "Thrust": 99999.99999999999,
        "OPR": 27.562499999999996,
        "T4": 1408.9843749999998,
        "Thermal Efficiency": 0.41970570218811776,
        "SFC": 0.05540981176153952,
        "TSFC": 7.950758398687387,
        "Air Mass Flow Rate": 187.45998231484435,
        "Fuel Mass Flow Rate": 0.7950758398687385,
        "Core EGT": 812.168930291964,
        "Bypass EGT": 59.94203332083493,
        "FAR": 0.02587198912167641,
        "Specific Thrust": 0.5334471857148004
    },
    "Pressure Ratios": {
        "Fan": 1.6,
        "LPC": 2.0,
        "HPC": 8.7890625,
        "HPT": 2.80049618768901,
        "LPT": 3.0739891726168045
    },
    "Mechanical Parameters": {
        "LP Shaft Speed": 5490.0,
        "Fan Power": 8.470644570994411,
        "Fan Efficiency": 0.92,
        "LPC Power": 2.484989197216775,
        "LPC Efficiency": 0.9,
        "LPT Power": 11.179218130827739,
        "LPT Efficiency": 0.9099999999999998,
        "HP Shaft Speed": 15183.0,
        "HPC Power": 12.209861545913698,
        "HPC Efficiency": 0.89,
        "HPT Power": 12.61274799536135,
        "HPT Efficiency": 0.9,
        "Burner Power": 6.232024720122649,
        "Burner Efficiency": 0.18228551312619412
    }
}