{
    "Stages": [
        "0. Fan Inlet",
        "1. LPC Inlet",
        "2. HPC Inlet",
        "3. Burner Inlet",
        "4. HPT Inlet",
        "5. LPT Inlet",
        "6. Core Nozz Inlet",
        "7. Core Nozz Outlet",
        "8. Byp Nozz Outlet"
    ],
    "Total Temperatures": [
        15.000057655676706,
        59.942033320834994,
        139.95697080771498,
        510.2389991823411,
        1401.9531249999998,
        1097.770996918593,
        810.8203280240615,
        810.8203280240615,
        59.94203332083493
    ],
    "Static Temperatures": [
        1.2698087753191583,
        44.11029440122737,
        120.50659961430016,
        476.72902512694634,
        1345.243844154807,
        1048.8657453684707,
        769.9323782301059,
        661.7808023411083,
        4.4391862677623966
    ],
    "Total Pressures": [
        99.29823547694355,
        158.87717676310967,
        317.75435352621935,
        2699.6707770294024,
        2483.6971148670527,
        902.2579952653716,
        292.632673449664,
        292.6326734496638,
        158.87717676310967
    ],
    "Static Pressures": [
        84.124656235234,
        133.97926458691475,
        267.52254953831886,
        2283.776710305255,
        2121.915824883107,
        769.4624718764011,
        248.82561361339987,
        158.27573037584997,
        84.07825298491287
    ],
    "Entropies": [
        6834.413225585567,
        6845.607178771453,
        6865.411001852655,
        6921.648033375641,
        7973.423509371655,
        8005.631072988909,
        8038.390635620665,
        8038.390635620666,
        6845.607178771453
    ],
    "Specifice Volumes": [
        0.9354134467594015,
        0.6780422909737055,
        0.42158869626980155,
        0.09423831593275926,
        0.21889160556494272,
        0.4930371675620184,
        1.2028448038765622,
        1.6949002692467434,
        0.9458112098493415
    ],
    "Performance": {
        "Thrust": 99999.99999999999,
        "OPR": 26.643749999999997,
        "T4": 1401.9531249999998,
        "Thermal Efficiency": 0.42019668231028,
        "SFC": 0.05534506799441101,
        "TSFC": 7.943855237572308,
        "Air Mass Flow Rate": 187.60706254684743,
        "Fuel Mass Flow Rate": 0.7943855237572307,
        "Core EGT": 810.8203280240615,
        "Bypass EGT": 59.94203332083493,
        "FAR": 0.025829260525355075,
        "Specific Thrust": 0.5330289736561967
    },
    "Pressure Ratios": {
        "Fan": 1.6,
        "LPC": 2.0,
        "HPC": 8.49609375,
        "HPT": 2.752757113708423,
        "LPT": 3.083244207248681
    },
    "Mechanical Parameters": {
        "LP Shaft Speed": 5490.0,
        "Fan Power": 8.477290599407159,
        "Fan Efficiency": 0.92,
        "LPC Power": 2.4869389082064943,
        "LPC Efficiency": 0.9,
        "LPT Power": 11.187989293483318,
        "LPT Efficiency": 0.9099999999999999,
        "HP Shaft Speed": 15183.0,
        "HPC Power": 11.981041681620173,
        "HPC Efficiency": 0.89,
        "HPT Power": 12.379258337918975,
        "HPT Efficiency": 0.9000000000000002,
        "Burner Power": 6.185712365312931,
        "Burner Efficiency": 0.18108811356118398
    }
}