{
    "Stages": [
        "0. Fan Inlet",
        "1. LPC Inlet",
        "2. HPC Inlet",
        "3. Burner Inlet",
        "4. HPT Inlet",
        "5. LPT Inlet",
        "6. Core Nozz Inlet",
        "7. Core Nozz Outlet",
        "8. Byp Nozz Outlet"
    ],
    "Total Temperatures": [
        15.000057655676706,
        59.942033320834994,
        139.95697080771498,
        499.9579015020404,
        1307.03125,
        1005.4558809064533,
        711.9831660728668,
        711.9831660728668,
        59.94203332083493
    ],
    "Static Temperatures": [
        1.2698087753191583,
        44.11029440122737,
        120.50659961430016,
        466.7905185649268,
        1252.3481007172113,
        958.8399245085851,
        673.746227254301,
        572.9888392986221,
        4.4391862677623966
    ],
    "Total Pressures": [
        99.29823547694355,
        158.87717676310967,
        317.75435352621935,
        2575.5479826832234,
        2369.5041440685654,
        827.0356649670003,
        242.76750776043352,
        242.76750776043343,
        158.87717676310967
    ],
    "Static Pressures": [
        84.124656235234,
        133.97926458691475,
        267.52254953831897,
        2182.420285721417,
        2021.614386729483,
        704.4526308071952,
        206.50239040184837,
        131.08697719594642,
        84.07825298491287
    ],
    "Entropies": [
        6834.413225585567,
        6845.607178771453,
        6865.411001852655,
        6920.650145208541,
        7899.696574673829,
        7933.364398463581,
        7969.554616110004,
        7969.554616110004,
        6845.607178771453
    ],
    "Specifice Volumes": [
        0.9354134467594015,
        0.6780422909737055,
        0.42158869626980144,
        0.09727378620672954,
        0.2165539911374947,
        0.5019381178267746,
        1.3156980219657401,
        1.8520207968835405,
        0.9458112098493416
    ],
    "Performance": {
        "Thrust": 99999.99999999999,
        "OPR": 25.41875,
        "T4": 1307.03125,
        "Thermal Efficiency": 0.45506956301409646,
        "SFC": 0.05110386596602153,
        "TSFC": 7.224209906580667,
        "Air Mass Flow Rate": 191.55219958337625,
        "Fuel Mass Flow Rate": 0.7224209906580665,
        "Core EGT": 711.9831660728668,
        "Bypass EGT": 59.94203332083493,
        "FAR": 0.023005572645988268,
        "Specific Thrust": 0.5220509094518299
    },
    "Pressure Ratios": {
        "Fan": 1.6,
        "LPC": 2.0,
        "HPC": 8.10546875,
        "HPT": 2.865056785868009,
        "LPT": 3.4066983370078128
    },
    "Mechanical Parameters": {
        "LP Shaft Speed": 5490.0,
        "Fan Power": 8.65555719907095,
        "Fan Efficiency": 0.92,
        "LPC Power": 2.539236058756997,
        "LPC Efficiency": 0.9,
        "LPT Power": 11.42325842635505,
        "LPT Efficiency": 0.9099999999999999,
        "HP Shaft Speed": 15183.0,
        "HPC Power": 11.880529721635794,
        "HPC Efficiency": 0.89,
        "HPT Power": 12.276695113445117,
        "HPT Efficiency": 0.9,
        "Burner Power": 5.620429211674956,
        "Burner Efficiency": 0.18093003633020147
    }
}