{
    "Stages": [
        "0. Fan Inlet",
        "1. LPC Inlet",
        "2. HPC Inlet",
        "3. Burner Inlet",
        "4. HPT Inlet",
        "5. LPT Inlet",
        "6. Core Nozz Inlet",
        "7. Core Nozz Outlet",
        "8. Byp Nozz Outlet"
    ],
    "Total Temperatures": [
        15.000057655676706,
        59.942033320834994,
        139.95697080771498,
        482.39665668477534,
        1326.953125,
        1042.4219043596522,
        751.6247973716657,
        751.6247973716657,
        59.94203332083493
    ],
    "Static Temperatures": [
        1.2698087753191583,
        44.11029440122737,
        120.50659961430016,
        449.81605240115726,
        1271.9178759125557,
        994.8949081218636,
        712.3042198716995,
        608.5403404018007,
        4.4391862677623966
    ],
    "Total Pressures": [
        99.29823547694355,
        158.87717676310967,
        317.75435352621935,
        2376.9515117293363,
        2186.795390790989,
        822.0325954354983,
        251.82200293131893,
        251.8220029313188,
        158.87717676310967
    ],
    "Static Pressures": [
        84.124656235234,
        133.97926458691484,
        267.52254953831897,
        2010.3650805430586,
        1868.0322112312629,
        700.4271950520598,
        213.92806788746807,
        135.95664119072075,
        84.07825298491301
    ],
    "Entropies": [
        6834.413225585567,
        6845.607178771453,
        6865.411001852655,
        6918.94564532194,
        7943.30522843071,
        7974.327210228448,
        8009.10917127573,
        8009.10917127573,
        6845.607178771453
    ],
    "Specifice Volumes": [
        0.9354134467594015,
        0.678042290973703,
        0.42158869626980144,
        0.10320168733968016,
        0.2373857499538431,
        0.5196056953187567,
        1.3218537882657495,
        1.8608005268799275,
        0.9458112098493399
    ],
    "Performance": {
        "Thrust": 99999.99999999999,
        "OPR": 23.45875,
        "T4": 1326.953125,
        "Thermal Efficiency": 0.44051286309504656,
        "SFC": 0.05279258768993227,
        "TSFC": 7.518585874246405,
        "Air Mass Flow Rate": 190.18460763937756,
        "Fuel Mass Flow Rate": 0.7518585874246404,
        "Core EGT": 751.6247973716657,
        "Bypass EGT": 59.94203332083493,
        "FAR": 0.024115187029156344,
        "Specific Thrust": 0.5258049073541063
    },
    "Pressure Ratios": {
        "Fan": 1.6,
        "LPC": 2.0,
        "HPC": 7.48046875,
        "HPT": 2.6602295370446516,
        "LPT": 3.2643398347510426
    },
    "Mechanical Parameters": {
        "LP Shaft Speed": 5490.0,
        "Fan Power": 8.593760621835003,
        "Fan Efficiency": 0.92,
        "LPC Power": 2.521107116435165,
        "LPC Efficiency": 0.9,
        "LPT Power": 11.34170177374507,
        "LPT Efficiency": 0.9100000000000001,
        "HP Shaft Speed": 15183.0,
        "HPC Power": 11.197970528487614,
        "HPC Efficiency": 0.89,
        "HPT Power": 11.580206140844929,
        "HPT Efficiency": 0.9,
        "Burner Power": 5.730496880620752,
        "Burner Efficiency": 0.17725057816157377
    }
}