{
    "Stages": [
        "0. Fan Inlet",
        "1. LPC Inlet",
        "2. HPC Inlet",
        "3. Burner Inlet",
        "4. HPT Inlet",
        "5. LPT Inlet",
        "6. Core Nozz Inlet",
        "7. Core Nozz Outlet",
        "8. Byp Nozz Outlet"
    ],
    "Total Temperatures": [
        15.000057655676706,
        59.942033320834994,
        139.95697080771498,
        530.9760672033941,
        1441.796875,
        1122.0655580856178,
        836.7986681139795,
        836.7986681139795,
        59.94203332083493
    ],
    "Static Temperatures": [
        1.2698087753191583,
        44.11029440122737,
        120.50659961430016,
        496.77229588184645,
        1384.2033850611836,
        1072.6039396288818,
        795.2408644680593,
        685.2079727428534,
        4.4391862677623966
    ],
    "Total Pressures": [
        99.29823547694355,
        158.87717676310967,
        317.75435352621935,
        2966.5347848736883,
        2729.2120020837906,
        955.5981289747236,
        318.21965248146086,
        318.21965248146086,
        158.87717676310967
    ],
    "Static Pressures": [
        84.124656235234,
        133.97926458691475,
        267.52254953831897,
        2514.2495670928356,
        2330.7352000339242,
        814.5491111805879,
        271.0266843777974,
        172.53395192066256,
        84.07825298491287
    ],
    "Entropies": [
        6834.413225585567,
        6845.607178771453,
        6865.411001852655,
        6923.294252584807,
        7980.157143152093,
        8013.637592447783,
        8045.639695963712,
        8045.639695963712,
        6845.607178771453
    ],
    "Specifice Volumes": [
        0.9354134467594015,
        0.6780422909737034,
        0.42158869626980144,
        0.0878576512540951,
        0.2040731296002405,
        0.4741255870534984,
        1.1312263733484436,
        1.5942289705853385,
        0.9458112098493415
    ],
    "Performance": {
        "Thrust": 99999.99999999999,
        "OPR": 29.277499999999996,
        "T4": 1441.796875,
        "Thermal Efficiency": 0.41189326007755395,
        "SFC": 0.05646077808874469,
        "TSFC": 8.127863570623937,
        "Air Mass Flow Rate": 186.42084247761738,
        "Fuel Mass Flow Rate": 0.8127863570623935,
        "Core EGT": 836.7986681139795,
        "Bypass EGT": 59.94203332083493,
        "FAR": 0.026595721337735512,
        "Specific Thrust": 0.536420706348897
    },
    "Pressure Ratios": {
        "Fan": 1.6,
        "LPC": 2.0,
        "HPC": 9.3359375,
        "HPT": 2.8560248490775146,
        "LPT": 3.0029513310162224
    },
    "Mechanical Parameters": {
        "LP Shaft Speed": 5490.0,
        "Fan Power": 8.423689566987598,
        "Fan Efficiency": 0.92,
        "LPC Power": 2.471214250489375,
        "LPC Efficiency": 0.9,
        "LPT Power": 11.117248793343846,
        "LPT Efficiency": 0.9100000000000001,
        "HP Shaft Speed": 15183.0,
        "HPC Power": 12.601413234090584,
        "HPC Efficiency": 0.89,
        "HPT Power": 13.012290534317351,
        "HPT Efficiency": 0.9,
        "Burner Power": 6.444011578302085,
        "Burner Efficiency": 0.18437899833942983
    }
}