{
    "Stages": [
        "0. Fan Inlet",
        "1. LPC Inlet",
        "2. HPC Inlet",
        "3. Burner Inlet",
        "4. HPT Inlet",
        "5. LPT Inlet",
        "6. Core Nozz Inlet",
        "7. Core Nozz Outlet",
        "8. Byp Nozz Outlet"
    ],
    "Total Temperatures": [
        15.000057655676706,
        59.942033320834994,
        139.95697080771498,
        502.15305525402243,
        1423.046875,
        1127.406872686826,
        842.4821703461816,
        842.4821703461816,
        59.94203332083493
    ],
    "Static Temperatures": [
        1.2698087753191583,
        44.11029440122737,
        120.50659961430016,
        468.9124661910169,
        1365.9473989727555,
        1077.8066488513073,
        800.7679237065717,
        690.3148749843455,
        4.4391862677623966
    ],
    "Total Pressures": [
        99.29823547694355,
        158.87717676310967,
        317.75435352621935,
        2600.372541552459,
        2392.342738228265,
        905.1030593336052,
        302.6931040514759,
        302.6931040514757,
        158.87717676310967
    ],
    "Static Pressures": [
        84.124656235234,
        133.97926458691475,
        267.52254953831897,
        2203.9287168900682,
        2043.7868869481251,
        772.2196871290355,
        257.6101363974844,
        163.92017371310087,
        84.07825298491301
    ],
    "Entropies": [
        6834.413225585567,
        6845.607178771453,
        6865.411001852655,
        6920.86320769279,
        8004.086101118161,
        8034.858694296077,
        8066.658292073463,
        8066.658292073463,
        6845.607178771453
    ],
    "Specifice Volumes": [
        0.9354134467594015,
        0.6780422909737034,
        0.42158869626980144,
        0.09660499132182046,
        0.23016796226382463,
        0.5020333277181103,
        1.1962109042180462,
        1.686704100134323,
        0.9458112098493399
    ],
    "Performance": {
        "Thrust": 99999.99999999999,
        "OPR": 25.663749999999997,
        "T4": 1423.046875,
        "Thermal Efficiency": 0.410390251649382,
        "SFC": 0.056667559377986974,
        "TSFC": 8.179906818467453,
        "Air Mass Flow Rate": 186.5542718594568,
        "Fuel Mass Flow Rate": 0.8179906818467451,
        "Core EGT": 842.4821703461816,
        "Bypass EGT": 59.94203332083493,
        "FAR": 0.02674687161827222,
        "Specific Thrust": 0.5360370416783399
    },
    "Pressure Ratios": {
        "Fan": 1.6,
        "LPC": 2.0,
        "HPC": 8.18359375,
        "HPT": 2.643171640575008,
        "LPT": 2.990167424427626
    },
    "Mechanical Parameters": {
        "LP Shaft Speed": 5490.0,
        "Fan Power": 8.429718762418709,
        "Fan Efficiency": 0.92,
        "LPC Power": 2.4729830043768324,
        "LPC Efficiency": 0.9,
        "LPT Power": 11.125205884485247,
        "LPT Efficiency": 0.9100000000000001,
        "HP Shaft Speed": 15183.0,
        "HPC Power": 11.643837173222591,
        "HPC Efficiency": 0.89,
        "HPT Power": 12.035172104860218,
        "HPT Efficiency": 0.9000000000000005,
        "Burner Power": 6.306952689838845,
        "Burner Efficiency": 0.17930927775021432
    }
}