{
    "Stages": [
        "0. Fan Inlet",
        "1. LPC Inlet",
        "2. HPC Inlet",
        "3. Burner Inlet",
        "4. HPT Inlet",
        "5. LPT Inlet",
        "6. Core Nozz Inlet",
        "7. Core Nozz Outlet",
        "8. Byp Nozz Outlet"
    ],
    "Total Temperatures": [
        15.000057655676706,
        59.942033320834994,
        139.95697080771538,
        519.6640327088872,
        1371.484375,
        1056.7518033906867,
        766.9603208512985,
        766.9603208512985,
        59.942033320834994
    ],
    "Static Temperatures": [
        1.2698087753191583,
        44.1102944012275,
        120.50659961430048,
        485.8354837721612,
        1315.362929612083,
        1008.849118800409,
        727.2468795572261,
        622.341878007811,
        4.43918626776246
    ],
    "Total Pressures": [
        99.29823547694352,
        158.87717676310965,
        317.7543535262193,
        2823.7935713755815,
        2597.890085665535,
        895.4751672967412,
        278.38661766488195,
        278.38661766488184,
        158.87717676310965
    ],
    "Static Pressures": [
        84.124656235234,
        133.97926458691427,
        267.5225495383182,
        2390.790081699328,
        2219.542220897298,
        763.5006275025669,
        236.96918726983932,
        150.6028634687125,
        84.07825298491278
    ],
    "Entropies": [
        6834.413225585567,
        6845.607178771453,
        6865.411001852656,
        6922.206705339397,
        7931.144471743281,
        7965.299750397399,
        7999.565834415572,
        7999.565834415572,
        6845.607178771453
    ],
    "Specifice Volumes": [
        0.9354134467594013,
        0.6780422909737036,
        0.4215886962698031,
        0.09109976033032836,
        0.20539423579097243,
        0.48184510538675107,
        1.2114357740893682,
        1.7062752058707629,
        0.9458112098493425
    ],
    "Performance": {
        "Thrust": 99999.99999999999,
        "OPR": 27.868750000000002,
        "T4": 1371.484375,
        "Thermal Efficiency": 0.4347386733321077,
        "SFC": 0.05349377771073676,
        "TSFC": 7.617686174719055,
        "Air Mass Flow Rate": 189.10191279346694,
        "Fuel Mass Flow Rate": 0.7617686174719054,
        "Core EGT": 766.9603208512985,
        "Bypass EGT": 59.942033320834994,
        "FAR": 0.02457293264745423,
        "Specific Thrust": 0.5288153806736892
    },
    "Pressure Ratios": {
        "Fan": 1.6,
        "LPC": 2.0,
        "HPC": 8.88671875,
        "HPT": 2.901130238465697,
        "LPT": 3.216660249172075
    },
    "Mechanical Parameters": {
        "LP Shaft Speed": 5490.0,
        "Fan Power": 8.54483752312718,
        "Fan Efficiency": 0.92,
        "LPC Power": 2.5067547999420947,
        "LPC Efficiency": 0.9,
        "LPT Power": 11.277135023540074,
        "LPT Efficiency": 0.9099999999999998,
        "HP Shaft Speed": 15183.0,
        "HPC Power": 12.39697213397878,
        "HPC Efficiency": 0.89,
        "HPT Power": 12.80367716685633,
        "HPT Efficiency": 0.9,
        "Burner Power": 6.004227944034184,
        "Burner Efficiency": 0.1833013395382421
    }
}