{
    "Stages": [
        "0. Fan Inlet",
        "1. LPC Inlet",
        "2. HPC Inlet",
        "3. Burner Inlet",
        "4. HPT Inlet",
        "5. LPT Inlet",
        "6. Core Nozz Inlet",
        "7. Core Nozz Outlet",
        "8. Byp Nozz Outlet"
    ],
    "Total Temperatures": [
        15.000057655676706,
        59.942033320834994,
        139.95697080771498,
        489.5309155653572,
        1319.921875,
        1028.5903162859186,
        736.7641874652107,
        736.7641874652107,
        59.94203332083493
    ],
    "Static Temperatures": [
        1.2698087753191583,
        44.11029440122737,
        120.50659961430016,
        456.7116902712544,
        1265.015743271407,
        981.3650460399679,
        697.8583327393934,
        595.2140970536256,
        4.4391862677623966
    ],
    "Total Pressures": [
        99.29823547694355,
        158.87717676310967,
        317.75435352621935,
        2457.6313280543527,
        2261.0208218100047,
        827.5751985687268,
        249.13311487821926,
        249.13311487821917,
        158.87717676310967
    ],
    "Static Pressures": [
        84.124656235234,
        133.97926458691475,
        267.52254953831897,
        2080.2598826479566,
        1931.9112201320327,
        704.5868358672377,
        211.95084966293857,
        134.64455491273043,
        84.07825298491305
    ],
    "Entropies": [
        6834.413225585567,
        6845.607178771453,
        6865.411001852655,
        6919.638098403577,
        7925.9427799418445,
        7957.99116501082,
        7993.309044662977,
        7993.309044662977,
        6845.607178771453
    ],
    "Specifice Volumes": [
        0.9354134467594015,
        0.6780422909737055,
        0.42158869626980144,
        0.10066250613859834,
        0.22850672989174423,
        0.5109404960480328,
        1.3145309238098977,
        1.8503894620994639,
        0.9458112098493391
    ],
    "Performance": {
        "Thrust": 99999.99999999999,
        "OPR": 24.255,
        "T4": 1319.921875,
        "Thermal Efficiency": 0.44584849003067706,
        "SFC": 0.052160800077820674,
        "TSFC": 7.407029071434238,
        "Air Mass Flow Rate": 190.66728414205014,
        "Fuel Mass Flow Rate": 0.7407029071434237,
        "Core EGT": 736.7641874652107,
        "Bypass EGT": 59.94203332083493,
        "FAR": 0.023697236544307665,
        "Specific Thrust": 0.5244738259632334
    },
    "Pressure Ratios": {
        "Fan": 1.6,
        "LPC": 2.0,
        "HPC": 7.734375,
        "HPT": 2.7321031680509402,
        "LPT": 3.3218193373179647
    },
    "Mechanical Parameters": {
        "LP Shaft Speed": 5490.0,
        "Fan Power": 8.615571042632137,
        "Fan Efficiency": 0.92,
        "LPC Power": 2.5275055268056366,
        "LPC Efficiency": 0.9,
        "LPT Power": 11.370486295344667,
        "LPT Efficiency": 0.9100000000000001,
        "HP Shaft Speed": 15183.0,
        "HPC Power": 11.469837556679048,
        "HPC Efficiency": 0.89,
        "HPT Power": 11.857621475734149,
        "HPT Efficiency": 0.8999999999999997,
        "Burner Power": 5.692842909119669,
        "Burner Efficiency": 0.17873791811011117
    }
}