{
    "Stages": [
        "0. Fan Inlet",
        "1. LPC Inlet",
        "2. HPC Inlet",
        "3. Burner Inlet",
        "4. HPT Inlet",
        "5. LPT Inlet",
        "6. Core Nozz Inlet",
        "7. Core Nozz Outlet",
        "8. Byp Nozz Outlet"
    ],
    "Total Temperatures": [
        15.000057655676706,
        59.942033320834994,
        139.95697080771498,
        503.7994202981911,
        1362.1093749999998,
        1060.8901467637693,
        771.3740067121342,
        771.3740067121342,
        59.94203332083493
    ],
    "Static Temperatures": [
        1.2698087753191583,
        44.11029440122737,
        120.50659961430016,
        470.5039472368338,
        1306.2614720688355,
        1012.8779566783786,
        731.5374929302367,
        626.3004178067682,
        4.4391862677623966
    ],
    "Total Pressures": [
        99.29823547694355,
        158.87717676310967,
        317.75435352621935,
        2618.990960704386,
        2409.4716838480354,
        868.0582504575224,
        271.1558187828972,
        271.1558187828972,
        158.87717676310967
    ],
    "Static Pressures": [
        84.124656235234,
        133.97926458691484,
        267.52254953831897,
        2220.060263506576,
        2057.669538811864,
        739.7732253975998,
        230.720953568429,
        146.59940673361686,
        84.07825298491304
    ],
    "Entropies": [
        6834.413225585567,
        6845.607178771453,
        6865.411001852655,
        6921.0230045557455,
        7946.0936940878955,
        7978.644091449164,
        8012.734032811968,
        8012.734032811968,
        6845.607178771453
    ],
    "Specifice Volumes": [
        0.9354134467594015,
        0.678042290973703,
        0.42158869626980144,
        0.09611295915422696,
        0.22029839571446116,
        0.49886030107098983,
        1.2494993896367514,
        1.7604565403371404,
        0.9458112098493398
    ],
    "Performance": {
        "Thrust": 99999.99999999999,
        "OPR": 25.847499999999997,
        "T4": 1362.1093749999998,
        "Thermal Efficiency": 0.4333559526385526,
        "SFC": 0.05366446177072651,
        "TSFC": 7.65608628480853,
        "Air Mass Flow Rate": 189.14746435610328,
        "Fuel Mass Flow Rate": 0.7656086284808529,
        "Core EGT": 771.3740067121342,
        "Bypass EGT": 59.94203332083493,
        "FAR": 0.024690855093572432,
        "Specific Thrust": 0.5286880283614717
    },
    "Pressure Ratios": {
        "Fan": 1.6,
        "LPC": 2.0,
        "HPC": 8.2421875,
        "HPT": 2.7757027625485833,
        "LPT": 3.201326286685882
    },
    "Mechanical Parameters": {
        "LP Shaft Speed": 5490.0,
        "Fan Power": 8.546895834943818,
        "Fan Efficiency": 0.92,
        "LPC Power": 2.5073586362364746,
        "LPC Efficiency": 0.9,
        "LPT Power": 11.279851501204378,
        "LPT Efficiency": 0.91,
        "HP Shaft Speed": 15183.0,
        "HPC Power": 11.861424337855553,
        "HPC Efficiency": 0.89,
        "HPT Power": 12.257199823873437,
        "HPT Efficiency": 0.8999999999999999,
        "Burner Power": 5.944137197942229,
        "Burner Efficiency": 0.18055667562635275
    }
}