{
    "Stages": [
        "0. Fan Inlet",
        "1. LPC Inlet",
        "2. HPC Inlet",
        "3. Burner Inlet",
        "4. HPT Inlet",
        "5. LPT Inlet",
        "6. Core Nozz Inlet",
        "7. Core Nozz Outlet",
        "8. Byp Nozz Outlet"
    ],
    "Total Temperatures": [
        15.000057655676706,
        59.942033320834994,
        139.95697080771498,
        502.7018436277757,
        1419.53125,
        1123.1664642784162,
        837.9614843492318,
        837.9614843492318,
        59.94203332083493
    ],
    "Static Temperatures": [
        1.2698087753191583,
        44.11029440122737,
        120.50659961430016,
        469.44295793707937,
        1362.4954310623855,
        1073.6752582868335,
        796.3706823396972,
        686.2506873054109,
        4.4391862677623966
    ],
    "Total Pressures": [
        99.29823547694355,
        158.87717676310967,
        317.75435352621935,
        2606.578681269768,
        2398.052386768187,
        903.3944307146077,
        300.8276462975463,
        300.8276462975463,
        158.87717676310967
    ],
    "Static Pressures": [
        84.124656235234,
        133.97926458691475,
        267.52254953831897,
        2209.3058778341338,
        2048.509349859879,
        770.8309368138472,
        256.0201585199586,
        162.90763469500527,
        84.07825298491304
    ],
    "Entropies": [
        6834.413225585567,
        6845.607178771453,
        6865.411001852655,
        6920.916473313798,
        8000.1864248466445,
        8031.11003522183,
        8063.071101272606,
        8063.071101272606,
        6845.607178771453
    ],
    "Specifice Volumes": [
        0.9354134467594015,
        0.6780422909737055,
        0.42158869626980144,
        0.0964400804453239,
        0.22914833506311794,
        0.5014105472261956,
        1.1987762077926498,
        1.6902362294400186,
        0.9458112098493395
    ],
    "Performance": {
        "Thrust": 99999.99999999999,
        "OPR": 25.724999999999998,
        "T4": 1419.53125,
        "Thermal Efficiency": 0.41176737136530284,
        "SFC": 0.056478039715431416,
        "TSFC": 8.146147431449482,
        "Air Mass Flow Rate": 186.70678742295894,
        "Fuel Mass Flow Rate": 0.8146147431449481,
        "Core EGT": 837.9614843492318,
        "Bypass EGT": 59.94203332083493,
        "FAR": 0.02661472569782504,
        "Specific Thrust": 0.5355991679802381
    },
    "Pressure Ratios": {
        "Fan": 1.6,
        "LPC": 2.0,
        "HPC": 8.203125,
        "HPT": 2.6544910010915905,
        "LPT": 3.0030299469918638
    },
    "Mechanical Parameters": {
        "LP Shaft Speed": 5490.0,
        "Fan Power": 8.43661039397665,
        "Fan Efficiency": 0.92,
        "LPC Power": 2.475004766691275,
        "LPC Efficiency": 0.9,
        "LPT Power": 11.134301184355024,
        "LPT Efficiency": 0.9100000000000001,
        "HP Shaft Speed": 15183.0,
        "HPC Power": 11.671694202277195,
        "HPC Efficiency": 0.89,
        "HPT Power": 12.063597644711848,
        "HPT Efficiency": 0.9000000000000001,
        "Burner Power": 6.286202581766094,
        "Burner Efficiency": 0.17945999498007878
    }
}