{
    "Stages": [
        "0. Fan Inlet",
        "1. LPC Inlet",
        "2. HPC Inlet",
        "3. Burner Inlet",
        "4. HPT Inlet",
        "5. LPT Inlet",
        "6. Core Nozz Inlet",
        "7. Core Nozz Outlet",
        "8. Byp Nozz Outlet"
    ],
    "Total Temperatures": [
        15.000057655676706,
        59.942033320834994,
        139.95697080771498,
        504.8969968658203,
        1350.390625,
        1047.3782640341904,
        756.9430214091816,
        756.9430214091816,
        59.94203332083493
    ],
    "Static Temperatures": [
        1.2698087753191583,
        44.11029440122737,
        120.50659961430016,
        471.56494428027054,
        1294.7786959462487,
        999.7216274288303,
        717.4929050574106,
        613.330563322397,
        4.4391862677623966
    ],
    "Total Pressures": [
        99.29823547694355,
        158.87717676310967,
        317.75435352621935,
        2631.403240139004,
        2420.890980927884,
        860.887811933394,
        265.13314796187063,
        265.1331479618706,
        158.87717676310967
    ],
    "Static Pressures": [
        84.124656235234,
        133.97926458691475,
        267.52254953831897,
        2230.814734226649,
        2067.0925050660107,
        733.8465921047896,
        225.48814569692715,
        143.18311399716046,
        84.07825298491301
    ],
    "Entropies": [
        6834.413225585567,
        6845.607178771453,
        6865.411001852655,
        6921.129535797607,
        7933.785491096032,
        7966.794207055835,
        8001.460748871976,
        8001.460748871977,
        6845.607178771453
    ],
    "Specifice Volumes": [
        0.9354134467594015,
        0.6780422909737055,
        0.42158869626980144,
        0.09578939660549543,
        0.2176870311897059,
        0.497788288364938,
        1.260857457195385,
        1.776737594192681,
        0.9458112098493399
    ],
    "Performance": {
        "Thrust": 99999.99999999999,
        "OPR": 25.97,
        "T4": 1350.390625,
        "Thermal Efficiency": 0.43840183868665883,
        "SFC": 0.05304679839655079,
        "TSFC": 7.550002819605319,
        "Air Mass Flow Rate": 189.69384820269397,
        "Fuel Mass Flow Rate": 0.7550002819605317,
        "Core EGT": 756.9430214091816,
        "Bypass EGT": 59.94203332083493,
        "FAR": 0.024278603463398118,
        "Specific Thrust": 0.5271652241096758
    },
    "Pressure Ratios": {
        "Fan": 1.6,
        "LPC": 2.0,
        "HPC": 8.28125,
        "HPT": 2.81208648487079,
        "LPT": 3.247001812301493
    },
    "Mechanical Parameters": {
        "LP Shaft Speed": 5490.0,
        "Fan Power": 8.571584962226618,
        "Fan Efficiency": 0.92,
        "LPC Power": 2.5146015578432377,
        "LPC Efficiency": 0.9,
        "LPT Power": 11.312435224561076,
        "LPT Efficiency": 0.91,
        "HP Shaft Speed": 15183.0,
        "HPC Power": 11.932950244284173,
        "HPC Efficiency": 0.89,
        "HPT Power": 12.330185442678161,
        "HPT Efficiency": 0.9000000000000005,
        "Burner Power": 5.875341668341324,
        "Burner Efficiency": 0.1809745718204468
    }
}