{
    "Stages": [
        "0. Fan Inlet",
        "1. LPC Inlet",
        "2. HPC Inlet",
        "3. Burner Inlet",
        "4. HPT Inlet",
        "5. LPT Inlet",
        "6. Core Nozz Inlet",
        "7. Core Nozz Outlet",
        "8. Byp Nozz Outlet"
    ],
    "Total Temperatures": [
        15.000057655676706,
        59.942033320834994,
        139.95697080771498,
        468.41496327457554,
        1380.859375,
        1111.9735068239029,
        826.0152700508171,
        826.0152700508171,
        59.94203332083493
    ],
    "Static Temperatures": [
        1.2698087753191583,
        44.11029440122737,
        120.50659961430016,
        436.3180646406533,
        1324.7156652814633,
        1062.7668660805728,
        784.7276595487987,
        675.446936371562,
        4.4391862677623966
    ],
    "Total Pressures": [
        99.29823547694355,
        158.87717676310967,
        317.75435352621935,
        2221.798018796612,
        2044.0541772928837,
        834.7383065364581,
        275.0983454314606,
        275.0983454314605,
        158.87717676310967
    ],
    "Static Pressures": [
        84.124656235234,
        133.97926458691475,
        267.52254953831897,
        1882.1469208169028,
        1745.3317837611169,
        711.808831545827,
        234.2369580962805,
        148.98494262424833,
        84.07825298491309
    ],
    "Entropies": [
        6834.413225585567,
        6845.607178771453,
        6865.411001852655,
        6917.709152066669,
        8014.105817670096,
        8042.250418277087,
        8074.638455115968,
        8074.638455115969,
        6845.607178771453
    ],
    "Specifice Volumes": [
        0.9354134467594015,
        0.6780422909737055,
        0.42158869626980144,
        0.10815320170461466,
        0.26273559316168515,
        0.5386586371464849,
        1.2960935241355123,
        1.8269310742495921,
        0.9458112098493389
    ],
    "Performance": {
        "Thrust": 99999.99999999999,
        "OPR": 21.9275,
        "T4": 1380.859375,
        "Thermal Efficiency": 0.41575406261415127,
        "SFC": 0.05593646832279156,
        "TSFC": 8.070507048945823,
        "Air Mass Flow Rate": 187.56311361362782,
        "Fuel Mass Flow Rate": 0.8070507048945822,
        "Core EGT": 826.0152700508171,
        "Bypass EGT": 59.94203332083493,
        "FAR": 0.026247214630900958,
        "Specific Thrust": 0.5331538705739115
    },
    "Pressure Ratios": {
        "Fan": 1.6,
        "LPC": 2.0,
        "HPC": 6.9921875,
        "HPT": 2.4487365217180277,
        "LPT": 3.034326888543316
    },
    "Mechanical Parameters": {
        "LP Shaft Speed": 5490.0,
        "Fan Power": 8.475304704668554,
        "Fan Efficiency": 0.92,
        "LPC Power": 2.486356316535828,
        "LPC Efficiency": 0.9,
        "LPT Power": 11.185368388984061,
        "LPT Efficiency": 0.9100000000000001,
        "HP Shaft Speed": 15183.0,
        "HPC Power": 10.577050396307648,
        "HPC Efficiency": 0.89,
        "HPT Power": 10.946614169232719,
        "HPT Efficiency": 0.9000000000000002,
        "Burner Power": 6.025999197330478,
        "Burner Efficiency": 0.17364400448084985
    }
}