{
    "Stages": [
        "0. Fan Inlet",
        "1. LPC Inlet",
        "2. HPC Inlet",
        "3. Burner Inlet",
        "4. HPT Inlet",
        "5. LPT Inlet",
        "6. Core Nozz Inlet",
        "7. Core Nozz Outlet",
        "8. Byp Nozz Outlet"
    ],
    "Total Temperatures": [
        15.000057655676706,
        59.942033320834994,
        139.95697080771498,
        501.055478429425,
        1377.3437499999998,
        1079.5677181605126,
        791.3922886318817,
        791.3922886318817,
        59.94203332083493
    ],
    "Static Temperatures": [
        1.2698087753191583,
        44.11029440122737,
        120.50659961430016,
        467.85148850639183,
        1321.1648635590998,
        1031.13448667454,
        751.0200631541978,
        644.2876084810612,
        4.4391862677623966
    ],
    "Total Pressures": [
        99.29823547694355,
        158.87717676310967,
        317.75435352621935,
        2587.9602621178415,
        2380.923441148414,
        875.3016251883046,
        278.7725201365138,
        278.7725201365138,
        158.87717676310967
    ],
    "Static Pressures": [
        84.124656235234,
        133.97926458691475,
        267.52254953831897,
        2193.174458784773,
        2032.7249283938845,
        746.5555004006169,
        237.32792092246567,
        150.87107601237048,
        84.07825298491295
    ],
    "Entropies": [
        6834.413225585567,
        6845.607178771453,
        6865.411001852655,
        6920.75667645071,
        7963.791041693045,
        7995.620986070431,
        8029.113856311121,
        8029.113856311121,
        6845.607178771453
    ],
    "Specifice Volumes": [
        0.9354134467594015,
        0.6780422909737055,
        0.42158869626980144,
        0.0969375454861671,
        0.22508711651479854,
        0.501412672519309,
        1.2384711995823459,
        1.7449208247477657,
        0.9458112098493406
    ],
    "Performance": {
        "Thrust": 99999.99999999999,
        "OPR": 25.541249999999998,
        "T4": 1377.3437499999998,
        "Thermal Efficiency": 0.42661315200795713,
        "SFC": 0.054512651201748724,
        "TSFC": 7.803485968907212,
        "Air Mass Flow Rate": 188.41952144710703,
        "Fuel Mass Flow Rate": 0.7803485968907211,
        "Core EGT": 791.3922886318817,
        "Bypass EGT": 59.94203332083493,
        "FAR": 0.02526344618898556,
        "Specific Thrust": 0.5307305699111008
    },
    "Pressure Ratios": {
        "Fan": 1.6,
        "LPC": 2.0,
        "HPC": 8.14453125,
        "HPT": 2.7201176972980066,
        "LPT": 3.1398418494034948
    },
    "Mechanical Parameters": {
        "LP Shaft Speed": 5490.0,
        "Fan Power": 8.514002704506376,
        "Fan Efficiency": 0.92,
        "LPC Power": 2.497708948646042,
        "LPC Efficiency": 0.9,
        "LPT Power": 11.236440462400424,
        "LPT Efficiency": 0.9100000000000003,
        "HP Shaft Speed": 15183.0,
        "HPC Power": 11.7232453560707,
        "HPC Efficiency": 0.89,
        "HPT Power": 12.11620086286849,
        "HPT Efficiency": 0.9000000000000001,
        "Burner Power": 6.032753033724731,
        "Burner Efficiency": 0.1797870627802152
    }
}