{
    "Stages": [
        "0. Fan Inlet",
        "1. LPC Inlet",
        "2. HPC Inlet",
        "3. Burner Inlet",
        "4. HPT Inlet",
        "5. LPT Inlet",
        "6. Core Nozz Inlet",
        "7. Core Nozz Outlet",
        "8. Byp Nozz Outlet"
    ],
    "Total Temperatures": [
        15.000057655676706,
        59.942033320834994,
        139.95697080771498,
        521.1395161399606,
        1399.609375,
        1085.5745709996077,
        797.8095129707423,
        797.8095129707423,
        59.94203332083493
    ],
    "Static Temperatures": [
        1.2698087753191583,
        44.11029440122737,
        120.50659961430016,
        487.26197985866867,
        1342.9204703159805,
        1036.985777204599,
        757.2801413712496,
        650.0894792357233,
        4.4391862677623966
    ],
    "Total Pressures": [
        99.29823547694355,
        158.87717676310967,
        317.75435352621935,
        2842.411990527509,
        2615.019031285311,
        916.5478039427366,
        293.9007730211969,
        293.9007730211966,
        158.87717676310967
    ],
    "Static Pressures": [
        84.124656235234,
        133.97926458691475,
        267.52254953831897,
        2406.892944203399,
        2235.2914374813054,
        782.0141091415608,
        249.9667061343186,
        158.88530023263314,
        84.0782529849129
    ],
    "Entropies": [
        6834.413225585567,
        6845.607178771453,
        6865.411001852655,
        6922.348559319015,
        7954.789108765944,
        7988.311152207261,
        8021.561643981793,
        8021.561643981796,
        6845.607178771453
    ],
    "Specifice Volumes": [
        0.9354134467594015,
        0.6780422909737055,
        0.42158869626980144,
        0.09065598178048223,
        0.20749514974488964,
        0.4807855160470285,
        1.183043443658812,
        1.667695249876328,
        0.9458112098493411
    ],
    "Performance": {
        "Thrust": 99999.99999999999,
        "OPR": 28.052499999999995,
        "T4": 1399.609375,
        "Thermal Efficiency": 0.4243171275422636,
        "SFC": 0.05480762487291301,
        "TSFC": 7.843651454304824,
        "Air Mass Flow Rate": 187.9327269699657,
        "Fuel Mass Flow Rate": 0.7843651454304824,
        "Core EGT": 797.8095129707423,
        "Bypass EGT": 59.94203332083493,
        "FAR": 0.025459255895811023,
        "Specific Thrust": 0.5321052996585389
    },
    "Pressure Ratios": {
        "Fan": 1.6,
        "LPC": 2.0,
        "HPC": 8.9453125,
        "HPT": 2.8531179934491333,
        "LPT": 3.118562072909663
    },
    "Mechanical Parameters": {
        "LP Shaft Speed": 5490.0,
        "Fan Power": 8.492006207205625,
        "Fan Efficiency": 0.92,
        "LPC Power": 2.4912559499738807,
        "LPC Efficiency": 0.9,
        "LPT Power": 11.207410364468881,
        "LPT Efficiency": 0.9099999999999999,
        "HP Shaft Speed": 15183.0,
        "HPC Power": 12.3703177632075,
        "HPC Efficiency": 0.89,
        "HPT Power": 12.776478829334618,
        "HPT Efficiency": 0.8999999999999999,
        "Burner Power": 6.176519269213273,
        "Burner Efficiency": 0.18312897231827663
    }
}