{
    "Stages": [
        "0. Fan Inlet",
        "1. LPC Inlet",
        "2. HPC Inlet",
        "3. Burner Inlet",
        "4. HPT Inlet",
        "5. LPT Inlet",
        "6. Core Nozz Inlet",
        "7. Core Nozz Outlet",
        "8. Byp Nozz Outlet"
    ],
    "Total Temperatures": [
        15.000057655676706,
        59.942033320834994,
        139.95697080771498,
        530.9760672033939,
        1357.421875,
        1031.518543986372,
        739.9265000924573,
        739.9265000924573,
        59.94203332083493
    ],
    "Static Temperatures": [
        1.2698087753191583,
        44.11029440122737,
        120.50659961430016,
        496.77229588184605,
        1301.5924455105696,
        984.2307053837256,
        700.9339386580582,
        598.0548676309354,
        4.4391862677623966
    ],
    "Total Pressures": [
        99.29823547694355,
        158.87717676310967,
        317.75435352621935,
        2966.5347848736883,
        2729.2120020837906,
        895.2338026443706,
        270.8130102514472,
        270.8130102514471,
        158.87717676310967
    ],
    "Static Pressures": [
        84.124656235234,
        133.97926458691475,
        267.52254953831897,
        2514.249567092838,
        2330.09219442116,
        763.0683198035181,
        230.3294588214264,
        146.2313923718741,
        84.07825298491285
    ],
    "Entropies": [
        6834.413225585567,
        6845.607178771453,
        6865.411001852655,
        6923.294252584806,
        7902.991587553948,
        7938.887164099687,
        7974.070053002651,
        7974.070053002651,
        6845.607178771453
    ],
    "Specifice Volumes": [
        0.9354134467594015,
        0.6780422909737055,
        0.42158869626980144,
        0.08785765125409499,
        0.19396876766770768,
        0.47286886054303834,
        1.2134465463911608,
        1.709306673202339,
        0.9458112098493415
    ],
    "Performance": {
        "Thrust": 99999.99999999999,
        "OPR": 29.277499999999996,
        "T4": 1357.421875,
        "Thermal Efficiency": 0.4442775081884975,
        "SFC": 0.05234524261269024,
        "TSFC": 7.417548579678688,
        "Air Mass Flow Rate": 190.04321748574483,
        "Fuel Mass Flow Rate": 0.7417548579678687,
        "Core EGT": 739.9265000924573,
        "Bypass EGT": 59.94203332083493,
        "FAR": 0.023808819348911502,
        "Specific Thrust": 0.5261961006711592
    },
    "Pressure Ratios": {
        "Fan": 1.6,
        "LPC": 2.0,
        "HPC": 9.3359375,
        "HPT": 3.048602492468622,
        "LPT": 3.305726714581234
    },
    "Mechanical Parameters": {
        "LP Shaft Speed": 5490.0,
        "Fan Power": 8.587371707665314,
        "Fan Efficiency": 0.92,
        "LPC Power": 2.5192328337214285,
        "LPC Efficiency": 0.9,
        "LPT Power": 11.333269940190553,
        "LPT Efficiency": 0.9100000000000001,
        "HP Shaft Speed": 15183.0,
        "HPC Power": 12.846273431907445,
        "HPC Efficiency": 0.89,
        "HPT Power": 13.26214787902843,
        "HPT Efficiency": 0.8999999999999998,
        "Burner Power": 5.921027818355576,
        "Burner Efficiency": 0.18563858379619974
    }
}