{
    "Stages": [
        "0. Fan Inlet",
        "1. LPC Inlet",
        "2. HPC Inlet",
        "3. Burner Inlet",
        "4. HPT Inlet",
        "5. LPT Inlet",
        "6. Core Nozz Inlet",
        "7. Core Nozz Outlet",
        "8. Byp Nozz Outlet"
    ],
    "Total Temperatures": [
        15.000057655676706,
        59.94203332083493,
        139.95697080771524,
        479.2083635564449,
        1444.140625,
        1169.8245660589573,
        887.740947304217,
        887.740947304217,
        59.94203332083493
    ],
    "Static Temperatures": [
        1.2698087753191583,
        44.11029440122737,
        120.50659961430041,
        446.7357205416485,
        1386.67178773874,
        1119.233425995791,
        844.8425487654962,
        731.1243919527227,
        4.4391862677624285
    ],
    "Total Pressures": [
        99.29823547694353,
        158.87717676310967,
        317.75435352621935,
        2339.7146734254825,
        2152.5374995514444,
        885.6831050673941,
        308.0221052337279,
        308.0221052337279,
        158.87717676310967
    ],
    "Static Pressures": [
        84.12465623523386,
        133.97926458691458,
        267.5225495383185,
        1978.192643615788,
        1839.576130490792,
        755.7250419776896,
        262.2499762470459,
        167.01459439883098,
        84.07825298491296
    ],
    "Entropies": [
        6834.413225585567,
        6845.607178771453,
        6865.411001852656,
        6918.765016832529,
        8055.834975851477,
        8083.725355859318,
        8114.224999758179,
        8114.224999758179,
        6845.607178771453
    ],
    "Specifice Volumes": [
        0.9354134467594029,
        0.6780422909737053,
        0.4215886962698025,
        0.10444983311124006,
        0.2589422332914567,
        0.5287265417567247,
        1.2232815724820454,
        1.725381537191549,
        0.9458112098493403
    ],
    "Performance": {
        "Thrust": 99999.99999999999,
        "OPR": 23.091250000000002,
        "T4": 1444.140625,
        "Thermal Efficiency": 0.39734231916981555,
        "SFC": 0.058528409463350764,
        "TSFC": 8.52486731782996,
        "Air Mass Flow Rate": 185.26551900528148,
        "Fuel Mass Flow Rate": 0.8524867317829958,
        "Core EGT": 887.740947304217,
        "Bypass EGT": 59.94203332083493,
        "FAR": 0.028068736653192494,
        "Specific Thrust": 0.5397658481562844
    },
    "Pressure Ratios": {
        "Fan": 1.6,
        "LPC": 2.0,
        "HPC": 7.36328125,
        "HPT": 2.4303698323201117,
        "LPT": 2.8753881296777837
    },
    "Mechanical Parameters": {
        "LP Shaft Speed": 5490.0,
        "Fan Power": 8.371484641019718,
        "Fan Efficiency": 0.92,
        "LPC Power": 2.4558991613029133,
        "LPC Efficiency": 0.9,
        "LPT Power": 11.048350818696568,
        "LPT Efficiency": 0.9099999999999997,
        "HP Shaft Speed": 15183.0,
        "HPC Power": 10.802664806399264,
        "HPC Efficiency": 0.89,
        "HPT Power": 11.176832955040489,
        "HPT Efficiency": 0.8999999999999999,
        "Burner Power": 6.405431270752263,
        "Burner Efficiency": 0.17473998406158248
    }
}