{
    "Stages": [
        "0. Fan Inlet",
        "1. LPC Inlet",
        "2. HPC Inlet",
        "3. Burner Inlet",
        "4. HPT Inlet",
        "5. LPT Inlet",
        "6. Core Nozz Inlet",
        "7. Core Nozz Outlet",
        "8. Byp Nozz Outlet"
    ],
    "Total Temperatures": [
        15.000057655676706,
        59.942033320834994,
        139.95697080771498,
        497.2139587338828,
        1427.7343749999998,
        1136.72221959,
        852.4371554479553,
        852.4371554479553,
        59.94203332083493
    ],
    "Static Temperatures": [
        1.2698087753191583,
        44.11029440122737,
        120.50659961430016,
        464.1381275862195,
        1370.5635453445655,
        1086.9057584114732,
        810.4515379013715,
        699.2662852385807,
        4.4391862677623966
    ],
    "Total Pressures": [
        99.29823547694355,
        158.87717676310967,
        317.75435352621935,
        2544.5172840966784,
        2340.955901368944,
        902.9129468936721,
        304.77263121343907,
        304.77263121343907,
        158.87717676310967
    ],
    "Static Pressures": [
        84.124656235234,
        133.97926458691475,
        267.52254953831897,
        2155.5352251063673,
        1999.7511722100583,
        770.4246147521874,
        259.362382240878,
        165.02850963660376,
        84.07825298491282
    ],
    "Entropies": [
        6834.413225585567,
        6845.607178771453,
        6865.411001852655,
        6920.383817102739,
        8014.823847609505,
        8044.965773816889,
        8076.4381557611405,
        8076.4381557611405,
        6845.607178771453
    ],
    "Specifice Volumes": [
        0.9354134467594015,
        0.6780422909737055,
        0.42158869626980144,
        0.09813086659676244,
        0.23590957217465766,
        0.5066015792858996,
        1.1988405728201463,
        1.6906909303402646,
        0.9458112098493421
    ],
    "Performance": {
        "Thrust": 99999.99999999999,
        "OPR": 25.112499999999997,
        "T4": 1427.7343749999998,
        "Thermal Efficiency": 0.40743120919247383,
        "SFC": 0.05707911772291881,
        "TSFC": 8.255152231168573,
        "Air Mass Flow Rate": 186.25635198343363,
        "Fuel Mass Flow Rate": 0.8255152231168572,
        "Core EGT": 852.4371554479553,
        "Bypass EGT": 59.94203332083493,
        "FAR": 0.027036086594570036,
        "Specific Thrust": 0.5368944411028429
    },
    "Pressure Ratios": {
        "Fan": 1.6,
        "LPC": 2.0,
        "HPC": 8.0078125,
        "HPT": 2.5926706549314966,
        "LPT": 2.962578835569201
    },
    "Mechanical Parameters": {
        "LP Shaft Speed": 5490.0,
        "Fan Power": 8.416256831241377,
        "Fan Efficiency": 0.92,
        "LPC Power": 2.469033747237192,
        "LPC Efficiency": 0.9,
        "LPT Power": 11.107439365794457,
        "LPT Efficiency": 0.9100000000000001,
        "HP Shaft Speed": 15183.0,
        "HPC Power": 11.460601036558907,
        "HPC Efficiency": 0.89,
        "HPT Power": 11.848196455203391,
        "HPT Efficiency": 0.8999999999999999,
        "Burner Power": 6.330094717446418,
        "Burner Efficiency": 0.1783268205534408
    }
}