{
    "Stages": [
        "0. Fan Inlet",
        "1. LPC Inlet",
        "2. HPC Inlet",
        "3. Burner Inlet",
        "4. HPT Inlet",
        "5. LPT Inlet",
        "6. Core Nozz Inlet",
        "7. Core Nozz Outlet",
        "8. Byp Nozz Outlet"
    ],
    "Total Temperatures": [
        15.000057655676706,
        59.942033320834994,
        139.95697080771498,
        499.9579015020404,
        1375.0,
        1078.0322287401125,
        789.7535123784911,
        789.7535123784911,
        59.94203332083493
    ],
    "Static Temperatures": [
        1.2698087753191583,
        44.11029440122737,
        120.50659961430016,
        466.7905185649268,
        1318.8691553679998,
        1029.6389927354435,
        749.4166318813501,
        642.8067571761688,
        4.4391862677623966
    ],
    "Total Pressures": [
        99.29823547694355,
        158.87717676310967,
        317.75435352621935,
        2575.5479826832234,
        2369.5041440685654,
        872.784557943364,
        277.5885227702165,
        277.58852277021646,
        158.87717676310967
    ],
    "Static Pressures": [
        84.124656235234,
        133.97926458691475,
        267.52254953831897,
        2182.4202857214186,
        2022.7373262220246,
        744.4147652510209,
        236.26220274471856,
        150.18433620833582,
        84.07825298491302
    ],
    "Entropies": [
        6834.413225585567,
        6845.607178771453,
        6865.411001852655,
        6920.650145208541,
        7963.0892396855415,
        7994.857271212914,
        8028.411944958128,
        8028.411944958128,
        6845.607178771453
    ],
    "Specifice Volumes": [
        0.9354134467594015,
        0.6780422909737034,
        0.42158869626980144,
        0.09727378620672947,
        0.22587313671165013,
        0.5022916533637125,
        1.242058426256309,
        1.7500101008604916,
        0.9458112098493398
    ],
    "Performance": {
        "Thrust": 99999.99999999999,
        "OPR": 25.41875,
        "T4": 1375.0,
        "Thermal Efficiency": 0.4271689650450937,
        "SFC": 0.05444172179276505,
        "TSFC": 7.7917446231991585,
        "Air Mass Flow Rate": 188.4930577732758,
        "Fuel Mass Flow Rate": 0.7791744623199157,
        "Core EGT": 789.7535123784911,
        "Bypass EGT": 59.94203332083493,
        "FAR": 0.025215592957638096,
        "Specific Thrust": 0.5305235173185131
    },
    "Pressure Ratios": {
        "Fan": 1.6,
        "LPC": 2.0,
        "HPC": 8.10546875,
        "HPT": 2.714878628985007,
        "LPT": 3.144166585971717
    },
    "Mechanical Parameters": {
        "LP Shaft Speed": 5490.0,
        "Fan Power": 8.517325547463793,
        "Fan Efficiency": 0.92,
        "LPC Power": 2.4986837539024815,
        "LPC Efficiency": 0.9,
        "LPT Power": 11.24082581772069,
        "LPT Efficiency": 0.9100000000000001,
        "HP Shaft Speed": 15183.0,
        "HPC Power": 11.690794363458522,
        "HPC Efficiency": 0.89,
        "HPT Power": 12.083087605100959,
        "HPT Efficiency": 0.9000000000000002,
        "Burner Power": 6.018147060278352,
        "Burner Efficiency": 0.17962204249078997
    }
}