{
    "Stages": [
        "0. Fan Inlet",
        "1. LPC Inlet",
        "2. HPC Inlet",
        "3. Burner Inlet",
        "4. HPT Inlet",
        "5. LPT Inlet",
        "6. Core Nozz Inlet",
        "7. Core Nozz Outlet",
        "8. Byp Nozz Outlet"
    ],
    "Total Temperatures": [
        15.000057655676706,
        59.942033320834994,
        139.95697080771498,
        503.250631975832,
        1380.859375,
        1081.386161975789,
        793.3334186637134,
        793.3334186637134,
        59.94203332083493
    ],
    "Static Temperatures": [
        1.2698087753191583,
        44.11029440122737,
        120.50659961430016,
        469.9734516190097,
        1324.6067473672078,
        1032.9056299631818,
        752.919399893148,
        646.0419158503646,
        4.4391862677623966
    ],
    "Total Pressures": [
        99.29823547694355,
        158.87717676310967,
        317.75435352621935,
        2612.7848209870767,
        2403.7620353081084,
        879.5637994658468,
        280.56750928805997,
        280.56750928805997,
        158.87717676310967
    ],
    "Static Pressures": [
        84.124656235234,
        133.97926458691475,
        267.52254953831897,
        2214.6830600395406,
        2052.629320912419,
        750.1959427341301,
        238.92889471284553,
        151.90188347884407,
        84.07825298491291
    ],
    "Entropies": [
        6834.413225585567,
        6845.607178771453,
        6865.411001852655,
        6920.969738934783,
        7964.120727686978,
        7996.105912861544,
        8029.525549739543,
        8029.525549739543,
        6845.607178771453
    ],
    "Specifice Volumes": [
        0.9354134467594015,
        0.6780422909737055,
        0.42158869626980144,
        0.09627607183186959,
        0.2233869207781364,
        0.49964267959872977,
        1.2325226221381944,
        1.736476533319995,
        0.9458112098493411
    ],
    "Performance": {
        "Thrust": 99999.99999999999,
        "OPR": 25.786249999999995,
        "T4": 1380.859375,
        "Thermal Efficiency": 0.42594946901588504,
        "SFC": 0.05459758878727722,
        "TSFC": 7.817175895385381,
        "Air Mass Flow Rate": 188.323967322927,
        "Fuel Mass Flow Rate": 0.781717589538538,
        "Core EGT": 793.3334186637134,
        "Bypass EGT": 59.94203332083493,
        "FAR": 0.025320607695187163,
        "Specific Thrust": 0.5309998584966394
    },
    "Pressure Ratios": {
        "Fan": 1.6,
        "LPC": 2.0,
        "HPC": 8.22265625,
        "HPT": 2.732902419094438,
        "LPT": 3.134945317430874
    },
    "Mechanical Parameters": {
        "LP Shaft Speed": 5490.0,
        "Fan Power": 8.509684956188964,
        "Fan Efficiency": 0.92,
        "LPC Power": 2.496442273148665,
        "LPC Efficiency": 0.9,
        "LPT Power": 11.23074207075268,
        "LPT Efficiency": 0.91,
        "HP Shaft Speed": 15183.0,
        "HPC Power": 11.791286334663736,
        "HPC Efficiency": 0.89,
        "HPT Power": 12.185630432861382,
        "HPT Efficiency": 0.9000000000000002,
        "Burner Power": 6.055051069453096,
        "Burner Efficiency": 0.18013556690364063
    }
}