{
    "Stages": [
        "0. Fan Inlet",
        "1. LPC Inlet",
        "2. HPC Inlet",
        "3. Burner Inlet",
        "4. HPT Inlet",
        "5. LPT Inlet",
        "6. Core Nozz Inlet",
        "7. Core Nozz Outlet",
        "8. Byp Nozz Outlet"
    ],
    "Total Temperatures": [
        15.000057655676706,
        59.942033320834994,
        139.95697080771498,
        519.6640327088859,
        1311.71875,
        992.7044113470432,
        698.2801203784447,
        698.2801203784447,
        59.94203332083493
    ],
    "Static Temperatures": [
        1.2698087753191583,
        44.11029440122737,
        120.50659961430016,
        485.83548377216005,
        1256.8827697575578,
        946.3760727401173,
        660.43072191326,
        560.7163443942197,
        4.4391862677623966
    ],
    "Total Pressures": [
        99.29823547694355,
        158.87717676310967,
        317.75435352621935,
        2823.793571375582,
        2597.8900856655355,
        852.4735208319714,
        245.77094461276357,
        245.77094461276366,
        158.87717676310967
    ],
    "Static Pressures": [
        84.124656235234,
        133.97926458691475,
        267.52254953831897,
        2390.79008169933,
        2218.856335408291,
        725.8577813133242,
        209.1059185987727,
        132.69378665567828,
        84.07825298491309
    ],
    "Entropies": [
        6834.413225585567,
        6845.607178771453,
        6865.411001852655,
        6922.206705339395,
        7875.346918835183,
        7911.334995147883,
        7948.143287670277,
        7948.143287670277,
        6845.607178771453
    ],
    "Specifice Volumes": [
        0.9354134467594015,
        0.6780422909737055,
        0.42158869626980144,
        0.09109976033032811,
        0.19789242257074002,
        0.4821308055770552,
        1.2810928212669817,
        1.8029590638655195,
        0.9458112098493389
    ],
    "Performance": {
        "Thrust": 99999.99999999999,
        "OPR": 27.86875,
        "T4": 1311.71875,
        "Thermal Efficiency": 0.4602161137164931,
        "SFC": 0.05053237655171424,
        "TSFC": 7.1186833274625485,
        "Air Mass Flow Rate": 191.86287154564016,
        "Fuel Mass Flow Rate": 0.7118683327462547,
        "Core EGT": 698.2801203784447,
        "Bypass EGT": 59.94203332083493,
        "FAR": 0.022632814753422412,
        "Specific Thrust": 0.5212055839381726
    },
    "Pressure Ratios": {
        "Fan": 1.6,
        "LPC": 2.0,
        "HPC": 8.88671875,
        "HPT": 3.047473055972606,
        "LPT": 3.468569167828718
    },
    "Mechanical Parameters": {
        "LP Shaft Speed": 5490.0,
        "Fan Power": 8.669595351310242,
        "Fan Efficiency": 0.92,
        "LPC Power": 2.543354358890021,
        "LPC Efficiency": 0.9,
        "LPT Power": 11.4417854185717,
        "LPT Efficiency": 0.91,
        "HP Shaft Speed": 15183.0,
        "HPC Power": 12.577972570241595,
        "HPC Efficiency": 0.89,
        "HPT Power": 12.988371489573487,
        "HPT Efficiency": 0.9000000000000002,
        "Burner Power": 5.645631344940924,
        "Burner Efficiency": 0.1844354442645619
    }
}