{
    "Stages": [
        "0. Fan Inlet",
        "1. LPC Inlet",
        "2. HPC Inlet",
        "3. Burner Inlet",
        "4. HPT Inlet",
        "5. LPT Inlet",
        "6. Core Nozz Inlet",
        "7. Core Nozz Outlet",
        "8. Byp Nozz Outlet"
    ],
    "Total Temperatures": [
        15.000057655676706,
        59.94203332083493,
        139.95697080771544,
        484.0430245042102,
        1433.5937499999998,
        1154.41809260207,
        871.3107811291206,
        871.3107811291206,
        59.94203332083487
    ],
    "Static Temperatures": [
        1.2698087753191583,
        44.11029440122737,
        120.50659961430054,
        451.4073244224544,
        1376.337488982792,
        1104.2011002224199,
        828.856778340965,
        716.3181838860454,
        4.4391862677623966
    ],
    "Total Pressures": [
        99.29823547694355,
        158.87717676310967,
        317.75435352621935,
        2395.5699308812627,
        2203.924336410762,
        888.3617974226138,
        304.60010570082324,
        304.60010570082324,
        158.87717676310967
    ],
    "Static Pressures": [
        84.124656235234,
        133.97926458691455,
        267.5225495383194,
        2026.4943314752163,
        1884.1354891037174,
        758.1500692479503,
        259.37548421964203,
        165.13556344504553,
        84.07825298491295
    ],
    "Entropies": [
        6834.413225585567,
        6845.607178771453,
        6865.411001852656,
        6919.105442187262,
        8038.863252645864,
        8067.454039968619,
        8098.443555324983,
        8098.443555324983,
        6845.607178771453
    ],
    "Specifice Volumes": [
        0.9354134467594015,
        0.6780422909737039,
        0.4215886962698011,
        0.10259862498206142,
        0.25125922613215806,
        0.5213709290991545,
        1.2192546578103665,
        1.7195377642020369,
        0.9458112098493405
    ],
    "Performance": {
        "Thrust": 99999.99999999999,
        "OPR": 23.6425,
        "T4": 1433.5937499999998,
        "Thermal Efficiency": 0.40198481423762183,
        "SFC": 0.05785246887396438,
        "TSFC": 8.400115235707581,
        "Air Mass Flow Rate": 185.75239176033244,
        "Fuel Mass Flow Rate": 0.8400115235707579,
        "Core EGT": 871.3107811291206,
        "Bypass EGT": 59.94203332083487,
        "FAR": 0.027585487568811334,
        "Specific Thrust": 0.5383510761413252
    },
    "Pressure Ratios": {
        "Fan": 1.6,
        "LPC": 2.0,
        "HPC": 7.5390625,
        "HPT": 2.4808859890249253,
        "LPT": 2.916485519197942
    },
    "Mechanical Parameters": {
        "LP Shaft Speed": 5490.0,
        "Fan Power": 8.393484675418582,
        "Fan Efficiency": 0.92,
        "LPC Power": 2.462353197635265,
        "LPC Efficiency": 0.9,
        "LPT Power": 11.077385584748825,
        "LPT Efficiency": 0.9099999999999998,
        "HP Shaft Speed": 15183.0,
        "HPC Power": 10.991735938151187,
        "HPC Efficiency": 0.89,
        "HPT Power": 11.369762681317964,
        "HPT Efficiency": 0.9000000000000001,
        "Burner Power": 6.349355545188033,
        "Burner Efficiency": 0.17578262576180553
    }
}