{
    "Stages": [
        "0. Fan Inlet",
        "1. LPC Inlet",
        "2. HPC Inlet",
        "3. Burner Inlet",
        "4. HPT Inlet",
        "5. LPT Inlet",
        "6. Core Nozz Inlet",
        "7. Core Nozz Outlet",
        "8. Byp Nozz Outlet"
    ],
    "Total Temperatures": [
        15.000057655676706,
        59.942033320834994,
        139.95697080771498,
        472.0817208369112,
        1337.4999999999998,
        1062.7502668555107,
        773.3480855933835,
        773.3480855933835,
        59.94203332083493
    ],
    "Static Temperatures": [
        1.2698087753191583,
        44.11029440122737,
        120.50659961430016,
        439.8614151021282,
        1282.240861967739,
        1014.6877019815387,
        733.4555708565414,
        628.0678309718165,
        4.4391862677623966
    ],
    "Total Pressures": [
        99.29823547694355,
        158.87717676310967,
        317.75435352621935,
        2259.0348571004656,
        2078.3120685324284,
        813.395755138015,
        254.9290626814301,
        254.92906268143005,
        158.87717676310967
    ],
    "Static Pressures": [
        84.124656235234,
        133.97926458691475,
        267.52254953831897,
        1914.4691332488947,
        1773.9281736296125,
        693.3723183029795,
        216.71945366493927,
        137.6170427869516,
        84.07825298491306
    ],
    "Entropies": [
        6834.413225585567,
        6845.607178771453,
        6865.411001852655,
        6918.067852567275,
        7968.933372397475,
        7998.525589757764,
        8032.537183116647,
        8032.537183116647,
        6845.607178771453
    ],
    "Specifice Volumes": [
        0.9354134467594015,
        0.6780422909737055,
        0.42158869626980144,
        0.10687404223890296,
        0.2516284334290727,
        0.5329957443717172,
        1.3327422817223875,
        1.878993163919648,
        0.9458112098493391
    ],
    "Performance": {
        "Thrust": 99999.99999999999,
        "OPR": 22.294999999999998,
        "T4": 1337.4999999999998,
        "Thermal Efficiency": 0.4329665506157459,
        "SFC": 0.053712726584570984,
        "TSFC": 7.6828127688325365,
        "Air Mass Flow Rate": 189.50228449855365,
        "Fuel Mass Flow Rate": 0.7682812768832535,
        "Core EGT": 773.3480855933835,
        "Bypass EGT": 59.94203332083493,
        "FAR": 0.02473065589361597,
        "Specific Thrust": 0.5276981238754577
    },
    "Pressure Ratios": {
        "Fan": 1.6,
        "LPC": 2.0,
        "HPC": 7.109375,
        "HPT": 2.555105624051093,
        "LPT": 3.1906748747374793
    },
    "Mechanical Parameters": {
        "LP Shaft Speed": 5490.0,
        "Fan Power": 8.562928885177861,
        "Fan Efficiency": 0.92,
        "LPC Power": 2.5120621692788667,
        "LPC Efficiency": 0.9,
        "LPT Power": 11.301011280057887,
        "LPT Efficiency": 0.9099999999999999,
        "HP Shaft Speed": 15183.0,
        "HPC Power": 10.809825979908384,
        "HPC Efficiency": 0.89,
        "HPT Power": 11.18414027494776,
        "HPT Efficiency": 0.9,
        "Burner Power": 5.784784870228361,
        "Burner Efficiency": 0.17510498400890748
    }
}