{
    "Stages": [
        "0. Fan Inlet",
        "1. LPC Inlet",
        "2. HPC Inlet",
        "3. Burner Inlet",
        "4. HPT Inlet",
        "5. LPT Inlet",
        "6. Core Nozz Inlet",
        "7. Core Nozz Outlet",
        "8. Byp Nozz Outlet"
    ],
    "Total Temperatures": [
        15.000057655676706,
        59.942033320834994,
        139.95697080771498,
        493.921226564097,
        1432.421875,
        1144.5759646830525,
        860.8293996088163,
        860.8293996088163,
        59.94203332083493
    ],
    "Static Temperatures": [
        1.2698087753191583,
        44.11029440122737,
        120.50659961430016,
        460.9553222865347,
        1375.1610401650776,
        1094.5957673052214,
        818.6362473494211,
        706.8339616481568,
        4.4391862677623966
    ],
    "Total Pressures": [
        99.29823547694355,
        158.87717676310967,
        317.75435352621935,
        2507.2804457928246,
        2306.698010129401,
        902.1497084428546,
        306.71831392696225,
        306.7183139269622,
        158.87717676310967
    ],
    "Static Pressures": [
        84.124656235234,
        133.97926458691475,
        267.52254953831897,
        2123.2738538949775,
        1970.1345797559854,
        770.0667780342212,
        261.11887027049096,
        166.14319764299194,
        84.07825298491306
    ],
    "Entropies": [
        6834.413225585567,
        6845.607178771453,
        6865.411001852655,
        6920.064223375052,
        8023.398733643006,
        8053.073836119184,
        8084.4177487246,
        8084.4177487246,
        6845.607178771453
    ],
    "Specifice Volumes": [
        0.9354134467594015,
        0.6780422909737055,
        0.42158869626980144,
        0.09919142658057573,
        0.24012299012661276,
        0.509746567382477,
        1.1999193690808678,
        1.6924269224602604,
        0.9458112098493391
    ],
    "Performance": {
        "Thrust": 99999.99999999999,
        "OPR": 24.744999999999997,
        "T4": 1432.421875,
        "Thermal Efficiency": 0.40496880892632275,
        "SFC": 0.05742618552561013,
        "TSFC": 8.31840701650891,
        "Air Mass Flow Rate": 185.99736318646103,
        "Fuel Mass Flow Rate": 0.831840701650891,
        "Core EGT": 860.8293996088163,
        "Bypass EGT": 59.94203332083493,
        "FAR": 0.02728118395411636,
        "Specific Thrust": 0.5376420304397042
    },
    "Pressure Ratios": {
        "Fan": 1.6,
        "LPC": 2.0,
        "HPC": 7.890625,
        "HPT": 2.556890490061623,
        "LPT": 2.9412971690294314
    },
    "Mechanical Parameters": {
        "LP Shaft Speed": 5490.0,
        "Fan Power": 8.404554055961372,
        "Fan Efficiency": 0.92,
        "LPC Power": 2.465600564566791,
        "LPC Efficiency": 0.9,
        "LPT Power": 11.091994510743026,
        "LPT Efficiency": 0.9100000000000003,
        "HP Shaft Speed": 15183.0,
        "HPC Power": 11.335056810859529,
        "HPC Efficiency": 0.89,
        "HPT Power": 11.720090102448927,
        "HPT Efficiency": 0.9000000000000001,
        "Burner Power": 6.35433416849979,
        "Burner Efficiency": 0.17764845231502513
    }
}