{
    "Stages": [
        "0. Fan Inlet",
        "1. LPC Inlet",
        "2. HPC Inlet",
        "3. Burner Inlet",
        "4. HPT Inlet",
        "5. LPT Inlet",
        "6. Core Nozz Inlet",
        "7. Core Nozz Outlet",
        "8. Byp Nozz Outlet"
    ],
    "Total Temperatures": [
        15.000057655676706,
        59.942033320834994,
        139.95697080771538,
        526.5496203318697,
        1383.203125,
        1063.1766667657505,
        773.8253648535909,
        773.8253648535909,
        59.942033320834994
    ],
    "Static Temperatures": [
        1.2698087753191583,
        44.1102944012275,
        120.50659961430048,
        492.49258003852503,
        1326.8324244121243,
        1015.1055590489293,
        733.9218768482231,
        628.5035010718356,
        4.43918626776246
    ],
    "Total Pressures": [
        99.29823547694352,
        158.87717676310965,
        317.7543535262193,
        2910.679527417907,
        2677.8251652244717,
        910.7728476101026,
        284.8952265920141,
        284.8952265920141,
        158.87717676310965
    ],
    "Static Pressures": [
        84.124656235234,
        133.97926458691427,
        267.5225495383182,
        2465.9381814946073,
        2285.7769870341835,
        776.5735739868611,
        242.56578371938292,
        154.2042115039656,
        84.07825298491298
    ],
    "Entropies": [
        6834.413225585567,
        6845.607178771453,
        6865.411001852656,
        6922.868690600497,
        7932.402994136305,
        7967.041180272083,
        8001.032678843695,
        8001.032678843695,
        6845.607178771453
    ],
    "Specifice Volumes": [
        0.9354134467594013,
        0.6780422909737036,
        0.4215886962698031,
        0.08908344504796267,
        0.20088310322741967,
        0.47604613412951297,
        1.191281149291339,
        1.6776771670889468,
        0.9458112098493403
    ],
    "Performance": {
        "Thrust": 99999.99999999999,
        "OPR": 28.726250000000004,
        "T4": 1383.203125,
        "Thermal Efficiency": 0.4323036290695242,
        "SFC": 0.05379509305425774,
        "TSFC": 7.666366833477282,
        "Air Mass Flow Rate": 188.77285565372432,
        "Fuel Mass Flow Rate": 0.766636683347728,
        "Core EGT": 773.8253648535909,
        "Bypass EGT": 59.942033320834994,
        "FAR": 0.02477307318484093,
        "Specific Thrust": 0.5297371788634436
    },
    "Pressure Ratios": {
        "Fan": 1.6,
        "LPC": 2.0,
        "HPC": 9.16015625,
        "HPT": 2.940167981787252,
        "LPT": 3.1968694498651975
    },
    "Mechanical Parameters": {
        "LP Shaft Speed": 5490.0,
        "Fan Power": 8.529968610627087,
        "Fan Efficiency": 0.92,
        "LPC Power": 2.5023927839671107,
        "LPC Efficiency": 0.9,
        "LPT Power": 11.257511627136935,
        "LPT Efficiency": 0.9100000000000001,
        "HP Shaft Speed": 15183.0,
        "HPC Power": 12.609748660031096,
        "HPC Efficiency": 0.89,
        "HPT Power": 13.020796070991343,
        "HPT Efficiency": 0.9,
        "Burner Power": 6.0781861703394675,
        "Burner Efficiency": 0.18438090665688409
    }
}