{
    "Stages": [
        "0. Fan Inlet",
        "1. LPC Inlet",
        "2. HPC Inlet",
        "3. Burner Inlet",
        "4. HPT Inlet",
        "5. LPT Inlet",
        "6. Core Nozz Inlet",
        "7. Core Nozz Outlet",
        "8. Byp Nozz Outlet"
    ],
    "Total Temperatures": [
        15.000057655676706,
        59.942033320834994,
        139.95697080771498,
        498.86032447186795,
        1403.1249999999998,
        1109.0142921970917,
        822.8722315998646,
        822.8722315998646,
        59.94203332083493
    ],
    "Static Temperatures": [
        1.2698087753191583,
        44.11029440122737,
        120.50659961430016,
        465.7295563664126,
        1346.4241561817757,
        1059.8712966244507,
        781.6537864218279,
        672.6094117855082,
        4.4391862677623966
    ],
    "Total Pressures": [
        99.29823547694355,
        158.87717676310967,
        317.75435352621935,
        2563.1357032486053,
        2358.0848469887173,
        889.4768532466404,
        291.6865170097247,
        291.68651700972464,
        158.87717676310967
    ],
    "Static Pressures": [
        84.124656235234,
        133.97926458691475,
        267.52254953831897,
        2171.666197697677,
        2013.539958115169,
        758.9014538674086,
        247.97666840429824,
        157.80180581130105,
        84.07825298491301
    ],
    "Entropies": [
        6834.413225585567,
        6845.607178771453,
        6865.411001852655,
        6920.543613966286,
        7990.3586445549745,
        8021.280368874294,
        8053.779991922849,
        8053.779991922849,
        6845.607178771453
    ],
    "Specifice Volumes": [
        0.9354134467594015,
        0.6780422909737055,
        0.42158869626980144,
        0.09761376640273318,
        0.2308392658667639,
        0.5041122703036371,
        1.2206416957786432,
        1.719632515880771,
        0.9458112098493399
    ],
    "Performance": {
        "Thrust": 99999.99999999999,
        "OPR": 25.296249999999997,
        "T4": 1403.1249999999998,
        "Thermal Efficiency": 0.4164857337502865,
        "SFC": 0.05583820061272957,
        "TSFC": 8.036063285806522,
        "Air Mass Flow Rate": 187.3010950601361,
        "Fuel Mass Flow Rate": 0.8036063285806521,
        "Core EGT": 822.8722315998646,
        "Bypass EGT": 59.94203332083493,
        "FAR": 0.026171756245034816,
        "Specific Thrust": 0.5338997082098924
    },
    "Pressure Ratios": {
        "Fan": 1.6,
        "LPC": 2.0,
        "HPC": 8.06640625,
        "HPT": 2.651091861897896,
        "LPT": 3.0494273865150423
    },
    "Mechanical Parameters": {
        "LP Shaft Speed": 5490.0,
        "Fan Power": 8.463465025552898,
        "Fan Efficiency": 0.92,
        "LPC Power": 2.4828829710950733,
        "LPC Efficiency": 0.9,
        "LPT Power": 11.169742853722418,
        "LPT Efficiency": 0.91,
        "HP Shaft Speed": 15183.0,
        "HPC Power": 11.58007376252603,
        "HPC Efficiency": 0.89,
        "HPT Power": 11.970107400067809,
        "HPT Efficiency": 0.9000000000000004,
        "Burner Power": 6.184717161371175,
        "Burner Efficiency": 0.1789814571443604
    }
}