{
    "Stages": [
        "0. Fan Inlet",
        "1. LPC Inlet",
        "2. HPC Inlet",
        "3. Burner Inlet",
        "4. HPT Inlet",
        "5. LPT Inlet",
        "6. Core Nozz Inlet",
        "7. Core Nozz Outlet",
        "8. Byp Nozz Outlet"
    ],
    "Total Temperatures": [
        15.000057655676706,
        59.942033320834994,
        139.95697080771498,
        504.8969968658203,
        1330.46875,
        1026.0939005653163,
        734.1011776773369,
        734.1011776773369,
        59.94203332083493
    ],
    "Static Temperatures": [
        1.2698087753191583,
        44.11029440122737,
        120.50659961430016,
        471.56494428027054,
        1275.2799369064142,
        978.9356349654713,
        695.2704067007717,
        592.8285886244306,
        4.4391862677623966
    ],
    "Total Pressures": [
        99.29823547694355,
        158.87717676310967,
        317.75435352621935,
        2631.403240139004,
        2420.890980927884,
        847.385024141777,
        254.45982293775717,
        254.45982293775725,
        158.87717676310967
    ],
    "Static Pressures": [
        84.124656235234,
        133.97926458691475,
        267.52254953831897,
        2230.814734226649,
        2066.749699214118,
        721.7198454528641,
        216.23480097819655,
        137.1831257290739,
        84.07825298491301
    ],
    "Entropies": [
        6834.413225585567,
        6845.607178771453,
        6865.411001852655,
        6921.129535797607,
        7915.245960309139,
        7948.824240474855,
        7984.25479624661,
        7984.25479624661,
        6845.607178771453
    ],
    "Specifice Volumes": [
        0.9354134467594015,
        0.6780422909737055,
        0.42158869626980144,
        0.09578939660549543,
        0.21502076135214104,
        0.49784105469581386,
        1.2850965593155155,
        1.811222470603909,
        0.9458112098493399
    ],
    "Performance": {
        "Thrust": 99999.99999999999,
        "OPR": 25.97,
        "T4": 1330.46875,
        "Thermal Efficiency": 0.44667913923069175,
        "SFC": 0.0520638013083429,
        "TSFC": 7.384058228191484,
        "Air Mass Flow Rate": 190.61624876493593,
        "Fuel Mass Flow Rate": 0.7384058228191483,
        "Core EGT": 734.1011776773369,
        "Bypass EGT": 59.94203332083493,
        "FAR": 0.02363007114231581,
        "Specific Thrust": 0.5246142479874207
    },
    "Pressure Ratios": {
        "Fan": 1.6,
        "LPC": 2.0,
        "HPC": 8.28125,
        "HPT": 2.8568961121064627,
        "LPT": 3.330132884471329
    },
    "Mechanical Parameters": {
        "LP Shaft Speed": 5490.0,
        "Fan Power": 8.613264936898302,
        "Fan Efficiency": 0.92,
        "LPC Power": 2.526828996491067,
        "LPC Efficiency": 0.9,
        "LPT Power": 11.367442789172827,
        "LPT Efficiency": 0.9100000000000004,
        "HP Shaft Speed": 15183.0,
        "HPC Power": 11.99097510971245,
        "HPC Efficiency": 0.89,
        "HPT Power": 12.389394489033545,
        "HPT Efficiency": 0.9000000000000002,
        "Burner Power": 5.7585538913232845,
        "Burner Efficiency": 0.18136349118491538
    }
}