{
    "Stages": [
        "0. Fan Inlet",
        "1. LPC Inlet",
        "2. HPC Inlet",
        "3. Burner Inlet",
        "4. HPT Inlet",
        "5. LPT Inlet",
        "6. Core Nozz Inlet",
        "7. Core Nozz Outlet",
        "8. Byp Nozz Outlet"
    ],
    "Total Temperatures": [
        15.000057655676706,
        59.942033320834994,
        139.95697080771498,
        497.2139587338828,
        1358.5937499999998,
        1062.9902150210708,
        773.6144321071087,
        773.6144321071087,
        59.94203332083493
    ],
    "Static Temperatures": [
        1.2698087753191583,
        44.11029440122737,
        120.50659961430016,
        464.1381275862195,
        1302.8465942587359,
        1014.9225698120515,
        733.715575368662,
        628.3102460872566,
        4.4391862677623966
    ],
    "Total Pressures": [
        99.29823547694355,
        158.87717676310967,
        317.75435352621935,
        2544.5172840966784,
        2340.955901368944,
        860.283445617104,
        269.3675155000531,
        269.3675155000531,
        158.87717676310967
    ],
    "Static Pressures": [
        84.124656235234,
        133.97926458691475,
        267.52254953831886,
        2155.5352251063673,
        1998.7152733894582,
        733.0270986459975,
        229.17276499168642,
        145.60913418738977,
        84.07825298491296
    ],
    "Entropies": [
        6834.413225585567,
        6845.607178771453,
        6865.411001852655,
        6920.383817102739,
        7951.511378049661,
        7983.400024123835,
        8017.400501913714,
        8017.400501913714,
        6845.607178771453
    ],
    "Specifice Volumes": [
        0.9354134467594015,
        0.6780422909737055,
        0.42158869626980155,
        0.09813086659676244,
        0.2263109647098706,
        0.5042544046467656,
        1.2606439195010617,
        1.7763317972687147,
        0.9458112098493401
    ],
    "Performance": {
        "Thrust": 99999.99999999999,
        "OPR": 25.112499999999997,
        "T4": 1358.5937499999998,
        "Thermal Efficiency": 0.432644837783192,
        "SFC": 0.053752667136045616,
        "TSFC": 7.674147007632605,
        "Air Mass Flow Rate": 189.128891111052,
        "Fuel Mass Flow Rate": 0.7674147007632603,
        "Core EGT": 773.6144321071087,
        "Bypass EGT": 59.94203332083493,
        "FAR": 0.024751531334824887,
        "Specific Thrust": 0.5287399477284639
    },
    "Pressure Ratios": {
        "Fan": 1.6,
        "LPC": 2.0,
        "HPC": 8.0078125,
        "HPT": 2.721144889275086,
        "LPT": 3.1937163767504635
    },
    "Mechanical Parameters": {
        "LP Shaft Speed": 5490.0,
        "Fan Power": 8.546056576583625,
        "Fan Efficiency": 0.92,
        "LPC Power": 2.5071124273510383,
        "LPC Efficiency": 0.9,
        "LPT Power": 11.278743881565985,
        "LPT Efficiency": 0.9100000000000001,
        "HP Shaft Speed": 15183.0,
        "HPC Power": 11.637352189220094,
        "HPC Efficiency": 0.89,
        "HPT Power": 12.028554774245416,
        "HPT Efficiency": 0.8999999999999996,
        "Burner Power": 5.920135671401141,
        "Burner Efficiency": 0.17940439975489478
    }
}