{
    "Stages": [
        "0. Fan Inlet",
        "1. LPC Inlet",
        "2. HPC Inlet",
        "3. Burner Inlet",
        "4. HPT Inlet",
        "5. LPT Inlet",
        "6. Core Nozz Inlet",
        "7. Core Nozz Outlet",
        "8. Byp Nozz Outlet"
    ],
    "Total Temperatures": [
        15.000057655676706,
        59.942033320834994,
        139.95697080771498,
        485.68939209237175,
        1367.96875,
        1083.1490676722233,
        795.2074969912401,
        795.2074969912401,
        59.94203332083493
    ],
    "Static Temperatures": [
        1.2698087753191583,
        44.11029440122737,
        120.50659961430016,
        452.99861385859305,
        1312.0369257204143,
        1034.6217613753163,
        754.7484412945958,
        647.7330503916071,
        4.4391862677623966
    ],
    "Total Pressures": [
        99.29823547694355,
        158.87717676310967,
        317.75435352621935,
        2414.18835003319,
        2221.0532820305352,
        852.4523406421135,
        272.73162565491816,
        272.73162565491816,
        158.87717676310967
    ],
    "Static Pressures": [
        84.124656235234,
        133.97926458691475,
        267.52254953831897,
        2042.623773672,
        1897.7255641036293,
        726.7759605593553,
        232.20132676768026,
        147.6004105788696,
        84.07825298491308
    ],
    "Entropies": [
        6834.413225585567,
        6845.607178771453,
        6865.411001852655,
        6919.265239052387,
        7976.48415653141,
        8006.817887697364,
        8040.167152316179,
        8040.167152316179,
        6845.607178771453
    ],
    "Specifice Volumes": [
        0.9354134467594015,
        0.6780422909737055,
        0.42158869626980144,
        0.10200600532390308,
        0.2397259278046829,
        0.5164085102996783,
        1.2705180398225513,
        1.7904650926449428,
        0.9458112098493389
    ],
    "Performance": {
        "Thrust": 99999.99999999999,
        "OPR": 23.826249999999998,
        "T4": 1367.96875,
        "Thermal Efficiency": 0.42548380759358406,
        "SFC": 0.05465734192099264,
        "TSFC": 7.836182460790244,
        "Air Mass Flow Rate": 188.44817245591815,
        "Fuel Mass Flow Rate": 0.7836182460790243,
        "Core EGT": 795.2074969912401,
        "Bypass EGT": 59.94203332083493,
        "FAR": 0.025365442597752988,
        "Specific Thrust": 0.5306498794696033
    },
    "Pressure Ratios": {
        "Fan": 1.6,
        "LPC": 2.0,
        "HPC": 7.59765625,
        "HPT": 2.6054867540835382,
        "LPT": 3.125608695343254
    },
    "Mechanical Parameters": {
        "LP Shaft Speed": 5490.0,
        "Fan Power": 8.515297340882858,
        "Fan Efficiency": 0.92,
        "LPC Power": 2.4980887494254183,
        "LPC Efficiency": 0.9,
        "LPT Power": 11.23814907174314,
        "LPT Efficiency": 0.91,
        "HP Shaft Speed": 15183.0,
        "HPC Power": 11.20678269367304,
        "HPC Efficiency": 0.89,
        "HPT Power": 11.589198146136185,
        "HPT Efficiency": 0.9,
        "Burner Power": 5.967057234601313,
        "Burner Efficiency": 0.1770872150974784
    }
}