{
    "Stages": [
        "0. Fan Inlet",
        "1. LPC Inlet",
        "2. HPC Inlet",
        "3. Burner Inlet",
        "4. HPT Inlet",
        "5. LPT Inlet",
        "6. Core Nozz Inlet",
        "7. Core Nozz Outlet",
        "8. Byp Nozz Outlet"
    ],
    "Total Temperatures": [
        15.000057655676706,
        59.94203332083493,
        139.95697080771544,
        467.19271055408973,
        1308.2031249999998,
        1035.9506697365048,
        744.6637805431538,
        744.6637805431538,
        59.94203332083487
    ],
    "Static Temperatures": [
        1.2698087753191583,
        44.11029440122737,
        120.50659961430054,
        435.1369677112255,
        1253.595588468006,
        988.564080795191,
        705.5364657584854,
        602.2947305697357,
        4.4391862677623966
    ],
    "Total Pressures": [
        99.29823547694355,
        158.87717676310967,
        317.75435352621935,
        2209.3857393619937,
        2032.6348802130344,
        793.0456855090661,
        241.2070650155389,
        241.2070650155389,
        158.87717676310967
    ],
    "Static Pressures": [
        84.124656235234,
        133.97926458691455,
        267.52254953831886,
        1871.3730458485848,
        1734.2817580334781,
        676.3609253938723,
        205.2329935354642,
        130.35610238202142,
        84.07825298491285
    ],
    "Entropies": [
        6834.413225585567,
        6845.607178771453,
        6865.411001852656,
        6917.589585232991,
        7948.136822227089,
        7977.906086263895,
        8012.889110338554,
        8012.889110338554,
        6845.607178771453
    ],
    "Specifice Volumes": [
        0.9354134467594015,
        0.678042290973704,
        0.42158869626980217,
        0.10859066915744114,
        0.25263818400553756,
        0.5353544783384111,
        1.3682724966077118,
        1.9268165278578402,
        0.9458112098493415
    ],
    "Performance": {
        "Thrust": 99999.99999999999,
        "OPR": 21.804999999999996,
        "T4": 1308.2031249999998,
        "Thermal Efficiency": 0.44316973811613536,
        "SFC": 0.052476087497188365,
        "TSFC": 7.473503891211263,
        "Air Mass Flow Rate": 190.66971176668514,
        "Fuel Mass Flow Rate": 0.7473503891211263,
        "Core EGT": 744.6637805431538,
        "Bypass EGT": 59.94203332083487,
        "FAR": 0.023909604369766583,
        "Specific Thrust": 0.5244671483133407
    },
    "Pressure Ratios": {
        "Fan": 1.6,
        "LPC": 2.0,
        "HPC": 6.953125,
        "HPT": 2.56307412971834,
        "LPT": 3.287821131847763
    },
    "Mechanical Parameters": {
        "LP Shaft Speed": 5490.0,
        "Fan Power": 8.61568073828653,
        "Fan Efficiency": 0.92,
        "LPC Power": 2.5275377076525625,
        "LPC Efficiency": 0.9,
        "LPT Power": 11.370631067284787,
        "LPT Efficiency": 0.9100000000000001,
        "HP Shaft Speed": 15183.0,
        "HPC Power": 10.710843438809947,
        "HPC Efficiency": 0.89,
        "HPT Power": 11.083137681990173,
        "HPT Efficiency": 0.8999999999999999,
        "Burner Power": 5.617440385171708,
        "Burner Efficiency": 0.17480174011281904
    }
}