{
    "Stages": [
        "0. Fan Inlet",
        "1. LPC Inlet",
        "2. HPC Inlet",
        "3. Burner Inlet",
        "4. HPT Inlet",
        "5. LPT Inlet",
        "6. Core Nozz Inlet",
        "7. Core Nozz Outlet",
        "8. Byp Nozz Outlet"
    ],
    "Total Temperatures": [
        15.000057655676706,
        59.942033320834994,
        139.95697080771498,
        523.5986547444713,
        1394.9218749999998,
        1078.3619657642682,
        790.1146986559661,
        790.1146986559661,
        59.94203332083493
    ],
    "Static Temperatures": [
        1.2698087753191583,
        44.11029440122737,
        120.50659961430016,
        489.63950308333307,
        1338.3356655545865,
        1029.9612475288493,
        749.7710091400508,
        643.1363344976363,
        4.4391862677623966
    ],
    "Total Pressures": [
        99.29823547694355,
        158.87717676310967,
        317.75435352621935,
        2873.442689114054,
        2643.567273984927,
        916.5643261549017,
        291.6594652573,
        291.65946525729976,
        158.87717676310967
    ],
    "Static Pressures": [
        84.124656235234,
        133.97926458691475,
        267.52254953831897,
        2433.7314141106754,
        2260.0755211651663,
        782.1707105570965,
        247.92192906723506,
        157.66741454670276,
        84.07825298491304
    ],
    "Entropies": [
        6834.413225585567,
        6845.607178771453,
        6865.411001852655,
        6922.584982624326,
        7946.910209349244,
        7980.840535641112,
        8014.3811819996745,
        8014.3811819996745,
        6845.607178771453
    ],
    "Specifice Volumes": [
        0.9354134467594015,
        0.6780422909737055,
        0.42158869626980144,
        0.0899307287623927,
        0.2046478746049383,
        0.47816094599379405,
        1.184065076318082,
        1.6675642841606182,
        0.9458112098493395
    ],
    "Performance": {
        "Thrust": 99999.99999999999,
        "OPR": 28.358749999999997,
        "T4": 1394.9218749999998,
        "Thermal Efficiency": 0.4268384826301691,
        "SFC": 0.05448387364275725,
        "TSFC": 7.786413614744118,
        "Air Mass Flow Rate": 188.19304415440055,
        "Fuel Mass Flow Rate": 0.7786413614744118,
        "Core EGT": 790.1146986559661,
        "Bypass EGT": 59.94203332083493,
        "FAR": 0.025238511478123872,
        "Specific Thrust": 0.5313692673888429
    },
    "Pressure Ratios": {
        "Fan": 1.6,
        "LPC": 2.0,
        "HPC": 9.04296875,
        "HPT": 2.8842135773219666,
        "LPT": 3.142583853214959
    },
    "Mechanical Parameters": {
        "LP Shaft Speed": 5490.0,
        "Fan Power": 8.50376900755288,
        "Fan Efficiency": 0.92,
        "LPC Power": 2.4947067418878803,
        "LPC Efficiency": 0.9,
        "LPT Power": 11.222934438204856,
        "LPT Efficiency": 0.9100000000000001,
        "HP Shaft Speed": 15183.0,
        "HPC Power": 12.470891494389274,
        "HPC Efficiency": 0.89,
        "HPT Power": 12.879105085642545,
        "HPT Efficiency": 0.9,
        "Burner Power": 6.149018312198557,
        "Burner Efficiency": 0.18365377558970336
    }
}