{
    "Stages": [
        "0. Fan Inlet",
        "1. LPC Inlet",
        "2. HPC Inlet",
        "3. Burner Inlet",
        "4. HPT Inlet",
        "5. LPT Inlet",
        "6. Core Nozz Inlet",
        "7. Core Nozz Outlet",
        "8. Byp Nozz Outlet"
    ],
    "Total Temperatures": [
        15.000057655676706,
        59.942033320834994,
        139.95697080771498,
        482.39665668477534,
        1398.4374999999998,
        1118.4683822476936,
        832.9448859936032,
        832.9448859936032,
        59.94203332083493
    ],
    "Static Temperatures": [
        1.2698087753191583,
        44.11029440122737,
        120.50659961430016,
        449.81605240115726,
        1341.8987415676784,
        1069.0971669869202,
        791.4903805176172,
        681.715395814754,
        4.4391862677623966
    ],
    "Total Pressures": [
        99.29823547694355,
        158.87717676310967,
        317.75435352621935,
        2376.9515117293363,
        2186.795390790989,
        865.7123818976437,
        286.25171901191106,
        286.251719011911,
        158.87717676310967
    ],
    "Static Pressures": [
        84.124656235234,
        133.97926458691475,
        267.52254953831897,
        2010.365080543054,
        1868.9055011328464,
        738.4226020306567,
        243.94111675694253,
        155.2709069373953,
        84.07825298491291
    ],
    "Entropies": [
        6834.413225585567,
        6845.607178771453,
        6865.411001852655,
        6918.94564532194,
        8009.467341202287,
        8038.694813111267,
        8070.835341478669,
        8070.835341478669,
        6845.607178771453
    ],
    "Specifice Volumes": [
        0.9354134467594015,
        0.6780422909737055,
        0.42158869626980144,
        0.10320168733968038,
        0.24801799806387043,
        0.5216614384852517,
        1.252518079608995,
        1.7648095200325173,
        0.9458112098493411
    ],
    "Performance": {
        "Thrust": 99999.99999999999,
        "OPR": 23.45875,
        "T4": 1398.4374999999998,
        "Thermal Efficiency": 0.4134801394254565,
        "SFC": 0.056244089464134964,
        "TSFC": 8.115924319017816,
        "Air Mass Flow Rate": 187.1225957417642,
        "Fuel Mass Flow Rate": 0.8115924319017815,
        "Core EGT": 832.9448859936032,
        "Bypass EGT": 59.94203332083493,
        "FAR": 0.026457060490081202,
        "Specific Thrust": 0.5344090039131539
    },
    "Pressure Ratios": {
        "Fan": 1.6,
        "LPC": 2.0,
        "HPC": 7.48046875,
        "HPT": 2.526006831503932,
        "LPT": 3.0243045697186757
    },
    "Mechanical Parameters": {
        "LP Shaft Speed": 5490.0,
        "Fan Power": 8.455399281262185,
        "Fan Efficiency": 0.92,
        "LPC Power": 2.4805167653993965,
        "LPC Efficiency": 0.9,
        "LPT Power": 11.15909800679753,
        "LPT Efficiency": 0.91,
        "HP Shaft Speed": 15183.0,
        "HPC Power": 11.017680864602884,
        "HPC Efficiency": 0.89,
        "HPT Power": 11.39623709606459,
        "HPT Efficiency": 0.9000000000000002,
        "Burner Power": 6.141406659649871,
        "Burner Efficiency": 0.17597922932186272
    }
}