{
    "Stages": [
        "0. Fan Inlet",
        "1. LPC Inlet",
        "2. HPC Inlet",
        "3. Burner Inlet",
        "4. HPT Inlet",
        "5. LPT Inlet",
        "6. Core Nozz Inlet",
        "7. Core Nozz Outlet",
        "8. Byp Nozz Outlet"
    ],
    "Total Temperatures": [
        15.000057655676706,
        59.942033320834994,
        139.95697080771498,
        471.4705946389304,
        1428.9062499999998,
        1160.3135417001047,
        877.5869010087551,
        877.5869010087551,
        59.94203332083493
    ],
    "Static Temperatures": [
        1.2698087753191583,
        44.11029440122737,
        120.50659961430016,
        439.2708504757034,
        1371.7964005454362,
        1109.946287046275,
        834.9624028067201,
        721.9844305490332,
        4.4391862677623966
    ],
    "Total Pressures": [
        99.29823547694355,
        158.87717676310967,
        317.75435352621935,
        2252.8287173831563,
        2072.602419992502,
        864.9932201255663,
        297.96430112373594,
        297.9643011237358,
        158.87717676310967
    ],
    "Static Pressures": [
        84.124656235234,
        133.97926458691475,
        267.52254953831897,
        1909.0820366406551,
        1771.1025240051993,
        737.8729725693246,
        253.62202483054375,
        161.50822012246982,
        84.07825298491298
    ],
    "Entropies": [
        6834.413225585567,
        6845.607178771453,
        6865.411001852655,
        6918.008069150551,
        8053.662020676122,
        8081.030933722326,
        8111.808194015749,
        8111.808194015749,
        6845.607178771453
    ],
    "Specifice Volumes": [
        0.9354134467594015,
        0.6780422909737055,
        0.42158869626980144,
        0.10708383868946848,
        0.2665687378185819,
        0.5379080359319998,
        1.2537213402189074,
        1.7682995817788552,
        0.9458112098493401
    ],
    "Performance": {
        "Thrust": 99999.99999999999,
        "OPR": 22.233749999999997,
        "T4": 1428.9062499999998,
        "Thermal Efficiency": 0.40027605959135487,
        "SFC": 0.058099437616205236,
        "TSFC": 8.452864535777916,
        "Air Mass Flow Rate": 185.7148685115464,
        "Fuel Mass Flow Rate": 0.8452864535777915,
        "Core EGT": 877.5869010087551,
        "Bypass EGT": 59.94203332083493,
        "FAR": 0.0277643217699823,
        "Specific Thrust": 0.5384598486996356
    },
    "Pressure Ratios": {
        "Fan": 1.6,
        "LPC": 2.0,
        "HPC": 7.08984375,
        "HPT": 2.396090942414131,
        "LPT": 2.9030095782056775
    },
    "Mechanical Parameters": {
        "LP Shaft Speed": 5490.0,
        "Fan Power": 8.391789134323954,
        "Fan Efficiency": 0.92,
        "LPC Power": 2.4618557855117325,
        "LPC Efficiency": 0.9,
        "LPT Power": 11.075147877383355,
        "LPT Efficiency": 0.9100000000000001,
        "HP Shaft Speed": 15183.0,
        "HPC Power": 10.573620263313739,
        "HPC Efficiency": 0.89,
        "HPT Power": 10.943114033524651,
        "HPT Efficiency": 0.9,
        "Burner Power": 6.305907262392356,
        "Burner Efficiency": 0.17349030672553153
    }
}