{
    "Stages": [
        "0. Fan Inlet",
        "1. LPC Inlet",
        "2. HPC Inlet",
        "3. Burner Inlet",
        "4. HPT Inlet",
        "5. LPT Inlet",
        "6. Core Nozz Inlet",
        "7. Core Nozz Outlet",
        "8. Byp Nozz Outlet"
    ],
    "Total Temperatures": [
        15.000057655676706,
        59.942033320834994,
        139.95697080771498,
        490.0797045301386,
        1330.4687499999998,
        1039.3182899901672,
        748.2923160021,
        748.2923160021,
        59.94203332083493
    ],
    "Static Temperatures": [
        1.2698087753191583,
        44.11029440122737,
        120.50659961430016,
        457.24213749954066,
        1275.32490273264,
        991.8602865999022,
        709.0648049231378,
        605.552102365257,
        4.4391862677623966
    ],
    "Total Pressures": [
        99.29823547694355,
        158.87717676310967,
        317.75435352621935,
        2463.8374677716615,
        2266.7304703499262,
        834.9734013481853,
        254.870133953942,
        254.8701339539419,
        158.87717676310967
    ],
    "Static Pressures": [
        84.124656235234,
        133.97926458691475,
        267.52254953831897,
        2085.6365546601614,
        1936.765300836387,
        711.4652514081491,
        216.5625653761014,
        137.42486004262713,
        84.07825298491304
    ],
    "Entropies": [
        6834.413225585567,
        6845.607178771453,
        6865.411001852655,
        6919.691364025088,
        7934.998153882844,
        7966.824334353211,
        8001.6528333056285,
        8001.652833305629,
        6845.607178771453
    ],
    "Specifice Volumes": [
        0.9354134467594015,
        0.6780422909737055,
        0.42158869626980144,
        0.10047494283850711,
        0.22945798568749295,
        0.5102965499330052,
        1.3014100041160996,
        1.8345741102527504,
        0.9458112098493395
    ],
    "Performance": {
        "Thrust": 99999.99999999999,
        "OPR": 24.316249999999997,
        "T4": 1330.4687499999998,
        "Thermal Efficiency": 0.4416356733431771,
        "SFC": 0.05265836832754501,
        "TSFC": 7.491225321225887,
        "Air Mass Flow Rate": 190.20680802175707,
        "Fuel Mass Flow Rate": 0.7491225321225886,
        "Core EGT": 748.2923160021,
        "Bypass EGT": 59.94203332083493,
        "FAR": 0.024024626108152158,
        "Specific Thrust": 0.525743536943017
    },
    "Pressure Ratios": {
        "Fan": 1.6,
        "LPC": 2.0,
        "HPC": 7.75390625,
        "HPT": 2.7147337468354826,
        "LPT": 3.276073929866865
    },
    "Mechanical Parameters": {
        "LP Shaft Speed": 5490.0,
        "Fan Power": 8.594763777528048,
        "Fan Efficiency": 0.92,
        "LPC Power": 2.5214014070336486,
        "LPC Efficiency": 0.9,
        "LPT Power": 11.343025698532344,
        "LPT Efficiency": 0.91,
        "HP Shaft Speed": 15183.0,
        "HPC Power": 11.460818506903804,
        "HPC Efficiency": 0.89,
        "HPT Power": 11.848418363718588,
        "HPT Efficiency": 0.8999999999999998,
        "Burner Power": 5.753695978206608,
        "Burner Efficiency": 0.1786181532078261
    }
}