{
    "Stages": [
        "0. Fan Inlet",
        "1. LPC Inlet",
        "2. HPC Inlet",
        "3. Burner Inlet",
        "4. HPT Inlet",
        "5. LPT Inlet",
        "6. Core Nozz Inlet",
        "7. Core Nozz Outlet",
        "8. Byp Nozz Outlet"
    ],
    "Total Temperatures": [
        15.000057655676706,
        59.942033320834994,
        139.95697080771498,
        474.9913950582364,
        1328.125,
        1050.2256514244025,
        759.9720912722329,
        759.9720912722329,
        59.94203332083493
    ],
    "Static Temperatures": [
        1.2698087753191583,
        44.11029440122737,
        120.50659961430016,
        442.6732270069376,
        1273.0838146543513,
        1002.4925263097683,
        720.4510256332696,
        616.061759101317,
        4.4391862677623966
    ],
    "Total Pressures": [
        99.29823547694355,
        158.87717676310967,
        317.75435352621935,
        2290.0655556870106,
        2106.8603112320498,
        811.1339854569827,
        250.68947946633668,
        250.68947946633673,
        158.87717676310967
    ],
    "Static Pressures": [
        84.124656235234,
        133.97926458691475,
        267.52254953831897,
        1940.1183445489112,
        1799.045689137329,
        691.8956661216595,
        213.21173019662658,
        135.53494055347255,
        84.07825298491291
    ],
    "Entropies": [
        6834.413225585567,
        6845.607178771453,
        6865.411001852655,
        6918.352491515063,
        7955.975793366023,
        7986.099851738288,
        8020.645960253952,
        8020.645960253952,
        6845.607178771453
    ],
    "Specifice Volumes": [
        0.9354134467594015,
        0.6780422909737055,
        0.42158869626980144,
        0.10589326393364253,
        0.24667112257389429,
        0.5291005269592317,
        1.337510443220705,
        1.882984588491173,
        0.9458112098493411
    ],
    "Performance": {
        "Thrust": 99999.99999999999,
        "OPR": 22.601249999999997,
        "T4": 1328.125,
        "Thermal Efficiency": 0.43760958546468953,
        "SFC": 0.053142834905669296,
        "TSFC": 7.582979033762969,
        "Air Mass Flow Rate": 189.96796285791044,
        "Fuel Mass Flow Rate": 0.7582979033762969,
        "Core EGT": 759.9720912722329,
        "Bypass EGT": 59.94203332083493,
        "FAR": 0.024349459461515705,
        "Specific Thrust": 0.5264045499861288
    },
    "Pressure Ratios": {
        "Fan": 1.6,
        "LPC": 2.0,
        "HPC": 7.20703125,
        "HPT": 2.597425763198753,
        "LPT": 3.2356123886160293
    },
    "Mechanical Parameters": {
        "LP Shaft Speed": 5490.0,
        "Fan Power": 8.583971220815606,
        "Fan Efficiency": 0.92,
        "LPC Power": 2.5182352504777947,
        "LPC Efficiency": 0.9,
        "LPT Power": 11.328782113564696,
        "LPT Efficiency": 0.91,
        "HP Shaft Speed": 15183.0,
        "HPC Power": 10.934569245176464,
        "HPC Efficiency": 0.89,
        "HPT Power": 11.311429321139673,
        "HPT Efficiency": 0.9,
        "Burner Power": 5.733617511605459,
        "Burner Efficiency": 0.1758411061624564
    }
}