{
    "Stages": [
        "0. Fan Inlet",
        "1. LPC Inlet",
        "2. HPC Inlet",
        "3. Burner Inlet",
        "4. HPT Inlet",
        "5. LPT Inlet",
        "6. Core Nozz Inlet",
        "7. Core Nozz Outlet",
        "8. Byp Nozz Outlet"
    ],
    "Total Temperatures": [
        15.000057655676706,
        59.94203332083493,
        139.95697080771544,
        472.0817208369116,
        1392.5781249999998,
        1121.2300580522237,
        835.8852942753649,
        835.8852942753649,
        59.94203332083487
    ],
    "Static Temperatures": [
        1.2698087753191583,
        44.11029440122737,
        120.50659961430054,
        439.8614151021283,
        1336.2012097731276,
        1071.7873183100976,
        794.3499180555374,
        684.3734192051231,
        4.4391862677623966
    ],
    "Total Pressures": [
        99.29823547694355,
        158.87717676310967,
        317.75435352621935,
        2259.0348571004656,
        2078.3120685324284,
        845.6905910700128,
        280.8223228923942,
        280.822322892394,
        158.87717676310967
    ],
    "Static Pressures": [
        84.124656235234,
        133.97926458691455,
        267.52254953831886,
        1914.4691332488953,
        1775.4898469425298,
        721.0971562863996,
        239.2471461419343,
        152.31346484454497,
        84.07825298491301
    ],
    "Entropies": [
        6834.413225585567,
        6845.607178771453,
        6865.411001852656,
        6918.067852567275,
        8019.822456789639,
        8048.06943129908,
        8080.105161086164,
        8080.105161086165,
        6845.607178771453
    ],
    "Specifice Volumes": [
        0.9354134467594015,
        0.678042290973704,
        0.42158869626980217,
        0.10687404223890294,
        0.2601519744373314,
        0.5352499993692081,
        1.2804418223944007,
        1.8042438208018268,
        0.9458112098493399
    ],
    "Performance": {
        "Thrust": 99999.99999999999,
        "OPR": 22.294999999999998,
        "T4": 1392.5781249999998,
        "Thermal Efficiency": 0.4126555305874649,
        "SFC": 0.05635648193150571,
        "TSFC": 8.142214800518635,
        "Air Mass Flow Rate": 187.15827037813068,
        "Fuel Mass Flow Rate": 0.8142214800518635,
        "Core EGT": 835.8852942753649,
        "Bypass EGT": 59.94203332083487,
        "FAR": 0.026537705324384788,
        "Specific Thrust": 0.5343071390751906
    },
    "Pressure Ratios": {
        "Fan": 1.6,
        "LPC": 2.0,
        "HPC": 7.109375,
        "HPT": 2.457532448011319,
        "LPT": 3.0114792241572097
    },
    "Mechanical Parameters": {
        "LP Shaft Speed": 5490.0,
        "Fan Power": 8.457011290188708,
        "Fan Efficiency": 0.92,
        "LPC Power": 2.4809896721227056,
        "LPC Efficiency": 0.9,
        "LPT Power": 11.161225471746341,
        "LPT Efficiency": 0.9099999999999999,
        "HP Shaft Speed": 15183.0,
        "HPC Power": 10.676115799034994,
        "HPC Efficiency": 0.89,
        "HPT Power": 11.047701314872873,
        "HPT Efficiency": 0.8999999999999999,
        "Burner Power": 6.09695760888879,
        "Burner Efficiency": 0.17414145328810465
    }
}