{
    "Stages": [
        "0. Fan Inlet",
        "1. LPC Inlet",
        "2. HPC Inlet",
        "3. Burner Inlet",
        "4. HPT Inlet",
        "5. LPT Inlet",
        "6. Core Nozz Inlet",
        "7. Core Nozz Outlet",
        "8. Byp Nozz Outlet"
    ],
    "Total Temperatures": [
        15.000057655676706,
        59.942033320834994,
        139.95697080771538,
        518.7223232895649,
        1366.7968749999998,
        1052.578656912449,
        762.5027925614166,
        762.5027925614166,
        59.942033320834994
    ],
    "Static Temperatures": [
        1.2698087753191583,
        44.1102944012275,
        120.50659961430048,
        484.9250469164317,
        1310.7904249349376,
        1004.785707216516,
        722.9131287807741,
        618.3423802390646,
        4.43918626776246
    ],
    "Total Pressures": [
        99.29823547694352,
        158.87717676310965,
        317.7543535262193,
        2811.381291940964,
        2586.470788585689,
        890.9296388815194,
        275.81203630233904,
        275.81203630233875,
        158.87717676310965
    ],
    "Static Pressures": [
        84.124656235234,
        133.97926458691427,
        267.5225495383182,
        2380.0561683121055,
        2209.989111194484,
        759.6595823194587,
        234.75999389472156,
        149.17913598022525,
        84.07825298491277
    ],
    "Entropies": [
        6834.413225585567,
        6845.607178771453,
        6865.411001852656,
        6922.169518451247,
        7928.228155774088,
        7962.404079990586,
        7996.848301915261,
        7996.848301915262,
        6845.607178771453
    ],
    "Specifice Volumes": [
        0.9354134467594013,
        0.6780422909737036,
        0.4215886962698031,
        0.09140398248959358,
        0.20569406642688196,
        0.48275836213171586,
        1.2176621105051155,
        1.7150935704874803,
        0.9458112098493426
    ],
    "Performance": {
        "Thrust": 99999.99999999999,
        "OPR": 27.746250000000003,
        "T4": 1366.7968749999998,
        "Thermal Efficiency": 0.4363066106201958,
        "SFC": 0.05330153930152693,
        "TSFC": 7.585168903292871,
        "Air Mass Flow Rate": 189.28082446737537,
        "Fuel Mass Flow Rate": 0.7585168903292869,
        "Core EGT": 762.5027925614166,
        "Bypass EGT": 59.942033320834994,
        "FAR": 0.024444911649284556,
        "Specific Thrust": 0.5283155347690072
    },
    "Pressure Ratios": {
        "Fan": 1.6,
        "LPC": 2.0,
        "HPC": 8.84765625,
        "HPT": 2.9031145384049655,
        "LPT": 3.2302057981479164
    },
    "Mechanical Parameters": {
        "LP Shaft Speed": 5490.0,
        "Fan Power": 8.552921900286325,
        "Fan Efficiency": 0.92,
        "LPC Power": 2.5091264718660344,
        "LPC Efficiency": 0.9,
        "LPT Power": 11.287804461379961,
        "LPT Efficiency": 0.9099999999999999,
        "HP Shaft Speed": 15183.0,
        "HPC Power": 12.376564070435546,
        "HPC Efficiency": 0.89,
        "HPT Power": 12.782852612220365,
        "HPT Efficiency": 0.8999999999999999,
        "Burner Power": 5.9756553808993615,
        "Burner Efficiency": 0.18321112101805434
    }
}