{
    "Stages": [
        "0. Fan Inlet",
        "1. LPC Inlet",
        "2. HPC Inlet",
        "3. Burner Inlet",
        "4. HPT Inlet",
        "5. LPT Inlet",
        "6. Core Nozz Inlet",
        "7. Core Nozz Outlet",
        "8. Byp Nozz Outlet"
    ],
    "Total Temperatures": [
        15.000057655676706,
        59.942033320834994,
        139.95697080771538,
        525.0741376388092,
        1382.03125,
        1063.2397826048714,
        773.892322421902,
        773.892322421902,
        59.942033320834994
    ],
    "Static Temperatures": [
        1.2698087753191583,
        44.1102944012275,
        120.50659961430048,
        491.066034867221,
        1325.6875198001294,
        1015.1670720300839,
        733.9869194695664,
        628.5633986356278,
        4.43918626776246
    ],
    "Total Pressures": [
        99.29823547694352,
        158.87717676310965,
        317.7543535262193,
        2892.0611082659802,
        2660.6962196047016,
        908.9481412192254,
        284.3543773213713,
        284.3543773213711,
        158.87717676310965
    ],
    "Static Pressures": [
        84.124656235234,
        133.97926458691427,
        267.5225495383182,
        2449.8347155051724,
        2272.075532535025,
        775.0001072857352,
        242.09909803213048,
        153.9048179012301,
        84.07825298491288
    ],
    "Entropies": [
        6834.413225585567,
        6845.607178771453,
        6865.411001852656,
        6922.726836611075,
        7933.208520955734,
        7967.704669274789,
        8001.693517503864,
        8001.693517503864,
        6845.607178771453
    ],
    "Specifice Volumes": [
        0.9354134467594013,
        0.6780422909737036,
        0.4215886962698031,
        0.08950400132442926,
        0.2019488840581193,
        0.47703553922137093,
        1.1936541654063537,
        1.6810511194255333,
        0.9458112098493415
    ],
    "Performance": {
        "Thrust": 99999.99999999999,
        "OPR": 28.5425,
        "T4": 1382.03125,
        "Thermal Efficiency": 0.4322941836576623,
        "SFC": 0.05379626845015538,
        "TSFC": 7.667112878995562,
        "Air Mass Flow Rate": 188.78255840863926,
        "Fuel Mass Flow Rate": 0.766711287899556,
        "Core EGT": 773.892322421902,
        "Bypass EGT": 59.942033320834994,
        "FAR": 0.02477421058180363,
        "Specific Thrust": 0.5297099522485531
    },
    "Pressure Ratios": {
        "Fan": 1.6,
        "LPC": 2.0,
        "HPC": 9.1015625,
        "HPT": 2.9272255467025228,
        "LPT": 3.1965329622154592
    },
    "Mechanical Parameters": {
        "LP Shaft Speed": 5490.0,
        "Fan Power": 8.530407043338055,
        "Fan Efficiency": 0.92,
        "LPC Power": 2.50252140470445,
        "LPC Efficiency": 0.9,
        "LPT Power": 11.258090253104598,
        "LPT Efficiency": 0.91,
        "HP Shaft Speed": 15183.0,
        "HPC Power": 12.560176660720002,
        "HPC Efficiency": 0.89,
        "HPT Power": 12.970212398224927,
        "HPT Efficiency": 0.9000000000000006,
        "Burner Power": 6.070435684290231,
        "Burner Efficiency": 0.18412787853589685
    }
}