{
    "Stages": [
        "0. Fan Inlet",
        "1. LPC Inlet",
        "2. HPC Inlet",
        "3. Burner Inlet",
        "4. HPT Inlet",
        "5. LPT Inlet",
        "6. Core Nozz Inlet",
        "7. Core Nozz Outlet",
        "8. Byp Nozz Outlet"
    ],
    "Total Temperatures": [
        15.000057655676706,
        59.942033320834994,
        139.95697080771498,
        500.5066899785812,
        1360.9375,
        1062.5669822448865,
        773.1636990228734,
        773.1636990228734,
        59.94203332083493
    ],
    "Static Temperatures": [
        1.2698087753191583,
        44.11029440122737,
        120.50659961430016,
        467.3210025677773,
        1305.1277628122482,
        1014.5106071850767,
        733.277461531502,
        627.9061547164818,
        4.4391862677623966
    ],
    "Total Pressures": [
        99.29823547694355,
        158.87717676310967,
        317.75435352621935,
        2581.754122400532,
        2375.2137926084897,
        864.5932564051915,
        270.5686929414073,
        270.5686929414071,
        158.87717676310967
    ],
    "Static Pressures": [
        84.124656235234,
        133.97926458691475,
        267.52254953831897,
        2187.797361623,
        2028.206279738424,
        736.7526062112483,
        230.20999152438975,
        146.27410209684777,
        84.078252984913
    ],
    "Entropies": [
        6834.413225585567,
        6845.607178771453,
        6865.411001852655,
        6920.703410829637,
        7949.346071441017,
        7981.5427895232815,
        8015.561230811569,
        8015.561230811569,
        6845.607178771453
    ],
    "Specifice Volumes": [
        0.9354134467594015,
        0.6780422909737055,
        0.42158869626980144,
        0.09710520174408138,
        0.2233411554303234,
        0.5015433671628875,
        1.2544217230876447,
        1.7674740629552375,
        0.9458112098493399
    ],
    "Performance": {
        "Thrust": 99999.99999999999,
        "OPR": 25.479999999999997,
        "T4": 1360.9375,
        "Thermal Efficiency": 0.43276967344800704,
        "SFC": 0.05373716177522852,
        "TSFC": 7.6700205538241475,
        "Air Mass Flow Rate": 189.11256440661057,
        "Fuel Mass Flow Rate": 0.7670020553824146,
        "Core EGT": 773.1636990228734,
        "Bypass EGT": 59.94203332083493,
        "FAR": 0.024740357958305922,
        "Specific Thrust": 0.5287855955725405
    },
    "Pressure Ratios": {
        "Fan": 1.6,
        "LPC": 2.0,
        "HPC": 8.125,
        "HPT": 2.747203699557131,
        "LPT": 3.195466729746233
    },
    "Mechanical Parameters": {
        "LP Shaft Speed": 5490.0,
        "Fan Power": 8.545318831339912,
        "Fan Efficiency": 0.92,
        "LPC Power": 2.5068959988436728,
        "LPC Efficiency": 0.9,
        "LPT Power": 11.277770234881208,
        "LPT Efficiency": 0.9100000000000001,
        "HP Shaft Speed": 15183.0,
        "HPC Power": 11.747791674934811,
        "HPC Efficiency": 0.89,
        "HPT Power": 12.141248127015535,
        "HPT Efficiency": 0.8999999999999998,
        "Burner Power": 5.935638741797941,
        "Burner Efficiency": 0.17997097831184714
    }
}