{
    "Stages": [
        "0. Fan Inlet",
        "1. LPC Inlet",
        "2. HPC Inlet",
        "3. Burner Inlet",
        "4. HPT Inlet",
        "5. LPT Inlet",
        "6. Core Nozz Inlet",
        "7. Core Nozz Outlet",
        "8. Byp Nozz Outlet"
    ],
    "Total Temperatures": [
        15.000057655676706,
        59.942033320834994,
        139.95697080771498,
        518.2524470165644,
        1437.109375,
        1128.298446701557,
        843.4388630958135,
        843.4388630958135,
        59.94203332083493
    ],
    "Static Temperatures": [
        1.2698087753191583,
        44.11029440122737,
        120.50659961430016,
        484.4707764992631,
        1379.6617234845526,
        1078.6760193266505,
        801.6992200069717,
        691.1773560754096,
        4.4391862677623966
    ],
    "Total Pressures": [
        99.29823547694355,
        158.87717676310967,
        317.75435352621935,
        2805.1751522236555,
        2580.761140045768,
        936.8291965652895,
        314.2304764994425,
        314.23047649944255,
        158.87717676310967
    ],
    "Static Pressures": [
        84.124656235234,
        133.97926458691475,
        267.52254953831886,
        2374.6892655785427,
        2206.1434490695297,
        799.5673415070175,
        267.55774620540205,
        170.30225328891095,
        84.07825298491304
    ],
    "Entropies": [
        6834.413225585567,
        6845.607178771453,
        6865.411001852655,
        6922.152263549907,
        7993.169527262587,
        8025.357702165357,
        8057.122838565164,
        8057.122838565164,
        6845.607178771453
    ],
    "Specifice Volumes": [
        0.9354134467594015,
        0.6780422909737055,
        0.42158869626980155,
        0.09155732720362515,
        0.2150124888049423,
        0.48517316520376247,
        1.1527270489178212,
        1.6249129430876492,
        0.9458112098493393
    ],
    "Performance": {
        "Thrust": 99999.99999999999,
        "OPR": 27.685,
        "T4": 1437.109375,
        "Thermal Efficiency": 0.4099694415341721,
        "SFC": 0.056725725377143585,
        "TSFC": 8.180716480732904,
        "Air Mass Flow Rate": 186.31780908781266,
        "Fuel Mass Flow Rate": 0.8180716480732902,
        "Core EGT": 843.4388630958135,
        "Bypass EGT": 59.94203332083493,
        "FAR": 0.026783467869650305,
        "Specific Thrust": 0.536717345967016
    },
    "Pressure Ratios": {
        "Fan": 1.6,
        "LPC": 2.0,
        "HPC": 8.828125,
        "HPT": 2.7547829951368388,
        "LPT": 2.9813441617810446
    },
    "Mechanical Parameters": {
        "LP Shaft Speed": 5490.0,
        "Fan Power": 8.419033857469207,
        "Fan Efficiency": 0.92,
        "LPC Power": 2.469848429062018,
        "LPC Efficiency": 0.9,
        "LPT Power": 11.111104374011454,
        "LPT Efficiency": 0.9099999999999999,
        "HP Shaft Speed": 15183.0,
        "HPC Power": 12.167036372610543,
        "HPC Efficiency": 0.89,
        "HPT Power": 12.56904883892955,
        "HPT Efficiency": 0.8999999999999997,
        "Burner Power": 6.405233488059142,
        "Burner Efficiency": 0.18208541840776726
    }
}