{
    "Stages": [
        "0. Fan Inlet",
        "1. LPC Inlet",
        "2. HPC Inlet",
        "3. Burner Inlet",
        "4. HPT Inlet",
        "5. LPT Inlet",
        "6. Core Nozz Inlet",
        "7. Core Nozz Outlet",
        "8. Byp Nozz Outlet"
    ],
    "Total Temperatures": [
        15.000057655676706,
        59.942033320834994,
        139.95697080771498,
        527.5332753487565,
        1358.5937499999998,
        1035.872632569481,
        744.604435634472,
        744.604435634472,
        59.94203332083493
    ],
    "Static Temperatures": [
        1.2698087753191583,
        44.11029440122737,
        120.50659961430016,
        493.44361759042357,
        1302.7522747628543,
        988.4906984840683,
        705.4812005687816,
        602.2493809432702,
        4.4391862677623966
    ],
    "Total Pressures": [
        99.29823547694355,
        158.87717676310967,
        317.75435352621935,
        2923.0918068525257,
        2689.244462304324,
        893.8399810215511,
        271.79650267915446,
        271.79650267915434,
        158.87717676310967
    ],
    "Static Pressures": [
        84.124656235234,
        133.97926458691475,
        267.52254953831897,
        2476.6739169321827,
        2295.7238954325817,
        762.0752828708856,
        231.16919821199113,
        146.78592254221647,
        84.07825298491292
    ],
    "Entropies": [
        6834.413225585567,
        6845.607178771453,
        6865.411001852655,
        6922.963259928265,
        7908.459217635801,
        7943.909607647898,
        7978.89398269272,
        7978.893982692721,
        6845.607178771453
    ],
    "Specifice Volumes": [
        0.9354134467594015,
        0.6780422909737055,
        0.42158869626980144,
        0.08880644486493733,
        0.19702047544456472,
        0.4751122236298073,
        1.2146888890323748,
        1.7110575408525353,
        0.9458112098493406
    ],
    "Performance": {
        "Thrust": 99999.99999999999,
        "OPR": 28.84875,
        "T4": 1358.5937499999998,
        "Thermal Efficiency": 0.4426063887393905,
        "SFC": 0.05254287905722379,
        "TSFC": 7.452241727989478,
        "Air Mass Flow Rate": 189.8879809890563,
        "Fuel Mass Flow Rate": 0.7452241727989477,
        "Core EGT": 744.604435634472,
        "Bypass EGT": 59.94203332083493,
        "FAR": 0.023939732416953602,
        "Specific Thrust": 0.5266262744968742
    },
    "Pressure Ratios": {
        "Fan": 1.6,
        "LPC": 2.0,
        "HPC": 9.19921875,
        "HPT": 3.0086419486750215,
        "LPT": 3.2886368007343183
    },
    "Mechanical Parameters": {
        "LP Shaft Speed": 5490.0,
        "Fan Power": 8.580357126891023,
        "Fan Efficiency": 0.92,
        "LPC Power": 2.517175002431138,
        "LPC Efficiency": 0.9,
        "LPT Power": 11.324012376859349,
        "LPT Efficiency": 0.91,
        "HP Shaft Speed": 15183.0,
        "HPC Power": 12.71791351947314,
        "HPC Efficiency": 0.89,
        "HPT Power": 13.131168376544444,
        "HPT Efficiency": 0.9,
        "Burner Power": 5.9277925652426084,
        "Burner Efficiency": 0.18498546623144152
    }
}