{
    "Stages": [
        "0. Fan Inlet",
        "1. LPC Inlet",
        "2. HPC Inlet",
        "3. Burner Inlet",
        "4. HPT Inlet",
        "5. LPT Inlet",
        "6. Core Nozz Inlet",
        "7. Core Nozz Outlet",
        "8. Byp Nozz Outlet"
    ],
    "Total Temperatures": [
        15.000057655676706,
        59.942033320834994,
        139.95697080771498,
        519.6640327088859,
        1359.765625,
        1044.2043643802122,
        753.5556526519264,
        753.5556526519264,
        59.94203332083493
    ],
    "Static Temperatures": [
        1.2698087753191583,
        44.11029440122737,
        120.50659961430016,
        485.83548377216005,
        1303.9245203082644,
        996.6321496995986,
        714.182894057995,
        610.2774140186871,
        4.4391862677623966
    ],
    "Total Pressures": [
        99.29823547694355,
        158.87717676310967,
        317.75435352621935,
        2823.793571375582,
        2597.8900856655355,
        887.4002935454149,
        272.36092577890304,
        272.36092577890315,
        158.87717676310967
    ],
    "Static Pressures": [
        84.124656235234,
        133.97926458691475,
        267.52254953831897,
        2390.79008169933,
        2220.27582717045,
        756.7761671979915,
        231.64013415707407,
        147.11899658705994,
        84.07825298491301
    ],
    "Entropies": [
        6834.413225585567,
        6845.607178771453,
        6865.411001852655,
        6922.206705339395,
        7920.278838309565,
        7954.764295806514,
        7989.54372643542,
        7989.54372643542,
        6845.607178771453
    ],
    "Specifice Volumes": [
        0.9354134467594015,
        0.6780422909737055,
        0.42158869626980144,
        0.09109976033032811,
        0.20386848163465168,
        0.48155872613322803,
        1.2231580998171963,
        1.7230806247975736,
        0.9458112098493399
    ],
    "Performance": {
        "Thrust": 99999.99999999999,
        "OPR": 27.86875,
        "T4": 1359.765625,
        "Thermal Efficiency": 0.43946814978989573,
        "SFC": 0.05291808738495995,
        "TSFC": 7.519439663528816,
        "Air Mass Flow Rate": 189.62034383407428,
        "Fuel Mass Flow Rate": 0.7519439663528815,
        "Core EGT": 753.5556526519264,
        "Bypass EGT": 59.94203332083493,
        "FAR": 0.0241896945338643,
        "Specific Thrust": 0.5273695742662726
    },
    "Pressure Ratios": {
        "Fan": 1.6,
        "LPC": 2.0,
        "HPC": 8.88671875,
        "HPT": 2.9275289906500146,
        "LPT": 3.258177695672058
    },
    "Mechanical Parameters": {
        "LP Shaft Speed": 5490.0,
        "Fan Power": 8.568263563316279,
        "Fan Efficiency": 0.92,
        "LPC Power": 2.5136271762194236,
        "LPC Efficiency": 0.9,
        "LPT Power": 11.30805177503643,
        "LPT Efficiency": 0.91,
        "HP Shaft Speed": 15183.0,
        "HPC Power": 12.430958967156993,
        "HPC Efficiency": 0.89,
        "HPT Power": 12.838357608874908,
        "HPT Efficiency": 0.8999999999999998,
        "Burner Power": 5.933633778459214,
        "Burner Efficiency": 0.1835129868642677
    }
}