{
    "Stages": [
        "0. Fan Inlet",
        "1. LPC Inlet",
        "2. HPC Inlet",
        "3. Burner Inlet",
        "4. HPT Inlet",
        "5. LPT Inlet",
        "6. Core Nozz Inlet",
        "7. Core Nozz Outlet",
        "8. Byp Nozz Outlet"
    ],
    "Total Temperatures": [
        15.000057655676706,
        59.942033320834994,
        139.95697080771498,
        469.6372158952083,
        1302.34375,
        1027.5698726637233,
        735.6650219601491,
        735.6650219601491,
        59.94203332083493
    ],
    "Static Temperatures": [
        1.2698087753191583,
        44.11029440122737,
        120.50659961430016,
        437.4991715154113,
        1247.8507610669287,
        980.3706944413751,
        696.7891076410656,
        594.2260618857017,
        4.4391862677623966
    ],
    "Total Pressures": [
        99.29823547694355,
        158.87717676310967,
        317.75435352621935,
        2234.21029823123,
        2055.4734743727336,
        792.0161625355615,
        238.5777262213568,
        238.5777262213567,
        158.87717676310967
    ],
    "Static Pressures": [
        84.124656235234,
        133.97926458691475,
        267.52254953831897,
        1892.9208937043948,
        1753.7625678186039,
        675.2001982408082,
        202.97940239567396,
        128.8841949923543,
        84.07825298491292
    ],
    "Entropies": [
        6834.413225585567,
        6845.607178771453,
        6865.411001852655,
        6917.828718900278,
        7939.293957004546,
        7969.4775352458755,
        8004.842423290482,
        8004.842423290482,
        6845.607178771453
    ],
    "Specifice Volumes": [
        0.9354134467594015,
        0.6780422909737055,
        0.42158869626980144,
        0.10772133560410052,
        0.2488936969765803,
        0.5327532381254028,
        1.3711367151077924,
        1.930916145881792,
        0.9458112098493406
    ],
    "Performance": {
        "Thrust": 99999.99999999999,
        "OPR": 22.049999999999997,
        "T4": 1302.34375,
        "Thermal Efficiency": 0.4464487310966231,
        "SFC": 0.05209067096319109,
        "TSFC": 7.406999960181569,
        "Air Mass Flow Rate": 191.0009485288065,
        "Fuel Mass Flow Rate": 0.7406999960181568,
        "Core EGT": 735.6650219601491,
        "Bypass EGT": 59.94203332083493,
        "FAR": 0.023655746269916123,
        "Specific Thrust": 0.5235576093744797
    },
    "Pressure Ratios": {
        "Fan": 1.6,
        "LPC": 2.0,
        "HPC": 7.03125,
        "HPT": 2.5952418291469432,
        "LPT": 3.3197405938922993
    },
    "Mechanical Parameters": {
        "LP Shaft Speed": 5490.0,
        "Fan Power": 8.630648140108148,
        "Fan Efficiency": 0.92,
        "LPC Power": 2.5319286169305095,
        "LPC Efficiency": 0.9,
        "LPT Power": 11.390384445957816,
        "LPT Efficiency": 0.9099999999999999,
        "HP Shaft Speed": 15183.0,
        "HPC Power": 10.812382630576895,
        "HPC Efficiency": 0.89,
        "HPT Power": 11.186749102160524,
        "HPT Efficiency": 0.8999999999999999,
        "Burner Power": 5.586225282941484,
        "Burner Efficiency": 0.17539113889663843
    }
}