{
    "Stages": [
        "0. Fan Inlet",
        "1. LPC Inlet",
        "2. HPC Inlet",
        "3. Burner Inlet",
        "4. HPT Inlet",
        "5. LPT Inlet",
        "6. Core Nozz Inlet",
        "7. Core Nozz Outlet",
        "8. Byp Nozz Outlet"
    ],
    "Total Temperatures": [
        15.000057655676706,
        59.942033320834994,
        139.95697080771498,
        472.0817208369113,
        1399.609375,
        1128.696648959503,
        843.8458337795197,
        843.8458337795197,
        59.94203332083493
    ],
    "Static Temperatures": [
        1.2698087753191583,
        44.11029440122737,
        120.50659961430016,
        439.8614151021282,
        1343.07541432122,
        1079.061991324553,
        802.0930898919245,
        691.5367072346589,
        4.4391862677623966
    ],
    "Total Pressures": [
        99.29823547694355,
        158.87717676310967,
        317.75435352621935,
        2259.0348571004656,
        2078.3120685324284,
        849.7439031827346,
        283.9757172912543,
        283.9757172912541,
        158.87717676310967
    ],
    "Static Pressures": [
        84.124656235234,
        133.97926458691475,
        267.52254953831897,
        1914.4691332488962,
        1775.3040491263966,
        724.4436012145736,
        241.93811650249293,
        154.05220237326955,
        84.07825298491285
    ],
    "Entropies": [
        6834.413225585567,
        6845.607178771453,
        6865.411001852655,
        6918.067852567275,
        8026.250725091509,
        8054.327795044346,
        8086.079192105053,
        8086.079192105053,
        6845.607178771453
    ],
    "Specifice Volumes": [
        0.9354134467594015,
        0.6780422909737055,
        0.42158869626980144,
        0.10687404223890289,
        0.26128164911624197,
        0.535637619413637,
        1.2752571911849924,
        1.7969696269088116,
        0.9458112098493415
    ],
    "Performance": {
        "Thrust": 99999.99999999999,
        "OPR": 22.294999999999998,
        "T4": 1399.609375,
        "Thermal Efficiency": 0.41021797294096735,
        "SFC": 0.056691357979176134,
        "TSFC": 8.201619327876834,
        "Air Mass Flow Rate": 186.8815488513195,
        "Fuel Mass Flow Rate": 0.8201619327876832,
        "Core EGT": 843.8458337795197,
        "Bypass EGT": 59.94203332083493,
        "FAR": 0.02677090285668158,
        "Specific Thrust": 0.5350983048602549
    },
    "Pressure Ratios": {
        "Fan": 1.6,
        "LPC": 2.0,
        "HPC": 7.109375,
        "HPT": 2.4458099207867976,
        "LPT": 2.9923118472528087
    },
    "Mechanical Parameters": {
        "LP Shaft Speed": 5490.0,
        "Fan Power": 8.444507236417802,
        "Fan Efficiency": 0.92,
        "LPC Power": 2.477321422524715,
        "LPC Efficiency": 0.9,
        "LPT Power": 11.144723121369914,
        "LPT Efficiency": 0.9099999999999999,
        "HP Shaft Speed": 15183.0,
        "HPC Power": 10.660330704107846,
        "HPC Efficiency": 0.89,
        "HPT Power": 11.031594075151293,
        "HPT Efficiency": 0.9000000000000002,
        "Burner Power": 6.137372064424419,
        "Burner Efficiency": 0.17402610044148414
    }
}