{
    "Stages": [
        "0. Fan Inlet",
        "1. LPC Inlet",
        "2. HPC Inlet",
        "3. Burner Inlet",
        "4. HPT Inlet",
        "5. LPT Inlet",
        "6. Core Nozz Inlet",
        "7. Core Nozz Outlet",
        "8. Byp Nozz Outlet"
    ],
    "Total Temperatures": [
        15.000057655676706,
        59.942033320834994,
        139.95697080771498,
        468.41496327457554,
        1447.65625,
        1182.8071164093508,
        901.5795994475268,
        901.5795994475268,
        59.94203332083493
    ],
    "Static Temperatures": [
        1.2698087753191583,
        44.11029440122737,
        120.50659961430016,
        436.3180646406533,
        1390.158522593308,
        1131.948734760437,
        858.3563615217752,
        743.6335146135457,
        4.4391862677623966
    ],
    "Total Pressures": [
        99.29823547694355,
        158.87717676310967,
        317.75435352621935,
        2221.798018796612,
        2044.0541772928837,
        870.721731627554,
        306.2046606856148,
        306.2046606856148,
        158.87717676310967
    ],
    "Static Pressures": [
        84.124656235234,
        133.97926458691475,
        267.52254953831897,
        1882.146920816904,
        1746.2013883059597,
        743.2787569042767,
        260.87501473656783,
        166.11648888466115,
        84.07825298491306
    ],
    "Entropies": [
        6834.413225585567,
        6845.607178771453,
        6865.411001852655,
        6917.709152066669,
        8074.761726445722,
        8101.458896302099,
        8131.631709996094,
        8131.631709996094,
        6845.607178771453
    ],
    "Specifice Volumes": [
        0.9354134467594015,
        0.6780422909737055,
        0.42158869626980144,
        0.10815320170461458,
        0.27336083922717924,
        0.5425653844150153,
        1.2448258025383363,
        1.7563321429308636,
        0.9458112098493391
    ],
    "Performance": {
        "Thrust": 99999.99999999999,
        "OPR": 21.9275,
        "T4": 1447.65625,
        "Thermal Efficiency": 0.3935764945120514,
        "SFC": 0.059088421889423266,
        "TSFC": 8.632847675099478,
        "Air Mass Flow Rate": 184.93889088873718,
        "Fuel Mass Flow Rate": 0.8632847675099478,
        "Core EGT": 901.5795994475268,
        "Bypass EGT": 59.94203332083493,
        "FAR": 0.02847447098068102,
        "Specific Thrust": 0.5407191506310153
    },
    "Pressure Ratios": {
        "Fan": 1.6,
        "LPC": 2.0,
        "HPC": 6.9921875,
        "HPT": 2.347540095814693,
        "LPT": 2.8435939860547643
    },
    "Mechanical Parameters": {
        "LP Shaft Speed": 5490.0,
        "Fan Power": 8.356725487370108,
        "Fan Efficiency": 0.92,
        "LPC Power": 2.451569344714335,
        "LPC Efficiency": 0.9,
        "LPT Power": 11.028872277637188,
        "LPT Efficiency": 0.9099999999999998,
        "HP Shaft Speed": 15183.0,
        "HPC Power": 10.429065350220807,
        "HPC Efficiency": 0.89,
        "HPT Power": 10.795609020164513,
        "HPT Efficiency": 0.9000000000000004,
        "Burner Power": 6.410224572992565,
        "Burner Efficiency": 0.17268344778002437
    }
}