{
    "Stages": [
        "0. Fan Inlet",
        "1. LPC Inlet",
        "2. HPC Inlet",
        "3. Burner Inlet",
        "4. HPT Inlet",
        "5. LPT Inlet",
        "6. Core Nozz Inlet",
        "7. Core Nozz Outlet",
        "8. Byp Nozz Outlet"
    ],
    "Total Temperatures": [
        15.000057655676706,
        59.94203332083493,
        139.95697080771544,
        476.04563730107867,
        1389.0624999999998,
        1114.0512236244795,
        828.233221229902,
        828.233221229902,
        59.94203332083487
    ],
    "Static Temperatures": [
        1.2698087753191583,
        44.11029440122737,
        120.50659961430054,
        443.69202578732455,
        1332.739764572606,
        1064.7935431420358,
        786.898107788153,
        677.4535712259828,
        4.4391862677623966
    ],
    "Total Pressures": [
        99.29823547694355,
        158.87717676310967,
        317.75435352621935,
        2302.4778351216287,
        2118.2796083119,
        849.3535816801526,
        280.1087237043661,
        280.1087237043663,
        158.87717676310967
    ],
    "Static Pressures": [
        84.124656235234,
        133.97926458691455,
        267.5225495383194,
        1949.4117873994846,
        1809.7630382702569,
        724.401444004424,
        238.6139885510545,
        151.79418973753675,
        84.07825298491298
    ],
    "Entropies": [
        6834.413225585567,
        6845.607178771453,
        6865.411001852656,
        6918.455622842225,
        8010.807857240044,
        8039.577589209719,
        8071.886378208537,
        8071.886378208536,
        6845.607178771453
    ],
    "Specifice Volumes": [
        0.9354134467594015,
        0.678042290973704,
        0.4215886962698011,
        0.10554514073123716,
        0.2546669015006981,
        0.5300873104102617,
        1.2750022100552716,
        1.7969792881399782,
        0.9458112098493401
    ],
    "Performance": {
        "Thrust": 99999.99999999999,
        "OPR": 22.72375,
        "T4": 1389.0624999999998,
        "Thermal Efficiency": 0.41500036959586234,
        "SFC": 0.05603805600495118,
        "TSFC": 8.084023131723507,
        "Air Mass Flow Rate": 187.38770989215098,
        "Fuel Mass Flow Rate": 0.8084023131723507,
        "Core EGT": 828.233221229902,
        "Bypass EGT": 59.94203332083487,
        "FAR": 0.026315781932494235,
        "Specific Thrust": 0.533652927705632
    },
    "Pressure Ratios": {
        "Fan": 1.6,
        "LPC": 2.0,
        "HPC": 7.24609375,
        "HPT": 2.493990316873234,
        "LPT": 3.03222823783447
    },
    "Mechanical Parameters": {
        "LP Shaft Speed": 5490.0,
        "Fan Power": 8.467378839304034,
        "Fan Efficiency": 0.92,
        "LPC Power": 2.484031146397453,
        "LPC Efficiency": 0.9,
        "LPT Power": 11.174908148674989,
        "LPT Efficiency": 0.9099999999999998,
        "HP Shaft Speed": 15183.0,
        "HPC Power": 10.82113923706405,
        "HPC Efficiency": 0.89,
        "HPT Power": 11.195684414902523,
        "HPT Efficiency": 0.9000000000000001,
        "Burner Power": 6.08124156031732,
        "Burner Efficiency": 0.17494287191977567
    }
}