{
    "Stages": [
        "0. Fan Inlet",
        "1. LPC Inlet",
        "2. HPC Inlet",
        "3. Burner Inlet",
        "4. HPT Inlet",
        "5. LPT Inlet",
        "6. Core Nozz Inlet",
        "7. Core Nozz Outlet",
        "8. Byp Nozz Outlet"
    ],
    "Total Temperatures": [
        15.000057655676706,
        59.942033320834994,
        139.95697080771498,
        522.1231716488577,
        1352.7343749999998,
        1034.4639571842004,
        743.0883065794312,
        743.0883065794312,
        59.94203332083493
    ],
    "Static Temperatures": [
        1.2698087753191583,
        44.11029440122737,
        120.50659961430016,
        488.21298468637195,
        1297.0234559729715,
        987.1121226265094,
        704.0071385100025,
        600.8889996763926,
        4.4391862677623966
    ],
    "Total Pressures": [
        99.29823547694355,
        158.87717676310967,
        317.75435352621935,
        2854.824269962127,
        2626.438328365157,
        885.5376470307342,
        268.79498620146387,
        268.79498620146387,
        158.87717676310967
    ],
    "Static Pressures": [
        84.124656235234,
        133.97926458691475,
        267.52254953831897,
        2417.628277305116,
        2244.4694826629557,
        754.8462552040858,
        228.58296422661584,
        145.1211225486852,
        84.07825298491291
    ],
    "Entropies": [
        6834.413225585567,
        6845.607178771453,
        6865.411001852655,
        6922.443128640249,
        7910.177516566169,
        7945.152115751572,
        7980.200964540897,
        7980.200964540897,
        6845.607178771453
    ],
    "Specifice Volumes": [
        0.9354134467594015,
        0.6780422909737055,
        0.42158869626980144,
        0.09036374719303489,
        0.20077432418191912,
        0.47912945519985456,
        1.226573963141929,
        1.7279850261091205,
        0.9458112098493411
    ],
    "Performance": {
        "Thrust": 99999.99999999999,
        "OPR": 28.174999999999997,
        "T4": 1352.7343749999998,
        "Thermal Efficiency": 0.44320972152768684,
        "SFC": 0.052471353456166485,
        "TSFC": 7.442415976427016,
        "Air Mass Flow Rate": 190.00180538222565,
        "Fuel Mass Flow Rate": 0.7442415976427015,
        "Core EGT": 743.0883065794312,
        "Bypass EGT": 59.94203332083493,
        "FAR": 0.023893845305772952,
        "Specific Thrust": 0.526310788462407
    },
    "Pressure Ratios": {
        "Fan": 1.6,
        "LPC": 2.0,
        "HPC": 8.984375,
        "HPT": 2.9659250932716152,
        "LPT": 3.2944723394766626
    },
    "Mechanical Parameters": {
        "LP Shaft Speed": 5490.0,
        "Fan Power": 8.58550044316653,
        "Fan Efficiency": 0.92,
        "LPC Power": 2.5186838705314805,
        "LPC Efficiency": 0.9,
        "LPT Power": 11.330800320100009,
        "LPT Efficiency": 0.91,
        "HP Shaft Speed": 15183.0,
        "HPC Power": 12.54020726850707,
        "HPC Efficiency": 0.89,
        "HPT Power": 12.949835467395399,
        "HPT Efficiency": 0.9000000000000001,
        "Burner Power": 5.8915576314609375,
        "Burner Efficiency": 0.1840974336928798
    }
}