{
    "Stages": [
        "0. Fan Inlet",
        "1. LPC Inlet",
        "2. HPC Inlet",
        "3. Burner Inlet",
        "4. HPT Inlet",
        "5. LPT Inlet",
        "6. Core Nozz Inlet",
        "7. Core Nozz Outlet",
        "8. Byp Nozz Outlet"
    ],
    "Total Temperatures": [
        15.000057655676706,
        59.942033320834994,
        139.95697080771498,
        529.9924124996035,
        1383.203125,
        1060.0849082088805,
        770.5244875388844,
        770.5244875388844,
        59.94203332083493
    ],
    "Static Temperatures": [
        1.2698087753191583,
        44.11029440122737,
        120.50659961430016,
        495.82123750316765,
        1326.8216040798593,
        1012.0951448809408,
        730.7126014848739,
        625.5415568643672,
        4.4391862677623966
    ],
    "Total Pressures": [
        99.29823547694355,
        158.87717676310967,
        317.75435352621935,
        2954.1225054390707,
        2717.792705003945,
        912.9928291420879,
        284.70000148871804,
        284.70000148871804,
        158.87717676310967
    ],
    "Static Pressures": [
        84.124656235234,
        133.97926458691475,
        267.52254953831897,
        2503.5135755952583,
        2320.234828648696,
        778.5471806986258,
        242.4057476978692,
        154.0967173697534,
        84.07825298491294
    ],
    "Entropies": [
        6834.413225585567,
        6845.607178771453,
        6865.411001852655,
        6923.199683252881,
        7928.017328342903,
        7963.06311403296,
        7997.186535719965,
        7997.186535719965,
        6845.607178771453
    ],
    "Specifice Volumes": [
        0.9354134467594015,
        0.6780422909737034,
        0.42158869626980144,
        0.0881254961615197,
        0.1978984857520593,
        0.4737266668256762,
        1.1883039966131959,
        1.6734162987218018,
        0.9458112098493409
    ],
    "Performance": {
        "Thrust": 99999.99999999999,
        "OPR": 29.154999999999998,
        "T4": 1383.203125,
        "Thermal Efficiency": 0.43340753444254904,
        "SFC": 0.05365807491879465,
        "TSFC": 7.641506695549917,
        "Air Mass Flow Rate": 188.8672481389711,
        "Fuel Mass Flow Rate": 0.7641506695549917,
        "Core EGT": 770.5244875388844,
        "Bypass EGT": 59.94203332083493,
        "FAR": 0.02468039922335071,
        "Specific Thrust": 0.5294724256606874
    },
    "Pressure Ratios": {
        "Fan": 1.6,
        "LPC": 2.0,
        "HPC": 9.296875,
        "HPT": 2.976795236779432,
        "LPT": 3.206859235574214
    },
    "Mechanical Parameters": {
        "LP Shaft Speed": 5490.0,
        "Fan Power": 8.534233868645492,
        "Fan Efficiency": 0.92,
        "LPC Power": 2.5036440606568777,
        "LPC Efficiency": 0.9,
        "LPT Power": 11.263140744186092,
        "LPT Efficiency": 0.9099999999999999,
        "HP Shaft Speed": 15183.0,
        "HPC Power": 12.733286808594592,
        "HPC Efficiency": 0.89,
        "HPT Power": 13.14685540626021,
        "HPT Efficiency": 0.9,
        "Burner Power": 6.079247242992121,
        "Burner Efficiency": 0.18501304584685402
    }
}