{
    "Stages": [
        "0. Fan Inlet",
        "1. LPC Inlet",
        "2. HPC Inlet",
        "3. Burner Inlet",
        "4. HPT Inlet",
        "5. LPT Inlet",
        "6. Core Nozz Inlet",
        "7. Core Nozz Outlet",
        "8. Byp Nozz Outlet"
    ],
    "Total Temperatures": [
        15.000057655676706,
        59.942033320835186,
        139.9569708077155,
        480.7790723249939,
        1385.546875,
        1106.1889920589558,
        819.8358042803744,
        819.8358042803744,
        59.942033320835186
    ],
    "Static Temperatures": [
        1.2698087753191583,
        44.11029440122762,
        120.50659961430067,
        448.25261771755027,
        1329.2757468197353,
        1057.1046857469028,
        778.6993383226476,
        669.87757903771,
        4.439186267762586
    ],
    "Total Pressures": [
        99.29823547694356,
        158.87717676310973,
        317.75435352621946,
        2358.3330925774103,
        2169.666445171217,
        855.5978076754474,
        280.0130968015138,
        280.0130968015138,
        158.87717676310973
    ],
    "Static Pressures": [
        84.12465623523386,
        133.97926458691438,
        267.5225495383191,
        1994.237241243564,
        1853.8834700226075,
        729.5621470076348,
        238.4053450952298,
        151.659306448966,
        84.07825298491288
    ],
    "Entropies": [
        6834.413225585567,
        6845.607178771454,
        6865.411001852656,
        6918.826679817173,
        8000.13117248541,
        8029.509094172259,
        8062.013977621967,
        8062.013977621967,
        6845.607178771454
    ],
    "Specifice Volumes": [
        0.9354134467594029,
        0.6780422909737052,
        0.42158869626980194,
        0.10381923040477696,
        0.24806305180536825,
        0.5232763542931492,
        1.2660306120415243,
        1.7840807362038824,
        0.9458112098493416
    ],
    "Performance": {
        "Thrust": 99999.99999999999,
        "OPR": 23.275000000000002,
        "T4": 1385.546875,
        "Thermal Efficiency": 0.41758769178406174,
        "SFC": 0.05569085107401622,
        "TSFC": 8.019800623998567,
        "Air Mass Flow Rate": 187.62011607636984,
        "Fuel Mass Flow Rate": 0.8019800623998565,
        "Core EGT": 819.8358042803744,
        "Bypass EGT": 59.942033320835186,
        "FAR": 0.02607438095096279,
        "Specific Thrust": 0.532991888563247
    },
    "Pressure Ratios": {
        "Fan": 1.6,
        "LPC": 2.0,
        "HPC": 7.421875,
        "HPT": 2.5358485326954385,
        "LPT": 3.0555635341654543
    },
    "Mechanical Parameters": {
        "LP Shaft Speed": 5490.0,
        "Fan Power": 8.477880441610392,
        "Fan Efficiency": 0.92,
        "LPC Power": 2.487111947163663,
        "LPC Efficiency": 0.9,
        "LPT Power": 11.188767743646995,
        "LPT Efficiency": 0.9100000000000001,
        "HP Shaft Speed": 15183.0,
        "HPC Power": 10.992658810855511,
        "HPC Efficiency": 0.89,
        "HPT Power": 11.370704388159112,
        "HPT Efficiency": 0.9000000000000001,
        "Burner Power": 6.065204139037295,
        "Burner Efficiency": 0.17587876015931764
    }
}