{
    "Stages": [
        "0. Fan Inlet",
        "1. LPC Inlet",
        "2. HPC Inlet",
        "3. Burner Inlet",
        "4. HPT Inlet",
        "5. LPT Inlet",
        "6. Core Nozz Inlet",
        "7. Core Nozz Outlet",
        "8. Byp Nozz Outlet"
    ],
    "Total Temperatures": [
        15.000057655676706,
        59.942033320834994,
        139.95697080771498,
        490.0797045301386,
        1362.1093749999998,
        1073.0406930469965,
        784.3990799830719,
        784.3990799830719,
        59.94203332083493
    ],
    "Static Temperatures": [
        1.2698087753191583,
        44.11029440122737,
        120.50659961430016,
        457.24213749954066,
        1306.3037357829608,
        1024.757050971276,
        744.2017720143847,
        637.9904072888712,
        4.4391862677623966
    ],
    "Total Pressures": [
        99.29823547694355,
        158.87717676310967,
        317.75435352621935,
        2463.8374677716615,
        2266.7304703499262,
        855.3851884452876,
        270.9149450373981,
        270.914945037398,
        158.87717676310967
    ],
    "Static Pressures": [
        84.124656235234,
        133.97926458691475,
        267.52254953831886,
        2085.6365546601596,
        1937.4249567688419,
        729.2348377390817,
        230.4807829663703,
        146.4652423069258,
        84.07825298491301
    ],
    "Entropies": [
        6834.413225585567,
        6845.607178771453,
        6865.411001852655,
        6919.691364025088,
        7964.407716918495,
        7995.396716659203,
        8029.00391131641,
        8029.00391131641,
        6845.607178771453
    ],
    "Specifice Volumes": [
        0.9354134467594015,
        0.6780422909737055,
        0.42158869626980155,
        0.10047494283850719,
        0.23397691894833095,
        0.5107955501627213,
        1.2665946562355066,
        1.7848772413695448,
        0.9458112098493399
    ],
    "Performance": {
        "Thrust": 99999.99999999999,
        "OPR": 24.316249999999997,
        "T4": 1362.1093749999998,
        "Thermal Efficiency": 0.4290466687752984,
        "SFC": 0.054203460010239526,
        "TSFC": 7.755107273575854,
        "Air Mass Flow Rate": 188.79648619207538,
        "Fuel Mass Flow Rate": 0.7755107273575853,
        "Core EGT": 784.3990799830719,
        "Bypass EGT": 59.94203332083493,
        "FAR": 0.025056692167821894,
        "Specific Thrust": 0.5296708747972314
    },
    "Pressure Ratios": {
        "Fan": 1.6,
        "LPC": 2.0,
        "HPC": 7.75390625,
        "HPT": 2.649952911237382,
        "LPT": 3.1573938762485274
    },
    "Mechanical Parameters": {
        "LP Shaft Speed": 5490.0,
        "Fan Power": 8.531036389941486,
        "Fan Efficiency": 0.92,
        "LPC Power": 2.50270603286322,
        "LPC Efficiency": 0.9,
        "LPT Power": 11.25892083959664,
        "LPT Efficiency": 0.9099999999999999,
        "HP Shaft Speed": 15183.0,
        "HPC Power": 11.375840252474251,
        "HPC Efficiency": 0.89,
        "HPT Power": 11.76170585919865,
        "HPT Efficiency": 0.8999999999999999,
        "Burner Power": 5.936184796940175,
        "Burner Efficiency": 0.1780127654733422
    }
}